audit_id,catalog,condition,question_id,category,question,answer,scorer_1_score,scorer_2_score,notes
1,qiaojia,only,B2,B,"When and where did the largest magnitude event in the Qiaojia-Dongchuan seismic-gap catalog occur, and what was its magnitude?","According to the retrieved data, it is not possible to determine the specific time, location, and magnitude of the largest event in the Qiaojia–Dongchuan earthquake catalog. The retrieved data only contains information on some events and cannot provide the complete information for the entire catalog.",1,1,
2,maduo,narrative,D1,D,"Is the increase in seismic activity in the 2021 Qinghai Maduo Mw 7.4 earthquake sequence related to shallow fluid activity, reservoir storage, or deep structural stress accumulation? Please provide a physical mechanism explanation.","## Analysis of Seismic Activity in the 2021 Mw7.4 Mado, Qinghai Earthquake Sequence

The Mw7.4 earthquake that occurred on May 22, 2021, in Mado, Qinghai, is a significant seismic event, and the increase in its seismic activity may be related to several factors, including shallow fluid activity, reservoir impoundment, and deep structural stress accumulation. The following is a detailed analysis of these factors, along with corresponding physical mechanism explanations.

### 1. Shallow Fluid Activity

Shallow fluid activity is considered an important factor influencing seismic activity. The presence of fluids can promote fault slip by reducing the friction strength of rocks, thereby triggering earthquakes. Specifically, fluid migration may alter the pore pressure of rocks, affecting the stability of faults. This phenomenon is known in seismology as fluid-induced seismicity, particularly evident in active fault zones [Data: Reports (143, 191, 249, 312, +more)].

In the Mado region, fluid movement may be directly related to the increase in seismic activity. Studies have shown that the injection or withdrawal of fluids can change the stress state of the crust, leading to increased seismic activity [Data: Reports (10, 448)]. Therefore, shallow fluid activity may trigger earthquakes by lowering the stress threshold, especially fluid movement near faults may lead to increased seismic activity.

### 2. Reservoir Impoundment

Reservoir impoundment is also a potential factor contributing to seismic activity. The impoundment of reservoirs increases the pressure on surrounding strata, altering the stress distribution, which may trigger fault slip or earthquakes. This phenomenon has been observed in some areas, particularly after the construction of large reservoirs, where increased seismic activity is closely related to changes in water levels [Data: Reports (191, 249, 412, 609, +more)].

In the Mado region, although there is no direct evidence linking reservoir impoundment to seismic activity, studies in other areas indicate that reservoir impoundment may indeed be associated with increased seismic activity [Data: Reports (140)]. Changes in reservoir water levels may induce stress changes in the crust, thereby triggering earthquakes.

### 3. Deep Structural Stress Accumulation

Deep structural stress accumulation is one of the main physical mechanisms for the occurrence of earthquakes. Stress accumulation in the crust may increase due to factors such as plate movement and fault activity. When the stress reaches the rupture strength of the rocks, an earthquake occurs. The seismic activity in the Mado region may be related to long-term structural stress accumulation in the area, especially after a prolonged period of stress accumulation, which suddenly released and caused the Mw7.4 strong earthquake [Data: Reports (447, 559, 379, 29, 44)].

There is a direct relationship between changes in deep structural stress and seismic activity. Over time, the accumulation of tectonic stress may reach a critical point, leading to the occurrence of earthquakes. This stress accumulation is closely related to the occurrence of earthquakes, especially within seismic zones [Data: Reports (249, 191, 412, 609, +more)].

### 4. Comprehensive Analysis of Physical Mechanisms

In summary, shallow fluid activity, reservoir impoundment, and deep structural stress accumulation may all influence the seismic activity of the 2021 Mw7.4 Mado, Qinghai earthquake sequence. These factors may jointly affect the occurrence of earthquakes by altering the physical state of rocks and the stress distribution. Specifically:

- **Shallow fluid activity** promotes fault slip by reducing fault friction.
- **Reservoir impoundment** increases the pressure on surrounding strata, alters stress distribution, and may trigger fault slip.
- **Deep structural stress accumulation** leads to fault rupture after reaching a critical point through long-term stress accumulation.

Understanding these interactions is crucial for assessing future earthquake risks and developing effective monitoring strategies [Data: Reports (22, 334, 51, 449, 369)].

### Conclusion

Therefore, the increase in seismic activity in the 2021 Mw7.4 Mado, Qinghai earthquake sequence is closely related to shallow fluid activity, reservoir impoundment, and deep structural stress accumulation. By studying the interactions of these factors in depth, we can better understand the mechanisms of earthquake occurrence and provide a scientific basis for future earthquake monitoring and risk assessment.",1,1,
3,ridgecrest,only,B18,B,Which week had the most frequent seismic activity in the 2019 Ridgecrest earthquake sequence?,"## Statistical Analysis of the 2019 Ridgecrest Earthquake Sequence

According to the analysis of the 2019 Ridgecrest earthquake sequence, seismic activity in July was significantly higher than in other months, particularly during the week from July 4 to July 10, when the frequency and intensity of earthquakes peaked. This week recorded multiple significant seismic events, including M6.4 and M7.1 earthquakes, indicating that the region experienced considerable geological instability during this period [Data: Reports (28, 43, 19, 27, 64)].

### Earthquake Activity on July 6

Notably, July 6 is considered the day with the highest seismic activity in the Ridgecrest earthquake sequence. On this day, multiple earthquakes of varying magnitudes were recorded, including M5.5, M4.4, and M3.6, indicating that the seismic activity in the region peaked during this week [Data: Reports (24, 49, 31, 3, 7)]. Additionally, several M3.x magnitude earthquakes occurred on July 6, further emphasizing the frequency and intensity of earthquakes during this week [Data: Reports (24, 49, 31, 3, 7)].

### Earthquake Activity on Other Dates

While July 6 had the most frequent seismic activity, other dates in July, such as July 5 and July 7, also recorded some seismic activity. However, compared to July 6, the frequency of earthquakes on these dates was lower, further confirming that July 6 was the peak day for seismic activity that week [Data: Reports (37, 70)].

### Summary

In summary, the seismic activity in July during the 2019 Ridgecrest earthquake sequence was the most frequent, particularly during the week from July 4 to July 10, with July 6 being the peak day for earthquake activity. These data indicate that the geological dynamics in the region were particularly active during this period, highlighting the need for monitoring and assessment of future earthquake risks [Data: Reports (68, 20, 55, 50, 63)].",3,3,
4,ridgecrest,only,A13,A,What are the times of the earliest and latest events recorded in the 2019 Ridgecrest earthquake sequence?,"According to the retrieved data, the earliest event of the 2019 Ridgecrest earthquake sequence occurred on July 6, 2019, while the latest event occurred on July 12, 2019.",1,1,
5,maduo,only,B3,B,"Please list the top 5 events in the 2021 Qinghai Maduo Mw 7.4 earthquake sequence arranged by magnitude from largest to smallest, along with their occurrence times.","The top 5 events in the 2021 Qinghai Maduo Mw 7.4 earthquake sequence, arranged by magnitude from largest to smallest, are as follows:

1. **Mainshock**: Magnitude Mw 7.4, occurred on May 22, 2021, at 02:04:00 UTC. [Data: Reports (0)]
2. **Foreshock**: Magnitude Mw 6.4, occurred on May 21, 2021, at 23:00:00 UTC. [Data: Reports (0)]
3. **Event**: Magnitude 4.7, occurred on August 10, 2021, at 22:35:56.96. [Data: Reports (997)]
4. **Event**: Magnitude 4.3, occurred on June 3, 2021, at 05:55:16.86. [Data: Reports (769)]
5. **Event**: Magnitude 3.8, occurred on June 6, 2021, at 07:31:41.11. [Data: Reports (24, 779)]

These events represent the most significant seismic activities associated with the earthquake sequence, highlighting the mainshock and its foreshock, along with notable aftershocks.",0,0,
6,qiaojia,only,B6,B,On which day/time period was the seismic activity in the Qiaojia-Dongchuan seismic-gap catalog the quietest (fewest events)?,"Based on the retrieved data, it is not possible to determine which day or time period had the least seismic activity (the fewest events) in the Qiaojia-Dongchuan area. The retrieved data only represents a subset of the seismic activity in this region and cannot provide complete information on the number of events.",1,1,
7,ridgecrest,only,C18,C,"What event clusters are present near a specific depth (e.g., 5 kilometers) in the 2019 Ridgecrest earthquake sequence?","The data provided does not specify the depths of the individual events within the clusters of the 2019 Ridgecrest earthquake sequence. Therefore, I cannot identify which event clusters are present near a specific depth, such as 5 kilometers. 

The clusters mentioned in the reports primarily focus on the magnitudes and the temporal proximity of the events, but do not include detailed depth information for each event. If you have any other questions or need information on different aspects of the earthquake sequence, feel free to ask!",1,1,
8,ridgecrest,only,D14,D,"Based on this data, what is the approximate seismic hazard level of the 2019 Ridgecrest earthquake sequence?","## Seismic Hazard Analysis of the 2019 Ridgecrest Earthquake Sequence

The 2019 Ridgecrest earthquake sequence exhibited significant seismic hazard, particularly during several strong earthquakes and aftershocks in July. These seismic activities were not only frequent but also widely distributed, indicating geological instability and potential earthquake risk in the region.

### Strong Earthquake Events

In July 2019, the Ridgecrest area recorded several strong earthquakes, the most notable being the M6.4 earthquake on July 4 and the M7.1 earthquake on July 6. The occurrence of these strong earthquakes marked a significant increase in seismic activity in the region, potentially threatening infrastructure and resident safety [Data: Reports (58, 49, 31, 24, 3)]. Additionally, multiple moderate earthquakes (such as M4.4 and M3.8) were recorded on July 6, further indicating the frequent seismic activity in the area and increasing the risk of larger future earthquakes [Data: Reports (54, 31, 24, 3, 7)].

### Aftershocks and Geological Instability

Following the strong earthquakes, the Ridgecrest area experienced numerous aftershocks, with their frequent occurrence demonstrating the geological instability of the region. Particularly between July 4 and July 6, several earthquakes with magnitudes ranging from M2.0 to M5.5 occurred in succession, suggesting that the area may be situated within an active seismic zone [Data: Reports (4, 66, 52, 9, 70)]. This activity necessitates ongoing monitoring and emergency preparedness to address the potential for future strong earthquakes.

### Geographic Distribution of Seismic Activity

The geographic distribution of seismic activity indicates that earthquake events in the Ridgecrest area are not confined to a single location but are widely dispersed, suggesting that the seismic hazard in the region could affect multiple communities [Data: Reports (31, 24, 3, 7)]. This distribution pattern may be related to underlying geological processes, increasing the risk of future earthquakes [Data: Reports (6, 30, 32)].

### Conclusion and Recommendations

In summary, the seismic hazard of the 2019 Ridgecrest earthquake sequence is significant, especially in the context of frequent strong earthquakes and aftershocks. Local authorities should enhance earthquake monitoring and emergency preparedness in the region to mitigate the risks and impacts of potential future earthquakes [Data: Reports (30, 51)]. Ongoing monitoring and increased public awareness of earthquake safety will be key measures to ensure community safety and resilience.",2,2,
9,ridgecrest,only,B17,B,What is the time interval between the maximum and minimum magnitude events in the 2019 Ridgecrest earthquake sequence?,"The time interval between the maximum and minimum magnitude events in the 2019 Ridgecrest earthquake sequence varies according to different reports. Here are the key findings:

1. **Maximum Magnitude of 7.10**: The maximum magnitude event is recorded as EVENT 2019-07-06T03:19:52.860 with a magnitude of 7.10, and the minimum magnitude event is EVENT 2019-07-06T02:40:45.630 with a magnitude of 2.12. The time interval between these two events is approximately 39 minutes and 7 seconds on July 6, 2019 [Data: Reports (162)].

2. **Maximum Magnitude of 4.97**: Another report indicates a maximum magnitude of 4.97 for EVENT 2019-07-06T03:50:59.650, with a minimum magnitude of 2.1 for EVENT 2019-07-04T18:49:52.560. The time interval between these events is approximately 1 day and 9 hours [Data: Reports (167, 103)].

3. **Maximum Magnitude of 6.4**: A different maximum magnitude of 6.4 is noted for EVENT 2019-07-04T17:33:48.760, with a minimum magnitude of 2.13 for EVENT 2019-07-04T17:12:14.700. The time interval here is approximately 21 minutes and 34 seconds [Data: Reports (1, 20)].

4. **Maximum Magnitude of 4.89**: Another report states that the maximum magnitude is 4.89 for EVENT 2019-07-06T09:28:29.120, with a minimum magnitude of 2.0 for EVENT 2019-07-07T04:40:21.740. The time interval is approximately 24 hours and 27 minutes [Data: Reports (171, 112)].

5. **Maximum Magnitude of 4.9**: Lastly, EVENT 2019-07-12T13:11:37.870 has a maximum magnitude of 4.9, while the minimum magnitude is 2.0 for EVENT 2019-07-06T21:12:24.780. The time interval is approximately 5 days and 15 hours [Data: Reports (354, 58)].

In summary, the time intervals between the maximum and minimum magnitude events in the 2019 Ridgecrest earthquake sequence range from approximately 39 minutes to 5 days and 15 hours, depending on which specific events are considered.",1,1,
10,ridgecrest,only,C13,C,What subsequent events were recorded within 24 hours after the largest magnitude event in the 2019 Ridgecrest earthquake sequence?,"According to the retrieved data, the largest magnitude event of the Ridgecrest earthquake sequence occurred on July 6, 2019. The following are the aftershocks recorded within 24 hours after this event:

1. 2019-07-06 19:54:29.840, Epicenter: 35.895630, -117.725602, Depth: 6.2 km, Magnitude: M3.3
2. 2019-07-06 19:56:23.400, Epicenter: 35.759045, -117.593644, Depth: 3.0 km, Magnitude: M2.1
3. 2019-07-06 19:56:58.420, Epicenter: 35.597807, -117.386882, Depth: 7.6 km, Magnitude: M2.2
4. 2019-07-06 19:58:14.160, Epicenter: 35.904488, -117.701945, Depth: 6.6 km, Magnitude: M2.3
5. 2019-07-06 19:58:36.140, Epicenter: 35.904830, -117.701082, Depth: 6.5 km, Magnitude: M2.2
6. 2019-07-06 19:59:23.200, Epicenter: 35.671037, -117.521362, Depth: 9.2 km, Magnitude: M2.1
7. 2019-07-06 19:59:31.960, Epicenter: 35.577165, -117.404557, Depth: 3.3 km, Magnitude: M2.1
8. 2019-07-06 20:01:43.040, Epicenter: 35.742200, -117.554102, Depth: 67.1 km, Magnitude: M2.3
9. 2019-07-06 20:02:21.460, Epicenter: 35.710441, -117.484440, Depth: 0.4 km, Magnitude: M2.1
10. 2019-07-06 20:06:10.520, Epicenter: 35.770154, -117.586174, Depth: 3.9 km, Magnitude: M2.6
11. 2019-07-06 20:07:24.260, Epicenter: 35.795516, -117.629020, Depth: 9.6 km, Magnitude: M2.1
12. 2019-07-06 20:07:59.460, Epicenter: 35.551648, -117.373600, Depth: 3.4 km, Magnitude: M2.2
13. 2019-07-06 20:11:03.400, Epicenter: 35.899829, -117.734408, Depth: 3.8 km, Magnitude: M2.7
14. 2019-07-06 20:11:12.360, Epicenter: 35.642049, -117.550065, Depth: 8.2 km, Magnitude: M2.7
15. 2019-07-06 20:11:12.360, Epicenter: 35.642049, -117.550065, Depth: 8.2 km, Magnitude: M2.7

These events were all recorded within 24 hours after the largest magnitude event occurred.",2,2,
11,qiaojia,only,C17,C,What are the ten earliest recorded events in the sequence of the Qiaojia-Dongchuan seismic-gap catalog?,"According to the retrieved data, the following are the 10 earliest recorded events in the Qiaojia–Dongchuan earthquake void sequence:

1. 2023-01-10 13:24:58.330, M0.9
2. 2023-01-10 13:25:27.710, M1.0
3. 2023-01-10 14:12:11.710, M1.9
4. 2023-01-10 15:52:29.920, M2.3
5. 2023-01-10 15:58:05.730, M1.3
6. 2023-01-10 15:58:06.310, M2.8
7. 2023-01-10 18:22:00.280, M1.3
8. 2023-01-10 21:18:12.560, M0.4
9. 2023-01-10 21:50:44.060, M1.3
10. 2023-01-10 22:34:31.980, M1.3

The recording times and magnitudes of these events are all sourced from the retrieved data.",0,0,
12,qiaojia,only,A13,A,What are the times of the earliest and latest events recorded in the Qiaojia-Dongchuan seismic-gap catalog?,"## Earliest and Latest Earthquake Event Records

According to the Qiaojia-Dongchuan earthquake void catalog, the earliest earthquake event occurred on **August 28, 2022**, marking the beginning of seismic activity in the region [Data: Reports (108, 36, 31, 34, 65, +more)]. This event belongs to the M1.2 series of seismic activities, indicating the geological dynamics of the area.

The latest recorded earthquake event took place on **March 17, 2023**, demonstrating the ongoing seismic activity in the region [Data: Reports (21, 57, 89, +more)]. This series of seismic activities suggests that geological instability in the area still exists, and more earthquake events may occur in the future.

## Conclusion

In summary, the earliest record in the Qiaojia-Dongchuan earthquake void is from August 28, 2022, while the latest record is from March 17, 2023. These records highlight the seismic activity in the region and its potential geological risks.",2,2,
13,ridgecrest,only,A11,A,What is the overall magnitude-frequency relationship of the sequence in the 2019 Ridgecrest earthquake sequence?,"### Overview of the Magnitude-Frequency Relationship in the 2019 Ridgecrest Earthquake Sequence

The 2019 Ridgecrest earthquake sequence exhibits a typical magnitude-frequency relationship, which is a common characteristic observed in seismic activity. This relationship indicates that smaller magnitude earthquakes occur more frequently than larger ones. The data from various clusters within the sequence supports this observation.

### Magnitude Range and Event Distribution

The recorded magnitudes in the 2019 Ridgecrest earthquake sequence range from M2.0 to M7.10. The largest recorded event is M7.10, while the smallest is M2.0. This range suggests a diverse spectrum of seismic activity, with a notable presence of both significant and minor events [Data: Reports (22, 12, 9, 3, 1)].

Several reports indicate that the majority of recorded events fall within the lower magnitude range, particularly between M2.0 and M3.0. For instance, many clusters contain numerous events below M3.0, highlighting the higher frequency of smaller earthquakes compared to larger ones [Data: Reports (4, 20, 28, 29, 1)].

### Clustering of Events

The data reveals that multiple seismic events occurred within short time frames and close geographical proximity, indicating a concentrated period of seismic activity. This clustering behavior is significant for understanding the overall magnitude-frequency relationship, as it suggests that smaller events often precede or follow larger ones, contributing to the overall frequency of seismic activity [Data: Reports (11, 12, 23, 24, 28)].

### Implications of the Magnitude-Frequency Relationship

The observed pattern aligns with the Gutenberg-Richter law, which states that the number of events decreases exponentially with increasing magnitude. This law is reflected in the data, where smaller earthquakes are more common, and larger events are less frequent. The presence of numerous smaller events alongside a few larger ones supports the idea of a power-law distribution often observed in earthquake frequency-magnitude relationships [Data: Reports (9, 12, 20, 22, 29)].

### Conclusion

In summary, the 2019 Ridgecrest earthquake sequence demonstrates a classic magnitude-frequency relationship, characterized by a higher frequency of smaller magnitude events compared to larger ones. The clustering of events and the range of magnitudes recorded further illustrate the complexity of seismic activity in this region. This understanding is crucial for assessing seismic risk and preparing for future events in the area.",2,2,
14,qiaojia,narrative,A17,A,What are the differences in the distribution of seismic activity at different depth levels in the Qiaojia-Dongchuan seismic-gap catalog?,"## Qiaojia–Dongchuan Region Earthquake Activity Depth Distribution Differences

In the Qiaojia–Dongchuan region, the depth distribution of earthquake activity shows significant differences, which is crucial for understanding the geological structure and potential earthquake risks in the area. Below are the main observations and analyses of earthquake activity at different depth levels.

### Earthquake Activity at Depth Levels

1. **Significant Differences in Depth Distribution**  
   The analysis of the depth profile of earthquake activity reveals significant differences in seismic events at various depth levels. For example, the depth range of M1.4 earthquake events varies from 3.9 kilometers to 17.1 kilometers, indicating that there are notable differences in earthquake activity across different depth levels in this region. This variation in depth distribution may be related to geological structures and crustal movements, affecting the frequency and intensity of earthquakes [Data: Reports (54, 119, 38, 93, 105)].

2. **Relationship Between Magnitude and Depth**  
   Records show that higher magnitude earthquake events (such as M2.1 and M3.4) typically occur at deeper geological layers, while lower magnitude earthquake events (such as M0.8 and M1.0) are more common at shallower levels. This phenomenon suggests that earthquake activity is closely related to geological structures, with deep earthquakes potentially associated with more significant geological movements [Data: Reports (12, 37, 53, 104, 89)].

3. **Concentration Over Time Periods**  
   The depth distribution of earthquake activity also shows concentration during specific time periods. For instance, earthquakes in December 2022 and January 2023 were frequent, and the depth distribution of these events may reflect the geological stress state of the region. Monitoring earthquake activity at these depth levels is crucial for understanding the causes of earthquakes and their potential impacts [Data: Reports (12, 37, 53, 104, 25)].

### Potential Impacts of Earthquake Activity

1. **Geological Stability and Risk Assessment**  
   Depth profile analysis helps identify geological conditions associated with earthquake events, which may influence the frequency and intensity of earthquakes. By monitoring earthquake activity at different depth levels, researchers can better assess the geological stability and potential earthquake risks in the region [Data: Reports (125, 59)].

2. **Prediction of Future Earthquake Activity**  
   Significant earthquake events (such as the M4.2 event recorded on October 18, 2022) indicate that deep earthquake activity may have varying impacts on geological stability. The occurrence of higher magnitude events suggests that deeper layers may experience more significant geological movements, potentially leading to larger-scale earthquakes in the future [Data: Reports (13)].

### Conclusion

In summary, the earthquake activity in the Qiaojia–Dongchuan region exhibits significant differences at various depth levels, which are closely related to geological structures, stress distribution, and temporal factors. A deeper understanding of these depth distribution characteristics will aid in better assessing earthquake risks and providing predictive insights for future earthquake activity. Monitoring and analyzing earthquake activity at different depth levels will be an important direction for future research [Data: Reports (76, 39)].",2,2,
15,ridgecrest,only,A20,A,"Overall, what geological activity characteristics are reflected in the the 2019 Ridgecrest earthquake sequence earthquake catalog?","According to the retrieved data block, the seismic activity of the 2019 Ridgecrest earthquake sequence was mainly concentrated between July 6 and July 9, 2019, showing multiple epicenters distributed within a relatively small area. The latitude and longitude range of the epicenter locations was approximately between 35.5°N to 35.9°N and 117.4°W to 117.7°W. The depths and magnitudes of the earthquakes also varied, with magnitudes ranging from M2.0 to M4.5, indicating that the area experienced multiple earthquakes of different intensities during this period.

Overall, these data reflect that the Ridgecrest area was geologically active in July 2019, which may be related to the tectonic features and crustal stress state of the region. However, the retrieved data only represent a portion of this earthquake sequence and cannot comprehensively represent the characteristics of the entire earthquake catalog.",2,2,
16,ridgecrest,only,C2,C,Where and when are the events with magnitudes between M3.0 and M4.0 mainly distributed in the 2019 Ridgecrest earthquake sequence?,"According to the retrieved data, events with magnitudes between M3.0 and M4.0 during the 2019 Ridgecrest earthquake sequence mainly occurred in the following time period and area:

- **Time Period**: Between July 6 and July 9, 2019.
- **Area**: The events were primarily concentrated in Ridgecrest, California, and its surrounding areas, with approximate latitude and longitude ranges from 35.5°N to 35.9°N and -117.7°W to -117.4°W.

During this time period, the retrieved events include:
- M3.0 event on July 6, 2019
- M3.5 event on July 6, 2019
- M3.0 event on July 9, 2019
- M3.6 event on July 9, 2019

The epicenter locations and magnitudes of these events indicate that they were primarily concentrated in the Ridgecrest area.",2,2,
17,qiaojia,only,A12,A,"What is the spatial morphology of seismic activity in the Qiaojia-Dongchuan seismic-gap catalog (e.g., linear, planar, point-like)?","### Spatial Morphology of Seismic Activity in the Qiaojia-Dongchuan Seismic-Gap Catalog

The seismic activity in the Qiaojia-Dongchuan region is characterized predominantly by clustered events that occur within close proximity to each other, typically within approximately 1.5 km. This clustering suggests a **point-like spatial morphology**, indicating that the seismic events are concentrated in specific areas rather than being distributed in a linear or planar manner.

#### Clustering Characteristics

1. **Proximity of Events**: The data indicates that many seismic events are closely related in both time and space, often occurring within distances of about 1 km to 1.5 km from each other. This proximity supports the notion of localized seismic activity, which is characteristic of point-like morphology [Data: Reports (242, 717, 251, 292, 832)].

2. **Temporal Correlation**: The clusters of seismic events are frequently observed to occur within short time frames, reinforcing the idea that these events are part of ongoing geological processes rather than isolated incidents. This temporal correlation further emphasizes the point-like nature of the seismic activity [Data: Reports (116, 250, 33, 92, 128)].

3. **Geological Implications**: The clustering behavior may suggest that the seismic activity is influenced by underlying geological features or fault lines, although specific fault names or geographic entities are not identified in the data. This lack of specific geological identifiers limits the ability to definitively categorize the overall spatial morphology beyond the observed clustering [Data: Reports (386, 81, 55, 868, 692)].

#### Potential for Broader Patterns

While the predominant morphology is point-like, some reports suggest that the presence of multiple clusters over time may indicate a more complex spatial arrangement. This complexity could imply that the seismic activity might also exhibit linear or planar characteristics in certain contexts, particularly if clusters align along geological features or fault lines [Data: Reports (1, 21, 243, 797, 756)].

However, the data does not provide explicit evidence of such linear or planar arrangements, and the overall characterization remains focused on the localized, clustered nature of the seismic events. The interconnectedness of these clusters suggests that they are part of broader sequences of seismic activity, which may reflect ongoing tectonic processes in the region [Data: Reports (150, 351, 510, 307, 792)].

### Conclusion

In summary, the spatial morphology of seismic activity in the Qiaojia-Dongchuan seismic-gap catalog is primarily characterized by clustered, point-like distributions of events occurring within close proximity to each other. While there may be indications of broader patterns or influences from geological features, the data predominantly supports the conclusion of localized seismic activity. Further investigation may be required to fully understand the complexities of the spatial arrangements and their geological implications.",2,2,
18,maduo,only,B5,B,What is the approximate median magnitude of the events in the 2021 Qinghai Maduo Mw 7.4 earthquake sequence?,I am sorry but I am unable to answer this question given the provided data.,1,1,
19,ridgecrest,only,E8,E,Are there multiple peaks of activity in the sequence of the 2019 Ridgecrest earthquake sequence? When do they occur?,"According to the retrieved data, the Ridgecrest earthquake sequence in 2019 experienced multiple seismic activities on July 6 and July 9. Specifically, the seismic activity on July 6 included several epicenters and magnitudes, while the seismic activity on July 9 also showed frequent tremors. This data indicates that there were multiple activity peaks between these two dates. However, the retrieved data only covers a portion of the seismic events and cannot provide a complete activity pattern or other possible peaks. Therefore, the conclusion regarding the existence of multiple activity peaks is based solely on these fragments of data.",2,2,
20,ridgecrest,narrative,A8,A,What are the characteristics of the depth distribution of earthquakes in the 2019 Ridgecrest earthquake sequence?,"## Depth Distribution Characteristics of the 2019 Ridgecrest Earthquake Sequence

In the 2019 Ridgecrest earthquake sequence, the depth distribution of earthquakes exhibited significant diversity, primarily concentrated in shallower depth ranges. Most earthquake events occurred at depths of less than 10 kilometers, indicating that these earthquakes mainly took place in the upper crust, possibly related to active fault systems. This shallow seismic activity often has a greater impact on the ground and potential for damage [Data: Reports (6, 80, 72, 0, 62)].

### Relationship Between Depth and Magnitude

Analysis shows that larger earthquakes (such as M7.1 and M6.4) typically occur at deeper strata, while smaller earthquakes (such as M2.2 and M2.1) are more common at shallower depths. This variation in depth reflects the complex relationship between seismic activity and geological structures, suggesting that earthquakes at different depths may be associated with different geological features and fault activities [Data: Reports (19, 5, 63, 65, 78)]. Additionally, smaller magnitude earthquakes (such as M2.0 and M2.5) usually occur at shallower depths, while larger magnitude earthquakes (such as M4.5 and M5.4) may involve deeper sources [Data: Reports (21, 83, 3, 71, 24)].

### Influence of Geological Structures

The distribution characteristics of earthquake depths also indicate that seismic activity in the Ridgecrest area may be related to specific geological structures. The relationship between earthquake depth and epicenter location can help researchers understand the tectonic movements and potential seismic risks in the region. Analyzing this depth distribution is crucial for developing emergency response and infrastructure safety measures [Data: Reports (21, 83, 3, 71, 24)]. Monitoring changes in these depth distributions is particularly important for understanding the seismic risk in the area and for effective disaster preparedness [Data: Reports (19, 5, 63, 65, 78)].

### Prediction of Future Seismic Activity

Changes in earthquake depth may be related to different geological structures and fault activities, with seismic activity in the Ridgecrest area closely linked to the San Andreas Fault and its associated geological features. The distribution characteristics of earthquake depths provide important information for studying seismic risk and geological dynamics in the region [Data: Reports (6, 80, 72, 0, 62)]. Understanding these depth distributions aids scientists in predicting future earthquake risks and formulating corresponding emergency response strategies [Data: Reports (50)].

### Conclusion

In summary, the depth distribution characteristics of the 2019 Ridgecrest earthquake sequence show clear diversity, primarily concentrated in shallower depth ranges. The differences in depth distribution among earthquakes of varying magnitudes reflect the complex geological activity and fault systems in the area. These characteristics are not only crucial for understanding seismic activity patterns but also provide important foundations for future earthquake risk assessments and emergency responses.",2,2,
21,qiaojia,narrative,D10,D,Are there any 'seismic gaps' or anomalously quiet zones in the Qiaojia-Dongchuan seismic-gap catalog?,"## Analysis of Earthquake Activity in Qiaojia–Dongchuan Area

In the Qiaojia–Dongchuan area, the frequent records of seismic activity indicate that there is no obvious ""seismic gap"" or anomalously quiet zone in the region. Multiple data and analysis results show that geological activity in this area remains active, and the distribution of earthquake events is widespread, with no concentration in specific areas.

### Frequency of Earthquake Activity

During the period of 2022 and 2023, multiple earthquake events were recorded in the Qiaojia–Dongchuan area, with magnitudes ranging from M0.3 to M2.9. The frequent occurrence of these seismic events, especially on specific dates such as December 2022 and March 2023, indicates that the geological dynamics in this area are still ongoing. For example, earthquakes with magnitudes of M1.1, M1.5, and M0.7 demonstrate a pattern of sustained seismic activity [Data: Reports (39, 45, 87, 125, 0)].

### Geographic Distribution of Earthquake Events

The geographic distribution of earthquake events shows that seismic activity in the area is not limited to any specific location but is widely distributed across multiple coordinates. This distribution characteristic further supports the view that there is no ""seismic gap"" in the region [Data: Reports (12, 37, 53)]. Additionally, the concentration of recorded earthquake events over a short period indicates that geological activity in the area is dynamic, which may not support the existence of long-term ""seismic gaps"" or anomalously quiet zones [Data: Reports (1, 10, 44, 95, 20)].

### Potential Geological Risks

Although there may be periods of reduced seismic activity, overall, the earthquake records in the Qiaojia–Dongchuan area show a pattern of sustained seismic activity, indicating that geological activity in this region remains active. This activity pattern may suggest that seismic activity in the area is not quiet and could potentially trigger larger earthquakes in the future [Data: Reports (11, 55, 49, 36, 76)].

### Conclusion

In summary, the earthquake activity in the Qiaojia–Dongchuan area is frequent and widespread, with no evidence of obvious ""seismic gaps"" or anomalously quiet zones. On the contrary, continuous monitoring and research are crucial for understanding the seismic risks in this area. Future geological activity may continue to affect the stability of the region, thus attention and research on seismic activity should be maintained [Data: Reports (97, 117, 48)].",2,2,
22,ridgecrest,narrative,E3,E,Are there any obvious 'quiet periods' or time windows of sudden activity drop in the sequence of the 2019 Ridgecrest earthquake sequence?,"### Overview of Seismic Activity in the 2019 Ridgecrest Earthquake Sequence

The analysis of the 2019 Ridgecrest earthquake sequence, particularly from July 4 to July 16, 2019, reveals a pattern of significant seismic activity characterized by multiple clusters of earthquakes. The data indicates that there were no clearly defined 'quiet periods' or sudden drops in activity during this timeframe.

### Key Findings on Seismic Clusters

1. **Sustained Activity**: The sequence experienced notable clusters of seismic events on several key dates, including July 4, 5, 6, 7, 8, 9, 10, 12, and 13, 2019. Each of these days featured multiple recorded events, suggesting a continuous pattern of seismicity rather than distinct quiet periods [Data: Reports (22, 7, 41, 33, 68, 312, 47, 198, 146)].

2. **High Activity Days**: Specific days, such as July 5 and 6, were particularly active, with the largest recorded event being the Mw 7.1 earthquake on July 5, 2019, followed by numerous aftershocks. The data indicates that July 6 had several clusters with significant magnitudes, indicating a peak in activity [Data: Reports (0, 124)].

3. **Lack of Explicit Quiet Periods**: Throughout the observed dates, the data does not explicitly mention any prolonged quiet periods or significant drops in activity. Instead, it shows a pattern of ongoing seismic events with varying magnitudes, indicating that the region remained active during this timeframe [Data: Reports (13, 18, 77, 510, 385)].

4. **Interconnected Clusters**: The clusters recorded are closely related in time and space, suggesting that they are part of a broader sequence of seismic activity. This interconnectedness further supports the notion that there were no clear intervals of inactivity [Data: Reports (4, 215, 72, 330, 514)].

### Conclusion

In summary, the analysis of the 2019 Ridgecrest earthquake sequence indicates that there were no obvious 'quiet periods' or time windows of sudden activity drop. The data consistently reflects a pattern of heightened seismic activity with multiple clusters occurring on specific days, suggesting a sustained level of seismicity throughout the observed period. The absence of detailed information on quiet periods reinforces the conclusion that the sequence was characterized by ongoing seismic processes rather than distinct intervals of inactivity [Data: Reports (1, 3, 15, 60, 164)].",2,2,
23,maduo,only,C4,C,When did the closest events to the epicenter occur in the 2021 Qinghai Maduo Mw 7.4 earthquake sequence (spatial correlation)?,"The retrieved data does not contain information about the Mw7.4 earthquake sequence and its related events in Mado, Qinghai in 2021, so it is not possible to provide the specific times of the most recent events near the epicenter.",1,1,
24,ridgecrest,narrative,D2,D,"Is the seismic activity in the 2019 Ridgecrest earthquake sequence associated with human industrial activities (e.g., hydraulic fracturing, wastewater injection, reservoir storage)? Please explain the basis.",I am sorry but I am unable to answer this question given the provided data.,1,1,
25,qiaojia,narrative,E13,E,Does the activity of the sequence in the Qiaojia-Dongchuan seismic-gap catalog exhibit periodic or phased characteristics?,"## Analysis of the Periodicity and Phased Characteristics of Earthquake Activity in Qiaojia-Dongchuan

When analyzing the earthquake activity in the Qiaojia-Dongchuan region, multiple reports indicate that the seismic events in this area indeed exhibit certain periodic and phased characteristics. These characteristics are mainly reflected in the frequency, temporal distribution, and geographical distribution of the earthquake events.

### Temporal Clustering of Earthquake Activity

Between December 2022 and January 2023, multiple small-scale earthquake events were recorded in the region, particularly on specific dates (such as December 10, 2022, and January 8, 2023), where the seismic activity showed a clear temporal clustering phenomenon. This clustering may suggest a phased characteristic of earthquake activity, warranting further monitoring and analysis [Data: Reports (0, 71, 39, 45, 87)].

Additionally, from August 2022 to March 2023, the Qiaojia-Dongchuan region recorded multiple earthquakes of varying magnitudes, especially in November 2022 and January 2023, indicating that the area may have experienced significant geological activity, which could be related to changes in geological stress [Data: Reports (12, 37, 53, 104, 3)].

### Frequency and Patterns of Earthquake Events

In December 2022 and January 2023, the earthquake activity in the Qiaojia-Dongchuan region was frequent, with multiple low-magnitude earthquake events suggesting that the area may have undergone an active seismic phase. The temporal distribution and intensity variations of these events may reflect underlying geological dynamics and stress accumulation processes [Data: Reports (0, 71, 21, 39, 45)].

Specifically, the M1.4 and M1.6 earthquake events recorded on December 22, 2022, and January 16, 2023, respectively, exhibited temporal clustering, indicating that these events may be interrelated, reflecting the geological activity patterns in the region [Data: Reports (11, 55, 49, 36, 50)].

### Geographical Distribution of Earthquake Activity

The geographical distribution of earthquake events also shows that the seismic activity in the region is not confined to a single location but is widely distributed across multiple coordinates. This extensive earthquake activity may be related to the geological features and tectonic movements within the region, suggesting that the seismic activity may have more complex periodic or phased characteristics [Data: Reports (12, 37, 53)].

On March 9, 2023, a series of earthquake events were recorded in the Qiaojia-Dongchuan region, demonstrating a close temporal association among these events. This clustering of events may indicate the presence of a potential geological activity cycle in the area, highlighting the need for ongoing monitoring and analysis of future seismic activity [Data: Reports (25, 79, 69)].

### Conclusion and Future Research Directions

In summary, the earthquake activity in the Qiaojia-Dongchuan region indeed exhibits periodic and phased characteristics, particularly in terms of frequent activity during specific time periods and the broad geographical distribution. These characteristics may be related to changes in geological stress and crustal movements, indicating the need for further monitoring and research to confirm the existence of these patterns and their influencing factors. Continuous seismic monitoring will aid in better understanding the seismic behavior and potential risks in this region [Data: Reports (1, 10, 44, 95, 20)].",2,2,
26,ridgecrest,only,A8,A,What are the characteristics of the depth distribution of earthquakes in the 2019 Ridgecrest earthquake sequence?,"According to the retrieved data, the depth distribution of earthquakes in the Ridgecrest earthquake sequence shows certain variations. The depth of the earthquakes ranges from a few kilometers to over 40 kilometers. For example, some earthquakes have depths of 3.1 kilometers, 6.4 kilometers, 12.3 kilometers, etc., with the deepest earthquake reaching a depth of 67.1 kilometers. This indicates that the seismic activity in the area involves different depth levels, which may be related to geological structures and fault activity. However, the retrieved data only reflects a subset and cannot provide a comprehensive depth distribution characteristic of the entire earthquake sequence.",1,2,
27,qiaojia,only,B15,B,In which time period are the top ten magnitude events in the Qiaojia-Dongchuan seismic-gap catalog concentrated?,"According to the retrieved data, it is not possible to determine the specific time period of the top ten magnitude events in the Qiaojia–Dongchuan earthquake void. This data only contains information on some earthquake events and cannot provide a complete list of events or a time period analysis.",1,1,
28,maduo,only,D19,D,What insights does the depth distribution of the sequence in the 2021 Qinghai Maduo Mw 7.4 earthquake sequence provide for understanding its tectonic background?,I am sorry but I am unable to answer this question given the provided data.,11,3,
29,ridgecrest,only,A4,A,"Is the seismic activity in the 2019 Ridgecrest earthquake sequence increasing, decreasing, or remaining stable over time?","## Analysis of Earthquake Activity Intensity in the 2019 Ridgecrest Earthquake Sequence

In July 2019, the earthquake activity in the Ridgecrest area underwent significant changes, exhibiting dynamic characteristics of enhancement, weakening, and re-enhancement. The intensity of this series of seismic activities was not stable but influenced by geological factors, reflecting a complex dynamic process.

### Phase of Enhanced Earthquake Activity

Between July 4 and July 6, 2019, the earthquake activity in the Ridgecrest area significantly intensified. Notably, on July 6, multiple strong earthquakes were recorded, including those with magnitudes of M7.1 and M5.4, marking an increase in geological instability in the region. The intensity of seismic activity on this date peaked, indicating that the area was in a geologically unstable state at that time [Data: Reports (49, 31, 24, 3, 7)].

Additionally, during the period from July 4 to July 10, earthquakes of various magnitudes frequently occurred, including M6.4, M4.3, and M4.1, further confirming the significant enhancement of seismic activity during this timeframe [Data: Reports (28, 27, 19, 43, 64)]. On July 6, in addition to the strong earthquakes, earthquakes with magnitudes of M4.2 and M5.5 were also recorded, demonstrating a significant increase in earthquake activity intensity on this date [Data: Reports (4, 66, 25, 52, 9)].

### Phase of Weakened Earthquake Activity

However, following the intense seismic activity, the earthquake intensity in the Ridgecrest area began to weaken after July 6. Although seismic activity continued to be recorded, the overall intensity and frequency appeared to decline, particularly with the frequent occurrence of smaller magnitude earthquakes (such as M2.0 and M2.1), indicating a gradual decrease in earthquake activity thereafter [Data: Reports (18, 60, 39)]. From July 7 onwards, recorded earthquakes were primarily of magnitude M2.0, showing relatively low earthquake intensity on these dates [Data: Reports (6, 30, 32)].

### Phase of Re-enhanced Earthquake Activity

Despite the weakening of earthquake activity in mid-July, on July 8, recorded seismic activity again showed a trend of enhancement, particularly with the occurrence of a strong earthquake with a magnitude of M8.099, marking a significant rise in earthquake activity intensity in the region [Data: Reports (10, 8)]. On July 14 and 15, although no particularly strong earthquakes were recorded, several small-scale earthquakes occurred, indicating that seismic activity in the area had not completely subsided [Data: Reports (12, 8)].

### Conclusion

In summary, the earthquake activity intensity in the 2019 Ridgecrest earthquake sequence exhibited dynamic changes of enhancement, weakening, and re-enhancement. This process reflects that the geological activity in the area is complex and unstable, possibly related to the release of geological stress and subsequent aftershock activity [Data: Reports (28, 19, 27)]. Therefore, it can be concluded that the earthquake activity intensity in the Ridgecrest area did not remain stable but experienced significant fluctuations.",1,1,
30,maduo,narrative,C3,C,"What is the time order and characteristics of foreshocks, mainshocks, and aftershocks in the sequence of the 2021 Qinghai Maduo Mw 7.4 earthquake sequence?","## Timeline and Characteristics of the 2021 Mw7.4 Maduo Earthquake Sequence in Qinghai

### Foreshocks
In the 2021 Maduo earthquake sequence, foreshocks refer to seismic activities that occurred before the main shock. According to the data, the specific times and characteristics of the foreshocks are not detailed, but generally, the occurrence of foreshocks can be seen as a signal that the main shock is imminent. The characteristics of foreshocks typically include smaller magnitudes, higher frequencies, and they may occur days or weeks before the main shock.

### Main Shock
The main shock occurred on May 22, 2021, with the epicenter located in Maduo County, Qinghai, at a depth of 7.6 kilometers and a magnitude of Mw7.4. This earthquake was a strong event in the region, causing significant damage to buildings and infrastructure; however, due to the sparse population in the epicentral area, there were no casualties. The characteristics of the main shock include its large magnitude and depth, indicating that geological activity in the area is very active [Data: Sources (1, 2)].

### Aftershocks
Following the main shock, a large number of aftershocks were recorded in the Maduo earthquake sequence, totaling 78,832 events. The timing and magnitudes of these aftershocks varied, typically occurring frequently in the days to months following the main shock. The characteristics of aftershocks are generally smaller magnitudes than the main shock, and over time, the frequency and intensity of the aftershocks gradually decrease. The distribution and activity range of the aftershocks also exhibit similar geological features to the main shock, indicating that the area remains in an active seismic state [Data: Relationships (11721, 11795)].

### Summary
In summary, the timeline of the 2021 Mw7.4 Maduo earthquake sequence in Qinghai is as follows: foreshocks (not detailed), main shock (May 22, 2021, Mw7.4), and subsequent aftershocks (a total of 78,832 events). The characteristics of these seismic activities reflect the complex geological structure of the region and the ongoing seismic risk.",0,1,
31,qiaojia,narrative,C13,C,What subsequent events were recorded within 24 hours after the largest magnitude event in the Qiaojia-Dongchuan seismic-gap catalog?,"## Qiaojia–Dongchuan Earthquake Void Area Aftershock Event Record

Within 24 hours after the maximum magnitude event in the Qiaojia–Dongchuan earthquake void area, a series of aftershock events were recorded. The occurrence of these events reflects the ongoing geological activity in the region, which may be related to the aftershock activity following the main shock.

### Major Aftershock Events

1. **December 27, 2022**: On this day, multiple earthquake events were recorded, including several earthquakes of different magnitudes. The distribution of the epicenters of these events indicates the geological instability of the area, likely due to aftershock activity following the main shock. The specific recorded magnitudes include M1.0, M1.1, M1.2, M1.3, and M1.4, indicating ongoing seismic activity [Data: Entities (3171); Reports (11)].

2. **February 4, 2023**: On this date, multiple earthquake events were recorded, with epicenters also showing a connection to previous seismic activity. The magnitudes of these events ranged from M0.8 to M1.9, further indicating that geological activity in the area is still ongoing [Data: Entities (4014); Reports (40)].

### Impact of Seismic Activity

The record of these aftershock events is crucial for understanding the geological activity patterns in the region. Frequent seismic activity may pose potential threats to the safety of local communities and infrastructure; therefore, continuous monitoring and emergency preparedness are necessary. The frequency and magnitude distribution of the earthquakes provide important data for geologists to assess the risk of larger-scale earthquakes that may occur in the future [Data: Reports (11, 40)].

### Conclusion

In summary, multiple aftershock events were recorded within 24 hours after the maximum magnitude event in the Qiaojia–Dongchuan earthquake void area, and the magnitudes and distribution of these events indicate that geological activity in the region is still ongoing. Monitoring and analyzing these events will help improve awareness and response capabilities regarding earthquake risks [Data: Entities (3171, 4014); Reports (11, 40)].",0,1,
32,maduo,only,D5,D,Is the occurrence of the sequence in the 2021 Qinghai Maduo Mw 7.4 earthquake sequence related to changes in the regional tectonic stress field?,"The retrieved data does not contain information regarding whether the Mw7.4 earthquake sequence in Mado, Qinghai in 2021 is related to changes in the regional tectonic stress field. Therefore, I cannot answer this question.",1,1,
33,maduo,narrative,B9,B,"On average, how many earthquakes occur per day in the 2021 Qinghai Maduo Mw 7.4 earthquake sequence?",I am sorry but I am unable to answer this question given the provided data.,1,1,
34,maduo,narrative,D2,D,"Is the seismic activity in the 2021 Qinghai Maduo Mw 7.4 earthquake sequence associated with human industrial activities (e.g., hydraulic fracturing, wastewater injection, reservoir storage)? Please explain the basis.","## Analysis of the Correlation Between the 2021 Maduo Mw7.4 Earthquake Sequence and Human Industrial Activities

### Overview of Seismic Activity

On May 22, 2021, a significant earthquake with a magnitude of 7.4 occurred in Maduo County, Qinghai Province, causing substantial infrastructure damage. The seismic activity in the region exhibited frequent significant events throughout 2021, including multiple aftershocks and small-scale earthquakes (such as M0.9 and M1.0), which may be closely related to geological features and fluid dynamics [Data: Reports (140, 36, 438, 155, 82)].

### Potential Impact of Human Activities

Multiple studies suggest that the occurrence of the 2021 Maduo earthquake may be associated with human industrial activities, particularly hydraulic fracturing, wastewater injection, and reservoir impoundment. These activities may influence the probability of earthquakes by altering groundwater levels and the stress state of the crust. For instance, the injection of fluids may change the stress state of the crust, potentially triggering earthquakes [Data: Reports (10, 448, 143)].

Specifically, research indicates that the occurrence of the 2021 Maduo earthquake is related to the movement of fluids in the lower crust, which may be linked to industrial activities such as hydraulic fracturing or wastewater injection [Data: Reports (143)]. Furthermore, the geographical distribution of seismic activity shows patterns associated with specific industrial activities, with the occurrence of certain seismic events coinciding with the timing and location of reservoir impoundment, suggesting that reservoir storage may have some influence on seismic activity [Data: Reports (36, 438, 155)].

### Importance of Monitoring and Research

To gain a deeper understanding of the relationship between seismic activity and human activities, a seismic monitoring network (MaduoArray) has been established in the Maduo region to record and analyze seismic data. The establishment of this network underscores the importance of in-depth research on seismic behavior and its relationship with human activities [Data: Reports (143)]. Ongoing monitoring and analysis will help assess the potential impact of human activities on seismic activity and provide data support for future risk assessments [Data: Reports (602, 213, 116, 293, 385)].

### Conclusion

Although existing data indicate a potential correlation between human activities and seismic activity, the specific causal relationship requires further research and data analysis for confirmation. The current data provide preliminary associations but have not established a clear causal chain [Data: Reports (36, 438)]. Therefore, more empirical research is needed to verify the specific correlation and mechanisms of human industrial activities on the 2021 Maduo earthquake sequence.",1,1,
35,maduo,only,C8,C,What events are there in the 2021 Qinghai Maduo Mw 7.4 earthquake sequence with depths ranging from 10 to 15 kilometers?,"The context provided does not contain information about the 2021 Qinghai Maduo Mw 7.4 earthquake sequence or any specific events related to it. Therefore, I cannot provide details about events in that sequence with depths ranging from 10 to 15 kilometers. If you have any other questions or need information on a different topic, feel free to ask!",1,1,
36,maduo,only,A18,A,Does the 2021 Qinghai Maduo Mw 7.4 earthquake sequence show a clear moment of activity initiation based on the data?,"According to the retrieved data, no specific information is provided regarding the 2021 Mw 7.4 earthquake sequence in Maduo, Qinghai, therefore it is not possible to determine whether there was a significant activity initiation moment for this sequence.",1,1,
37,ridgecrest,only,E1,E,How does the activity intensity and magnitude distribution in the early stage of the sequence in the 2019 Ridgecrest earthquake sequence compare to the later stage?,"According to the retrieved data, the changes in activity intensity and magnitude distribution during the early and later stages of the Ridgecrest earthquake sequence are as follows:

In the early stage (e.g., July 6, 2019), multiple epicenters can be observed occurring within a relatively short period, with magnitudes ranging from M2.0 to M3.0, indicating frequent activity and a relatively concentrated distribution of epicenters.

In the later stage (e.g., July 9, 2019, and thereafter), although epicenters still occur, the magnitude distribution has changed, with higher magnitude events (such as M3.3 and M3.6) appearing, and the distribution of epicenters may be more dispersed, with a relative decrease in activity intensity.

Overall, the activity intensity in the early stage was higher, and the magnitude distribution was more concentrated, while in the later stage, there were individual events of higher magnitudes, but the overall activity frequency decreased. These observations are based solely on the retrieved data and may not fully reflect the entire earthquake sequence.",1,2,
38,ridgecrest,only,D5,D,Is the occurrence of the sequence in the 2019 Ridgecrest earthquake sequence related to changes in the regional tectonic stress field?,"The retrieved data does not contain information regarding the relationship between the 2019 Ridgecrest earthquake sequence and changes in the regional tectonic stress field. Therefore, I am unable to answer this question.",1,1,
39,qiaojia,only,D8,D,Have there been significant earthquakes in history related to the current sequence in the Qiaojia-Dongchuan seismic-gap catalog? How are they related?,"## Qiaojia–Dongchuan Earthquake Activity Analysis

### Overview of Current Earthquake Sequence

In the Qiaojia–Dongchuan area, the current seismic activity is primarily composed of small-scale earthquakes, including multiple tremors with magnitudes ranging from M1.0 to M2.6. The frequent occurrence of these small tremors may be related to geological activity in the region, indicating ongoing geological instability. Although these small-scale earthquakes typically do not cause significant damage, their presence may be a precursor to larger earthquakes, suggesting the need for continuous monitoring and research of seismic activity in the area [Data: Reports (2, 97, 60, 94, 111)].

### Historical Earthquake Activity

Historically, the Qiaojia–Dongchuan area has experienced multiple seismic events, including some larger earthquakes. Analysis indicates that the current earthquake sequence may be related to significant historical earthquakes. Notably, during 2022 and 2023, recorded seismic events were close to the locations of major historical earthquakes, suggesting a potential interaction in the geological structures of the region [Data: Reports (3, 15, 135, 5, 48)].

### Relationship Between Current and Historical Earthquakes

1. **Continuity of Geological Dynamics**: The relationship between current seismic activity and historically recorded earthquakes suggests that the seismic activity may be driven by similar geological processes. Analyzing these historical events aids in understanding the potential impacts and risks of the current earthquake sequence [Data: Reports (50, 52, 80)].

2. **Potential Link Between Small and Large Earthquakes**: Although the current seismic activity is primarily composed of small tremors, their frequency and distribution characteristics indicate the need for ongoing monitoring in the area to timely assess potential earthquake risks, especially in regions where significant historical earthquakes have occurred. These small tremors may be caused by the accumulation and release of crustal stress, potentially signaling the risk of larger earthquakes in the future [Data: Reports (3, 15, 135, 5, 48)].

3. **Impact of Historical Major Earthquakes**: In the Qiaojia–Dongchuan area, significant earthquakes related to the current sequence have occurred historically, particularly those with magnitudes of M3.0 and above. The occurrence of these major earthquakes may be related to the current earthquake sequence, indicating that geological activity in the region is ongoing and may influence future seismic activity [Data: Reports (76, 1, 42, 67, 99)].

### Conclusion

In summary, there is a certain connection between the current earthquake sequence in the Qiaojia–Dongchuan area and the major historical earthquakes. Although the current seismic activity is primarily composed of small tremors, their frequency and distribution characteristics suggest that the geological dynamics in the region are still changing, potentially indicating the risk of larger earthquakes in the future. Therefore, continuous monitoring of seismic activity in this area is crucial for timely assessment of potential earthquake risks [Data: Reports (34, 31, 65, 22, 21)].",2,2,
40,ridgecrest,only,C2,C,Where and when are the events with magnitudes between M3.0 and M4.0 mainly distributed in the 2019 Ridgecrest earthquake sequence?,"### Overview of the 2019 Ridgecrest Earthquake Sequence

The 2019 Ridgecrest earthquake sequence, particularly notable for its seismic activity on July 6, 2019, includes a variety of events with magnitudes ranging from M3.0 to M4.0. This sequence is characterized by multiple clusters of earthquakes that occurred in close temporal and spatial proximity.

### Distribution of Events

1. **Time Frame**: The events with magnitudes between M3.0 and M4.0 primarily occurred on July 6, 2019. This day featured several clusters of seismic activity, indicating a significant period of heightened seismicity.

2. **Clusters of Events**:
   - **CLUSTER 2019-07-06T03:37_2019-07-06T03:41**: This cluster includes 12 events with magnitudes ranging from 3.0 to 4.0, with the largest event being M4.0. The events occurred between 03:37 and 03:41, highlighting a concentrated period of seismic activity [Data: Entities (775); Relationships (825)].
   - **CLUSTER 2019-07-06T03:31_2019-07-06T03:37**: This cluster also features 12 events, with magnitudes ranging from 3.2 to 4.2, further contributing to the overall seismic profile of the area during this time [Data: Entities (761); Relationships (825)].
   - **CLUSTER 2019-07-06T04:10_2019-07-06T04:16**: Another significant cluster, this one includes 11 events with magnitudes from 2.83 to 4.80, indicating ongoing seismic activity shortly after the earlier clusters [Data: Entities (864); Relationships (825)].

3. **Geographical Distribution**: The events within these clusters occurred within approximately 1.5 km of each other, suggesting that the seismic activity was localized in specific areas around Ridgecrest. The proximity of these events indicates a concentrated area of tectonic stress release, which is typical in earthquake sequences.

### Conclusion

In summary, the events with magnitudes between M3.0 and M4.0 in the 2019 Ridgecrest earthquake sequence are primarily distributed on July 6, 2019, across several clusters. These clusters demonstrate a significant concentration of seismic activity within a short time frame and close geographical proximity, reflecting the dynamic nature of the region's tectonic environment. The data indicates that the Ridgecrest area experienced a notable episode of seismicity, with multiple events occurring in rapid succession. 

This analysis is supported by multiple data references from the earthquake catalog, highlighting the interconnected nature of these seismic events [Data: Reports (18, 19); Entities (775, 761, 864); Relationships (825)].",2,2,
41,qiaojia,narrative,D17,D,What rupture characteristics are reflected in the length/width of the aftershock zone in the Qiaojia-Dongchuan seismic-gap catalog?,"## Analysis of Rupture Characteristics in Aftershock Zones

In the Qiaojia-Dongchuan earthquake void area, the length and width of the aftershock zone provide important information about the rupture characteristics of the region. These geometric features not only reflect the spatial distribution of seismic activity but may also be closely related to the earthquake's source mechanism, geological structure, and dynamic characteristics.

### Geometric Features of the Aftershock Zone

The length and width of the aftershock zone may indicate the rupture characteristics of the area, reflecting the distribution and intensity of seismic activity. These features are related to the orientation, depth of the fault, and the stress state of the crust, indicating that geological activity in the region is ongoing and requires further monitoring and research to assess potential earthquake risks [Data: Reports (125, 39, 45, 87, 103)].

### Dynamic Characteristics of Seismic Activity

Based on recorded seismic events, the aftershock activity in the Qiaojia-Dongchuan area indicates the dynamic characteristics of the earthquake, particularly the concentrated activity on specific dates and times. This activity pattern may be related to the release of stress in the crust and the sliding characteristics of the fault, reflecting the seismic behavior of the region and potential future earthquake risks [Data: Reports (1, 10, 44, 95, 20)].

### Complexity of the Rupture Process

The geometric shape and distribution of the aftershock zone can help researchers understand the propagation and impact range of the earthquake. A larger aftershock zone may indicate a stronger main shock and more complex fault activity, while a smaller aftershock zone may be associated with weaker seismic activity. This information is crucial for assessing the potential impact of earthquakes on local communities and formulating emergency response strategies [Data: Reports (76, 55, 49, 50, 36, +more)].

### Future Monitoring and Research

The characteristics of the aftershock zone may indicate the stress release patterns in the crust following the main shock, which is essential for understanding subsequent seismic activity and predicting future earthquake events, especially in seismically active areas. Further monitoring and research will help reveal the specific mechanisms of these rupture characteristics and provide important data support for future earthquake monitoring and disaster prevention [Data: Reports (26, 40, 54, 119, 93, +more)].

### Conclusion

In summary, the length and width of the aftershock zone in the Qiaojia-Dongchuan earthquake void area reflect the rupture characteristics of the region, revealing the spatial distribution of seismic activity and potential fault features. This information is significant for understanding the causes of earthquakes, subsequent activity, and their impact on local communities. Future research should continue to focus on these features to better assess and respond to earthquake risks.",2,2,
42,qiaojia,only,C15,C,Please list the five largest magnitude events in the Qiaojia-Dongchuan seismic-gap catalog along with their specific location coordinates.,"The context provided does not contain information about the five largest magnitude events in the Qiaojia-Dongchuan seismic-gap catalog. However, I can provide details about the largest recorded events from the available data.

### Largest Magnitude Events

1. **EVENT 2022-10-14T19:56:35.120**
   - **Magnitude:** M4.1
   - **Coordinates:** Not specified in the provided data.

2. **EVENT 2022-11-12T09:57:17.990**
   - **Magnitude:** M3.1
   - **Coordinates:** Not specified in the provided data.

3. **EVENT 2023-01-05T19:43:37.480**
   - **Magnitude:** M2.6
   - **Coordinates:** Latitude 26.853, Longitude 102.962

4. **EVENT 2023-02-18T11:54:47.650**
   - **Magnitude:** M1.7
   - **Coordinates:** Not specified in the provided data.

5. **EVENT 2023-02-26T12:40:43.110**
   - **Magnitude:** M1.9
   - **Coordinates:** Not specified in the provided data.

### Summary

The largest event recorded in the dataset is the M4.1 event from October 14, 2022, followed by the M3.1 event from November 12, 2022. The coordinates for the M2.6 event on January 5, 2023, are provided, but specific coordinates for the other events are not included in the available data. 

If you need more detailed information or specific coordinates for other events, please let me know!",0,1,
43,maduo,narrative,E3,E,Are there any obvious 'quiet periods' or time windows of sudden activity drop in the sequence of the 2021 Qinghai Maduo Mw 7.4 earthquake sequence?,"## Analysis of the Activity of the 2021 Mw7.4 Earthquake Sequence in Mado, Qinghai

In the 2021 Mw7.4 earthquake sequence in Mado, Qinghai, the analysis results regarding the existence of a significant ""quiet period"" or a time window of reduced activity indicate that seismic activity in the region remained persistently active, with no obvious quiet periods observed.

### Continuity of Aftershock Activity

Following the main shock, 78,832 aftershocks were recorded, indicating significant aftershock activity rather than a quiet period. Although there may have been brief reductions in activity during certain time periods, overall, the frequent occurrence of aftershocks emphasizes the region's activity post-earthquake, reflecting the continuity and complexity of the earthquake sequence [Data: Reports (10, 448, 140, 443)].

### Seismic Activity at Key Time Points

Multiple analyses pointed out that significant seismic events were recorded on specific dates such as June, July, and October 2021. The activity on these dates indicates that there was no apparent quiet period or time window of reduced activity in the earthquake sequence. For instance, significant seismic activity was recorded on June 15, June 28, and October 10, reflecting the ongoing seismic activity in the region [Data: Reports (227, 211, 191, 412, 249)].

### Dynamic Changes in Activity Patterns

Although smaller seismic events were recorded on certain dates (such as June 21 and September 13), overall, the frequency and intensity of seismic activity did not significantly decline in 2021, but rather showed a certain level of activity. This sustained activity may suggest that the geological pressure in the region has not diminished, potentially leading to stronger earthquakes in the future [Data: Reports (191, 412, 249)].

### Conclusion

In summary, no significant ""quiet period"" or time window of reduced activity was observed in the 2021 Mw7.4 earthquake sequence in Mado, Qinghai. On the contrary, the continuity and frequency of seismic activity indicate that geological activity in the region is active, likely related to complex geological structures and ongoing geological pressure. This finding is significant for understanding the seismic dynamics of the region and assessing future earthquake risks [Data: Reports (10, 448, 140, 443, +more)].",2,2,
44,maduo,narrative,D11,D,What is the locking state of the deep structure in the sequence of the 2021 Qinghai Maduo Mw 7.4 earthquake sequence?,I am sorry but I am unable to answer this question given the provided data.,1,1,
45,maduo,only,E18,E,What changes occur in the statistical characteristics of event time intervals in different stages of the sequence in the 2021 Qinghai Maduo Mw 7.4 earthquake sequence?,"Sorry, the retrieved data does not contain information on the statistical characteristics of the time intervals of the events in the 2021 Maduo Mw7.4 earthquake sequence in Qinghai and its different stages.",1,1,
46,maduo,narrative,C5,C,What specific events were recorded on the second most active day in the 2021 Qinghai Maduo Mw 7.4 earthquake sequence?,"## 2021 Maduo Mw7.4 Earthquake Sequence Activity Record

In 2021, a series of seismic activities related to the Mw7.4 earthquake occurred in the Maduo region of Qinghai. Based on the available data, the following are the major seismic events recorded in the area in 2021:

### Major Seismic Events

1. **June 21, 2021**
   - A series of significant seismic events were recorded on this day, most notably an earthquake occurring at geographic coordinates 34.74707. This event is considered an important reference point for geological studies in the area, indicating the potential for more earthquakes to occur in the future [Data: Reports (194); Entities (2703); Relationships (2016)].

2. **October 4, 2021**
   - Multiple seismic events were recorded on this day, involving several geographic coordinates, including 34.74707, 34.555233, and 34.718514. The widespread distribution of these events' epicenters indicates that seismic activity in the area was very frequent on this day, which could impact local infrastructure and safety measures [Data: Reports (194); Entities (8585); Relationships (6729, 6713, 6715)].

### Impact of Seismic Activity

The frequent occurrence of these seismic events may have significant impacts on local communities, including potential damage to infrastructure and disruptions to daily life. Understanding the frequency and intensity of these events is crucial for community planning and risk management, especially in earthquake-prone areas [Data: Reports (194); Entities (8585); Relationships (6729, 6713)].

### Conclusion

The seismic activity in the Maduo region of Qinghai in 2021 demonstrates the geological activity of the area, particularly on June 21 and October 4. By monitoring and analyzing these events, researchers can better understand earthquake patterns and provide data support for future earthquake preparedness and response strategies [Data: Reports (194, 26); Entities (2703, 8585); Relationships (2016, 6729, 6713)].",0,0,
47,qiaojia,narrative,D5,D,Is the occurrence of the sequence in the Qiaojia-Dongchuan seismic-gap catalog related to changes in the regional tectonic stress field?,"### Overview of the Qiaojia-Dongchuan Seismic Gap

The Qiaojia-Dongchuan seismic gap is a significant geological feature characterized by its accumulation of tectonic strain. This region has been the site of notable seismic events, including a Mw 7.7 earthquake, which underscores its potential for large-scale seismic activity. The seismicity observed in this area is closely linked to the regional tectonic stress field, suggesting that the ongoing seismic activity may indeed be influenced by changes in this stress field.

### Influence of Geological Features

The Xiaojiang Fault, which is a major geological feature within the Qiaojia-Dongchuan seismic gap, plays a crucial role in the ongoing tectonic loading and seismicity of the region. The activity along this fault indicates that the sequence of seismic events may be influenced by variations in the regional tectonic stress field. This relationship highlights the importance of understanding the geological dynamics at play in the Qiaojia-Dongchuan area.

### Anthropogenic Factors

Additionally, the presence of the Baihetan Hydropower Station, one of the world's largest hydropower facilities located within the seismic gap, may also interact with local seismicity. While there are indications that reservoir-triggered seismicity could influence the seismic activity, the data does not establish a direct causal relationship between the hydropower station and changes in the tectonic stress field. This suggests that while anthropogenic factors may contribute to seismic events, the primary influence appears to stem from the underlying geological processes.

### Conclusion

In summary, the occurrence of seismic events in the Qiaojia-Dongchuan seismic gap is likely related to changes in the regional tectonic stress field, as evidenced by the significant geological features and fault activity in the area. However, the potential influence of anthropogenic factors, such as the Baihetan Hydropower Station, cannot be entirely ruled out, although a direct causal link remains unproven. The interplay between these geological and anthropogenic factors is essential for understanding the seismic risks and dynamics in the region [Data: Reports (606, 979)].",2,2,
48,qiaojia,only,E8,E,Are there multiple peaks of activity in the sequence of the Qiaojia-Dongchuan seismic-gap catalog? When do they occur?,"### Overview of Seismic Activity Peaks

The analysis of the Qiaojia-Dongchuan seismic-gap catalog indicates that there are indeed multiple peaks of seismic activity within the observed timeframe. The data reflects a pattern of clustered seismic events, particularly concentrated in late 2022 and early 2023. 

### Notable Peaks of Activity

1. **December 2022**: 
   - Significant clusters were recorded, particularly on December 1 (largest M2.3), December 10-11 (largest M2.2), and December 19 (largest M1.6). These events suggest heightened seismic activity during this month [Data: Reports (647, 98, 316)].

2. **January 2023**: 
   - Activity continued into January, with notable clusters on January 5 (largest M2.9), January 6 (largest M2.7), and January 12 (largest M2.6). These events indicate a sustained period of seismic activity [Data: Reports (150, 742, 164)].

3. **February 2023**: 
   - Clusters were observed on February 1 (largest M3.7) and February 9 (largest M2.3), further contributing to the peaks of activity in the sequence [Data: Reports (767, 203)].

4. **March 2023**: 
   - The data shows significant clusters on March 6 (largest M3.0), March 7 (largest M2.6), March 8 (largest M2.2), and March 9 (largest M2.6). These events reflect a notable peak of activity during this month [Data: Reports (793, 911, 261, 375)].

### Summary of Clusters

The clusters of seismic activity suggest that the Qiaojia-Dongchuan seismic-gap catalog captures multiple peaks over the specified time frame. The most significant periods of activity occurred in December 2022, January 2023, February 2023, and March 2023, with various events recorded across these months indicating ongoing geological processes in the region [Data: Reports (376, 112, 63, 265, +more)].

In conclusion, the evidence supports the presence of multiple peaks of seismic activity, with specific dates highlighting concentrated periods of events that may be indicative of underlying tectonic dynamics.",2,2,
49,ridgecrest,only,E11,E,Can the activity pattern of the sequence in the 2019 Ridgecrest earthquake sequence be divided into 'eruption periods' and 'decay periods'?,"## Analysis of the Activity Pattern of the 2019 Ridgecrest Earthquake Sequence

In July 2019, the Ridgecrest area experienced a series of significant seismic activities, which can indeed be categorized into ""eruption period"" and ""decay period."" Below is a detailed analysis of this phenomenon.

### Eruption Period

According to records, the eruption period of the Ridgecrest earthquake sequence was primarily concentrated on July 4, 6, and 12. During this time, the seismic activity exhibited a high frequency and intensity, especially on July 6, when multiple epicenters and earthquakes of varying magnitudes were recorded, including significant events of M5.5 and M7.1. This concentrated activity indicates a clear eruption period, reflecting significant geological instability and frequent seismic activity in the region during this time [Data: Reports (28, 43, 19, 27, 64)].

On July 6, the seismic activity in the Ridgecrest area was particularly active, recording multiple earthquakes with epicenters in close geographical coordinates, including moderate magnitude earthquakes of M4.2 and M4.6. The occurrence of these events further supports the notion that the region experienced a significant earthquake eruption period during this time [Data: Reports (68, 20, 55)].

### Decay Period

After the eruption period, the seismic activity gradually decreased, entering a decay period. Although there were still some small-scale earthquake records in mid-July, the overall frequency and intensity were significantly lower than in the earlier stages. This reduction in activity indicates the decay period of the earthquake sequence, possibly due to the redistribution of crustal stress and post-earthquake stability [Data: Reports (19, 27, 21, 35, 36)].

On July 7 and in the following days, although there were still records of seismic activity, the overall magnitudes and frequencies declined, displaying characteristics of the decay period. This change in activity pattern indicates that the Ridgecrest earthquake sequence can indeed be divided into eruption and decay periods [Data: Reports (70, 10, 11)].

### Conclusion

In summary, the activity pattern of the 2019 Ridgecrest earthquake sequence can be clearly divided into ""eruption period"" and ""decay period."" The eruption period is characterized by high frequency and intensity of seismic activity, while the decay period is marked by a reduction in seismic activity and a decrease in intensity. Recognizing this pattern is significant for understanding the geological dynamics of the region and future seismic activities [Data: Reports (4, 66, 25, 9, 52)].",2,2,
50,maduo,only,A16,A,How many earthquakes of magnitude M≥3 are recorded in the 2021 Qinghai Maduo Mw 7.4 earthquake sequence?,"According to the retrieved data, it is not possible to determine how many moderate or larger (M≥3) earthquakes were recorded in the catalog of the 2021 Maduo Mw7.4 earthquake sequence in Qinghai. The retrieved fragments do not provide complete information or a total for this sequence.",1,1,
51,ridgecrest,narrative,C16,C,Did the spatial distribution of events in the 2019 Ridgecrest earthquake sequence change during a particular active month?,"## Analysis of Spatial Distribution Changes in the Ridgecrest Earthquake Sequence

In July 2019, the Ridgecrest area experienced a series of significant seismic events, and the changes in their spatial distribution and intensity provided important insights into earthquake activity. According to records, the seismic activity in July was primarily concentrated on the 4th and 6th, during which multiple earthquakes occurred with varying epicenter locations and magnitudes, indicating a significant increase in geological activity in the region.

### Spatial Distribution of Earthquake Events

On July 4th and 6th, multiple earthquake events were recorded in the Ridgecrest area, and the geographic coordinates of the epicenters displayed certain spatial distribution characteristics. For example, in the earthquake events on July 4th, the epicenter coordinates included 35.718892 and 35.661194, among others, which helped researchers identify concentrated areas of seismic activity [Data: Reports (46, 7); Entities (200, 201, 202)]. Additionally, the seismic activity on July 6th also exhibited a similar spatial distribution pattern, indicating that the occurrence of earthquakes during this period was not random but rather associated with specific geological features.

### Relationship Between Magnitude Changes and Spatial Distribution

In the earthquake events of July, the changes in magnitude also reflected the dynamic characteristics of spatial distribution. The magnitudes of the earthquakes on July 4th ranged from 2.3 to 3.4, showing varying intensities of seismic activity [Data: Reports (46, 7); Entities (267, 269, 271, 272, 274)]. This variation in magnitude may be related to the specific locations of the earthquakes, geological structures, and the state of stress accumulation. Over time, the spatial distribution of earthquake events may be influenced by these factors, leading to increased or decreased activity in certain areas.

### Conclusion

In summary, the earthquake events in the Ridgecrest area in July 2019 exhibited distinct spatial distribution characteristics, particularly during the activities on the 4th and 6th. The changes in epicenter locations and magnitudes of the earthquakes indicate that geological activity in the region was dynamic during this period, likely closely related to changes in geological structures and stress states. Future research could further explore the spatial distribution changes of these earthquake events to better understand the seismic activity and potential risks in the Ridgecrest area [Data: Reports (46, 7); Entities (200, 201, 202)].",2,2,
52,ridgecrest,only,B16,B,"How is the distribution of event counts across different depth intervals (e.g., 0-10 km, 10-20 km, etc.) in the 2019 Ridgecrest earthquake sequence?","According to the retrieved data, it is not possible to provide information on the event count distribution for different depth intervals (such as 0-10 km, 10-20 km, etc.) of the 2019 Ridgecrest earthquake sequence. The retrieved data does not include detailed information on these specific depth intervals and event counts.",1,1,
53,ridgecrest,narrative,A5,A,How many phases can the seismic activity in the 2019 Ridgecrest earthquake sequence be divided into? What are the characteristics of each phase?,"The seismic activity in the 2019 Ridgecrest earthquake sequence can be divided into three main phases: the foreshock phase, the mainshock phase, and the aftershock phase. Each of these phases exhibits distinct characteristics that reflect the nature of the seismic activity during that time.

### 1. Foreshock Phase
The foreshock phase is characterized by smaller magnitude events that occur prior to the mainshock. This phase typically includes several clusters of low to moderate magnitude earthquakes, indicating a buildup of stress in the geological structure. The magnitudes of these foreshocks generally range from M2.0 to M3.6, with the largest foreshock recorded being M6.4, which occurred approximately 16 hours before the mainshock on July 4, 2019. This phase is crucial for understanding the stress accumulation leading up to the larger seismic events [Data: Reports (13, 18, 464, 406, 123)].

### 2. Mainshock Phase
The mainshock phase is marked by the occurrence of the largest events in the sequence. The most significant events during this phase include the M6.4 earthquake on July 4, 2019, followed by the M7.1 earthquake on July 5, 2019. This phase is characterized by high-magnitude events that result in substantial ground shaking and potential damage to infrastructure. The mainshock phase represents a significant release of accumulated tectonic stress and is typically associated with the most intense shaking and potential for aftershocks [Data: Reports (77, 18, 21, 176, 410, 8, 406, 123)].

### 3. Aftershock Phase
The aftershock phase follows the mainshock and consists of numerous smaller magnitude events that occur in the same region. This phase is characterized by a rapid succession of aftershocks that gradually decrease in frequency and magnitude over time. The aftershocks can vary in magnitude, typically ranging from M2.0 to M4.4, and can continue for days, weeks, or even months after the mainshock. This phase is crucial for assessing ongoing seismic risk in the area, as these aftershocks can still pose risks to structures and communities [Data: Reports (135, 140, 25, 81, 406)].

### Summary
In summary, the seismic activity in the 2019 Ridgecrest earthquake sequence is divided into three main phases: the foreshock phase, which indicates stress buildup; the mainshock phase, which features the largest seismic events; and the aftershock phase, characterized by numerous smaller events following the mainshock. Each phase reflects distinct patterns of seismic activity and geological processes at play in the region.",2,2,
54,maduo,only,B14,B,What is the approximate standard deviation or range of magnitudes recorded in the 2021 Qinghai Maduo Mw 7.4 earthquake sequence?,"The retrieved data does not include information on the standard deviation or range of magnitudes for the Mw7.4 earthquake sequence in Mado, Qinghai, in 2021. Therefore, I am unable to provide that information.",1,1,
55,qiaojia,only,E3,E,Are there any obvious 'quiet periods' or time windows of sudden activity drop in the sequence of the Qiaojia-Dongchuan seismic-gap catalog?,"## Earthquake Activity Analysis

In the Qiaojia–Dongchuan earthquake gap sequence, comprehensive data analysis shows that there has been no significant ""quiet period"" or time window of reduced activity in the region. On the contrary, the frequency and distribution of seismic activity indicate that geological activity in this area is ongoing and highly dynamic.

### Ongoing Seismic Activity

From the records between August 2022 and March 2023, the region experienced multiple seismic events, particularly during December 2022 and January 2023, with frequent small tremors recorded, such as M1.3, M1.4, and M1.6. The frequent occurrence of these events suggests that geological activity in the area remains active, with no apparent signs of a quiet period or sudden drop in activity [Data: Reports (2, 97, 60, 94, 14)].

During the period from September 2022 to March 2023, although certain specific dates (such as October 18, 2022, and January 22, 2023) recorded multiple earthquakes, there was no overall indication of a significant quiet period. On the contrary, the frequency and distribution of seismic activity suggest that geological activity in the area is ongoing, necessitating continuous monitoring to assess potential risks [Data: Reports (9, 66, 102, 50, 52)].

### Key Dates and Activity Patterns

In the analysis, certain dates such as December 15, 2022, and March 3, 2023, showed concentrated seismic activity, possibly indicating peak activity periods. However, no significant quiet periods or time windows of reduced activity were observed between these peak periods [Data: Reports (1, 42, 99, 67, 119)]. For example, records from March 2023 showed multiple significant seismic activities, including on the 4th, 11th, 16th, and 17th, with higher activity frequencies on these dates, further indicating that there was no apparent drop in activity or quiet period in the region during this time [Data: Reports (21, 57)].

### Conclusion and Recommendations

In summary, the seismic activity in the Qiaojia–Dongchuan area exhibits persistence and dynamism, lacking significant quiet periods or time windows of reduced activity. This ongoing activity may lead to subsequent aftershocks or larger earthquakes, thus requiring continuous monitoring and research to better understand the geological dynamics and potential risks in the area [Data: Reports (30, 35, 41)].",3,3,
56,ridgecrest,only,D1,D,"Is the increase in seismic activity in the 2019 Ridgecrest earthquake sequence related to shallow fluid activity, reservoir storage, or deep structural stress accumulation? Please provide a physical mechanism explanation.",I am sorry but I am unable to answer this question given the provided data.,1,1,
57,qiaojia,only,C19,C,Are there any 'hotspot' locations that are repeatedly triggered in the Qiaojia-Dongchuan seismic-gap catalog? Please provide examples.,"## Analysis of ""Hotspot"" Locations in the Qiaojia-Dongchuan Earthquake Void

In the Qiaojia-Dongchuan area, recent seismic activity has revealed some repeatedly triggered ""hotspot"" locations. These hotspot locations are typically associated with frequent earthquake events, particularly small-scale earthquakes such as M1.5, M1.3, and M1.6. The records of these earthquake events provide a basis for analyzing these hotspot locations.

### Frequent Earthquake Events

According to the data, the M1.5 earthquake community recorded 66 different earthquake events in early 2022 and 2023, especially on multiple dates in December 2022, such as December 9, 12, 16, 19, 20, 22, 23, 26, and 28. The frequent seismic activity on these dates indicates ongoing geological activity in the area, which may point to certain specific hotspot locations [Data: Reports (41); Relationships (46, 1878)].

### Specific Hotspot Location Examples

In terms of geographical distribution, M1.5 earthquake events occurred at several coordinate locations, such as 26.963289, 102.759945 and 27.138505, 102.823511. The repeated occurrence of these coordinate points suggests that these areas may be hotspots for seismic activity [Data: Reports (41); Entities (59, 200, 206); Relationships (74, 379)]. Additionally, M1.3 earthquake events have also been recorded at similar coordinate locations, further supporting the possibility of these areas being hotspots [Data: Reports (3); Entities (49, 41, 11); Relationships (56, 46)].

### Conclusion

In summary, there are indeed repeatedly triggered ""hotspot"" locations in the Qiaojia-Dongchuan area, which are closely related to frequent small-scale earthquake events. By monitoring and analyzing these hotspot locations, we can better understand the geological dynamics of the region and provide important insights for future earthquake risk assessments. Ongoing monitoring and research will help improve early warning capabilities for seismic activity, ensuring the safety of local residents [Data: Reports (41); Relationships (46)].",2,2,
58,qiaojia,only,A3,A,What are the overall characteristics of the magnitude distribution in the Qiaojia-Dongchuan seismic-gap catalog?,"Sorry, there is no information about the overall characteristics of the magnitude distribution of the Qiaojia-Dongchuan earthquake void area in the retrieved data.",1,1,
59,qiaojia,only,D11,D,What is the locking state of the deep structure in the sequence of the Qiaojia-Dongchuan seismic-gap catalog?,The retrieved data does not include information about the deep structural locking state of the Qiaojia-Dongchuan earthquake gap sequence.,1,1,
60,maduo,only,E5,E,Does the magnitude distribution of the sequence in the 2021 Qinghai Maduo Mw 7.4 earthquake sequence change over time?,"## Analysis of the Magnitude Distribution Changes of the 2021 Maduo Mw7.4 Earthquake Sequence in Qinghai

According to the earthquake activity report from 2021, the Maduo area in Qinghai experienced multiple significant seismic activities, including a Mw7.4 earthquake sequence. The magnitude distribution of these seismic events indeed shows a trend of change over time, reflecting the dynamic characteristics of geological activity in the region.

### Changes in Magnitude Distribution

1. **Magnitude Range and Variation**  
   The recorded seismic events in 2021 exhibited a diversity of magnitudes, ranging from minor earthquakes as low as 0.5 to significant earthquakes reaching up to 14.15. This variation in magnitude indicates that the intensity and frequency of seismic activity may fluctuate over time, reflecting the complexity and dynamism of geological processes [Data: Reports (352, 41, 5)].

2. **Significant Events on Specific Dates**  
   In 2021, several specific dates recorded notable seismic events. For instance, the epicentral event on August 11 had a magnitude of 14.15, marking an important focus for geological research and public safety [Data: Reports (291)]. Additionally, significant earthquakes with magnitudes of 12.9 and 12.6 were recorded on September 11 and December 14, respectively, indicating a higher frequency of seismic activity during these periods [Data: Reports (352, 41, 5)].

3. **Monitoring of Time Series**  
   Continuous monitoring shows that the temporal pattern of seismic activity indicates that multiple earthquakes may occur within a short time frame, potentially leading to a clustering phenomenon in magnitudes. This clustering is crucial for understanding the evolution of the overall earthquake sequence [Data: Reports (75)]. For example, the event recorded on June 3, 2021, with a magnitude of 12.0, although not directly associated with the Mw7.4 earthquake sequence, reflects significant seismic activity in the region during that specific time [Data: Reports (2)].

### Conclusion and Implications

In summary, the magnitude distribution in the Maduo area of Qinghai does indeed change over time, especially during periods of frequent seismic activity. This change may be related to geological conditions and stress release, and ongoing monitoring and data collection are essential for understanding these variations. Through the analysis of magnitude distribution, local authorities and researchers can better assess potential risks and develop appropriate emergency preparedness strategies to address future possible seismic events [Data: Reports (271, 477, 520, 204, 361)].",1,2,
61,maduo,only,D5,D,Is the occurrence of the sequence in the 2021 Qinghai Maduo Mw 7.4 earthquake sequence related to changes in the regional tectonic stress field?,"## Relationship Between the 2021 Mw7.4 Earthquake Sequence in Mado, Qinghai and Regional Tectonic Stress Field

The Mw7.4 earthquake sequence that occurred in Mado, Qinghai in 2021 has attracted widespread attention regarding its relationship with changes in the regional tectonic stress field. Multiple analyses indicate that the occurrence of this earthquake sequence may be closely related to changes in the regional tectonic stress field.

### Dynamics of Seismic Activity

The multiple significant seismic events recorded in 2021, especially the Mw7.4 earthquake, reflect ongoing geological activity in the region. The occurrence of these seismic events is associated with changes in the regional tectonic stress field. Analyses show that the frequent occurrence of seismic activity may be due to the accumulation and release of tectonic stress, which is closely related to the tectonic movements of the crust [Data: Reports (301, 15)].

### Mutual Influence of Earthquakes and Tectonic Stress Field

In 2021, records of multiple seismic events indicate that changes in the regional tectonic stress field may have influenced the occurrence of earthquakes. For example, the multiple high-magnitude earthquakes on September 30 (with a maximum of M9.0) demonstrate the geological instability of the region, which may be related to the occurrence of the Mw7.4 earthquake sequence [Data: Reports (253, 152, 467, 401, 38)]. Additionally, the seismic events on June 28, September 30, and December 19 also suggest that the dynamic changes in the regional tectonic stress field may be an important factor influencing seismic activity [Data: Reports (19, 16, 254, 327, 202)].

### Importance of Monitoring and Risk Assessment

Continuous monitoring of seismic activity is crucial for understanding changes in tectonic stress and their impact on seismic activity. The seismic activity in 2021 shows interconnections between seismic events of different magnitudes, indicating that these events may be part of larger geological processes closely related to changes in the regional tectonic stress field [Data: Reports (127, 272, 248, 291, 176)]. Therefore, monitoring the patterns and frequencies of these seismic events will help assess the risk of future earthquakes and provide important basis for responding to potential seismic disasters.

### Conclusion

In summary, the occurrence of the Mw7.4 earthquake sequence in Mado, Qinghai in 2021 is significantly associated with changes in the regional tectonic stress field. The dynamics and frequency of seismic activity suggest that changes in tectonic stress may be a key factor triggering these seismic events. Future research and monitoring will contribute to a deeper understanding of this relationship and support earthquake risk management.",1,1,
62,ridgecrest,narrative,B18,B,Which week had the most frequent seismic activity in the 2019 Ridgecrest earthquake sequence?,"### Overview of Seismic Activity in the Ridgecrest Earthquake Sequence

The analysis of the Ridgecrest earthquake sequence indicates that the week of **July 4 to July 10, 2019**, experienced the most frequent seismic activity. This period was characterized by multiple clusters of earthquakes, including significant events on July 4 (Mw 6.4), July 5 (Mw 7.1), and July 6, which included numerous aftershocks and smaller events. The data shows that this week had a high level of seismicity, with a variety of magnitudes and numerous recorded events, indicating a concentrated period of seismic activity [Data: Reports (0, 452, 61, 43, 240)].

### Key Events and Clusters

1. **July 4, 2019**: The day recorded a significant mainshock with a magnitude of Mw 6.4, along with a cluster of 12 events, contributing to the overall seismic activity.
2. **July 5, 2019**: This day saw a notable event with a magnitude of Mw 7.1, which was part of the ongoing seismic sequence.
3. **July 6, 2019**: Multiple clusters were recorded, including significant events with magnitudes reaching up to 4.5. This day alone had a high frequency of events, with reports indicating numerous clusters occurring in close succession [Data: Reports (154, 172, 239, 353)].

### Summary of Activity

The week from July 4 to July 10, 2019, stands out as a period of heightened seismic activity, with the presence of significant mainshocks and numerous aftershocks. The clustering of events during this week reflects ongoing geological processes in the area, suggesting a dynamic and active tectonic environment [Data: Reports (421, 191, 69, 73, 81)].

In conclusion, the week of July 4 to July 10, 2019, is confirmed as the most active week in terms of seismic events during the Ridgecrest earthquake sequence, marked by significant magnitudes and a high frequency of occurrences.",2,2,
63,qiaojia,only,B9,B,"On average, how many earthquakes occur per day in the Qiaojia-Dongchuan seismic-gap catalog?","The dataset covering the Qiaojia-Dongchuan seismic-gap includes a total of 15 recorded earthquake events occurring between August 27, 2022, and March 11, 2023. This period spans approximately 196 days. Based on this information, the average number of earthquakes per day can be calculated as follows:

\[
\text{Average earthquakes per day} = \frac{15 \text{ events}}{196 \text{ days}} \approx 0.0765 \text{ events per day}
\]

However, it is important to note that this calculation is based on a specific subset of the data, and the dataset-wide average cannot be determined from this batch alone. Therefore, while the average for this subset is approximately 0.0765 events per day, the overall average for the entire catalog may differ. [Data: Reports (566, 82, 857, 90, 381)]",0,0,
64,qiaojia,only,A19,A,What is the level of activity at the end of the sequence (most recent record) in the Qiaojia-Dongchuan seismic-gap catalog?,"According to the retrieved data, the most recent records show multiple seismic activities between March 11 and March 12, 2023. Specifically, on March 11, there were several earthquakes with epicenters in the Qiaojia and Dongchuan areas, with varying depths and magnitudes, the largest being M2.9. This indicates that the level of seismic activity in the region is still present, but a more comprehensive dataset is needed to analyze the specific activity levels and trends. Please note that this information only reflects a portion of the retrieved data.",2,2,
65,maduo,only,B7,B,"How many events of M≥3 are there in the 2021 Qinghai Maduo Mw 7.4 earthquake sequence, and when did they mainly occur?","Based on the retrieved data, it is not possible to determine how many M≥3 events occurred in the 2021 Qinghai Maduo Mw7.4 earthquake sequence catalog, nor the main time period in which they occurred. The retrieved data only contains information on some events and cannot provide statistical information for the entire catalog.",1,1,
66,maduo,only,A13,A,What are the times of the earliest and latest events recorded in the 2021 Qinghai Maduo Mw 7.4 earthquake sequence?,I am sorry but I am unable to answer this question given the provided data.,1,1,
67,maduo,only,C13,C,What subsequent events were recorded within 24 hours after the largest magnitude event in the 2021 Qinghai Maduo Mw 7.4 earthquake sequence?,"According to the retrieved data, the largest magnitude event of the 2021 Maduo Mw7.4 earthquake sequence in Qinghai occurred on June 24, 2021. The subsequent events recorded within the next 24 hours are as follows:

1. 2021-06-24 22:00:03.24, Epicenter: 34.744, 97.820, Magnitude: M2.4
2. 2021-06-24 22:04:17.12, Epicenter: 34.760, 97.669, Magnitude: M0.5
3. 2021-06-24 22:07:11.88, Epicenter: 34.745, 97.769, Magnitude: M0.6
4. 2021-06-24 22:23:32.70, Epicenter: 34.472, 99.027, Magnitude: M1.8
5. 2021-06-24 22:36:06.40, Epicenter: 34.516, 99.295, Magnitude: M0.6
6. 2021-06-24 23:15:34.88, Epicenter: 34.730, 97.668, Magnitude: M1.4
7. 2021-06-25 01:32:16.24, Epicenter: 34.555, 98.771, Magnitude: M0.5
8. 2021-06-25 02:30:38.24, Epicenter: 34.738, 97.638, Magnitude: M0.7
9. 2021-06-25 02:33:23.28, Epicenter: 34.756, 97.586, Magnitude: M0.6
10. 2021-06-25 02:57:25.70, Epicenter: 34.646, 98.242, Magnitude: M0.5
11. 2021-06-25 02:58:08.31, Epicenter: 34.646, 98.242, Magnitude: M0.6
12. 2021-06-25 03:18:20.87, Epicenter: 34.601, 98.505, Magnitude: M0.5
13. 2021-06-25 03:31:16.70, Epicenter: 34.597, 98.504, Magnitude: M0.5
14. 2021-06-25 04:08:06.93, Epicenter: 34.738, 97.637, Magnitude: M0.5

These events were all recorded within 24 hours after the largest magnitude event occurred.",0,0,
68,qiaojia,only,A20,A,"Overall, what geological activity characteristics are reflected in the the Qiaojia-Dongchuan seismic-gap catalog earthquake catalog?","According to the retrieved data block, the seismic activity characteristics of the Qiaojia-Dongchuan earthquake void show that a series of seismic events occurred over several days in March 2023. The epicenters of these events are distributed across different latitude and longitude positions, with varying depths and magnitudes. For example, there were a larger number of seismic events on March 8 and March 9, with magnitudes ranging from M0.5 to M2.9.

However, the retrieved data only reflects a portion of the seismic events during this specific time period and cannot provide a comprehensive conclusion about the overall geological activity characteristics. A more complete understanding of the geological activity characteristics in this area requires additional long-term data and analysis.",2,2,
69,ridgecrest,only,B13,B,What are the five events closest to the epicenter (or a reference point) in the 2019 Ridgecrest earthquake sequence?,"## The Most Recent 5 Events of the 2019 Ridgecrest Earthquake Sequence

In the 2019 Ridgecrest earthquake sequence, the most recent 5 earthquake events demonstrate the region's intense seismic activity and geological instability. The timing and proximity of these events highlight the frequency of earthquakes in the Ridgecrest area during July 2019, particularly between July 4 and July 6. Here are the most recent 5 events:

1. **M6.4 Earthquake** - Occurred on July 4, 2019, with the epicenter located in the Ridgecrest area.
2. **M5.5 Earthquake** - Occurred on July 6, 2019, marking a significant event in the sequence.
3. **M4.3 Earthquake** - Occurred on July 6, 2019, further indicating the seismic activity in the region.
4. **M3.7 Earthquake** - Occurred on July 6, 2019, as another notable event of that date.
5. **M3.0 Earthquake** - Occurred on July 6, 2019, showing the ongoing seismic activity in the area.

The occurrence of these events reflects the seismic activity patterns and geological dynamics of the Ridgecrest region, indicating that the area experienced intense seismic activity in a short period, demonstrating potential risks and instability [Data: Reports (27, 19, 64, 65, 28)].",0,0,
70,qiaojia,narrative,D15,D,Is the triggering mechanism of the sequence in the Qiaojia-Dongchuan seismic-gap catalog an instantaneous elastic response or delayed pore pressure diffusion?,"## Trigger Mechanism Analysis: Instantaneous Elastic Response and Delayed Pore Pressure Diffusion

In the seismic activity of the Qiaojia-Dongchuan region, studies on the triggering mechanisms indicate that instantaneous elastic response and delayed pore pressure diffusion may jointly influence the occurrence of earthquake sequences. Below is a comprehensive analysis of these two mechanisms.

### Instantaneous Elastic Response

Instantaneous elastic response refers to the immediate reaction of seismic activity following changes in geological pressure. According to records, the timing and geographical distribution of multiple seismic events show a certain temporal clustering phenomenon, especially during the multiple seismic activities in December 2022 and January 2023, which exhibit a clear pattern of earthquake clustering. This phenomenon may be related to instantaneous elastic response, indicating that changes in geological pressure at specific time points may directly lead to the occurrence of earthquakes [Data: Reports (0, 39, 45, 87, 125)].

Moreover, the frequent occurrence of seismic activity, particularly in M1.6 and M1.7 earthquake events, further supports the role of instantaneous elastic response. The timing and spatial distribution of these events suggest that seismic activity is not confined to a single location but is widely distributed, possibly reflecting more complex geological dynamics within the region [Data: Reports (12, 53, 37, 104, 3)].

### Delayed Pore Pressure Diffusion

On the other hand, the effects of delayed pore pressure diffusion may also play an important role in the seismic activity of the region. The frequent occurrence of seismic events may lead to changes in groundwater levels and the redistribution of pore pressure, thereby affecting subsequent earthquakes. This phenomenon has been observed in multiple earthquake sequences, particularly in recorded low-magnitude earthquakes [Data: Reports (39, 45, 87, 125, 126)].

In the multiple earthquakes in March 2023, the geographical distribution and temporal clustering of seismic activity may indicate the influence of delayed pore pressure diffusion. This phenomenon may lead to an increase in seismic activity during certain time periods, reflecting changes in geological pressure [Data: Reports (25, 80, 69, 79, 5)].

### Conclusion and Recommendations

In summary, the seismic activity in the Qiaojia-Dongchuan region may be the result of the combined effects of instantaneous elastic response and delayed pore pressure diffusion. Continuous monitoring and in-depth geological surveys are necessary to better understand these mechanisms. Further research will help clarify the specific roles of these triggering mechanisms and their interrelationships, thereby providing a more reliable basis for earthquake early warning and risk management [Data: Reports (97, 117, 48, 51, 4)].",2,2,
71,ridgecrest,narrative,C8,C,What events are there in the 2019 Ridgecrest earthquake sequence with depths ranging from 10 to 15 kilometers?,"## Events in the Ridgecrest Earthquake Sequence with Depths Ranging from 10 to 15 Kilometers

In the 2019 Ridgecrest earthquake sequence, several seismic events occurred at depths between 10 and 15 kilometers. The occurrence of these events has attracted widespread attention, especially in areas with frequent seismic activity. Based on the available data, here are some earthquake events with depths in the 10 to 15 kilometer range:

1. **M4.2 Earthquake**: This event occurred on July 10, 2019, at a depth of 10.3 kilometers, with coordinates 35.666768, -117.518717. This is a significant event in the Ridgecrest earthquake sequence, indicating the intensity of seismic activity in the area [Data: Reports (11); Entities (79); Relationships (2226)].

2. **M3.0 Earthquake**: Also occurring on July 10, 2019, this event had a depth of 11.3 kilometers, with coordinates 35.567558, -117.514217. This event further demonstrates the seismic activity in the region [Data: Reports (11); Entities (79); Relationships (3622)].

3. **M3.1 Earthquake**: This event also took place on July 10, 2019, at a depth of 10.0 kilometers, with coordinates 35.666654, -117.462850. The occurrence of this earthquake event again emphasizes the seismic activity in the Ridgecrest area [Data: Reports (11); Entities (79); Relationships (3625)].

The depth and frequency of these seismic events indicate that geological activity in the Ridgecrest area is very active, potentially posing risks to local communities and infrastructure. Understanding the depth and location of these earthquakes is crucial for developing effective emergency response and preparedness measures.",2,2,
72,maduo,only,A13,A,What are the times of the earliest and latest events recorded in the 2021 Qinghai Maduo Mw 7.4 earthquake sequence?,"## The Earliest and Latest Events of the 2021 Maduo Mw7.4 Earthquake Sequence in Qinghai

According to the existing data records, the earliest and latest events of the 2021 Maduo Mw7.4 earthquake sequence are as follows:

### Earliest Event
The earliest recorded event occurred on **June 1, 2021**, marking the beginning of significant seismic activity associated with this earthquake sequence. Records from this date show multiple seismic events, reflecting the geological dynamics of the region [Data: Reports (2, 471, 108, +more)].

### Latest Event
The latest recorded event occurred on **May 12, 2023**, indicating that a series of seismic activities continued in the region after the main earthquake event. Records from this date show ongoing geological activity, which may impact the safety and infrastructure of the area [Data: Reports (559)].

### Summary
In summary, the earliest event of the 2021 Maduo Mw7.4 earthquake sequence was on June 1, 2021, while the latest event was on May 12, 2023. These records are significant for understanding the seismic activity in the region and its potential impacts.",1,1,
73,qiaojia,narrative,C10,C,"Which events are considered directly related to the largest magnitude event in the Qiaojia-Dongchuan seismic-gap catalog (e.g., aftershocks)?","### Overview of the Qiaojia-Dongchuan Seismic Gap

The Qiaojia-Dongchuan seismic gap is a significant geological region characterized by its history of seismic activity, including the largest recorded event, a Mw 7.7 earthquake. This area has been the focus of extensive geological studies due to its potential for large-scale seismic events and the influence of nearby hydropower facilities on seismicity.

### Largest Recorded Event

The largest event recorded in the Qiaojia-Dongchuan seismic gap is a Mw 7.7 earthquake, which has been noted for its significant impact and the potential risks it poses to the region. This event is part of a broader sequence of seismic activity that includes various clusters of smaller earthquakes.

### Related Events

While the specific data does not explicitly list aftershocks or events directly related to the Mw 7.7 earthquake, it is important to note that seismic events in the vicinity of a major earthquake often include aftershocks. The Qiaojia-Dongchuan seismic gap has experienced a notable increase in seismic activity, particularly during December 2022 and March 2023, which may include aftershocks or related seismic events following the Mw 7.7 earthquake.

The clusters of seismic activity detected in the region, such as CLUSTER 2022-08_2023-03, which includes 5,219 seismic events, indicate a pattern of ongoing seismicity that could be associated with the larger event. These clusters often contain multiple events occurring within short time frames and close distances, suggesting a relationship to the larger seismic activity in the area.

### Conclusion

In summary, while the data does not provide a direct list of aftershocks or events specifically classified as related to the Mw 7.7 earthquake, the ongoing seismic activity in the Qiaojia-Dongchuan seismic gap, including various clusters of smaller events, suggests a dynamic relationship. The presence of these clusters indicates that the seismic environment remains active and interconnected, which is critical for understanding the implications of the largest recorded event in the region [Data: Reports (979); Entities (4, 21)].",1,0,
74,maduo,narrative,D20,D,"Overall, what is the scientific consensus on the driving mechanisms of seismic activity in the 2021 Qinghai Maduo Mw 7.4 earthquake sequence?","## Overview of Seismic Activity in the 2021 Qinghai Maduo Mw 7.4 Earthquake Sequence

The scientific consensus regarding the driving mechanisms of seismic activity in the 2021 Qinghai Maduo Mw 7.4 earthquake sequence highlights the complex interactions among various fault systems in the region. The primary focus is on the KMPJ fault, which is identified as the main seismogenic fault responsible for the significant earthquake. This fault's characteristics and its relationship with the seismic events are critical for understanding the ongoing seismic risk in the area.

### Key Fault Systems

1. **KMPJ Fault**: The KMPJ fault is recognized as the principal fault associated with the Mw 7.4 earthquake. Its role in the seismic activity is emphasized, indicating that it is a major contributor to the region's seismic dynamics [Data: Reports (1548)].

2. **Maduo-Gander Fault**: This fault is also associated with the Maduo earthquake and is situated at the intersection of several faults, including the KMPJ fault. The interactions among these geological structures suggest a complex seismic environment that influences the activity in the region [Data: Entities (12646, 12647); Relationships (13204, 13206)].

3. **Jiuzhi Fault**: Mentioned as a secondary active fault, the Jiuzhi fault contributes to the overall seismic dynamics, further complicating the fault system interactions in the area [Data: Reports (1548)].

### Aftershock Dynamics

The aftershock sequence following the Maduo earthquake is characterized by complexity, exhibiting bifurcation and bilateral rupture patterns. This complexity indicates significant geological interactions within the fault systems, particularly along the KMPJ fault. Understanding these aftershock dynamics is essential for assessing the ongoing seismic risk and potential future activity in the region [Data: Reports (1548)].

### Seismic Clustering

The Maduo seismic community displays a systematic organization of seismic events into clusters, reflecting ongoing seismic activity associated with the Maduo-Gander Fault. This clustering may indicate a pattern of intraplate seismogenesis, which is particularly relevant to the tectonic setting of the Tibetan Plateau. Such patterns are crucial for understanding the broader implications of seismic activity in this geologically active region [Data: Entities (15); Relationships (13204)].

## Conclusion

In summary, the driving mechanisms of seismic activity in the 2021 Qinghai Maduo Mw 7.4 earthquake sequence are primarily associated with the KMPJ fault, with significant contributions from the Maduo-Gander and Jiuzhi faults. The complexity of the fault interactions, as well as the characteristics of the aftershock sequence and seismic clustering, are critical for understanding the seismic risk in the area. This consensus underscores the need for continued monitoring and research to better predict and mitigate the impacts of future seismic events in this region.",2,2,
75,maduo,only,B13,B,What are the five events closest to the epicenter (or a reference point) in the 2021 Qinghai Maduo Mw 7.4 earthquake sequence?,I am sorry but I am unable to answer this question given the provided data.,1,1,
76,qiaojia,only,C16,C,Did the spatial distribution of events in the Qiaojia-Dongchuan seismic-gap catalog change during a particular active month?,"Based on the retrieved data, it is not possible to determine whether the spatial distribution of events in a certain active month of the Qiaojia-Dongchuan earthquake gap has changed. The retrieved data only provides information on earthquake events within a specific time period, lacking comparative spatial distribution data for different time periods. Therefore, this question cannot be answered.",1,1,
77,qiaojia,only,D11,D,What is the locking state of the deep structure in the sequence of the Qiaojia-Dongchuan seismic-gap catalog?,I am sorry but I am unable to answer this question given the provided data.,1,1,
78,ridgecrest,narrative,C18,C,"What event clusters are present near a specific depth (e.g., 5 kilometers) in the 2019 Ridgecrest earthquake sequence?","### Overview of the Ridgecrest Earthquake Sequence

The Ridgecrest earthquake sequence, which occurred from July 4 to July 16, 2019, is characterized by multiple clusters of seismic activity, primarily associated with the Ridgecrest Fault in Southern California. This sequence includes a range of events with varying magnitudes and depths, reflecting the complex tectonic interactions in the region.

### Clusters Near 5 Kilometers Depth

In the context of the 2019 Ridgecrest earthquake sequence, several clusters of seismic events are recorded at or near a depth of approximately 5 kilometers. Here are the notable clusters:

1. **Cluster on July 11, 2019**:
   - **Depth**: Approximately 5 kilometers.
   - **Events**: This cluster includes multiple events, with magnitudes ranging from 2.0 to 3.1. The specific events within this cluster highlight ongoing seismic activity in the area, contributing to the overall understanding of the sequence's dynamics.
   - **Significant Event**: One of the events recorded in this cluster had a magnitude of 3.1, occurring at a depth of about 5 kilometers [Data: Entities (3720, 3719, 3718, 3717, 3716)].

2. **Cluster on July 12, 2019**:
   - **Depth**: Approximately 5 kilometers.
   - **Events**: This cluster also features several events, with magnitudes ranging from 2.0 to 2.5. The depth of these events is consistent with the geological characteristics of the Ridgecrest Fault.
   - **Significant Event**: An event with a magnitude of 2.5 was recorded at a depth of around 5 kilometers [Data: Entities (3884, 3883, 3882, 3881, 3880)].

### Conclusion

The Ridgecrest earthquake sequence demonstrates a complex pattern of seismic activity, with clusters of events occurring at various depths, including around 5 kilometers. These clusters are essential for understanding the seismic risk and the geological processes at play in the region. Continuous monitoring and analysis of these events are crucial for improving earthquake preparedness and response strategies in Southern California. 

For further details on specific events and their characteristics, the Southern California Seismic Network and the Southern California Earthquake Data Center provide comprehensive data and insights into the ongoing seismic activity in this area [Data: Reports (0, 124)].",0,1,
79,ridgecrest,narrative,A14,A,"Overall, what type of seismic sequence can the 2019 Ridgecrest earthquake sequence be classified as (mainshock-aftershock, swarm, etc.)?","The 2019 Ridgecrest earthquake sequence can be classified primarily as a **mainshock-aftershock sequence**. The largest event recorded in this sequence is the Mw 7.1 earthquake, which occurred on July 4, 2019, recognized as the mainshock. This mainshock was followed by numerous aftershocks, indicating a significant level of seismic activity typical of such sequences [Data: Reports (18, 32, 29)].

Several analysts noted the presence of a significant mainshock followed by a series of aftershocks, which is characteristic of a mainshock-aftershock classification. For instance, the aftershock activity was substantial, with many smaller events occurring in close temporal proximity to the mainshock, reinforcing this classification [Data: Reports (25, 11, 23)].

However, there are also indications that the sequence exhibits characteristics of a **swarm**. Some reports highlight the presence of multiple clusters of seismic events occurring in close temporal and spatial proximity, suggesting a potential for swarm-like behavior. This is particularly noted in the clustering of events on specific days, such as July 6, 2019, where numerous events occurred within short time frames [Data: Reports (3, 4, 5, 12, 19)].

In summary, while the predominant classification of the 2019 Ridgecrest earthquake sequence is as a mainshock-aftershock sequence due to the significant Mw 7.1 mainshock and the subsequent aftershocks, there are also elements of swarm behavior present, characterized by multiple clusters of seismic activity. This dual classification reflects the complexity of the seismic processes occurring in the region during this period.",2,2,
80,maduo,only,A3,A,What are the overall characteristics of the magnitude distribution in the 2021 Qinghai Maduo Mw 7.4 earthquake sequence?,I am sorry but I am unable to answer this question given the provided data.,1,1,
81,maduo,only,C2,C,Where and when are the events with magnitudes between M3.0 and M4.0 mainly distributed in the 2021 Qinghai Maduo Mw 7.4 earthquake sequence?,"According to the provided data, regarding the events with magnitudes between M3.0 and M4.0 in the Mw7.4 earthquake sequence in Mado, Qinghai in 2021, although specific records are not directly listed, some information can be extracted from related seismic activity reports.

### Magnitude Distribution and Time Period

In 2021, seismic activity in the Qinghai region was frequent, especially during the series of earthquakes on July 4, where multiple events of varying magnitudes were recorded. The magnitude range of these events included M0.5 to M2.1. Although there are no direct mentions of specific events between M3.0 and M4.0, it can be inferred that there may have been some moderately strong earthquakes that were not detailed during this time period.

### Geographic Distribution

Based on the geographic coordinates of the seismic activity, the earthquake activity in the Mado area of Qinghai is primarily concentrated around the following coordinates:
- 34.612097, 98.503491
- 34.638717, 98.307048
- 34.760449, 97.666781
- 34.656616, 98.248861
- 34.527047, 98.87793

These coordinates indicate the distribution of seismic activity, showing that the earthquake activity in the Mado area of Qinghai is relatively concentrated, especially near the aforementioned coordinates.

### Conclusion

Although there are no specific records of events between M3.0 and M4.0, it can be inferred that events with magnitudes in this range may have occurred around July 4 and in the days immediately before and after, primarily concentrated in the geographic area mentioned above. To gain a more accurate understanding of these events, it is recommended to consult more detailed seismic monitoring data and reports to obtain specific magnitude and timing information.",2,1,
82,ridgecrest,narrative,D12,D,Is the cause of seismic activity in the 2019 Ridgecrest earthquake sequence primarily a natural tectonic process or human factors?,"## Analysis of the Causes of the 2019 Ridgecrest Earthquake Sequence

The seismic activity of the 2019 Ridgecrest earthquake sequence was primarily caused by natural tectonic processes. Multiple analyses indicate that the seismic activity in this region is closely related to the geological features and fault activity in California, reflecting the accumulation of crustal movement and tectonic stress. The occurrence of these seismic events demonstrates the geological instability and active tectonic activity in the area, indicating that natural factors dominate the seismic activity [Data: Reports (5, 65, 61, 63, 19)].

### Dominance of Natural Tectonic Processes

On July 4 and July 6, 2019, the Ridgecrest area recorded several significant seismic events, including magnitudes of M7.1, M5.5, and M5.0. The occurrence of these earthquakes is closely related to the tectonic activity in the region, further supporting the dominant role of natural tectonic processes [Data: Reports (19, 45, 52, 86, 81)]. Additionally, the frequent occurrence and diverse magnitudes of the earthquakes indicate that the geological activity in the area is complex and closely related to natural tectonic processes [Data: Reports (62, 50, 85, 56, 46)].

### Influence of Human Factors

Although seismic activity is generally considered a natural phenomenon, in some cases, human factors may also influence seismic activity. However, existing data do not provide sufficient evidence to suggest that human factors played a dominant role in the 2019 Ridgecrest earthquake sequence. The analysis consistently concludes that the primary cause of the seismic activity remains natural tectonic processes rather than human factors [Data: Reports (14, 15, 2)].

### Conclusion

In summary, the seismic activity of the 2019 Ridgecrest earthquake sequence was primarily caused by natural tectonic processes. Although human factors may influence seismic activity in certain cases, in this earthquake sequence, natural factors clearly dominate. This conclusion provides important scientific evidence for understanding the seismic activity in the region and emphasizes the significance of natural tectonic processes in the occurrence of earthquakes [Data: Reports (37, 4, 40, 74, 9)].",3,3,
83,ridgecrest,narrative,D18,D,Are there any 'horsetail-shaped' bifurcations or complex rupture features in the 2019 Ridgecrest earthquake sequence?,"## Analysis of the ""Tail-like"" Branching and Complex Rupture Features of the 2019 Ridgecrest Earthquake Sequence

The 2019 Ridgecrest earthquake sequence recorded multiple seismic events, including strong earthquakes such as M7.1, M5.5, and M5.0. The occurrence of these events indicates a complex pattern of seismic activity in the region, particularly on July 4 and July 6, 2019, when multiple earthquakes occurred, suggesting that the geological activity in the area is dynamic and may exhibit complex rupture features [Data: Reports (19, 45, 52, 63, 78)].

### Interrelationship of Seismic Events

In the seismic events of July 4 and July 6, the proximity of the epicenters suggests the possibility of complex rupture features. The temporal and geographical closeness of these seismic events reflects the stress accumulation and release processes within the crust, indicating potential complex rupture patterns [Data: Reports (14, 15, 2, 8, 26)]. Furthermore, the geographical distribution of seismic activity and the relationship between earthquakes of different magnitudes suggest that the seismic activity in the Ridgecrest area may be related to the activity of multiple fault lines, which could lead to the emergence of ""tail-like"" branching or complex rupture features [Data: Reports (5, 65, 61, 60, 63)].

### Complexity and Geological Activity

On July 6, 2019, multiple earthquakes were recorded in the Ridgecrest area, including different magnitudes such as M3.0 and M4.8. The occurrence of these earthquakes indicates significant geological activity in the region, possibly related to a complex fault system, although specific ""tail-like"" branching or complex rupture features were not explicitly indicated in the data [Data: Reports (4, 40, 51, 7, 9)]. Additionally, the multiple epicenters and earthquakes of varying magnitudes recorded in the earthquake sequence (ranging from M2.0 to M4.5) suggest that the seismic activity in the Ridgecrest area may exhibit characteristics of ""tail-like"" branching, which could be related to the structural features of the crust and the dynamic changes in seismic activity [Data: Reports (2, 8, 14, 15, 26)].

### Conclusion

In summary, although there are multiple seismic events and complex geological activity in the 2019 Ridgecrest earthquake sequence, specific ""tail-like"" branching or complex rupture features have not been explicitly confirmed in the data. The diversity and interrelationships of seismic activity suggest potential complexity, but further geological research is needed to confirm the existence of these features [Data: Reports (6, 80, 72, 0, 36)].",2,2,
84,maduo,only,B3,B,"Please list the top 5 events in the 2021 Qinghai Maduo Mw 7.4 earthquake sequence arranged by magnitude from largest to smallest, along with their occurrence times.","There is no specific information about the Mw7.4 earthquake sequence in Mado, Qinghai in 2021 in the retrieved data, so it is not possible to provide the first five events in that sequence and their occurrence times.",1,1,
85,ridgecrest,narrative,E18,E,What changes occur in the statistical characteristics of event time intervals in different stages of the sequence in the 2019 Ridgecrest earthquake sequence?,"### Overview of Event Time Intervals in the 2019 Ridgecrest Earthquake Sequence

The 2019 Ridgecrest earthquake sequence is characterized by significant variability in the statistical characteristics of event time intervals across different stages. This variability is influenced by the clustering of seismic events, the occurrence of mainshocks followed by aftershocks, and the overall dynamics of the seismic environment.

### Initial Stages: Rapid Succession of Events

During the initial stages of the sequence, particularly on July 4 and July 6, 2019, there was a notable clustering of seismic events. For instance, on July 6, multiple events occurred within very short time frames, with some clusters containing as many as 12 events occurring within just a few minutes. This rapid succession indicates a concentrated period of seismic activity, suggesting that the time intervals between events were significantly shorter during these peak activity periods [Data: Reports (41, 33, 7, 47, 312)].

The largest event recorded in this sequence, a Mw 7.1 mainshock on July 4, was followed by numerous aftershocks, which further contributed to the clustering behavior observed. The statistical characteristics of event time intervals during this phase reflect a high frequency of events, with shorter intervals indicative of ongoing geological processes and stress release mechanisms [Data: Reports (451, 6, 59, 144, 256)].

### Transition to Later Stages: Decreasing Frequency of Events

As the sequence progressed, particularly noted on July 9 and beyond, the pattern of seismic activity began to change. While clusters of events continued to occur, the time intervals between these events tended to lengthen compared to the initial stages. For example, clusters recorded on July 9 showed a continuation of seismic activity but with longer intervals between events than those observed on July 6 [Data: Reports (120, 117, 99)].

This trend is typical in aftershock sequences, where the frequency of events generally decreases over time. The statistical characteristics of event time intervals thus indicate a transition from a high-frequency aftershock phase to a more quiescent state, reflecting the diminishing intensity of seismic activity as time progresses from the mainshock [Data: Reports (451, 6, 59, 144, 256)].

### Influence of Clustering on Statistical Characteristics

The clustering of events is a critical factor influencing the statistical characteristics of event time intervals. For instance, clusters with closely spaced events suggest a localized source of seismic energy, leading to shorter time intervals. In contrast, clusters with longer intervals may indicate different stages of stress accumulation or release, reflecting the complex interplay of geological processes at work [Data: Reports (391, 428, 201)].

The proximity of events within each cluster, often within 1.5 km, further supports the notion that these events are related and may indicate common geological triggers or fault line activity. This spatial and temporal clustering highlights the dynamic nature of the sequence and the potential for aftershocks following significant events [Data: Reports (21, 150, 190, 176, 200)].

### Conclusion

In summary, the statistical characteristics of event time intervals in the 2019 Ridgecrest earthquake sequence exhibit significant changes across different stages. Initial stages are marked by rapid succession and shorter intervals between events, while later stages show a trend towards longer intervals as the frequency of seismic activity decreases. The clustering behavior of events plays a crucial role in shaping these statistical characteristics, reflecting the underlying geological processes and stress dynamics in the region. Continuous monitoring and analysis of these intervals are essential for understanding the evolving nature of seismic activity and potential future risks [Data: Reports (35, 418, 310, 49, 92)].",2,2,
86,maduo,only,B3,B,"Please list the top 5 events in the 2021 Qinghai Maduo Mw 7.4 earthquake sequence arranged by magnitude from largest to smallest, along with their occurrence times.","## The Top 5 Events of the 2021 Maduo Mw7.4 Earthquake Sequence in Qinghai

According to the provided data, the top 5 events in the 2021 Maduo Mw7.4 earthquake sequence in Qinghai, arranged by magnitude from largest to smallest, are as follows:

1. **Magnitude 11.9** - Occurrence time: June 4, 2021 [Data: Reports (19)].
2. **Magnitude 11.8** - Occurrence time: August 28, 2021 [Data: Reports (24)].
3. **Magnitude 11.4** - Occurrence time: July 24, 2021 [Data: Reports (31)].
4. **Magnitude 11.3** - Occurrence time: July 2, 2021 [Data: Reports (20)].
5. **Magnitude 7.4** - Occurrence time: May 22, 2021 [Data: Reports (5, 6, 21, 22, 25)].

These events indicate significant seismic activity in the region during 2021, particularly the higher magnitude events, which may have had a substantial impact on the local geological structure and the lives of residents.",0,0,
87,qiaojia,only,C10,C,"Which events are considered directly related to the largest magnitude event in the Qiaojia-Dongchuan seismic-gap catalog (e.g., aftershocks)?","The retrieved data does not mention specific events in the Qiaojia–Dongchuan earthquake void or aftershock information directly related to the maximum magnitude event. Therefore, I am unable to provide relevant event information.",1,1,
88,ridgecrest,only,D12,D,Is the cause of seismic activity in the 2019 Ridgecrest earthquake sequence primarily a natural tectonic process or human factors?,I am sorry but I am unable to answer this question given the provided data.,1,1,
89,ridgecrest,narrative,B18,B,Which week had the most frequent seismic activity in the 2019 Ridgecrest earthquake sequence?,"## Analysis of Earthquake Activity in the 2019 Ridgecrest Earthquake Sequence

According to the analysis of the 2019 Ridgecrest earthquake sequence, seismic activity in July was significantly higher than in other months, particularly on July 6, when multiple earthquake events were recorded, marking the peak of seismic activity for that week.

### Earthquake Activity on July 6

On July 6, 2019, the Ridgecrest area experienced multiple earthquakes, including several magnitudes such as M2.6, M3.2, M3.5, and M4.5. The seismic activity on this day indicated that geological activity in the region was at its peak, potentially impacting local infrastructure and resident safety [Data: Reports (2, 8, 26, 14, 15)]. Additionally, the earthquake activity on July 6 included strong quakes of M6.4 and M7.1, further emphasizing the frequency and intensity of earthquakes that week [Data: Reports (0, 36, 62, 56, 80)].

### Overall Earthquake Activity in July

Throughout July, particularly from July 4 to July 10, there was a noticeable concentration of seismic activity. This week recorded multiple epicenters and earthquakes of varying magnitudes, including M2.4, M2.5, M2.6, and M3.1, indicating significant geological activity in the region during this period [Data: Reports (3, 21, 71, 16, 24)]. Notably, significant earthquake activity was also recorded on July 4 and July 12, further indicating a high overall level of seismic activity for that week [Data: Reports (19, 45, 81)].

### Conclusion

In summary, the earthquake activity in July during the 2019 Ridgecrest earthquake sequence was the most frequent, particularly the seismic events on July 6, which highlighted the geological instability of the region, necessitating ongoing monitoring and assessment of potential risks. The earthquake activity during this week was not only frequent but also of high intensity, posing a threat to local residents and infrastructure [Data: Reports (37, 4, 40, 74, 9)].",2,2,
90,qiaojia,narrative,B13,B,What are the five events closest to the epicenter (or a reference point) in the Qiaojia-Dongchuan seismic-gap catalog?,"## Qiaojia–Dongchuan Region Recent Earthquake Events

In the Qiaojia–Dongchuan region, recent earthquake events indicate frequent geological activity in the area. Here are the details of the five most recent earthquakes closest to the epicenter:

1. **December 10, 2022** - Multiple earthquake events were recorded, with magnitudes ranging from M0.8 to M2.2, indicating frequent seismic activity in the region [Data: Reports (78, 1, 10, 44, 95)].
2. **January 11, 2023** - An earthquake event occurred near the epicenter, with a magnitude of 1.6, further indicating seismic activity in the area [Data: Reports (4)].
3. **January 8, 2023** - Multiple earthquake events were recorded, with events near the epicenter showing the seismic instability of the region, with magnitudes ranging from M1.0 to M2.9 [Data: Reports (86)].
4. **March 6, 2023** - Multiple earthquake events were recorded, with events near the epicenter indicating seismic activity that could impact local communities and infrastructure [Data: Reports (72)].
5. **March 9, 2023** - A series of earthquake events were recorded with very short time intervals, suggesting the possibility of a major geological event or a series of related seismic activities [Data: Reports (25, 79, 69, 3, 5)].

### Conclusion

The frequent occurrence of these earthquake events indicates that geological activity in the Qiaojia–Dongchuan region is very active, likely related to the geological features and structures of the area. Ongoing monitoring and research will help better understand the seismic activity patterns in the region and their potential impacts.",1,1,
91,maduo,narrative,C12,C,What is the historical seismic activity near a specific coordinate point in the 2021 Qinghai Maduo Mw 7.4 earthquake sequence?,"### Historical Seismic Activity in the Maduo Earthquake Sequence

The 2021 Qinghai Maduo Mw 7.4 earthquake sequence is a significant event in the context of seismic activity in the Tibetan Plateau region. This earthquake occurred on May 22, 2021, and is notable for its magnitude and the subsequent aftershock activity. The Maduo earthquake is situated at the intersection of several faults, including the Kunlun Mountain Pass-Jiangcuo (KMPJ) fault and the Maduo-Gander fault, which are critical geological features influencing seismicity in the area.

#### Seismic Events and Clusters

The Maduo earthquake sequence encompasses a series of seismic events documented from early June 2021 to late February 2022, with ongoing activity extending into 2023. The sequence is characterized by a systematic organization of events into clusters, indicating a pattern of seismic activity that reflects the complex geological processes at play. The largest recorded event in this sequence is the Mw 7.4 earthquake itself, which triggered a significant aftershock sequence, including a total of 78,832 aftershocks primarily distributed along the KMPJ fault.

In addition to the mainshock, the sequence includes numerous smaller events, with magnitudes as low as M0.5. These smaller events are essential for monitoring the seismic background and understanding the overall seismicity of the region. For instance, clusters of low-magnitude events have been recorded, such as those on July 11, 2022, which included magnitudes of 0.5 and 0.8, indicating ongoing but less impactful seismic activity.

#### Implications for Seismic Risk

The historical seismic activity in the Maduo region, particularly following the Mw 7.4 earthquake, provides critical insights into the seismogenic environment of the Tibetan Plateau. The systematic documentation of these events allows for a comprehensive understanding of the seismic risk posed to local infrastructure and communities. The presence of multiple clusters with varying magnitudes suggests that the area remains seismically active, necessitating ongoing monitoring and assessment of potential hazards.

In summary, the historical seismic activity near the coordinates associated with the 2021 Maduo Mw 7.4 earthquake reflects a complex interplay of geological factors, with significant implications for understanding seismic risks in the region. The systematic organization of events into clusters and the ongoing aftershock activity highlight the need for continued vigilance in monitoring seismicity in this tectonically active area. 

This overview is supported by multiple data references from the Maduo Seismic Community and the Seismic Activity Community datasets, which document the sequence of events and their characteristics [Data: Reports (857); Entities (12646, 12647, 15); Relationships (13204, 13206)].",1,0,
92,qiaojia,only,D2,D,"Is the seismic activity in the Qiaojia-Dongchuan seismic-gap catalog associated with human industrial activities (e.g., hydraulic fracturing, wastewater injection, reservoir storage)? Please explain the basis.","The retrieved data does not include information on whether the seismic activity in the Qiaojia-Dongchuan seismic gap is related to human industrial activities (such as hydraulic fracturing, wastewater injection, reservoir storage). Therefore, I cannot answer this question.",1,1,
93,qiaojia,narrative,C8,C,What events are there in the Qiaojia-Dongchuan seismic-gap catalog with depths ranging from 10 to 15 kilometers?,"According to the provided data, the events in the Qiaojia-Dongchuan earthquake void at depths ranging from 10 to 15 kilometers mainly include the following records:

1. **Event Record 1**: This event occurred in 2021, with the epicenter located in the Qiaojia area, a depth of 12 kilometers, and a magnitude of 5.2. This event caused some ground shaking, but did not result in serious damage [Data: Earthquake Events (1)].

2. **Event Record 2**: An earthquake that occurred in 2020, with the epicenter also located in Dongchuan, a depth of 11 kilometers, and a magnitude of 4.8. The impact of this event was relatively small, mainly felt in the vicinity of the epicenter [Data: Earthquake Events (2)].

3. **Event Record 3**: An earthquake that occurred in 2019, with the epicenter in Qiaojia, a depth of 13 kilometers, and a magnitude of 5.0. This event attracted considerable attention in the surrounding areas, but no significant casualties were reported [Data: Earthquake Events (3)].

4. **Event Record 4**: In 2018, an earthquake occurred in the Dongchuan area with a depth of 14 kilometers and a magnitude of 4.5. The shaking from this event was light and did not significantly affect the local residents' lives [Data: Earthquake Events (4)].

5. **Event Record 5**: In 2017, an earthquake occurred in the Qiaojia area with a depth of 10 kilometers and a magnitude of 5.1. This event caused localized panic but did not result in serious property damage [Data: Earthquake Events (5)].

### Summary

In the Qiaojia-Dongchuan earthquake void, seismic events at depths ranging from 10 to 15 kilometers are relatively frequent, with magnitudes ranging from 4.5 to 5.2. Although these earthquakes have attracted some public attention, most events did not result in serious casualties or property damage. Monitoring and studying these earthquakes can help improve early warning capabilities and response measures for future seismic activities.",1,0,
94,qiaojia,only,E12,E,How does the location of the maximum magnitude event differ between the first half and the second half of the sequence in the Qiaojia-Dongchuan seismic-gap catalog?,"The analysis of the maximum magnitude events in the Qiaojia-Dongchuan seismic-gap catalog reveals notable differences in their locations between the first half and the second half of the sequence.

### First Half of the Sequence
In the first half of the sequence, the maximum magnitude event is recorded as EVENT 2022-12-21T19:49:53.520, which has a magnitude of 3.2. This event occurred within a cluster of seismic activity, indicating localized seismic activity in that area [Data: Reports (120, 702)]. The geographical coordinates for this event are not explicitly provided, but it is noted that it is part of a cluster suggesting a concentrated area of seismic activity.

### Second Half of the Sequence
In the second half, the maximum magnitude event is EVENT 2023-01-08T21:35:09.040, which registered a magnitude of 2.9. This event also occurred within a cluster, indicating ongoing seismic activity in a different localized area compared to the first half [Data: Reports (333)]. Similar to the first half, specific geographic coordinates for this event are not detailed in the data.

### Comparison of Locations
The reports indicate that the maximum magnitude events in the two halves of the sequence differ in their locations, suggesting a shift in seismic activity. The first half's maximum event occurred in December 2022, while the second half's maximum event occurred in January 2023, indicating a potential change in the geological conditions or fault activity in the region [Data: Reports (120, 333)].

### Conclusion
Overall, while the specific geographic coordinates for the maximum magnitude events are not provided, the data suggests a shift in the location of significant seismic activity between the two halves of the sequence, with each maximum event occurring in different clusters indicative of localized seismic sources. This shift may reflect changes in the underlying geological processes or fault dynamics in the Qiaojia-Dongchuan region.",1,1,
95,maduo,only,D18,D,Are there any 'horsetail-shaped' bifurcations or complex rupture features in the 2021 Qinghai Maduo Mw 7.4 earthquake sequence?,"The retrieved data does not contain specific information about the 2021 Mw 7.4 earthquake sequence in Mado, Qinghai, and therefore it is not possible to confirm whether this earthquake sequence exhibits ""tail-like"" branching or complex rupture characteristics.",3,3,
96,maduo,narrative,E7,E,How does the depth distribution of the sequence in the 2021 Qinghai Maduo Mw 7.4 earthquake sequence change between the early and late stages?,I am sorry but I am unable to answer this question given the provided data.,1,1,
97,ridgecrest,only,E10,E,"How do the types of earthquakes in different stages of the sequence in the 2019 Ridgecrest earthquake sequence (e.g., whether they are closer to aftershocks or independent events) change?","The 2019 Ridgecrest earthquake sequence exhibits a complex pattern of seismic activity characterized by various types of earthquakes, primarily aftershocks, with some events potentially classified as independent. The analysis of the data reveals how the nature of these earthquakes evolves over the course of the sequence.

### Initial Mainshock and Aftershock Behavior

The sequence began with a significant mainshock, recorded at M7.10, which was followed by a series of aftershocks. The data indicates that the majority of the events occurring shortly after the mainshock are classified as aftershocks. For instance, the clustering of events within close temporal and spatial proximity, particularly those occurring on July 6, 2019, suggests that many of these events are aftershocks related to the mainshock [Data: Reports (21, 76, 133)].

### Diminishing Magnitudes Over Time

As the sequence progressed, the magnitudes of the recorded events tended to decrease, which is typical for aftershock sequences. For example, the largest recorded aftershock on July 6, 2019, was M5.44, while subsequent events showed smaller magnitudes, reinforcing the idea of diminishing aftershock activity [Data: Reports (20, 47)]. This pattern is consistent with the expected behavior of aftershocks, where the frequency and magnitude of events generally decline over time following a significant seismic event.

### Clustering and Independent Events

The data also indicates that while many events are aftershocks, there are instances where independent events may occur. For example, the clusters on July 4 and July 6, 2019, included significant events such as M4.6 and M4.89, which may have triggered subsequent aftershocks [Data: Reports (103, 167)]. The presence of these larger events within clusters suggests a mix of aftershocks and potentially independent seismic activity, indicating a complex interaction of geological processes at play [Data: Reports (1, 20, 47)].

### Transition to Independent Events

As the sequence continued, particularly after the initial aftershock phase, some events began to exhibit characteristics of independent seismic activity. For instance, the events recorded on July 8, 2019, may represent independent seismic activity, as they occurred in distinct clusters that do not directly follow a larger mainshock [Data: Reports (81, 83)]. This suggests that while the sequence is predominantly characterized by aftershocks, there is a potential for independent events to emerge as the geological stress in the area evolves.

### Summary of Findings

In summary, the 2019 Ridgecrest earthquake sequence primarily consists of aftershocks following the mainshock, with a clear trend of diminishing magnitudes over time. However, the presence of larger events within clusters indicates that some of these may be independent events rather than purely aftershocks. The transition from aftershocks to independent events reflects the dynamic nature of seismic activity in the region, highlighting the complexity of the interactions between geological processes during the sequence. 

The ongoing monitoring of these events is crucial for understanding the evolving seismic risk in the area and assessing the potential for future independent seismic activity [Data: Reports (17, 38, 11, 189, 178)].",2,2,
98,maduo,narrative,E11,E,Can the activity pattern of the sequence in the 2021 Qinghai Maduo Mw 7.4 earthquake sequence be divided into 'eruption periods' and 'decay periods'?,"The analysis of the seismic activity pattern following the 2021 Qinghai Maduo Mw 7.4 earthquake indicates a complex sequence of events, particularly characterized by significant aftershock activity. However, the data does not provide explicit definitions or categorizations of these periods into 'eruption periods' and 'decay periods'.

Reports indicate that the aftershock sequence following the mainshock is complex, exhibiting characteristics such as bifurcation and bilateral rupture, which may suggest varying periods of activity. While there is evidence of aftershock activity that could imply a 'decay period' following the mainshock, the terminology of 'eruption' and 'decay' is not formally defined in the provided data. 

Furthermore, the Maduo earthquake sequence is associated with the Kunlun Mountain Pass-Jiangcuo fault system, and the ongoing seismic risk is highlighted by the continued activity observed in the region. The data suggests that there may be periods of increased activity, but again, it does not categorize these into the specified terms.

In summary, while the seismic activity following the Maduo earthquake shows patterns that could be interpreted as having distinct phases, the context does not contain sufficient information to formally classify these as 'eruption periods' and 'decay periods' [Data: Reports (1524, 1548, 857, 710)].",2,2,
99,ridgecrest,only,A18,A,Does the 2019 Ridgecrest earthquake sequence show a clear moment of activity initiation based on the data?,"According to the retrieved data, the activity of the Ridgecrest earthquake sequence in 2019 was mainly concentrated between July 6 and July 11, 2019. During this period, multiple seismic events were recorded, including different epicenter locations and magnitudes. This indicates that there was indeed a significant initiation of seismic activity during this time. However, the retrieved data only represents a portion of the sequence and cannot fully reflect the activity of the entire earthquake sequence.",2,2,
100,qiaojia,narrative,B16,B,"How is the distribution of event counts across different depth intervals (e.g., 0-10 km, 10-20 km, etc.) in the Qiaojia-Dongchuan seismic-gap catalog?","## Qiaojia–Dongchuan Earthquake Void Area Event Count Distribution by Depth Interval

Analysis of earthquake events in the Qiaojia–Dongchuan region shows significant differences in seismic activity across different depth intervals. These differences may be related to the structural characteristics of the crust and geological activity. Below are the specific conditions for each depth interval.

### 0-10 km Depth Interval

In the 0-10 km depth range, a relatively high number of recorded earthquake events indicates that seismic activity is quite frequent in this depth interval. This phenomenon may be associated with the crustal structural characteristics and the active geological processes in the area. Therefore, further monitoring of seismic activity in this depth range is necessary to assess potential risks and impacts [Data: Reports (12, 37, 53, 35, 104)].

### 10-20 km Depth Interval

Compared to the 0-10 km depth interval, the number of earthquake events in the 10-20 km depth interval is relatively low. This phenomenon indicates that seismic activity in this depth range is sparse, which may suggest that the geological conditions at this depth are more stable, or that the mechanisms of earthquake occurrence differ from those in the shallow crust [Data: Reports (12, 37, 53, 35, 104)].

### Depth Interval Above 20 km

In the depth interval above 20 km, the number of recorded earthquake events is extremely low, to the point that seismic activity in this depth range can be considered nonexistent. This may be related to the physical and chemical properties of the Earth's interior, where the activity of the deep crust is low, resulting in very few seismic events in this area [Data: Reports (12, 37, 53, 35, 104)].

### Summary

In summary, the distribution of earthquake events in the Qiaojia–Dongchuan region across different depth intervals shows a clear stratification. The frequent activity in the 0-10 km depth interval suggests the need for continuous monitoring of this area to timely assess and respond to potential earthquake risks. In contrast, the 10-20 km and above 20 km depth intervals indicate relatively stable geological conditions, which may not require as much attention. Future research should continue to focus on changes in these depth intervals to better understand the seismic activity characteristics of the region.",1,1,
101,ridgecrest,narrative,C17,C,What are the ten earliest recorded events in the sequence of the 2019 Ridgecrest earthquake sequence?,"## The First 10 Recorded Events in the 2019 Ridgecrest Earthquake Sequence

In the 2019 Ridgecrest earthquake sequence, the first 10 recorded earthquake events mainly occurred in the first few days of July. The specific information for these events is as follows:

1. **July 4, 2019** - Multiple earthquakes occurred, with recorded epicenter locations and magnitudes including:
   - Magnitude 2.3
   - Magnitude 2.4
   - Magnitude 2.6
   - Magnitude 3.2
   - Magnitude 3.4 [Data: Reports (46, 7); Entities (1718, 292); Relationships (273, 275, 277, 278)].

2. **July 5, 2019** - Continued recording multiple earthquake events, with specific magnitudes and locations not detailed, indicating ongoing seismic activity [Data: Entities (292)].

3. **July 6, 2019** - Recorded multiple earthquakes, with epicenter locations and magnitudes also not detailed, showing that seismic activity was still ongoing [Data: Entities (200)].

4. **July 7, 2019** - Multiple earthquakes occurred, with specific magnitudes and locations not detailed, indicating that seismic activity in the area remained frequent [Data: Entities (200)].

5. **July 8, 2019** - Continued recording multiple earthquake events, with specific magnitudes and locations not detailed [Data: Entities (200)].

6. **July 9, 2019** - Recorded multiple earthquakes, with epicenter locations and magnitudes also not detailed, indicating that seismic activity was still ongoing [Data: Entities (200)].

7. **July 10, 2019** - Multiple earthquakes occurred, with epicenter locations and magnitudes not detailed, showing that seismic activity in the area remained frequent [Data: Entities (200)].

8. **July 11, 2019** - Recorded multiple earthquake events, with specific magnitudes and locations not detailed [Data: Entities (1805)].

9. **July 12, 2019** - Continued recording multiple earthquake events, with specific magnitudes and locations not detailed [Data: Entities (200)].

10. **July 13, 2019** - Multiple earthquakes occurred, with epicenter locations and magnitudes not detailed, indicating that seismic activity in the area remained frequent [Data: Entities (1909)].

### Summary

The early events of the 2019 Ridgecrest earthquake sequence show that seismic activity in the area was very frequent in early July, with magnitudes ranging from 2.3 to 3.4, indicating geological instability in the region. This data is significant for understanding the patterns of seismic activity and potential risks [Data: Reports (46, 7); Entities (1718, 292, 200, 1805, 1909); Relationships (273, 275, 277, 278)].",1,1,
102,maduo,only,A16,A,How many earthquakes of magnitude M≥3 are recorded in the 2021 Qinghai Maduo Mw 7.4 earthquake sequence?,"## Moderate and Above Earthquake Records in the 2021 Maduo Mw7.4 Earthquake Sequence

In the 2021 Maduo Mw7.4 earthquake sequence, multiple moderate and above (M≥3) earthquake events were recorded. Specifically, the following are some key earthquake events:

1. **July 6, 2021**: An M4.2 earthquake was recorded.
2. **July 7, 2021**: An M3.9 earthquake was recorded.
3. **June 15, 2021**: An M3.6 earthquake was recorded.
4. **September 30, 2021**: Another M3.6 earthquake was recorded.
5. **November 30, 2022**: An M3.1 earthquake was recorded.

These events indicate that the region experienced significant seismic activity in 2021, possibly associated with the main shock, and had impacts on local communities and infrastructure [Data: Reports (506, 438, 257, 79, 85, +more)].

### Impact of Seismic Activity

The frequent seismic activity in the region may lead to the risk of aftershocks, especially highlighted by the multiple moderate and above earthquakes recorded on July 21, 2021 (with a maximum magnitude of M1.5) [Data: Reports (27)]. Additionally, although some earthquake events were classified as smaller (such as M2.9), they still demonstrate the area's activity [Data: Reports (247)].

### Summary

In summary, multiple moderate and above (M≥3) earthquake events were recorded in the 2021 Maduo Mw7.4 earthquake sequence, including events of M4.2, M3.9, M3.6, and others. The frequency of these seismic activities may pose potential threats to local safety and infrastructure.",1,2,
103,maduo,only,E19,E,Is there a specific stage in the sequence of the 2021 Qinghai Maduo Mw 7.4 earthquake sequence that is significantly more active or quiet compared to the overall average level?,"## Analysis of the Activity of the 2021 Mw7.4 Earthquake Sequence in Mado, Qinghai

In 2021, the Mw7.4 earthquake sequence in the Mado region of Qinghai exhibited significant seismic activity, particularly during certain specific phases. The seismic activity during these phases showed an unusually active trend compared to the overall average level.

### Significant Seismic Events

On June 3, 2021, the region recorded an earthquake event with a magnitude of 12.0, which is extremely rare in seismic activity, indicating the area's abnormal activity during this specific phase [Data: Reports (236)]. Additionally, on September 30, a series of high-magnitude earthquakes occurred, including M7.1, M8.1, and M9.1, further indicating that the seismic activity on this date was significantly higher than the overall average level [Data: Reports (253)]. Similarly, multiple high-magnitude earthquakes were recorded on June 13 and June 4, demonstrating the area's activity during these time periods [Data: Reports (252, 239)].

### Comparison of Activity and Quiet Periods

Overall, the seismic activity in the Mado region of Qinghai in 2021 showed significant activity at multiple points in time, particularly in the records from June and September, suggesting that the seismic activity during these specific phases may have been significantly higher than the overall average level [Data: Reports (443, 588)]. However, during certain periods, such as December 19, the seismic activity was relatively low, primarily recording low-magnitude tremors of M0.5, indicating that the area's activity was not significant at that time [Data: Reports (19)].

### Impact of Geological Dynamics

These high-intensity seismic activities may be related to geological instability, indicating that the region experienced a significant release of seismic energy during specific phases, which could lead to severe consequences [Data: Reports (254, 16, 19, 327, 202)]. Furthermore, the frequency of seismic activity in June and July 2021 significantly increased, suggesting that the seismic activity was abnormally active during this period, which may be related to seasonal changes in geological processes [Data: Reports (111, 11, 58, 486, 582)].

### Conclusion

In summary, the activity of the 2021 Mw7.4 earthquake sequence in Mado, Qinghai, during specific phases was indeed significantly abnormal compared to the overall average level. This phenomenon of abnormal activity emphasizes the importance of continuous monitoring of seismic activity and emergency preparedness to address potential geological risks and impacts [Data: Reports (2, 471, 115, 241, 70)].",0,0,
104,qiaojia,only,D4,D,Does the seismic activity in the Qiaojia-Dongchuan seismic-gap catalog exhibit typical mainshock-aftershock decay (Omori decay) characteristics?,The retrieved data does not contain information on whether the seismic activity in the Qiaojia-Dongchuan earthquake gap exhibits typical mainshock-aftershock decay (Omori decay) characteristics.,3,3,
105,maduo,only,A3,A,What are the overall characteristics of the magnitude distribution in the 2021 Qinghai Maduo Mw 7.4 earthquake sequence?,"## Overall Characteristics of the Magnitude Distribution of the 2021 Mw7.4 Earthquake Sequence in Mado, Qinghai

The Mw7.4 earthquake sequence in the Mado area of Qinghai in 2021 exhibited significant magnitude distribution characteristics, reflecting the complex geological activity and potential seismic risk in the region. The following is a comprehensive analysis of the magnitude distribution of this earthquake sequence.

### Magnitude Range and Diversity

In 2021, multiple seismic events of varying magnitudes were recorded in the Mado area of Qinghai, with magnitudes ranging from M0.5 to M12.0, demonstrating the diversity and complexity of the magnitude distribution. This characteristic of magnitude distribution may be related to the geological structure and activity of the region, emphasizing the importance of continuous monitoring and research on seismic activity [Data: Reports (196, 293, 236, 351, 373)].

Notably, on September 30, recorded magnitudes included M7.1, M8.1, and M9.1, indicating extremely intense seismic activity on that day, which could pose significant threats to infrastructure and community safety [Data: Reports (253)]. Additionally, the earthquake events on September 14 reached magnitudes of 12.9 and 12.6, further highlighting the geological instability of the region and the potential risk of aftershocks [Data: Reports (352)].

### Frequent Occurrence of Low Magnitude Events

Despite the presence of some high-magnitude events, the seismic activity in the Mado area of Qinghai also exhibited frequent occurrences of low-magnitude events (such as M0.5 and M1.0). Although these smaller quakes have lower magnitudes, their frequency and distribution may indicate the potential for larger earthquakes to occur. This phenomenon suggests the need for monitoring low-magnitude events to better understand the seismic behavior and potential risks in the region [Data: Reports (196, 293, 236, 351, 373)].

### Geographic Characteristics of Magnitude Distribution

The geographic distribution of seismic events shows that the epicenters are concentrated in specific coordinate points, indicating the possible presence of active faults or geological structures in these areas. This geographic distribution is crucial for assessing earthquake risk and formulating emergency response strategies [Data: Reports (6, 463, 205, 288, 410)].

### Temporal Characteristics of Magnitude Distribution

In terms of time, the seismic activity in the Mado area of Qinghai in 2021 exhibited a clear concentration, with multiple seismic events occurring on the same day, suggesting a possible trend of greater geological activity. This temporal clustering is vital for predicting future seismic activity and assessing potential risks [Data: Reports (14, 225, 98, 145, 33)].

### Conclusion

In summary, the magnitude distribution characteristics of the 2021 Mw7.4 earthquake sequence in Mado, Qinghai, reveal a diversity of magnitude ranges, frequent occurrences of low-magnitude events, geographic concentration, and temporal clustering. These characteristics not only reflect the geological activity of the region but also emphasize the importance of continuous monitoring and research on seismic activity to better assess potential earthquake risks and formulate corresponding emergency response strategies.",0,0,
106,maduo,only,C13,C,What subsequent events were recorded within 24 hours after the largest magnitude event in the 2021 Qinghai Maduo Mw 7.4 earthquake sequence?,"According to the provided data, a series of aftershock events were recorded following the maximum magnitude event of the Mw7.4 earthquake sequence in Mado, Qinghai, on **November 7, 2021**. The specific information about these aftershock events is as follows:

### Major Aftershock Events

1. **November 7, 2021** - Multiple seismic events were recorded, including:
   - Epicenter location: 34.745, 97.824, magnitude M0.5 [Data: Sources (496)].
   - Epicenter location: 34.735, 97.836, magnitude M1.5 [Data: Sources (496)].
   - Epicenter location: 34.757662, 97.603, magnitude M0.5 [Data: Sources (496)].

2. **November 8, 2021** - Continued recording of aftershock activity, with epicenter locations and magnitudes including:
   - Epicenter location: 34.772856, 97.630282, magnitude M0.5 [Data: Sources (496)].
   - Epicenter location: 34.447099, 99.133773, magnitude M1.0 [Data: Sources (496)].

### Impact of Aftershock Activity

The records of these aftershock events indicate that seismic activity in the region remained active within 24 hours following the main shock. This phenomenon is known in seismology as aftershocks, which typically occur for a period following the main shock and may impact local infrastructure and resident safety. Therefore, monitoring these aftershock events is crucial for assessing the overall impact of the earthquake and formulating emergency response measures.

### Summary

Within 24 hours following the maximum magnitude event of the Mw7.4 earthquake sequence in Mado, Qinghai, multiple aftershock events were recorded, with varying epicenter locations and magnitudes. This data provides important information for understanding the dynamics of the earthquake sequence and emphasizes the importance of ongoing monitoring [Data: Reports (12, 33); Entities (9537, 9914, 8572, 4106, 5768)].",1,1,
107,maduo,only,B11,B,What is the approximate average depth of the recorded earthquakes in the 2021 Qinghai Maduo Mw 7.4 earthquake sequence?,I am sorry but I am unable to answer this question given the provided data.,1,1,
108,maduo,only,E9,E,Is the current level of seismic activity in the 2021 Qinghai Maduo Mw 7.4 earthquake sequence increasing or decreasing compared to the beginning of the sequence?,I am sorry but I am unable to answer this question given the provided data.,1,1,
109,qiaojia,narrative,A6,A,What is the approximate overall duration and spatial extent of the sequence in the Qiaojia-Dongchuan seismic-gap catalog?,"## Overall Duration

The overall duration of the Qiaojia–Dongchuan earthquake void sequence lasted approximately from August 2022 to March 2023, encompassing multiple seismic events. This period indicates that the region experienced sustained geological activity, particularly during December 2022 and January 2023, when the frequency of seismic activity was higher, recording several low-magnitude earthquakes, such as magnitudes M1.1 and M1.7. This suggests that the seismic activity in this area has a certain degree of persistence and regularity [Data: Reports (39, 45, 87, 103, 125), (97, 117, 48, 51, 4), (12, 37, 53, 35, 104), (108, 34, 100, 67, 88)].

## Spatial Range

In terms of spatial range, the seismic activity in the Qiaojia–Dongchuan region is distributed across multiple geographic coordinates, indicating a broad impact area. The recorded seismic events show that the activity is not limited to a specific area but affects multiple locations, with involved coordinates including 26.557322, 102.895605, 26.8211, 102.878768, 27.097784, 102.867407, among others. This widespread seismic activity may be related to the presence of multiple active geological features in the region, necessitating detailed geological assessment and monitoring of these areas [Data: Reports (39, 45, 87, 103, 125), (12, 37, 53, 35, 104), (108, 34, 100, 67, 88), (54, 119, 38, 93, 40, +more)].

## Conclusion

In summary, the overall duration of the Qiaojia–Dongchuan earthquake void is approximately 7 months, and the spatial range of seismic activity is extensive, involving multiple geographic coordinates. These findings indicate that the seismic activity in this area is dynamic and may require further monitoring and research to understand its potential impacts.",2,2,
110,ridgecrest,only,D10,D,Are there any 'seismic gaps' or anomalously quiet zones in the 2019 Ridgecrest earthquake sequence?,"Based on the retrieved data, it is not possible to determine whether there was a ""seismic gap"" or an anomalously quiet area during the 2019 Ridgecrest earthquake sequence. This data does not provide specific information regarding seismic activity patterns or gaps.",3,3,
111,qiaojia,only,A9,A,Is the seismic activity in the Qiaojia-Dongchuan seismic-gap catalog spatially concentrated or dispersed?,"According to the retrieved data, the seismic activity in the Qiaojia-Dongchuan earthquake gap shows a certain degree of spatial concentration. The latitude and longitude coordinates of multiple seismic events are relatively close, indicating that these events occurred within a relatively limited area. However, this data only represents a subset and cannot comprehensively reflect the seismic activity patterns of the entire region. Therefore, more data is needed for a more accurate analysis of the seismic activity distribution across the entire area.",2,2,
112,qiaojia,only,A3,A,What are the overall characteristics of the magnitude distribution in the Qiaojia-Dongchuan seismic-gap catalog?,"The magnitude distribution in the Qiaojia-Dongchuan seismic-gap catalog reveals several key characteristics regarding the seismic activity in the region. The data indicates a predominance of low to moderate seismic events, with most recorded magnitudes falling below M2.0. Here are the main points derived from the analysis of the dataset:

### Magnitude Range
The recorded magnitudes in the catalog range from as low as M-0.2 to a maximum of M4.2. However, the majority of events are concentrated in the lower magnitude range, typically between M0.3 and M2.9. This suggests that while there are occasional larger events, the seismic activity is predominantly characterized by minor tremors [Data: Reports (2, 4, 5, 9, 10)].

### Frequency of Low-Magnitude Events
A significant number of events recorded in the catalog are of low magnitude, with many falling below M2.0. This pattern indicates that the seismic activity in the Qiaojia-Dongchuan region is frequent but generally low in intensity, which may not pose significant risks to infrastructure or populations [Data: Reports (11, 12, 13, 14, 15)].

### Clustering of Events
The data also shows a pattern of clustered seismic events, where multiple occurrences are recorded within short time frames and close geographical proximity. This clustering suggests that the seismic activity is not random but may be related to underlying geological processes or stress points in the region. Such patterns are important for understanding the potential for aftershocks and future seismic risks [Data: Reports (22, 25, 26, 27, 28)].

### Implications for Seismic Risk
The overall characteristics of the magnitude distribution indicate that while the region experiences ongoing seismic activity, the majority of events are minor and unlikely to cause significant damage. However, the presence of occasional larger events, such as those reaching magnitudes of M3.0 or higher, highlights the importance of continuous monitoring to assess potential risks associated with larger seismic occurrences [Data: Reports (29, 30, 31, 32, 33)].

### Conclusion
In summary, the Qiaojia-Dongchuan seismic-gap catalog reflects a seismic environment characterized by low to moderate activity, with a significant number of minor events and occasional larger tremors. The clustering of events further emphasizes the need for ongoing monitoring and analysis to understand the geological processes at play and to prepare for any potential future seismic risks [Data: Reports (34, 35, 36, 37, 38)].",2,2,
113,maduo,only,E13,E,Does the activity of the sequence in the 2021 Qinghai Maduo Mw 7.4 earthquake sequence exhibit periodic or phased characteristics?,I am sorry but I am unable to answer this question given the provided data.,1,1,
114,maduo,only,E20,E,"Overall, how can the evolution process of the sequence in the 2021 Qinghai Maduo Mw 7.4 earthquake sequence be divided into several main stages, and what are the characteristic features of each stage?","According to the retrieved data, it is not possible to provide detailed information on the overall evolution process and the main stages of the 2021 Mw 7.4 earthquake sequence in Mado, Qinghai. The retrieved data does not include specific analyses or stage divisions regarding this earthquake sequence.",1,1,
115,qiaojia,narrative,B5,B,What is the approximate median magnitude of the events in the Qiaojia-Dongchuan seismic-gap catalog?,I am sorry but I am unable to answer this question given the provided data.,1,1,
116,qiaojia,narrative,A1,A,What overall spatiotemporal distribution characteristics does the seismic activity in the Qiaojia-Dongchuan seismic-gap catalog show?,"The seismic activity in the Qiaojia-Dongchuan region exhibits distinct spatiotemporal distribution characteristics, as evidenced by multiple clusters of seismic events occurring within short time frames and close geographical proximity. This clustering suggests a complex interplay of geological processes and indicates ongoing tectonic activity in the area.

### Spatial Distribution

1. **Clustering of Events**: The seismic events are predominantly clustered within small geographic areas, often occurring within approximately 1.5 km of each other. This spatial concentration indicates that the seismic activity may be related to specific geological features or fault lines influencing the seismic behavior in the region [Data: Reports (86, 295, 474, 572, 1019)].

2. **Localized Sources**: The proximity of events within clusters suggests a common geological source or stress accumulation point. For instance, events recorded on December 1, 2022, included multiple clusters with a total of 30 events occurring in close proximity, indicating significant localized seismic energy release [Data: Reports (86)].

3. **Geographical Patterns**: The spatial distribution of seismic events reflects a pattern of localized seismic activity, with clusters observed on various dates, such as October 24, 2022, and March 9, 2023. These clusters often consist of several events occurring within short time intervals, indicating concentrated sources of seismicity [Data: Reports (295, 572, 1019)].

### Temporal Distribution

1. **Heightened Activity Periods**: The temporal distribution of seismic events shows that they often occur in rapid succession, with some clusters containing multiple events within a few hours. For example, significant clusters were recorded in December 2022 and March 2023, suggesting periods of heightened seismic activity [Data: Reports (567, 382, 383)].

2. **Interconnected Sequences**: The seismic activity is characterized by broader sequences, indicating that the events are interconnected rather than isolated incidents. This connection suggests ongoing geological processes that may lead to future seismic events, highlighting the importance of continuous monitoring [Data: Reports (110, 154, 72)].

3. **Temporal Clustering**: Many events within clusters occur within minutes to hours of each other, indicating potential aftershocks or related seismic phenomena. For instance, the January 5-6, 2023 cluster included 12 events occurring in a short time frame, reflecting a concentrated period of seismic activity [Data: Reports (326, 238)].

### Summary

In summary, the seismic activity in the Qiaojia-Dongchuan region is characterized by localized clusters of events occurring within short time frames, suggesting a significant level of tectonic movement and potential risks associated with seismicity in the area. The close spatial and temporal relationships among these events indicate that they are likely influenced by underlying geological features or stress conditions, warranting further investigation and monitoring to understand the dynamics of seismic behavior in this region [Data: Reports (86, 295, 474, 572, 1019)].",2,2,
117,qiaojia,only,E2,E,Does the seismic activity in the Qiaojia-Dongchuan seismic-gap catalog show a spatial 'migration' trend?,"Based on the retrieved data blocks, it is not possible to determine whether the earthquake activity in the Qiaojia-Dongchuan seismic gap exhibits a spatial ""migration"" trend. These data blocks do not provide sufficient information to analyze the seismic activity patterns or trends in this area.",1,1,
118,maduo,only,E7,E,How does the depth distribution of the sequence in the 2021 Qinghai Maduo Mw 7.4 earthquake sequence change between the early and late stages?,"The retrieved data does not contain information about the depth distribution changes of the 2021 Maduo Mw7.4 earthquake sequence in Qinghai. Therefore, I cannot answer this question.",1,1,
119,qiaojia,only,E9,E,Is the current level of seismic activity in the Qiaojia-Dongchuan seismic-gap catalog increasing or decreasing compared to the beginning of the sequence?,"## Qiaojia–Dongchuan Region Earthquake Activity Level Analysis

According to recent records, the earthquake activity level in the Qiaojia–Dongchuan region shows a significant upward trend compared to the beginning of the sequence. Below is a detailed analysis of the earthquake activity in this area.

### Frequency and Intensity of Earthquake Activity

During the period from 2022 to 2023, the region experienced a series of small-scale earthquake events, including earthquakes with magnitudes ranging from M1.0 to M3.3. Specifically, from December 2022 to March 2023, multiple significant earthquake events were recorded, indicating that the earthquake activity level in the region has been continuously rising, especially in the early months of 2023, where the frequent occurrence of earthquakes suggests an increase in geological instability in the area [Data: Reports (3, 15, 135, 5, 48)].

### Key Time Points

In early 2023, particularly in January and February, recorded earthquake activity showed ongoing geological dynamics. For example, the M3.3 earthquake recorded on January 18, 2023, and subsequent earthquake events indicate that the earthquake activity in the region is continuously increasing. This increase in activity may be related to changes in the geological dynamics of the area, suggesting the need for monitoring and assessment of future earthquake risks [Data: Reports (74, 43, 108)].

### Impact of Recent Earthquake Activity

In March 2023, several significant earthquake events were recorded, including those on March 4, 11, 16, and 17, with the frequency and intensity of these events further indicating that the earthquake activity level in the region has risen in recent months. This ongoing activity may impact local communities and infrastructure [Data: Reports (21, 57, 65)].

### Summary

In summary, the earthquake activity level in the Qiaojia–Dongchuan region has significantly increased since the beginning of the sequence. The frequent occurrence of small-scale earthquake events and the increase in their intensity, particularly in the records from late 2022 and early 2023, indicate that the geological dynamics in the area are changing, potentially leading to stronger earthquakes in the future. Therefore, continuous monitoring and assessment will be necessary to address potential earthquake risks [Data: Reports (30, 41, 37)].",2,2,
120,ridgecrest,only,D15,D,Is the triggering mechanism of the sequence in the 2019 Ridgecrest earthquake sequence an instantaneous elastic response or delayed pore pressure diffusion?,"The retrieved data does not contain information about the triggering mechanism of the 2019 Ridgecrest earthquake sequence, so it is not possible to determine whether it was instantaneous elastic response or delayed pore pressure diffusion.",3,3,
121,ridgecrest,only,B7,B,"How many events of M≥3 are there in the 2019 Ridgecrest earthquake sequence, and when did they mainly occur?","According to the retrieved data, it is not possible to determine the total number of M≥3 events in the 2019 Ridgecrest earthquake sequence, as this data only covers a portion of the dataset. The retrieved events with M≥3 include:

- 2019-07-06 04:52:17.840, M4.4
- 2019-07-06 03:50:59.650, M5.0
- 2019-07-11 23:52:32.380, M3.6
- 2019-07-12 00:08:06.430, M3.1
- 2019-07-12 01:36:08.010, M3.5
- 2019-07-09 05:28:15.680, M3.0
- 2019-07-09 08:17:31.570, M3.6
- 2019-07-09 08:18:08.160, M3.0
- 2019-07-09 09:11:15.440, M3.1

These events mainly occurred between July 6 and July 12, 2019.",1,2,
122,qiaojia,narrative,B6,B,On which day/time period was the seismic activity in the Qiaojia-Dongchuan seismic-gap catalog the quietest (fewest events)?,"### Overview of Seismic Activity in the Qiaojia-Dongchuan Seismic-Gap Catalog

The analysis of the Qiaojia-Dongchuan seismic-gap catalog reveals several days with notably low seismic activity, characterized by the fewest recorded events. The reports indicate that multiple days stand out for their minimal seismic activity, but the specific day with the quietest recorded activity is highlighted in several analyses.

### Quietest Days Identified

1. **February 21, 2023**: This day is noted as having the quietest seismic activity, with only one recorded event of magnitude 2.0 occurring at 20:28:35.320. This indicates a significant lack of seismic events for that date, making it the standout quiet day in the dataset [Data: Reports (994)].

2. **December 13, 2022**: Another day identified as having minimal activity, with only one recorded event of magnitude 1.119078 at 13:09:49.720. This day is also recognized for its low seismic activity, being the only event documented for that date [Data: Reports (1000), (987)].

3. **September 10, 2022**: This day recorded only one event of magnitude 1.4 at 06:55:19.270, indicating a similarly quiet period compared to other days with more events [Data: Reports (982)].

4. **November 19, 2022**: On this day, there was also only one recorded event, which had a magnitude of 2.3 at 09:15:48.780, marking it as another low-activity day [Data: Reports (998)].

5. **January 10, 2023**: This day had only two recorded events, both occurring within a short time frame, indicating limited seismic activity [Data: Reports (587), (330)].

### Summary of Findings

The analysis indicates that **February 21, 2023**, is the day with the quietest seismic activity in the Qiaojia-Dongchuan seismic-gap catalog, with only one recorded event. Other notable quiet days include **December 13, 2022**, and **September 10, 2022**, each with only one recorded event as well. The reports suggest that these days represent periods of significantly reduced seismic activity compared to others in the dataset.

### Conclusion

In conclusion, while several days exhibit low seismic activity, February 21, 2023, stands out as the quietest day in the Qiaojia-Dongchuan seismic-gap catalog, with only one event recorded. This information is crucial for understanding the seismic behavior in the region during the specified time frame.",0,0,
123,ridgecrest,narrative,E20,E,"Overall, how can the evolution process of the sequence in the 2019 Ridgecrest earthquake sequence be divided into several main stages, and what are the characteristic features of each stage?","## Evolution of the 2019 Ridgecrest Earthquake Sequence

The evolution of the 2019 Ridgecrest earthquake sequence can be clearly divided into several main stages, each characterized by its unique features. The analysis of these stages not only reveals the complexity of seismic activity but also emphasizes the necessity for earthquake monitoring and emergency preparedness.

### 1. Initial Tremor Stage

The initial tremor stage is marked by the M6.4 earthquake on July 4, 2019. This event signifies the beginning of the sequence, indicating a significant increase in geological activity in the region. This stage also includes the M5.4 earthquake on July 5, highlighting the geological instability and potential for subsequent tremors in the area [Data: Reports (19, 45, 52)]. During this stage, the frequency and intensity of seismic activity began to rise, foreshadowing stronger earthquakes to come [Data: Reports (2, 8, 14, 15, 64)].

### 2. Main Shock Stage

The main shock stage is marked by the M7.1 strong earthquake on July 6, 2019, which is the strongest event in the Ridgecrest earthquake sequence. This day recorded multiple earthquakes of magnitude M2.0 and above, indicating a significant increase in geological activity in the region, with frequent tremors and a high distribution of epicenters suggesting ongoing geological pressure and activity [Data: Reports (7, 4, 40, 9, 22)]. Additionally, the concentrated seismic activity on July 6 recorded several earthquakes of varying magnitudes, reflecting the region's activity and instability [Data: Reports (6, 36, 56, 62, 80)].

### 3. Aftershock Stage

The aftershock stage began after the main shock stage and lasted for several weeks to months. During this stage, a large number of aftershocks were recorded, primarily ranging from M2.0 to M3.6 in magnitude. Although the frequency of tremors gradually decreased, caution was still warranted for potential larger aftershocks [Data: Reports (2, 8, 14, 15, 64)]. This stage is characterized by the persistence of seismic activity, reflecting that the geological dynamics in the region had not been alleviated, and there may be deeper geological stresses present [Data: Reports (4, 40, 9, 22)].

### 4. Ongoing Minor Seismic Activity

From July 7 onwards, seismic activity continued, with multiple minor tremors recorded (such as M2.0 and M2.5). Although these minor tremors had lower magnitudes, their frequent occurrence indicates that the region remains active, potentially signaling a risk of larger earthquakes in the future [Data: Reports (71, 21, 3, 58, 24)]. While the earthquakes during this stage were not as strong as those in the previous two days, they still demonstrate the ongoing geological activity, emphasizing the importance of long-term monitoring in the area [Data: Reports (36, 0, 62, 80, 56)].

### Conclusion

Overall, the evolution of the 2019 Ridgecrest earthquake sequence displays a clear pattern of geological activity, with initial tremors leading to the main shock, followed by ongoing aftershocks. This process highlights the complexity and interconnectivity of seismic activity, suggesting that local communities should remain vigilant and prepared for potential responses [Data: Reports (2, 8, 14, 15, 64)]. By analyzing these stages, a better understanding of earthquake risks and geological activity can be achieved, providing valuable data and insights for future geological research.",2,2,
124,maduo,only,C3,C,"What is the time order and characteristics of foreshocks, mainshocks, and aftershocks in the sequence of the 2021 Qinghai Maduo Mw 7.4 earthquake sequence?","The context provided does not contain specific information regarding the time order and characteristics of foreshocks, mainshocks, and aftershocks related to the 2021 Qinghai Maduo Mw 7.4 earthquake sequence. Therefore, I cannot provide an answer to your question based on the available data. If you have any other questions or need information on a different topic, feel free to ask!",1,1,
125,qiaojia,only,D9,D,Does the spatial distribution direction of the sequence in the Qiaojia-Dongchuan seismic-gap catalog align with known fault orientations?,I am sorry but I am unable to answer this question given the provided data.,3,3,
126,ridgecrest,narrative,B5,B,What is the approximate median magnitude of the events in the 2019 Ridgecrest earthquake sequence?,"The context does not contain information regarding the specific median magnitude of the events in the 2019 Ridgecrest earthquake sequence. While it is noted that the sequence includes significant seismic events, including a largest recorded event of Mw 7.1 and a smallest event of magnitude 2.0, the median magnitude is not provided in the data tables. Therefore, I cannot provide an approximate median magnitude for this sequence.",1,1,
127,ridgecrest,only,B9,B,"On average, how many earthquakes occur per day in the 2019 Ridgecrest earthquake sequence?","Based on the retrieved data, it is not possible to determine the complete catalog of the 2019 Ridgecrest earthquake sequence, and therefore, the average number of earthquakes occurring per day cannot be calculated. The retrieved fragments only cover a subset of the data.",1,1,
128,maduo,only,C15,C,Please list the five largest magnitude events in the 2021 Qinghai Maduo Mw 7.4 earthquake sequence along with their specific location coordinates.,"According to the retrieved data, it is not possible to find specific information about the Mw7.4 earthquake sequence in Mado, Qinghai in 2021, including the five largest events by magnitude and their specific location coordinates. Please provide more information or consult other sources.",1,1,
129,ridgecrest,narrative,A19,A,What is the level of activity at the end of the sequence (most recent record) in the 2019 Ridgecrest earthquake sequence?,"## Analysis of the Late Activity Level of the Ridgecrest Earthquake Sequence

In July 2019, the Ridgecrest area experienced a series of significant seismic activities, particularly on July 6, which is considered the peak of this sequence. The recorded earthquakes ranged from M2.0 to M7.1, indicating the geological dynamics and activity of the region. The occurrence of these earthquakes suggests that the activity level in the area was very high at that time, with a persistent risk of earthquakes [Data: Reports (5, 65, 61, 63, 19)].

### Major Earthquake Events

On July 6, multiple epicenters were recorded in the Ridgecrest area, including earthquakes with magnitudes of M3.2, M3.5, and M4.8. The frequent occurrence of these earthquakes demonstrates the geological instability of the region, particularly the M3.0 and M4.8 earthquakes, indicating ongoing seismic activity and potential risks [Data: Reports (8, 49, 2, 26, 1)]. Additionally, the highest magnitude earthquake of M7.1 also occurred during this period, further emphasizing the geological instability of the area [Data: Reports (0, 36, 62, 56, 46)].

### Subsequent Activity and Monitoring Needs

On July 7 and July 8, the Ridgecrest area continued to record multiple seismic activities, including earthquakes with magnitudes of M3.1 and M5.5. The frequency and intensity of these subsequent earthquakes indicate that geological activity in the Ridgecrest area remains active, potentially necessitating ongoing monitoring and emergency preparedness [Data: Reports (21, 3, 71, 83, 58)]. Although the intensity of these earthquakes was not severe enough to cause significant damage, their frequent occurrence may raise concerns about future earthquakes [Data: Reports (51, 43, 4, 40, 9)].

### Conclusion

In summary, the late activity level of the Ridgecrest earthquake sequence indicates that the geological dynamics in the area remain active, with a persistent risk of earthquakes. Monitoring and emergency preparedness measures are crucial for addressing potential future earthquakes. Residents and infrastructure in the area may face potential threats, thus it is essential to enhance attention and preparedness for seismic activities [Data: Reports (4, 40, 51, 7, 9)].",2,2,
130,qiaojia,narrative,C15,C,Please list the five largest magnitude events in the Qiaojia-Dongchuan seismic-gap catalog along with their specific location coordinates.,"The context provided does not contain specific location coordinates for the events in the Qiaojia-Dongchuan seismic-gap catalog. However, I can provide information on the largest magnitude events recorded in this catalog.

1. **Mw 7.7 Earthquake** - This is the largest recorded event in the Qiaojia-Dongchuan seismic community, indicating significant seismic activity in the region. 
2. **M 2.6 Event** - Recorded on January 23, 2023, this is the largest event noted in the Seismic Activity Community Report for the period of 2022-2023.
3. **M 2.5 Event** - This event is part of a cluster that includes smaller events, contributing to the understanding of seismic activity in the area.
4. **M 2.3 Event** - Another significant event within the clusters recorded in the community.
5. **M 2.2 Event** - This event is also part of the clusters that indicate ongoing seismic activity.

Unfortunately, without specific coordinates provided in the data, I cannot list the exact locations for these events. If you have access to additional data or specific coordinates, I would be happy to help further!",0,0,
131,ridgecrest,only,D15,D,Is the triggering mechanism of the sequence in the 2019 Ridgecrest earthquake sequence an instantaneous elastic response or delayed pore pressure diffusion?,I am sorry but I am unable to answer this question given the provided data.,1,1,
132,qiaojia,only,B2,B,"When and where did the largest magnitude event in the Qiaojia-Dongchuan seismic-gap catalog occur, and what was its magnitude?","## Earthquake Event Overview

In the Qiaojia-Dongchuan earthquake void catalog, the largest event occurred on November 6, 2022. The epicenter of this event is located at geographic coordinates 102.950879 and 13.538, with a magnitude of 31.76. The record of this event is significant for understanding the geological activity in the region and its potential impacts [Data: Reports (136, 77, +more)].

## Other Related Earthquake Events

In addition to the aforementioned event, several other notable earthquake events are also worth mentioning:

1. **January 19, 2023**: The epicenter is located at specific geographic coordinates, with a magnitude of M10.4. This event marks significant geological activity in the area, which may impact surrounding communities and infrastructure [Data: Reports (133)].

2. **October 14, 2022**: An earthquake with a magnitude of M4.1 occurred, located at 27.02877 and 103.013021 [Data: Reports (3)].

3. **December 29, 2022**: The epicenter is located at 26.965173, 102.889242, with a magnitude of 3.4 [Data: Reports (79, 33)].

4. **January 5, 2023**: The epicenter is located at 26.847945, 102.982951, with a magnitude of 2.9 [Data: Reports (111)].

5. **January 6, 2023**: The epicenter is located at 26.983669, with a magnitude of 2.8. Although the magnitude is small, it still holds significant importance for the geological stability of the area [Data: Reports (112)].

## Conclusion

In summary, the seismic activity in the Qiaojia-Dongchuan earthquake void exhibits diversity and complexity, particularly the significant event on November 6, 2022, whose magnitude and location records are crucial for future geological research and public safety.",0,0,
133,qiaojia,only,E5,E,Does the magnitude distribution of the sequence in the Qiaojia-Dongchuan seismic-gap catalog change over time?,"Based on the retrieved data blocks, it is not possible to determine whether the magnitude distribution of the Qiaojia-Dongchuan earthquake gap sequence changes over time. These data blocks only provide information on seismic events within a specific time period and do not include any analysis or trends regarding the changes in magnitude distribution over time.",1,1,
134,ridgecrest,only,C10,C,"Which events are considered directly related to the largest magnitude event in the 2019 Ridgecrest earthquake sequence (e.g., aftershocks)?","The retrieved data does not explicitly mention events directly related to the maximum magnitude event (such as aftershocks) in the 2019 Ridgecrest earthquake sequence. Therefore, I cannot provide such information.",1,1,
135,maduo,only,B9,B,"On average, how many earthquakes occur per day in the 2021 Qinghai Maduo Mw 7.4 earthquake sequence?","The retrieved data does not include specific information about the Mw7.4 earthquake sequence in Mado, Qinghai in 2021, so it is not possible to determine how many earthquakes occurred on average per day in that sequence.",1,1,
136,ridgecrest,only,E12,E,How does the location of the maximum magnitude event differ between the first half and the second half of the sequence in the 2019 Ridgecrest earthquake sequence?,"## Comparison of the Locations of Maximum Magnitude Events in the 2019 Ridgecrest Earthquake Sequence

In the 2019 Ridgecrest earthquake sequence, there is a significant geographical difference between the maximum magnitude events in the first half and the second half. The maximum magnitude event in the first half was M6.4, occurring on July 4, with the epicenter located in the Ridgecrest area. In contrast, the maximum magnitude event in the second half was M7.1, occurring on July 6, with the epicenter relatively closer to Los Angeles County, indicating a change in the spatial distribution of seismic activity [Data: Reports (27, 19, 64)].

### Changes in the Spatial Distribution of Seismic Activity

The epicenters in the first half were mainly concentrated in Ridgecrest and its surrounding areas, while the epicenters in the second half expanded southward. This change may be related to the redistribution of crustal stress, highlighting the importance of continuous monitoring and research on seismic activity [Data: Reports (58, 51, 30)]. Additionally, the M6.4 earthquake in the first half marked the beginning of seismic activity, while the M7.1 earthquake in the second half was a strong response to the earlier activity, demonstrating the complexity of the earthquake sequence [Data: Reports (28, 27, 19)].

### Relationship Between Magnitude and Geographic Location

In the first half, the epicenter of the maximum magnitude event was located in Ridgecrest, reflecting significant seismic activity in the area. In the second half, although the epicenter location changed, the intensity of the maximum magnitude event significantly increased, indicating that the intensity and impact range of geological activity increased notably in the later stages of the earthquake sequence [Data: Reports (66, 4, 70)]. This difference in magnitude may suggest that the intensity of seismic activity weakened in the latter half of the earthquake sequence [Data: Reports (49, 31, 24)].

### Conclusion

In summary, there is a clear difference in the geographical locations of the maximum magnitude events between the first and second halves of the 2019 Ridgecrest earthquake sequence, with the first half primarily concentrated in Ridgecrest and the second half expanding southward. This change not only reflects the variation in the spatial distribution of seismic activity but may also be related to the redistribution of crustal stress and geological structures, emphasizing the importance of continuous monitoring and research on seismic activity in the region [Data: Reports (58, 51, 30)].",1,1,
137,qiaojia,only,C13,C,What subsequent events were recorded within 24 hours after the largest magnitude event in the Qiaojia-Dongchuan seismic-gap catalog?,"## Aftershock Event Records

Within 24 hours following the maximum magnitude event in the Qiaojia-Dongchuan earthquake void, a series of aftershock events were recorded. These events varied in epicenter locations and magnitudes, indicating that seismic activity in the region remains active.

### Major Aftershock Events

1. **Epicenter Locations and Magnitudes**  
   Following the maximum magnitude event, multiple earthquakes were recorded at different epicenter locations, including earthquakes with magnitudes of M1.4 and M2.6. The timing and epicenter locations of these seismic events suggest that seismic activity in the area has not ceased, possibly related to aftershock activity following the main shock.

2. **Temporal Distribution**  
   For instance, the earthquakes of M1.4 and M2.6 recorded on December 3, 2022, showed frequent activity, particularly at several time points on that date, with short intervals between the occurrences of seismic events, indicating a certain continuity and regularity of seismic activity in the region [Data: Reports (2); Entities (9, 10); Relationships (13, 15)].

3. **Impact of Earthquakes**  
   Although the magnitudes of these aftershocks are relatively small and are typically classified as minor earthquakes, they still pose potential impacts on the safety of local communities and infrastructure. Monitoring these aftershock events is crucial for assessing earthquake risk and formulating emergency response measures [Data: Reports (2); Entities (9, 10); Relationships (13, 15)].

### Conclusion

In summary, multiple aftershock events were recorded within 24 hours following the maximum magnitude event in the Qiaojia-Dongchuan earthquake void. The frequent occurrence of these events indicates that seismic activity in the region is ongoing, and relevant authorities should enhance monitoring and emergency preparedness to address potential aftershocks and their impacts [Data: Reports (2); Entities (9, 10); Relationships (13, 15)].",1,1,
138,maduo,only,D16,D,"What is the geometric structure of the fault in the 2021 Qinghai Maduo Mw 7.4 earthquake sequence (e.g., dip angle, strike)?","The retrieved data does not include information about the fault geometry (such as dip angle and strike) of the 2021 Mw 7.4 earthquake sequence in Mado, Qinghai.",3,3,
139,ridgecrest,narrative,A9,A,Is the seismic activity in the 2019 Ridgecrest earthquake sequence spatially concentrated or dispersed?,"The seismic activity in the 2019 Ridgecrest earthquake sequence is characterized by significant spatial concentration. Multiple reports indicate that the events occurred in close proximity to each other, forming distinct clusters. For instance, many clusters of seismic events were recorded within distances of approximately 1 km to 1.5 km, suggesting that these earthquakes are related to specific geological features or stress points in the Earth's crust.

### Evidence of Spatial Concentration

1. **Cluster Proximity**: Events on various dates, such as July 4, July 5, and July 6, 2019, demonstrate that many seismic events occurred within short distances of each other. For example, on July 4, 2019, a cluster of events was reported to be within approximately 1.5 km of each other, indicating a localized area of seismic activity [Data: Reports (6, 451, 59, 256, 426)].

2. **Temporal Clustering**: The events not only occurred close together spatially but also within brief time frames. For instance, on July 6, 2019, several clusters included events that occurred within minutes of each other, reinforcing the idea of concentrated seismic activity rather than a dispersed pattern [Data: Reports (30, 181, 484, 248, 471)].

3. **Geological Implications**: The clustering of seismic events suggests that they may be influenced by the same geological features or fault lines. This is supported by the observation that many clusters are associated with specific geological processes, indicating that the seismic activity is not random but rather part of a continuous sequence of events [Data: Reports (25, 81, 73, 448, 421)].

### Conclusion

Overall, the evidence strongly supports the conclusion that the seismic activity in the 2019 Ridgecrest earthquake sequence is spatially concentrated. The presence of multiple clusters occurring within close proximity and short time frames indicates a significant level of localized seismic activity, which is critical for understanding the geological conditions and potential risks associated with this region [Data: Reports (10, 75, 228, 333, 148)].",2,2,
140,ridgecrest,only,C10,C,"Which events are considered directly related to the largest magnitude event in the 2019 Ridgecrest earthquake sequence (e.g., aftershocks)?","The context provided does not contain specific information about the Ridgecrest earthquake sequence or its largest magnitude event. Therefore, I cannot identify which events are considered directly related to the largest magnitude event in that sequence, such as aftershocks. 

If you have more specific data or context regarding the Ridgecrest sequence, please share it, and I would be happy to assist further!",1,1,
141,maduo,only,A19,A,What is the level of activity at the end of the sequence (most recent record) in the 2021 Qinghai Maduo Mw 7.4 earthquake sequence?,"According to the retrieved data, the last record in the earthquake sequence on June 25, 2021, was at 00:24:57.88 on June 26, 2021, with the epicenter located at 34.745182°N, 97.808691°E, and a magnitude of M1.1. This indicates that the activity level was relatively low towards the end of the sequence, with the last recorded magnitude being 1.1. Overall, the retrieved data reflects a gradual decrease in earthquake activity during this period.",1,1,
142,qiaojia,only,E4,E,How do the activity characteristics of the first month of the sequence in the Qiaojia-Dongchuan seismic-gap catalog compare with those of the most recent month?,"Based on the retrieved data, it is not possible to directly compare the activity characteristics of the Qiaojia–Dongchuan earthquake void sequence for the month prior to the event with the most recent month, as this data only includes records of seismic events within specific time periods and does not provide a complete time range or detailed analysis of activity characteristics. Therefore, it is not possible to determine how the activity characteristics of these two time periods differ.",1,1,
143,maduo,narrative,E9,E,Is the current level of seismic activity in the 2021 Qinghai Maduo Mw 7.4 earthquake sequence increasing or decreasing compared to the beginning of the sequence?,"## Analysis of Earthquake Activity Levels in the Mw7.4 Earthquake Sequence in Maduo, Qinghai

According to relevant data from the Mw7.4 earthquake sequence in Maduo, Qinghai in 2021, the earthquake activity level exhibited significant fluctuations at the onset of the sequence. The initial level of seismic activity was high, particularly in the months following the earthquake, with a large number of aftershocks and significant seismic events recorded. Specifically, records from June 17 and June 28, 2021, indicated that the seismic activity in the region peaked during this period, notably with multiple high-magnitude earthquake events, such as the Mw9.0 strong earthquake [Data: Reports (435, 434, 199, 137, 128)].

### Changes in Current Earthquake Activity Levels

Although the Maduo region experienced frequent seismic activity during 2021 and 2022, recording several significant earthquake events, the overall trend indicates a gradual decline in earthquake activity levels. Data from 2022 and 2023 suggest that, while seismic activity persists, its frequency and intensity have diminished compared to the peak period at the start of the sequence. For instance, the number of recorded earthquake events in 2022 and 2023 was lower, particularly with relatively low seismic activity in early 2023 [Data: Reports (111, 74, 580, 309)].

### Persistence of Aftershock Activity

Following the Mw7.4 earthquake in Maduo in 2021, a total of 78,832 aftershocks were recorded, indicating a significant increase in the earthquake activity level in the initial period after the earthquake [Data: Reports (10, 448)]. However, over time, the frequency and intensity of aftershocks have gradually decreased, suggesting that the earthquake activity level may be declining. This trend may be related to the natural decay process of the earthquake sequence, prompting researchers and local communities to consider this change when addressing future earthquake risks [Data: Reports (447, 559, 29, 379, 44)].

### Conclusion

In summary, compared to the onset of the sequence, the current earthquake activity level of the Mw7.4 earthquake sequence in Maduo, Qinghai in 2021 shows a declining trend. Although seismic activity was frequent and intense in the early stages, over time, the overall earthquake activity level appears to be gradually weakening. This change underscores the importance of continuous monitoring to better understand the seismic dynamics and potential risks in the region [Data: Reports (36, 438, 593, 111, 74, +more)].",0,0,
144,maduo,narrative,A4,A,"Is the seismic activity in the 2021 Qinghai Maduo Mw 7.4 earthquake sequence increasing, decreasing, or remaining stable over time?","### Overview of Seismic Activity in the Maduo Earthquake Sequence

The seismic activity following the 2021 Qinghai Maduo Mw 7.4 earthquake has been characterized by a significant number of aftershocks and ongoing seismic events. The data indicates that there are complexities in the aftershock sequence, which may suggest varying trends in seismic activity.

### Aftershock Activity

The Maduo earthquake sequence has recorded a total of **78,832 aftershocks** associated with the mainshock, indicating a sustained period of seismic activity in the region [Data: Reports (709)]. The aftershocks are primarily distributed along the KMPJ fault, which remains an active zone of tectonic movement, suggesting that the area is experiencing heightened seismic activity over time [Data: Reports (709)].

### Complexity of Seismic Events

The aftershock sequence has been described as complex, exhibiting characteristics such as bifurcation and bilateral rupture. This complexity may indicate an increase in seismic risk in the area, as the seismic activity appears to be increasing in both complexity and intensity following the main event [Data: Reports (1548)].

### Clustering of Seismic Events

The Maduo seismic community shows a systematic organization of seismic events into clusters, which reflects persistent seismic activity associated with the Maduo-Gander Fault and related geological structures. This clustering suggests that seismic activity is not decreasing but remains active over time [Data: Reports (857)]. Furthermore, significant clusters of seismic events have continued into 2023, indicating ongoing activity in the region [Data: Reports (857)].

### Depth and Magnitude of Aftershocks

The depth range of the aftershocks varies between **3 to 15 km**, which is typical for aftershock sequences. This depth range suggests that the crust is still adjusting to the stress changes caused by the mainshock, indicating a dynamic geological environment [Data: Reports (709)]. The seismic activity profile includes events with magnitudes ranging from **M0.5 to M7.4**, indicating a diverse range of seismic events during the documented period from June 2021 to February 2022 [Data: Reports (1524)].

### Conclusion on Activity Trends

While there is evidence of ongoing seismic activity, the data does not provide a definitive long-term trend analysis to conclude whether the overall seismic activity is increasing, decreasing, or remaining stable over time. The reports indicate that while immediate aftershocks suggest heightened activity, the overall trend cannot be definitively established from the provided data [Data: Reports (710), (711)]. 

In summary, the seismic activity in the Maduo earthquake sequence appears to be characterized by ongoing and complex aftershock activity, with indications of persistent clustering and tectonic movement. However, a clear long-term trend regarding whether this activity is increasing or decreasing remains uncertain based on the available data.",1,1,
145,qiaojia,narrative,E3,E,Are there any obvious 'quiet periods' or time windows of sudden activity drop in the sequence of the Qiaojia-Dongchuan seismic-gap catalog?,"### Overview of Seismic Activity in the Qiaojia-Dongchuan Region

The analysis of the Qiaojia-Dongchuan seismic community indicates a notable pattern of ongoing seismic activity, particularly during the months of December 2022 and March 2023. This period has been characterized by an increase in seismic events, suggesting that there may not be significant 'quiet periods' during this timeframe. The activity appears to be heterogeneous and continuous, with multiple clusters of seismic events occurring in close temporal proximity.

### Evidence of Activity Patterns

1. **Continuous Seismic Activity**: Reports indicate that the Qiaojia-Dongchuan seismic community is experiencing ongoing seismic activity without explicit identification of any 'quiet periods' or significant drops in activity. The presence of clusters suggests that seismic events are occurring consistently rather than in distinct periods of inactivity [Data: Reports (606)].

2. **Lack of Identified Quiet Periods**: The data does not provide specific mentions of 'quiet periods' or time windows where there is a sudden drop in seismic activity. Instead, the focus remains on the recent increase in seismic events, which may correlate with the operations of nearby hydropower facilities and ongoing tectonic strain in the area [Data: Reports (979)].

### Conclusion

In summary, the available reports do not support the existence of obvious 'quiet periods' or significant drops in seismic activity within the Qiaojia-Dongchuan seismic-gap catalog. The evidence points towards a pattern of continuous seismic activity, with no clear indications of inactivity during the observed timeframe. Therefore, it can be concluded that the seismic activity in this region remains persistent and ongoing, without identifiable periods of reduced activity.",2,2,
146,maduo,only,E10,E,"How do the types of earthquakes in different stages of the sequence in the 2021 Qinghai Maduo Mw 7.4 earthquake sequence (e.g., whether they are closer to aftershocks or independent events) change?","The retrieved data does not contain specific information about the Mw7.4 earthquake sequence in Mado, Qinghai in 2021, so it is not possible to answer regarding the changes in earthquake types during different stages of this earthquake sequence (such as whether they are closer to aftershocks or independent events).",1,1,
147,ridgecrest,only,E20,E,"Overall, how can the evolution process of the sequence in the 2019 Ridgecrest earthquake sequence be divided into several main stages, and what are the characteristic features of each stage?","According to the retrieved data, the overall evolution process of the 2019 Ridgecrest earthquake sequence is not described in detail in these data blocks. Therefore, I am unable to provide information about the main stages of this earthquake sequence and its characteristic features.",1,1,
148,qiaojia,only,B1,B,On which day/month did the highest number of earthquake events occur in the Qiaojia-Dongchuan seismic-gap catalog? How many events were there?,"The highest number of earthquake events recorded in the Qiaojia-Dongchuan seismic-gap catalog occurred on December 26, 2022, with a total of 36 events. This indicates a significant period of seismic activity in the region on that day [Data: Reports (129)].

Additionally, other notable days with high event counts include:

- December 9, 2022, with 41 recorded events [Data: Reports (312)].
- December 2, 2022, with 24 events [Data: Reports (310)].
- December 21, 2022, with 20 events [Data: Reports (120)].

These figures highlight the concentrated seismic activity during December 2022, particularly on the 9th and 26th.",0,0,
149,maduo,narrative,A5,A,How many phases can the seismic activity in the 2021 Qinghai Maduo Mw 7.4 earthquake sequence be divided into? What are the characteristics of each phase?,"The seismic activity in the 2021 Qinghai Maduo Mw 7.4 earthquake sequence can be divided into three main phases: the mainshock phase, the aftershock phase, and the post-aftershock phase. Each of these phases exhibits distinct characteristics that are crucial for understanding the overall seismic behavior of the sequence.

### 1. Mainshock Phase
The mainshock phase is defined by the occurrence of the largest event in the sequence, which is the Mw 7.4 earthquake that occurred on May 22, 2021. This phase is characterized by significant ground shaking and the potential for substantial damage. It marks the initiation of the seismic sequence and is associated with the KMPJ fault system, which plays a critical role in the seismic dynamics of the region [Data: Reports (711, 1548)].

### 2. Aftershock Phase
Following the mainshock, the aftershock phase is marked by a series of aftershocks that occur in the vicinity of the mainshock. These aftershocks are typically smaller in magnitude compared to the mainshock and are organized into clusters, indicating ongoing seismic activity. The aftershocks reflect the gradual release of stress in the geological structure as it adjusts to the changes caused by the mainshock. This phase is characterized by a high frequency of smaller magnitude events that gradually decrease in both frequency and magnitude over time [Data: Reports (710, 857)].

### 3. Post-Aftershock Phase
The post-aftershock phase represents a period of reduced seismic activity following the aftershock phase. During this phase, only isolated events may occur, indicating a return to relative seismic quietness. The characteristics of this phase suggest stabilization of the fault systems, although minor seismic events may still be present as the geological structure continues to adjust [Data: Reports (1548, 709)].

### Summary
In summary, the seismic activity in the 2021 Qinghai Maduo Mw 7.4 earthquake sequence can be divided into three distinct phases: the mainshock phase, the aftershock phase, and the post-aftershock phase. Each phase has unique characteristics that are essential for understanding the dynamics of the seismic events and their implications for the region's geological stability [Data: Reports (711, 1548, 709, 857, 710)].",0,1,
150,qiaojia,only,A7,A,What is the trend of the frequency of seismic activity in the Qiaojia-Dongchuan seismic-gap catalog over time?,"According to the retrieved data, the earthquake activity in the Qiaojia-Dongchuan area in March 2023 showed a certain frequency variation. For example, between March 7 and March 8, multiple earthquake events were recorded, with epicenters distributed at different latitude and longitude positions, and magnitudes ranging from M0.5 to M2.3. This indicates that the earthquake activity in the area was relatively frequent during this period.

However, the retrieved data only represents a subset of the earthquake activity in the region and cannot comprehensively reflect the activity trend over the entire time period. Therefore, no clear conclusions can be drawn from this data regarding the overall trend of the frequency of earthquake activity in the Qiaojia-Dongchuan seismic gap over time.",1,1,
