item_id,system,catalog,condition_type,qid,category,answer_chars,refusal,n_mag_values,mag_out_of_range,n_dates,dates_out_of_span,months_out_of_span,lat_out_of_box,lon_out_of_box,conflation_marker,any_out_of_catalog
graphrag_pre|qiaojia_only|A1,graphrag_pre,qiaojia,only,A1,A,1165,none,2,,2,,,,,,False
graphrag_pre|qiaojia_only|A2,graphrag_pre,qiaojia,only,A2,A,524,none,0,,0,,,,,,False
graphrag_pre|qiaojia_only|A3,graphrag_pre,qiaojia,only,A3,A,1045,none,2,,0,,,,,,False
graphrag_pre|qiaojia_only|A4,graphrag_pre,qiaojia,only,A4,A,786,none,2,,0,,,,,,False
graphrag_pre|qiaojia_only|A5,graphrag_pre,qiaojia,only,A5,A,1220,none,7,,0,,,,,,False
graphrag_pre|qiaojia_only|A6,graphrag_pre,qiaojia,only,A6,A,674,none,3,,0,,,,,,False
graphrag_pre|qiaojia_only|A7,graphrag_pre,qiaojia,only,A7,A,1136,none,4,,0,,,,,,False
graphrag_pre|qiaojia_only|A8,graphrag_pre,qiaojia,only,A8,A,729,none,0,,0,,,,,,False
graphrag_pre|qiaojia_only|A9,graphrag_pre,qiaojia,only,A9,A,876,none,0,,0,,,,,,False
graphrag_pre|qiaojia_only|A10,graphrag_pre,qiaojia,only,A10,A,690,none,1,,0,,,,,,False
graphrag_pre|qiaojia_only|A11,graphrag_pre,qiaojia,only,A11,A,924,none,3,,0,,,,,,False
graphrag_pre|qiaojia_only|A12,graphrag_pre,qiaojia,only,A12,A,849,none,2,,0,,,,,,False
graphrag_pre|qiaojia_only|A13,graphrag_pre,qiaojia,only,A13,A,359,none,0,,2,,,,,,False
graphrag_pre|qiaojia_only|A14,graphrag_pre,qiaojia,only,A14,A,919,none,0,,0,,,,,,False
graphrag_pre|qiaojia_only|A15,graphrag_pre,qiaojia,only,A15,A,785,none,4,,0,,,,,,False
graphrag_pre|qiaojia_only|A16,graphrag_pre,qiaojia,only,A16,A,886,none,8,,5,,,,,,False
graphrag_pre|qiaojia_only|A17,graphrag_pre,qiaojia,only,A17,A,1175,none,3,,0,,,,,,False
graphrag_pre|qiaojia_only|A18,graphrag_pre,qiaojia,only,A18,A,1023,none,1,,2,,,,,,False
graphrag_pre|qiaojia_only|A19,graphrag_pre,qiaojia,only,A19,A,952,none,2,10.4,1,,,,,,True
graphrag_pre|qiaojia_only|A20,graphrag_pre,qiaojia,only,A20,A,1057,none,4,,0,,,,,,False
graphrag_pre|qiaojia_only|B1,graphrag_pre,qiaojia,only,B1,B,695,none,1,,0,,,,,,False
graphrag_pre|qiaojia_only|B2,graphrag_pre,qiaojia,only,B2,B,701,none,4,31.76,6,,,,,,True
graphrag_pre|qiaojia_only|B3,graphrag_pre,qiaojia,only,B3,B,370,none,5,10.4,4,,,,,,True
graphrag_pre|qiaojia_only|B4,graphrag_pre,qiaojia,only,B4,B,681,none,0,,4,,,,,,False
graphrag_pre|qiaojia_only|B5,graphrag_pre,qiaojia,only,B5,B,594,none,2,,0,,,,,,False
graphrag_pre|qiaojia_only|B6,graphrag_pre,qiaojia,only,B6,B,732,none,0,,5,,,,,,False
graphrag_pre|qiaojia_only|B7,graphrag_pre,qiaojia,only,B7,B,497,none,2,10.4,0,,,,,,True
graphrag_pre|qiaojia_only|B8,graphrag_pre,qiaojia,only,B8,B,779,none,5,5,5,,,,,,True
graphrag_pre|qiaojia_only|B9,graphrag_pre,qiaojia,only,B9,B,828,none,5,,3,,,,,,False
graphrag_pre|qiaojia_only|B10,graphrag_pre,qiaojia,only,B10,B,347,none,4,,0,,,,,,False
graphrag_pre|qiaojia_only|B11,graphrag_pre,qiaojia,only,B11,B,75,full,0,,0,,,,,,False
graphrag_pre|qiaojia_only|B12,graphrag_pre,qiaojia,only,B12,B,691,none,4,,0,,,,,,False
graphrag_pre|qiaojia_only|B13,graphrag_pre,qiaojia,only,B13,B,615,none,0,,5,,,,,,False
graphrag_pre|qiaojia_only|B14,graphrag_pre,qiaojia,only,B14,B,75,full,0,,0,,,,,,False
graphrag_pre|qiaojia_only|B15,graphrag_pre,qiaojia,only,B15,B,733,none,2,,0,,,,,,False
graphrag_pre|qiaojia_only|B16,graphrag_pre,qiaojia,only,B16,B,790,none,0,,0,,,,,,False
graphrag_pre|qiaojia_only|B17,graphrag_pre,qiaojia,only,B17,B,864,none,0,,15,,,,,,False
graphrag_pre|qiaojia_only|B18,graphrag_pre,qiaojia,only,B18,B,643,none,0,,2,,,,,,False
graphrag_pre|qiaojia_only|B19,graphrag_pre,qiaojia,only,B19,B,901,partial,5,,2,,,,,,False
graphrag_pre|qiaojia_only|B20,graphrag_pre,qiaojia,only,B20,B,339,partial,0,,0,,,,,,False
graphrag_pre|qiaojia_only|C1,graphrag_pre,qiaojia,only,C1,C,1314,none,21,,1,,,,,,False
graphrag_pre|qiaojia_only|C2,graphrag_pre,qiaojia,only,C2,C,803,none,0,,2,,,,,,False
graphrag_pre|qiaojia_only|C3,graphrag_pre,qiaojia,only,C3,C,838,none,0,,3,,,,,,False
graphrag_pre|qiaojia_only|C4,graphrag_pre,qiaojia,only,C4,C,542,none,2,,4,,,,,,False
graphrag_pre|qiaojia_only|C5,graphrag_pre,qiaojia,only,C5,C,745,none,5,,1,,,,,,False
graphrag_pre|qiaojia_only|C6,graphrag_pre,qiaojia,only,C6,C,831,none,13,,4,,,,,,False
graphrag_pre|qiaojia_only|C7,graphrag_pre,qiaojia,only,C7,C,876,none,0,,2,,,,,,False
graphrag_pre|qiaojia_only|C8,graphrag_pre,qiaojia,only,C8,C,502,none,3,4.8;5;5.2,0,,,,,,True
graphrag_pre|qiaojia_only|C9,graphrag_pre,qiaojia,only,C9,C,980,none,3,,2,,,,,,False
graphrag_pre|qiaojia_only|C10,graphrag_pre,qiaojia,only,C10,C,892,none,7,,3,,,,,,False
graphrag_pre|qiaojia_only|C11,graphrag_pre,qiaojia,only,C11,C,625,none,5,,1,,,,,,False
graphrag_pre|qiaojia_only|C12,graphrag_pre,qiaojia,only,C12,C,902,none,4,,2,,,,,,False
graphrag_pre|qiaojia_only|C13,graphrag_pre,qiaojia,only,C13,C,717,none,1,,1,,,,,,False
graphrag_pre|qiaojia_only|C14,graphrag_pre,qiaojia,only,C14,C,850,none,4,,2,,,,,,False
graphrag_pre|qiaojia_only|C15,graphrag_pre,qiaojia,only,C15,C,762,none,9,,2,,,,,,False
graphrag_pre|qiaojia_only|C16,graphrag_pre,qiaojia,only,C16,C,671,none,3,,2,,,,,,False
graphrag_pre|qiaojia_only|C17,graphrag_pre,qiaojia,only,C17,C,900,none,23,,8,,,,,,False
graphrag_pre|qiaojia_only|C18,graphrag_pre,qiaojia,only,C18,C,563,none,0,,1,,,,,,False
graphrag_pre|qiaojia_only|C19,graphrag_pre,qiaojia,only,C19,C,814,none,4,,0,,,,,,False
graphrag_pre|qiaojia_only|C20,graphrag_pre,qiaojia,only,C20,C,626,none,0,,3,,,,,,False
graphrag_pre|qiaojia_only|D1,graphrag_pre,qiaojia,only,D1,D,1018,none,0,,0,,,,,,False
graphrag_pre|qiaojia_only|D2,graphrag_pre,qiaojia,only,D2,D,885,none,0,,0,,,,,,False
graphrag_pre|qiaojia_only|D3,graphrag_pre,qiaojia,only,D3,D,75,full,0,,0,,,,,,False
graphrag_pre|qiaojia_only|D4,graphrag_pre,qiaojia,only,D4,D,963,none,1,,4,,,,,,False
graphrag_pre|qiaojia_only|D5,graphrag_pre,qiaojia,only,D5,D,960,none,1,,1,,,,,,False
graphrag_pre|qiaojia_only|D6,graphrag_pre,qiaojia,only,D6,D,984,none,4,,0,,,,,,False
graphrag_pre|qiaojia_only|D7,graphrag_pre,qiaojia,only,D7,D,1166,none,4,,0,,,,,,False
graphrag_pre|qiaojia_only|D8,graphrag_pre,qiaojia,only,D8,D,1035,none,0,,0,,,,,,False
graphrag_pre|qiaojia_only|D9,graphrag_pre,qiaojia,only,D9,D,956,none,6,,0,,,,,,False
graphrag_pre|qiaojia_only|D10,graphrag_pre,qiaojia,only,D10,D,909,none,3,,2,,,,,,False
graphrag_pre|qiaojia_only|D11,graphrag_pre,qiaojia,only,D11,D,1124,none,0,,0,,,,,,False
graphrag_pre|qiaojia_only|D12,graphrag_pre,qiaojia,only,D12,D,788,none,3,,0,,,,,,False
graphrag_pre|qiaojia_only|D13,graphrag_pre,qiaojia,only,D13,D,984,none,1,,4,,,,,,False
graphrag_pre|qiaojia_only|D14,graphrag_pre,qiaojia,only,D14,D,965,none,4,,0,,,,,,False
graphrag_pre|qiaojia_only|D15,graphrag_pre,qiaojia,only,D15,D,1098,none,3,,0,,,,,,False
graphrag_pre|qiaojia_only|D16,graphrag_pre,qiaojia,only,D16,D,75,full,0,,0,,,,,,False
graphrag_pre|qiaojia_only|D17,graphrag_pre,qiaojia,only,D17,D,966,none,0,,0,,,,,,False
graphrag_pre|qiaojia_only|D18,graphrag_pre,qiaojia,only,D18,D,971,none,2,,0,,,,,,False
graphrag_pre|qiaojia_only|D19,graphrag_pre,qiaojia,only,D19,D,1113,none,2,,0,,,,,,False
graphrag_pre|qiaojia_only|D20,graphrag_pre,qiaojia,only,D20,D,1170,none,4,,0,,,,,,False
graphrag_pre|qiaojia_only|E1,graphrag_pre,qiaojia,only,E1,E,882,none,8,,0,,,,,,False
graphrag_pre|qiaojia_only|E2,graphrag_pre,qiaojia,only,E2,E,954,none,1,,0,,,,,,False
graphrag_pre|qiaojia_only|E3,graphrag_pre,qiaojia,only,E3,E,837,none,1,,4,,,,,,False
graphrag_pre|qiaojia_only|E4,graphrag_pre,qiaojia,only,E4,E,952,none,2,,1,,,,,,False
graphrag_pre|qiaojia_only|E5,graphrag_pre,qiaojia,only,E5,E,991,none,7,,1,,,,,,False
graphrag_pre|qiaojia_only|E6,graphrag_pre,qiaojia,only,E6,E,1197,none,5,,0,,,,,,False
graphrag_pre|qiaojia_only|E7,graphrag_pre,qiaojia,only,E7,E,371,none,0,,0,,,,,,False
graphrag_pre|qiaojia_only|E8,graphrag_pre,qiaojia,only,E8,E,1041,none,1,,0,,,,,,False
graphrag_pre|qiaojia_only|E9,graphrag_pre,qiaojia,only,E9,E,767,none,0,,1,,,,,,False
graphrag_pre|qiaojia_only|E10,graphrag_pre,qiaojia,only,E10,E,1231,none,2,,2,,,,,,False
graphrag_pre|qiaojia_only|E11,graphrag_pre,qiaojia,only,E11,E,880,none,1,,3,,,,,,False
graphrag_pre|qiaojia_only|E12,graphrag_pre,qiaojia,only,E12,E,979,none,0,,1,,,,,,False
graphrag_pre|qiaojia_only|E13,graphrag_pre,qiaojia,only,E13,E,1066,none,1,,4,,,,,,False
graphrag_pre|qiaojia_only|E14,graphrag_pre,qiaojia,only,E14,E,1008,none,1,,0,,,,,,False
graphrag_pre|qiaojia_only|E15,graphrag_pre,qiaojia,only,E15,E,1004,none,0,,2,,,,,,False
graphrag_pre|qiaojia_only|E16,graphrag_pre,qiaojia,only,E16,E,1218,none,2,,5,,,,,,False
graphrag_pre|qiaojia_only|E17,graphrag_pre,qiaojia,only,E17,E,1066,none,1,,1,,,,,,False
graphrag_pre|qiaojia_only|E18,graphrag_pre,qiaojia,only,E18,E,1189,none,3,,2,,,,,,False
graphrag_pre|qiaojia_only|E19,graphrag_pre,qiaojia,only,E19,E,1101,none,1,,3,,,,,,False
graphrag_pre|qiaojia_only|E20,graphrag_pre,qiaojia,only,E20,E,1311,none,7,,0,,,,,,False
graphrag_pre|qiaojia_narrative|A1,graphrag_pre,qiaojia,narrative,A1,A,1077,none,1,,0,,,,,,False
graphrag_pre|qiaojia_narrative|A2,graphrag_pre,qiaojia,narrative,A2,A,623,none,0,,0,,,,,,False
graphrag_pre|qiaojia_narrative|A3,graphrag_pre,qiaojia,narrative,A3,A,952,none,2,,0,,,,,,False
graphrag_pre|qiaojia_narrative|A4,graphrag_pre,qiaojia,narrative,A4,A,793,none,1,,3,,,,,,False
graphrag_pre|qiaojia_narrative|A5,graphrag_pre,qiaojia,narrative,A5,A,1391,none,8,,2,,,,,,False
graphrag_pre|qiaojia_narrative|A6,graphrag_pre,qiaojia,narrative,A6,A,694,none,0,,0,,,,,,False
graphrag_pre|qiaojia_narrative|A7,graphrag_pre,qiaojia,narrative,A7,A,952,none,0,,0,,,,,,False
graphrag_pre|qiaojia_narrative|A8,graphrag_pre,qiaojia,narrative,A8,A,1040,none,0,,0,,,,,,False
graphrag_pre|qiaojia_narrative|A9,graphrag_pre,qiaojia,narrative,A9,A,775,none,0,,0,,,,,,False
graphrag_pre|qiaojia_narrative|A10,graphrag_pre,qiaojia,narrative,A10,A,889,none,0,,5,,,,,,False
graphrag_pre|qiaojia_narrative|A11,graphrag_pre,qiaojia,narrative,A11,A,944,none,3,,2,,,,,,False
graphrag_pre|qiaojia_narrative|A12,graphrag_pre,qiaojia,narrative,A12,A,709,none,0,,0,,,,,,False
graphrag_pre|qiaojia_narrative|A13,graphrag_pre,qiaojia,narrative,A13,A,519,none,0,,4,,,,,,False
graphrag_pre|qiaojia_narrative|A14,graphrag_pre,qiaojia,narrative,A14,A,904,none,1,,1,,,,,,False
graphrag_pre|qiaojia_narrative|A15,graphrag_pre,qiaojia,narrative,A15,A,916,none,0,,0,,,,,,False
graphrag_pre|qiaojia_narrative|A16,graphrag_pre,qiaojia,narrative,A16,A,614,none,6,,9,,,,,,False
graphrag_pre|qiaojia_narrative|A17,graphrag_pre,qiaojia,narrative,A17,A,1108,none,1,,1,,,,,,False
graphrag_pre|qiaojia_narrative|A18,graphrag_pre,qiaojia,narrative,A18,A,1141,none,1,,8,,,,,,False
graphrag_pre|qiaojia_narrative|A19,graphrag_pre,qiaojia,narrative,A19,A,1028,none,0,,4,,,,,,False
graphrag_pre|qiaojia_narrative|A20,graphrag_pre,qiaojia,narrative,A20,A,999,none,0,,0,,,,,,False
graphrag_pre|qiaojia_narrative|B1,graphrag_pre,qiaojia,narrative,B1,B,637,none,0,,0,,,,,,False
graphrag_pre|qiaojia_narrative|B2,graphrag_pre,qiaojia,narrative,B2,B,719,partial,7,12.836,5,,,,,,True
graphrag_pre|qiaojia_narrative|B3,graphrag_pre,qiaojia,narrative,B3,B,529,none,5,12.836,4,,,,,,True
graphrag_pre|qiaojia_narrative|B4,graphrag_pre,qiaojia,narrative,B4,B,810,partial,0,,7,,,,,,False
graphrag_pre|qiaojia_narrative|B5,graphrag_pre,qiaojia,narrative,B5,B,180,none,0,,0,,,,,,False
graphrag_pre|qiaojia_narrative|B6,graphrag_pre,qiaojia,narrative,B6,B,925,none,0,,8,,,,,,False
graphrag_pre|qiaojia_narrative|B7,graphrag_pre,qiaojia,narrative,B7,B,687,none,0,,9,,,,,,False
graphrag_pre|qiaojia_narrative|B8,graphrag_pre,qiaojia,narrative,B8,B,1839,none,5,,0,,,,,,False
graphrag_pre|qiaojia_narrative|B9,graphrag_pre,qiaojia,narrative,B9,B,712,none,6,,0,,,,,,False
graphrag_pre|qiaojia_narrative|B10,graphrag_pre,qiaojia,narrative,B10,B,356,none,3,,0,,,,,,False
graphrag_pre|qiaojia_narrative|B11,graphrag_pre,qiaojia,narrative,B11,B,219,partial,0,,1,,,,,,False
graphrag_pre|qiaojia_narrative|B12,graphrag_pre,qiaojia,narrative,B12,B,865,none,1,12.836,0,,,,,,True
graphrag_pre|qiaojia_narrative|B13,graphrag_pre,qiaojia,narrative,B13,B,610,none,1,,5,,,,,,False
graphrag_pre|qiaojia_narrative|B14,graphrag_pre,qiaojia,narrative,B14,B,75,full,0,,0,,,,,,False
graphrag_pre|qiaojia_narrative|B15,graphrag_pre,qiaojia,narrative,B15,B,960,none,2,,7,,,,,,False
graphrag_pre|qiaojia_narrative|B16,graphrag_pre,qiaojia,narrative,B16,B,750,none,0,,0,,,,,,False
graphrag_pre|qiaojia_narrative|B17,graphrag_pre,qiaojia,narrative,B17,B,716,none,6,12.836,11,,,,,,True
graphrag_pre|qiaojia_narrative|B18,graphrag_pre,qiaojia,narrative,B18,B,804,none,1,,0,,,,,,False
graphrag_pre|qiaojia_narrative|B19,graphrag_pre,qiaojia,narrative,B19,B,977,partial,3,,1,,,,,,False
graphrag_pre|qiaojia_narrative|B20,graphrag_pre,qiaojia,narrative,B20,B,286,none,0,,0,,,,,,False
graphrag_pre|qiaojia_narrative|C1,graphrag_pre,qiaojia,narrative,C1,C,889,none,5,,1,,,,,,False
graphrag_pre|qiaojia_narrative|C2,graphrag_pre,qiaojia,narrative,C2,C,683,none,0,,0,,,,,,False
graphrag_pre|qiaojia_narrative|C3,graphrag_pre,qiaojia,narrative,C3,C,794,none,0,,2,,,,,,False
graphrag_pre|qiaojia_narrative|C4,graphrag_pre,qiaojia,narrative,C4,C,594,none,1,,4,,,,,,False
graphrag_pre|qiaojia_narrative|C5,graphrag_pre,qiaojia,narrative,C5,C,658,none,0,,1,,,,,,False
graphrag_pre|qiaojia_narrative|C6,graphrag_pre,qiaojia,narrative,C6,C,765,none,1,,3,,,,,,False
graphrag_pre|qiaojia_narrative|C7,graphrag_pre,qiaojia,narrative,C7,C,862,none,1,,2,,,,,,False
graphrag_pre|qiaojia_narrative|C8,graphrag_pre,qiaojia,narrative,C8,C,650,none,7,4.5;4.8;5;5.1;5.2,0,,,,,,True
graphrag_pre|qiaojia_narrative|C9,graphrag_pre,qiaojia,narrative,C9,C,1022,none,0,,0,,,,,,False
graphrag_pre|qiaojia_narrative|C10,graphrag_pre,qiaojia,narrative,C10,C,449,none,3,4.5;4.8;5,0,,,,,,True
graphrag_pre|qiaojia_narrative|C11,graphrag_pre,qiaojia,narrative,C11,C,824,none,1,,3,,,,,,False
graphrag_pre|qiaojia_narrative|C12,graphrag_pre,qiaojia,narrative,C12,C,936,none,0,,1,,,,,,False
graphrag_pre|qiaojia_narrative|C13,graphrag_pre,qiaojia,narrative,C13,C,724,none,3,,2,,,,,,False
graphrag_pre|qiaojia_narrative|C14,graphrag_pre,qiaojia,narrative,C14,C,495,none,4,5.5;5.6;6;6.1,0,,,,,,True
graphrag_pre|qiaojia_narrative|C15,graphrag_pre,qiaojia,narrative,C15,C,795,none,5,12.836,3,,,,,,True
graphrag_pre|qiaojia_narrative|C16,graphrag_pre,qiaojia,narrative,C16,C,705,none,1,,1,,,,,,False
graphrag_pre|qiaojia_narrative|C17,graphrag_pre,qiaojia,narrative,C17,C,544,none,10,4.6;4.7;4.8;4.9;5;5.1;5.2;5.3,10,2010-03-01;2010-04-15;2010-05-20;2010-06-10;2010-07-25;2010-08-30;2010-09-15;2010-10-05;2010-11-12;2010-12-20,,,,,True
graphrag_pre|qiaojia_narrative|C18,graphrag_pre,qiaojia,narrative,C18,C,753,partial,1,,1,,,,,,False
graphrag_pre|qiaojia_narrative|C19,graphrag_pre,qiaojia,narrative,C19,C,474,none,0,,0,,,,,,False
graphrag_pre|qiaojia_narrative|C20,graphrag_pre,qiaojia,narrative,C20,C,725,none,4,,1,,,,,,False
graphrag_pre|qiaojia_narrative|D1,graphrag_pre,qiaojia,narrative,D1,D,1182,none,0,,0,,,,,,False
graphrag_pre|qiaojia_narrative|D2,graphrag_pre,qiaojia,narrative,D2,D,956,partial,1,,2,,,,,,False
graphrag_pre|qiaojia_narrative|D3,graphrag_pre,qiaojia,narrative,D3,D,522,partial,3,,0,,,,,,False
graphrag_pre|qiaojia_narrative|D4,graphrag_pre,qiaojia,narrative,D4,D,862,none,0,,3,,,,,,False
graphrag_pre|qiaojia_narrative|D5,graphrag_pre,qiaojia,narrative,D5,D,825,none,0,,0,,,,,,False
graphrag_pre|qiaojia_narrative|D6,graphrag_pre,qiaojia,narrative,D6,D,1052,none,0,,1,,,,,,False
graphrag_pre|qiaojia_narrative|D7,graphrag_pre,qiaojia,narrative,D7,D,1137,none,0,,2,,,,,,False
graphrag_pre|qiaojia_narrative|D8,graphrag_pre,qiaojia,narrative,D8,D,942,none,1,,2,,,,,,False
graphrag_pre|qiaojia_narrative|D9,graphrag_pre,qiaojia,narrative,D9,D,917,none,2,,2,,,,,,False
graphrag_pre|qiaojia_narrative|D10,graphrag_pre,qiaojia,narrative,D10,D,832,none,2,,0,,,,,,False
graphrag_pre|qiaojia_narrative|D11,graphrag_pre,qiaojia,narrative,D11,D,1053,none,0,,2,,,,,,False
graphrag_pre|qiaojia_narrative|D12,graphrag_pre,qiaojia,narrative,D12,D,781,none,0,,0,,,,,,False
graphrag_pre|qiaojia_narrative|D13,graphrag_pre,qiaojia,narrative,D13,D,1013,none,2,,3,,,,,,False
graphrag_pre|qiaojia_narrative|D14,graphrag_pre,qiaojia,narrative,D14,D,964,none,0,,2,,,,,,False
graphrag_pre|qiaojia_narrative|D15,graphrag_pre,qiaojia,narrative,D15,D,898,none,0,,0,,,,,,False
graphrag_pre|qiaojia_narrative|D16,graphrag_pre,qiaojia,narrative,D16,D,75,full,0,,0,,,,,,False
graphrag_pre|qiaojia_narrative|D17,graphrag_pre,qiaojia,narrative,D17,D,893,none,0,,0,,,,,,False
graphrag_pre|qiaojia_narrative|D18,graphrag_pre,qiaojia,narrative,D18,D,858,none,0,,0,,,,,,False
graphrag_pre|qiaojia_narrative|D19,graphrag_pre,qiaojia,narrative,D19,D,907,none,0,,0,,,,,,False
graphrag_pre|qiaojia_narrative|D20,graphrag_pre,qiaojia,narrative,D20,D,918,none,0,,0,,,,,,False
graphrag_pre|qiaojia_narrative|E1,graphrag_pre,qiaojia,narrative,E1,E,1106,none,1,,0,,,,,,False
graphrag_pre|qiaojia_narrative|E2,graphrag_pre,qiaojia,narrative,E2,E,1186,none,1,,2,,,,,,False
graphrag_pre|qiaojia_narrative|E3,graphrag_pre,qiaojia,narrative,E3,E,953,none,0,,6,,,,,,False
graphrag_pre|qiaojia_narrative|E4,graphrag_pre,qiaojia,narrative,E4,E,905,none,0,,1,,,,,,False
graphrag_pre|qiaojia_narrative|E5,graphrag_pre,qiaojia,narrative,E5,E,1117,none,5,,2,,,,,,False
graphrag_pre|qiaojia_narrative|E6,graphrag_pre,qiaojia,narrative,E6,E,1057,none,0,,2,,,,,,False
graphrag_pre|qiaojia_narrative|E7,graphrag_pre,qiaojia,narrative,E7,E,630,partial,0,,1,,,,,,False
graphrag_pre|qiaojia_narrative|E8,graphrag_pre,qiaojia,narrative,E8,E,975,none,0,,2,,,,,,False
graphrag_pre|qiaojia_narrative|E9,graphrag_pre,qiaojia,narrative,E9,E,847,none,0,,4,,,,,,False
graphrag_pre|qiaojia_narrative|E10,graphrag_pre,qiaojia,narrative,E10,E,1250,none,4,,3,,,,,,False
graphrag_pre|qiaojia_narrative|E11,graphrag_pre,qiaojia,narrative,E11,E,1112,none,0,,4,,,,,,False
graphrag_pre|qiaojia_narrative|E12,graphrag_pre,qiaojia,narrative,E12,E,906,none,0,,2,,,,,,False
graphrag_pre|qiaojia_narrative|E13,graphrag_pre,qiaojia,narrative,E13,E,1164,none,0,,5,,,,,,False
graphrag_pre|qiaojia_narrative|E14,graphrag_pre,qiaojia,narrative,E14,E,975,none,2,,0,,,,,,False
graphrag_pre|qiaojia_narrative|E15,graphrag_pre,qiaojia,narrative,E15,E,1164,none,0,,1,,,,,,False
graphrag_pre|qiaojia_narrative|E16,graphrag_pre,qiaojia,narrative,E16,E,1389,none,2,,7,,,,,,False
graphrag_pre|qiaojia_narrative|E17,graphrag_pre,qiaojia,narrative,E17,E,907,partial,2,,2,,,,,,False
graphrag_pre|qiaojia_narrative|E18,graphrag_pre,qiaojia,narrative,E18,E,1018,none,0,,1,,,,,,False
graphrag_pre|qiaojia_narrative|E19,graphrag_pre,qiaojia,narrative,E19,E,1009,none,0,,5,,,,,,False
graphrag_pre|qiaojia_narrative|E20,graphrag_pre,qiaojia,narrative,E20,E,1174,none,0,,0,,,,,,False
graphrag_pre|ridgecrest_only|A1,graphrag_pre,ridgecrest,only,A1,A,1114,none,1,,1,,,,,,False
graphrag_pre|ridgecrest_only|A2,graphrag_pre,ridgecrest,only,A2,A,495,none,0,,2,,,,,,False
graphrag_pre|ridgecrest_only|A3,graphrag_pre,ridgecrest,only,A3,A,957,none,2,,0,,,,,,False
graphrag_pre|ridgecrest_only|A4,graphrag_pre,ridgecrest,only,A4,A,1117,none,1,,1,,,,,,False
graphrag_pre|ridgecrest_only|A5,graphrag_pre,ridgecrest,only,A5,A,1026,none,0,,4,,,,,,False
graphrag_pre|ridgecrest_only|A6,graphrag_pre,ridgecrest,only,A6,A,725,none,2,,0,,,,,,False
graphrag_pre|ridgecrest_only|A7,graphrag_pre,ridgecrest,only,A7,A,1066,none,0,,0,,,,,,False
graphrag_pre|ridgecrest_only|A8,graphrag_pre,ridgecrest,only,A8,A,969,none,0,,0,,,,,,False
graphrag_pre|ridgecrest_only|A9,graphrag_pre,ridgecrest,only,A9,A,739,none,1,,1,,,,,,False
graphrag_pre|ridgecrest_only|A10,graphrag_pre,ridgecrest,only,A10,A,684,none,4,,1,,,,,,False
graphrag_pre|ridgecrest_only|A11,graphrag_pre,ridgecrest,only,A11,A,1003,none,8,,2,,,,,,False
graphrag_pre|ridgecrest_only|A12,graphrag_pre,ridgecrest,only,A12,A,809,none,0,,1,,,,,,False
graphrag_pre|ridgecrest_only|A13,graphrag_pre,ridgecrest,only,A13,A,475,none,1,,2,,,,,,False
graphrag_pre|ridgecrest_only|A14,graphrag_pre,ridgecrest,only,A14,A,798,none,0,,1,,,,,,False
graphrag_pre|ridgecrest_only|A15,graphrag_pre,ridgecrest,only,A15,A,850,partial,1,,1,,,,35.716,,True
graphrag_pre|ridgecrest_only|A16,graphrag_pre,ridgecrest,only,A16,A,678,none,7,,1,,,,,,False
graphrag_pre|ridgecrest_only|A17,graphrag_pre,ridgecrest,only,A17,A,75,full,0,,0,,,,,,False
graphrag_pre|ridgecrest_only|A18,graphrag_pre,ridgecrest,only,A18,A,951,none,0,,1,,,,,,False
graphrag_pre|ridgecrest_only|A19,graphrag_pre,ridgecrest,only,A19,A,836,none,2,,1,,,,,,False
graphrag_pre|ridgecrest_only|A20,graphrag_pre,ridgecrest,only,A20,A,1005,none,1,,0,,,,,,False
graphrag_pre|ridgecrest_only|B1,graphrag_pre,ridgecrest,only,B1,B,711,partial,0,,0,,,,,,False
graphrag_pre|ridgecrest_only|B2,graphrag_pre,ridgecrest,only,B2,B,410,none,1,9.34,2,,,,,,True
graphrag_pre|ridgecrest_only|B3,graphrag_pre,ridgecrest,only,B3,B,740,none,5,,2,,,,,,False
graphrag_pre|ridgecrest_only|B4,graphrag_pre,ridgecrest,only,B4,B,734,none,1,,3,,,,,,False
graphrag_pre|ridgecrest_only|B5,graphrag_pre,ridgecrest,only,B5,B,594,none,14,,0,,,,,,False
graphrag_pre|ridgecrest_only|B6,graphrag_pre,ridgecrest,only,B6,B,839,none,0,,0,,,,,,False
graphrag_pre|ridgecrest_only|B7,graphrag_pre,ridgecrest,only,B7,B,495,none,4,,1,,,,,,False
graphrag_pre|ridgecrest_only|B8,graphrag_pre,ridgecrest,only,B8,B,872,none,5,,3,,,,,M7.1 mainshock misdated to 2019-07-05 (true: 2019-07-06 UTC),True
graphrag_pre|ridgecrest_only|B9,graphrag_pre,ridgecrest,only,B9,B,656,partial,0,,0,,,,,,False
graphrag_pre|ridgecrest_only|B10,graphrag_pre,ridgecrest,only,B10,B,385,partial,8,,0,,,,,,False
graphrag_pre|ridgecrest_only|B11,graphrag_pre,ridgecrest,only,B11,B,75,full,0,,0,,,,,,False
graphrag_pre|ridgecrest_only|B12,graphrag_pre,ridgecrest,only,B12,B,698,none,0,,0,,,,,,False
graphrag_pre|ridgecrest_only|B13,graphrag_pre,ridgecrest,only,B13,B,499,none,5,,2,,,,,,False
graphrag_pre|ridgecrest_only|B14,graphrag_pre,ridgecrest,only,B14,B,806,none,4,,1,,,,,,False
graphrag_pre|ridgecrest_only|B15,graphrag_pre,ridgecrest,only,B15,B,674,none,4,,1,,,,,,False
graphrag_pre|ridgecrest_only|B16,graphrag_pre,ridgecrest,only,B16,B,75,full,0,,0,,,,,,False
graphrag_pre|ridgecrest_only|B17,graphrag_pre,ridgecrest,only,B17,B,827,none,0,,4,,,,,,False
graphrag_pre|ridgecrest_only|B18,graphrag_pre,ridgecrest,only,B18,B,719,none,2,,0,,,,,,False
graphrag_pre|ridgecrest_only|B19,graphrag_pre,ridgecrest,only,B19,B,759,partial,5,,0,,,,,,False
graphrag_pre|ridgecrest_only|B20,graphrag_pre,ridgecrest,only,B20,B,75,full,0,,0,,,,,,False
graphrag_pre|ridgecrest_only|C1,graphrag_pre,ridgecrest,only,C1,C,950,none,6,,1,,,,,,False
graphrag_pre|ridgecrest_only|C2,graphrag_pre,ridgecrest,only,C2,C,883,none,5,,1,,,,,,False
graphrag_pre|ridgecrest_only|C3,graphrag_pre,ridgecrest,only,C3,C,747,none,0,,1,,,,,,False
graphrag_pre|ridgecrest_only|C4,graphrag_pre,ridgecrest,only,C4,C,911,none,8,,5,,,,,,False
graphrag_pre|ridgecrest_only|C5,graphrag_pre,ridgecrest,only,C5,C,954,none,4,,1,,,,,,False
graphrag_pre|ridgecrest_only|C6,graphrag_pre,ridgecrest,only,C6,C,829,none,3,,0,,,,,,False
graphrag_pre|ridgecrest_only|C7,graphrag_pre,ridgecrest,only,C7,C,1205,none,7,,1,,,,,,False
graphrag_pre|ridgecrest_only|C8,graphrag_pre,ridgecrest,only,C8,C,687,none,0,,1,,,,,,False
graphrag_pre|ridgecrest_only|C9,graphrag_pre,ridgecrest,only,C9,C,1263,none,0,,0,,,,,,False
graphrag_pre|ridgecrest_only|C10,graphrag_pre,ridgecrest,only,C10,C,1101,none,4,,1,,,,,,False
graphrag_pre|ridgecrest_only|C11,graphrag_pre,ridgecrest,only,C11,C,951,none,5,,2,,,,,,False
graphrag_pre|ridgecrest_only|C12,graphrag_pre,ridgecrest,only,C12,C,873,none,3,,2,,,,,,False
graphrag_pre|ridgecrest_only|C13,graphrag_pre,ridgecrest,only,C13,C,839,none,0,,0,,,,,,False
graphrag_pre|ridgecrest_only|C14,graphrag_pre,ridgecrest,only,C14,C,822,none,5,,1,,,,,,False
graphrag_pre|ridgecrest_only|C15,graphrag_pre,ridgecrest,only,C15,C,1087,none,5,,2,,,,,,False
graphrag_pre|ridgecrest_only|C16,graphrag_pre,ridgecrest,only,C16,C,961,none,3,,0,,,,,,False
graphrag_pre|ridgecrest_only|C17,graphrag_pre,ridgecrest,only,C17,C,1198,none,0,,10,,,,,,False
graphrag_pre|ridgecrest_only|C18,graphrag_pre,ridgecrest,only,C18,C,760,none,6,,2,,,,,,False
graphrag_pre|ridgecrest_only|C19,graphrag_pre,ridgecrest,only,C19,C,872,none,1,,0,,,,,,False
graphrag_pre|ridgecrest_only|C20,graphrag_pre,ridgecrest,only,C20,C,931,none,1,,0,,,,,,False
graphrag_pre|ridgecrest_only|D1,graphrag_pre,ridgecrest,only,D1,D,1129,none,0,,0,,,,,,False
graphrag_pre|ridgecrest_only|D2,graphrag_pre,ridgecrest,only,D2,D,75,full,0,,0,,,,,,False
graphrag_pre|ridgecrest_only|D3,graphrag_pre,ridgecrest,only,D3,D,800,none,0,,1,,,,,,False
graphrag_pre|ridgecrest_only|D4,graphrag_pre,ridgecrest,only,D4,D,639,none,0,,1,,,,,,False
graphrag_pre|ridgecrest_only|D5,graphrag_pre,ridgecrest,only,D5,D,924,none,0,,1,,,,,,False
graphrag_pre|ridgecrest_only|D6,graphrag_pre,ridgecrest,only,D6,D,697,partial,0,,0,,,,,,False
graphrag_pre|ridgecrest_only|D7,graphrag_pre,ridgecrest,only,D7,D,1073,none,0,,1,,,,,,False
graphrag_pre|ridgecrest_only|D8,graphrag_pre,ridgecrest,only,D8,D,955,none,0,,1,,,,,,False
graphrag_pre|ridgecrest_only|D9,graphrag_pre,ridgecrest,only,D9,D,761,none,0,,1,,,,,,False
graphrag_pre|ridgecrest_only|D10,graphrag_pre,ridgecrest,only,D10,D,791,none,0,,0,,,,,,False
graphrag_pre|ridgecrest_only|D11,graphrag_pre,ridgecrest,only,D11,D,790,none,1,,1,,,,,,False
graphrag_pre|ridgecrest_only|D12,graphrag_pre,ridgecrest,only,D12,D,872,partial,0,,0,,,,,,False
graphrag_pre|ridgecrest_only|D13,graphrag_pre,ridgecrest,only,D13,D,1063,none,0,,1,,,,,,False
graphrag_pre|ridgecrest_only|D14,graphrag_pre,ridgecrest,only,D14,D,889,none,0,,0,,,,,,False
graphrag_pre|ridgecrest_only|D15,graphrag_pre,ridgecrest,only,D15,D,951,none,0,,1,,,,,,False
graphrag_pre|ridgecrest_only|D16,graphrag_pre,ridgecrest,only,D16,D,75,full,0,,0,,,,,,False
graphrag_pre|ridgecrest_only|D17,graphrag_pre,ridgecrest,only,D17,D,1028,none,0,,1,,,,,,False
graphrag_pre|ridgecrest_only|D18,graphrag_pre,ridgecrest,only,D18,D,908,none,2,,2,,,,,,False
graphrag_pre|ridgecrest_only|D19,graphrag_pre,ridgecrest,only,D19,D,941,none,0,,1,,,,,,False
graphrag_pre|ridgecrest_only|D20,graphrag_pre,ridgecrest,only,D20,D,1059,none,0,,1,,,,,,False
graphrag_pre|ridgecrest_only|E1,graphrag_pre,ridgecrest,only,E1,E,989,none,2,,1,,,,,,False
graphrag_pre|ridgecrest_only|E2,graphrag_pre,ridgecrest,only,E2,E,992,none,2,,0,,,,,,False
graphrag_pre|ridgecrest_only|E3,graphrag_pre,ridgecrest,only,E3,E,864,none,0,,1,,,,,,False
graphrag_pre|ridgecrest_only|E4,graphrag_pre,ridgecrest,only,E4,E,948,partial,1,,0,,,,,,False
graphrag_pre|ridgecrest_only|E5,graphrag_pre,ridgecrest,only,E5,E,932,none,0,,0,,,,,,False
graphrag_pre|ridgecrest_only|E6,graphrag_pre,ridgecrest,only,E6,E,810,none,0,,2,,,,,,False
graphrag_pre|ridgecrest_only|E7,graphrag_pre,ridgecrest,only,E7,E,714,none,0,,0,,,,,,False
graphrag_pre|ridgecrest_only|E8,graphrag_pre,ridgecrest,only,E8,E,809,none,0,,0,,,,,,False
graphrag_pre|ridgecrest_only|E9,graphrag_pre,ridgecrest,only,E9,E,856,none,0,,0,,,,,,False
graphrag_pre|ridgecrest_only|E10,graphrag_pre,ridgecrest,only,E10,E,1039,none,0,,0,,,,,,False
graphrag_pre|ridgecrest_only|E11,graphrag_pre,ridgecrest,only,E11,E,883,none,0,,0,,,,,,False
graphrag_pre|ridgecrest_only|E12,graphrag_pre,ridgecrest,only,E12,E,825,none,0,,0,,,,,,False
graphrag_pre|ridgecrest_only|E13,graphrag_pre,ridgecrest,only,E13,E,1007,none,2,,1,,,,,,False
graphrag_pre|ridgecrest_only|E14,graphrag_pre,ridgecrest,only,E14,E,864,none,0,,0,,,,,,False
graphrag_pre|ridgecrest_only|E15,graphrag_pre,ridgecrest,only,E15,E,1255,none,0,,0,,,,,,False
graphrag_pre|ridgecrest_only|E16,graphrag_pre,ridgecrest,only,E16,E,941,none,0,,1,,,,,,False
graphrag_pre|ridgecrest_only|E17,graphrag_pre,ridgecrest,only,E17,E,1026,partial,2,,1,,,,,,False
graphrag_pre|ridgecrest_only|E18,graphrag_pre,ridgecrest,only,E18,E,1185,none,1,,0,,,,,,False
graphrag_pre|ridgecrest_only|E19,graphrag_pre,ridgecrest,only,E19,E,936,none,0,,0,,,,,,False
graphrag_pre|ridgecrest_only|E20,graphrag_pre,ridgecrest,only,E20,E,1040,none,0,,3,,,,,,False
graphrag_pre|ridgecrest_narrative|A1,graphrag_pre,ridgecrest,narrative,A1,A,1004,none,0,,0,,,,,,False
graphrag_pre|ridgecrest_narrative|A2,graphrag_pre,ridgecrest,narrative,A2,A,522,none,4,,2,,,,,,False
graphrag_pre|ridgecrest_narrative|A3,graphrag_pre,ridgecrest,narrative,A3,A,1040,none,2,,1,,,,,,False
graphrag_pre|ridgecrest_narrative|A4,graphrag_pre,ridgecrest,narrative,A4,A,861,none,0,,1,,,,,,False
graphrag_pre|ridgecrest_narrative|A5,graphrag_pre,ridgecrest,narrative,A5,A,1064,none,3,,2,,,,,,False
graphrag_pre|ridgecrest_narrative|A6,graphrag_pre,ridgecrest,narrative,A6,A,603,none,0,,1,,,,,M7.1 mainshock misdated to 2019-07-05 (true: 2019-07-06 UTC),True
graphrag_pre|ridgecrest_narrative|A7,graphrag_pre,ridgecrest,narrative,A7,A,1100,none,3,,0,,,,,,False
graphrag_pre|ridgecrest_narrative|A8,graphrag_pre,ridgecrest,narrative,A8,A,1068,none,0,,0,,,,,,False
graphrag_pre|ridgecrest_narrative|A9,graphrag_pre,ridgecrest,narrative,A9,A,908,none,1,,1,,,,,,False
graphrag_pre|ridgecrest_narrative|A10,graphrag_pre,ridgecrest,narrative,A10,A,802,none,5,,1,,,,,,False
graphrag_pre|ridgecrest_narrative|A11,graphrag_pre,ridgecrest,narrative,A11,A,913,none,0,,1,,,,,,False
graphrag_pre|ridgecrest_narrative|A12,graphrag_pre,ridgecrest,narrative,A12,A,1009,none,0,,1,,,,,,False
graphrag_pre|ridgecrest_narrative|A13,graphrag_pre,ridgecrest,narrative,A13,A,365,none,0,,2,,,,,,False
graphrag_pre|ridgecrest_narrative|A14,graphrag_pre,ridgecrest,narrative,A14,A,903,none,3,,1,,,,,,False
graphrag_pre|ridgecrest_narrative|A15,graphrag_pre,ridgecrest,narrative,A15,A,746,none,1,,1,,,,,,False
graphrag_pre|ridgecrest_narrative|A16,graphrag_pre,ridgecrest,narrative,A16,A,771,none,5,,0,,,,,,False
graphrag_pre|ridgecrest_narrative|A17,graphrag_pre,ridgecrest,narrative,A17,A,647,none,0,,0,,,,,,False
graphrag_pre|ridgecrest_narrative|A18,graphrag_pre,ridgecrest,narrative,A18,A,836,none,1,,2,,,,,,False
graphrag_pre|ridgecrest_narrative|A19,graphrag_pre,ridgecrest,narrative,A19,A,823,none,1,,0,,,,,,False
graphrag_pre|ridgecrest_narrative|A20,graphrag_pre,ridgecrest,narrative,A20,A,1090,none,3,,0,,,,,,False
graphrag_pre|ridgecrest_narrative|B1,graphrag_pre,ridgecrest,narrative,B1,B,433,none,0,,1,,,,,,False
graphrag_pre|ridgecrest_narrative|B2,graphrag_pre,ridgecrest,narrative,B2,B,487,none,0,,2,,,,,,False
graphrag_pre|ridgecrest_narrative|B3,graphrag_pre,ridgecrest,narrative,B3,B,583,none,5,,3,,,,,,False
graphrag_pre|ridgecrest_narrative|B4,graphrag_pre,ridgecrest,narrative,B4,B,742,none,5,,2,,,,,,False
graphrag_pre|ridgecrest_narrative|B5,graphrag_pre,ridgecrest,narrative,B5,B,732,none,6,,0,,,,,,False
graphrag_pre|ridgecrest_narrative|B6,graphrag_pre,ridgecrest,narrative,B6,B,700,none,0,,0,,,,,,False
graphrag_pre|ridgecrest_narrative|B7,graphrag_pre,ridgecrest,narrative,B7,B,485,none,2,,1,,,,,,False
graphrag_pre|ridgecrest_narrative|B8,graphrag_pre,ridgecrest,narrative,B8,B,871,none,5,,2,,,,,,False
graphrag_pre|ridgecrest_narrative|B9,graphrag_pre,ridgecrest,narrative,B9,B,642,partial,0,,0,,,,,,False
graphrag_pre|ridgecrest_narrative|B10,graphrag_pre,ridgecrest,narrative,B10,B,455,partial,10,,0,,,,,,False
graphrag_pre|ridgecrest_narrative|B11,graphrag_pre,ridgecrest,narrative,B11,B,75,full,0,,0,,,,,,False
graphrag_pre|ridgecrest_narrative|B12,graphrag_pre,ridgecrest,narrative,B12,B,789,none,6,,0,,,,,,False
graphrag_pre|ridgecrest_narrative|B13,graphrag_pre,ridgecrest,narrative,B13,B,684,none,6,,2,,,,,,False
graphrag_pre|ridgecrest_narrative|B14,graphrag_pre,ridgecrest,narrative,B14,B,736,partial,10,,1,,,,,,False
graphrag_pre|ridgecrest_narrative|B15,graphrag_pre,ridgecrest,narrative,B15,B,776,none,3,,1,,,,,,False
graphrag_pre|ridgecrest_narrative|B16,graphrag_pre,ridgecrest,narrative,B16,B,75,full,0,,0,,,,,,False
graphrag_pre|ridgecrest_narrative|B17,graphrag_pre,ridgecrest,narrative,B17,B,674,none,0,,5,,,,,M7.1 mainshock misdated to 2019-07-05 (true: 2019-07-06 UTC),True
graphrag_pre|ridgecrest_narrative|B18,graphrag_pre,ridgecrest,narrative,B18,B,740,none,4,,1,,,,,,False
graphrag_pre|ridgecrest_narrative|B19,graphrag_pre,ridgecrest,narrative,B19,B,642,partial,6,,0,,,,,,False
graphrag_pre|ridgecrest_narrative|B20,graphrag_pre,ridgecrest,narrative,B20,B,75,full,0,,0,,,,,,False
graphrag_pre|ridgecrest_narrative|C1,graphrag_pre,ridgecrest,narrative,C1,C,805,none,5,,1,,,,,,False
graphrag_pre|ridgecrest_narrative|C2,graphrag_pre,ridgecrest,narrative,C2,C,792,none,6,,1,,,,,,False
graphrag_pre|ridgecrest_narrative|C3,graphrag_pre,ridgecrest,narrative,C3,C,784,none,0,,1,,,,,M7.1 mainshock misdated to 2019-07-05 (true: 2019-07-06 UTC),True
graphrag_pre|ridgecrest_narrative|C4,graphrag_pre,ridgecrest,narrative,C4,C,724,none,0,,5,,,,,,False
graphrag_pre|ridgecrest_narrative|C5,graphrag_pre,ridgecrest,narrative,C5,C,803,none,0,,1,,,,,,False
graphrag_pre|ridgecrest_narrative|C6,graphrag_pre,ridgecrest,narrative,C6,C,812,none,7,,1,,,,,,False
graphrag_pre|ridgecrest_narrative|C7,graphrag_pre,ridgecrest,narrative,C7,C,1089,none,10,,1,,,,,,False
graphrag_pre|ridgecrest_narrative|C8,graphrag_pre,ridgecrest,narrative,C8,C,697,none,3,,1,,,,,,False
graphrag_pre|ridgecrest_narrative|C9,graphrag_pre,ridgecrest,narrative,C9,C,1029,none,0,,0,,,,,,False
graphrag_pre|ridgecrest_narrative|C10,graphrag_pre,ridgecrest,narrative,C10,C,920,none,7,,0,,,,,,False
graphrag_pre|ridgecrest_narrative|C11,graphrag_pre,ridgecrest,narrative,C11,C,908,none,0,,1,,,,,,False
graphrag_pre|ridgecrest_narrative|C12,graphrag_pre,ridgecrest,narrative,C12,C,884,none,0,,1,,,,,,False
graphrag_pre|ridgecrest_narrative|C13,graphrag_pre,ridgecrest,narrative,C13,C,808,none,0,,1,,,,,,False
graphrag_pre|ridgecrest_narrative|C14,graphrag_pre,ridgecrest,narrative,C14,C,791,none,9,,1,,,,,,False
graphrag_pre|ridgecrest_narrative|C15,graphrag_pre,ridgecrest,narrative,C15,C,728,none,5,,1,,,,,,False
graphrag_pre|ridgecrest_narrative|C16,graphrag_pre,ridgecrest,narrative,C16,C,848,none,0,,0,,,,,,False
graphrag_pre|ridgecrest_narrative|C17,graphrag_pre,ridgecrest,narrative,C17,C,1173,none,5,,10,,,,,M7.1 mainshock misdated to 2019-07-05 (true: 2019-07-06 UTC),True
graphrag_pre|ridgecrest_narrative|C18,graphrag_pre,ridgecrest,narrative,C18,C,803,none,3,,1,,,,,,False
graphrag_pre|ridgecrest_narrative|C19,graphrag_pre,ridgecrest,narrative,C19,C,841,none,4,,2,,,,,,False
graphrag_pre|ridgecrest_narrative|C20,graphrag_pre,ridgecrest,narrative,C20,C,802,none,5,,1,,,,,,False
graphrag_pre|ridgecrest_narrative|D1,graphrag_pre,ridgecrest,narrative,D1,D,937,none,0,,0,,,,,,False
graphrag_pre|ridgecrest_narrative|D2,graphrag_pre,ridgecrest,narrative,D2,D,75,full,0,,0,,,,,,False
graphrag_pre|ridgecrest_narrative|D3,graphrag_pre,ridgecrest,narrative,D3,D,708,none,0,,1,,,,,,False
graphrag_pre|ridgecrest_narrative|D4,graphrag_pre,ridgecrest,narrative,D4,D,883,none,2,,1,,,,,,False
graphrag_pre|ridgecrest_narrative|D5,graphrag_pre,ridgecrest,narrative,D5,D,926,none,0,,1,,,,,,False
graphrag_pre|ridgecrest_narrative|D6,graphrag_pre,ridgecrest,narrative,D6,D,701,partial,0,,1,,,,,,False
graphrag_pre|ridgecrest_narrative|D7,graphrag_pre,ridgecrest,narrative,D7,D,1025,none,0,,1,,,,,,False
graphrag_pre|ridgecrest_narrative|D8,graphrag_pre,ridgecrest,narrative,D8,D,854,none,1,,1,,,,,,False
graphrag_pre|ridgecrest_narrative|D9,graphrag_pre,ridgecrest,narrative,D9,D,852,none,0,,0,,,,,,False
graphrag_pre|ridgecrest_narrative|D10,graphrag_pre,ridgecrest,narrative,D10,D,913,none,0,,1,,,,,,False
graphrag_pre|ridgecrest_narrative|D11,graphrag_pre,ridgecrest,narrative,D11,D,947,none,4,,1,,,,,,False
graphrag_pre|ridgecrest_narrative|D12,graphrag_pre,ridgecrest,narrative,D12,D,793,partial,1,,1,,,,,,False
graphrag_pre|ridgecrest_narrative|D13,graphrag_pre,ridgecrest,narrative,D13,D,945,none,5,,1,,,,,,False
graphrag_pre|ridgecrest_narrative|D14,graphrag_pre,ridgecrest,narrative,D14,D,1036,none,1,,1,,,,,,False
graphrag_pre|ridgecrest_narrative|D15,graphrag_pre,ridgecrest,narrative,D15,D,747,partial,0,,0,,,,,,False
graphrag_pre|ridgecrest_narrative|D16,graphrag_pre,ridgecrest,narrative,D16,D,75,full,0,,0,,,,,,False
graphrag_pre|ridgecrest_narrative|D17,graphrag_pre,ridgecrest,narrative,D17,D,1023,none,1,,0,,,,,,False
graphrag_pre|ridgecrest_narrative|D18,graphrag_pre,ridgecrest,narrative,D18,D,932,none,1,,2,,,,,,False
graphrag_pre|ridgecrest_narrative|D19,graphrag_pre,ridgecrest,narrative,D19,D,854,none,0,,1,,,,,,False
graphrag_pre|ridgecrest_narrative|D20,graphrag_pre,ridgecrest,narrative,D20,D,1054,none,0,,1,,,,,,False
graphrag_pre|ridgecrest_narrative|E1,graphrag_pre,ridgecrest,narrative,E1,E,1025,none,0,,1,,,,,,False
graphrag_pre|ridgecrest_narrative|E2,graphrag_pre,ridgecrest,narrative,E2,E,985,none,4,,3,,,,,M7.1 mainshock misdated to 2019-07-05 (true: 2019-07-06 UTC),True
graphrag_pre|ridgecrest_narrative|E3,graphrag_pre,ridgecrest,narrative,E3,E,887,none,0,,1,,,,,,False
graphrag_pre|ridgecrest_narrative|E4,graphrag_pre,ridgecrest,narrative,E4,E,1074,partial,0,,0,,,,,,False
graphrag_pre|ridgecrest_narrative|E5,graphrag_pre,ridgecrest,narrative,E5,E,934,none,3,,0,,,,,,False
graphrag_pre|ridgecrest_narrative|E6,graphrag_pre,ridgecrest,narrative,E6,E,932,none,0,,1,,,,,,False
graphrag_pre|ridgecrest_narrative|E7,graphrag_pre,ridgecrest,narrative,E7,E,625,none,0,,0,,,,,,False
graphrag_pre|ridgecrest_narrative|E8,graphrag_pre,ridgecrest,narrative,E8,E,696,none,0,,0,,,,,,False
graphrag_pre|ridgecrest_narrative|E9,graphrag_pre,ridgecrest,narrative,E9,E,804,none,0,,0,,,,,,False
graphrag_pre|ridgecrest_narrative|E10,graphrag_pre,ridgecrest,narrative,E10,E,1083,none,1,,1,,,,,,False
graphrag_pre|ridgecrest_narrative|E11,graphrag_pre,ridgecrest,narrative,E11,E,787,none,2,,0,,,,,,False
graphrag_pre|ridgecrest_narrative|E12,graphrag_pre,ridgecrest,narrative,E12,E,805,none,0,,2,,,,,,False
graphrag_pre|ridgecrest_narrative|E13,graphrag_pre,ridgecrest,narrative,E13,E,1006,none,3,,1,,,,,,False
graphrag_pre|ridgecrest_narrative|E14,graphrag_pre,ridgecrest,narrative,E14,E,964,none,3,,0,,,,,,False
graphrag_pre|ridgecrest_narrative|E15,graphrag_pre,ridgecrest,narrative,E15,E,957,none,0,,0,,,,,,False
graphrag_pre|ridgecrest_narrative|E16,graphrag_pre,ridgecrest,narrative,E16,E,1154,none,5,,1,,,,,,False
graphrag_pre|ridgecrest_narrative|E17,graphrag_pre,ridgecrest,narrative,E17,E,1051,none,0,,1,,,,,,False
graphrag_pre|ridgecrest_narrative|E18,graphrag_pre,ridgecrest,narrative,E18,E,1015,none,1,,0,,,,,,False
graphrag_pre|ridgecrest_narrative|E19,graphrag_pre,ridgecrest,narrative,E19,E,895,none,2,,2,,,,,,False
graphrag_pre|ridgecrest_narrative|E20,graphrag_pre,ridgecrest,narrative,E20,E,1213,none,0,,2,,,,,,False
graphrag_pre|maduo_only|A1,graphrag_pre,maduo,only,A1,A,1079,none,1,12.9,0,,,,,,True
graphrag_pre|maduo_only|A2,graphrag_pre,maduo,only,A2,A,482,none,0,,2,,,,,,False
graphrag_pre|maduo_only|A3,graphrag_pre,maduo,only,A3,A,1053,none,1,8.1,0,,,,,,True
graphrag_pre|maduo_only|A4,graphrag_pre,maduo,only,A4,A,895,none,2,9,3,,,,,,True
graphrag_pre|maduo_only|A5,graphrag_pre,maduo,only,A5,A,978,none,0,,1,,,,,,False
graphrag_pre|maduo_only|A6,graphrag_pre,maduo,only,A6,A,715,none,0,,1,,,,,,False
graphrag_pre|maduo_only|A7,graphrag_pre,maduo,only,A7,A,1019,none,0,,1,,,,,,False
graphrag_pre|maduo_only|A8,graphrag_pre,maduo,only,A8,A,875,none,0,,1,,,,,,False
graphrag_pre|maduo_only|A9,graphrag_pre,maduo,only,A9,A,836,none,0,,0,,,,,,False
graphrag_pre|maduo_only|A10,graphrag_pre,maduo,only,A10,A,981,none,0,,0,,,,,,False
graphrag_pre|maduo_only|A11,graphrag_pre,maduo,only,A11,A,1044,none,5,7.5;8;12.9,2,,,,,,True
graphrag_pre|maduo_only|A12,graphrag_pre,maduo,only,A12,A,1053,none,0,,1,,,,,,False
graphrag_pre|maduo_only|A13,graphrag_pre,maduo,only,A13,A,421,none,0,,2,,,,,,False
graphrag_pre|maduo_only|A14,graphrag_pre,maduo,only,A14,A,75,full,0,,0,,,,,,False
graphrag_pre|maduo_only|A15,graphrag_pre,maduo,only,A15,A,444,none,0,,0,,,,,,False
graphrag_pre|maduo_only|A16,graphrag_pre,maduo,only,A16,A,634,none,2,,6,,,,,,False
graphrag_pre|maduo_only|A17,graphrag_pre,maduo,only,A17,A,951,none,0,,1,,,,,,False
graphrag_pre|maduo_only|A18,graphrag_pre,maduo,only,A18,A,1024,none,0,,2,,,,,,False
graphrag_pre|maduo_only|A19,graphrag_pre,maduo,only,A19,A,1139,none,2,8.7;15,2,,,,,,True
graphrag_pre|maduo_only|A20,graphrag_pre,maduo,only,A20,A,1258,none,0,,0,,,,,,False
graphrag_pre|maduo_only|B1,graphrag_pre,maduo,only,B1,B,855,none,1,12,0,,,,,,True
graphrag_pre|maduo_only|B2,graphrag_pre,maduo,only,B2,B,367,none,1,7.4,1,2021-05-22,,,,Maduo Mw7.4 mainshock date (2021-05-22) lies before the catalog start,True
graphrag_pre|maduo_only|B3,graphrag_pre,maduo,only,B3,B,424,none,5,7.4;11.3;11.4;11.8;11.9,5,2021-05-22,,,,Maduo Mw7.4 mainshock date (2021-05-22) lies before the catalog start,True
graphrag_pre|maduo_only|B4,graphrag_pre,maduo,only,B4,B,598,none,0,,4,,,,,,False
graphrag_pre|maduo_only|B5,graphrag_pre,maduo,only,B5,B,75,full,0,,0,,,,,,False
graphrag_pre|maduo_only|B6,graphrag_pre,maduo,only,B6,B,949,none,3,,0,,,,,,False
graphrag_pre|maduo_only|B7,graphrag_pre,maduo,only,B7,B,859,none,0,,0,,,,,,False
graphrag_pre|maduo_only|B8,graphrag_pre,maduo,only,B8,B,621,none,0,,0,,,,,,False
graphrag_pre|maduo_only|B9,graphrag_pre,maduo,only,B9,B,75,full,0,,0,,,,,,False
graphrag_pre|maduo_only|B10,graphrag_pre,maduo,only,B10,B,309,none,0,,0,,,,,,False
graphrag_pre|maduo_only|B11,graphrag_pre,maduo,only,B11,B,75,full,0,,0,,,,,,False
graphrag_pre|maduo_only|B12,graphrag_pre,maduo,only,B12,B,903,none,4,10.3;11.85;11.9,0,,,,,,True
graphrag_pre|maduo_only|B13,graphrag_pre,maduo,only,B13,B,669,none,2,,5,,,,,,False
graphrag_pre|maduo_only|B14,graphrag_pre,maduo,only,B14,B,75,full,0,,0,,,,,,False
graphrag_pre|maduo_only|B15,graphrag_pre,maduo,only,B15,B,853,none,5,7.5;8;12,0,,,,,,True
graphrag_pre|maduo_only|B16,graphrag_pre,maduo,only,B16,B,75,full,0,,0,,,,,,False
graphrag_pre|maduo_only|B17,graphrag_pre,maduo,only,B17,B,490,none,2,7.4,4,2021-05-22,,,,Maduo Mw7.4 mainshock date (2021-05-22) lies before the catalog start,True
graphrag_pre|maduo_only|B18,graphrag_pre,maduo,only,B18,B,75,full,0,,0,,,,,,False
graphrag_pre|maduo_only|B19,graphrag_pre,maduo,only,B19,B,75,full,0,,0,,,,,,False
graphrag_pre|maduo_only|B20,graphrag_pre,maduo,only,B20,B,569,partial,1,,1,,,,,,False
graphrag_pre|maduo_only|C1,graphrag_pre,maduo,only,C1,C,660,none,1,7.4,1,,,,,,True
graphrag_pre|maduo_only|C2,graphrag_pre,maduo,only,C2,C,583,none,0,,0,,,,,,False
graphrag_pre|maduo_only|C3,graphrag_pre,maduo,only,C3,C,75,full,0,,0,,,,,,False
graphrag_pre|maduo_only|C4,graphrag_pre,maduo,only,C4,C,523,none,0,,4,,,,,,False
graphrag_pre|maduo_only|C5,graphrag_pre,maduo,only,C5,C,1008,none,3,,2,,,,,,False
graphrag_pre|maduo_only|C6,graphrag_pre,maduo,only,C6,C,873,none,3,7.1;7.5,0,,,,,,True
graphrag_pre|maduo_only|C7,graphrag_pre,maduo,only,C7,C,338,partial,1,8.1,1,,,,,,True
graphrag_pre|maduo_only|C8,graphrag_pre,maduo,only,C8,C,586,none,0,,3,,,,,,False
graphrag_pre|maduo_only|C9,graphrag_pre,maduo,only,C9,C,729,none,0,,3,,,,,,False
graphrag_pre|maduo_only|C10,graphrag_pre,maduo,only,C10,C,794,none,5,6.8;7;7.4,1,,,,,,True
graphrag_pre|maduo_only|C11,graphrag_pre,maduo,only,C11,C,678,none,1,11.3,3,,,,,,True
graphrag_pre|maduo_only|C12,graphrag_pre,maduo,only,C12,C,852,none,0,,2,,,,,,False
graphrag_pre|maduo_only|C13,graphrag_pre,maduo,only,C13,C,759,none,0,,2,,,,,,False
graphrag_pre|maduo_only|C14,graphrag_pre,maduo,only,C14,C,605,partial,6,7.4;7.5,1,,,,,,True
graphrag_pre|maduo_only|C15,graphrag_pre,maduo,only,C15,C,1030,none,9,6.7;7.4;7.5;7.7;9,2,,,,,,True
graphrag_pre|maduo_only|C16,graphrag_pre,maduo,only,C16,C,718,none,0,,0,,,,,,False
graphrag_pre|maduo_only|C17,graphrag_pre,maduo,only,C17,C,1236,none,3,,10,,,,,,False
graphrag_pre|maduo_only|C18,graphrag_pre,maduo,only,C18,C,330,partial,0,,1,,,,,,False
graphrag_pre|maduo_only|C19,graphrag_pre,maduo,only,C19,C,751,none,0,,2,,,,,,False
graphrag_pre|maduo_only|C20,graphrag_pre,maduo,only,C20,C,915,none,1,8.1,1,,,,,,True
graphrag_pre|maduo_only|D1,graphrag_pre,maduo,only,D1,D,1050,none,0,,0,,,,,,False
graphrag_pre|maduo_only|D2,graphrag_pre,maduo,only,D2,D,859,partial,0,,1,,,,,,False
graphrag_pre|maduo_only|D3,graphrag_pre,maduo,only,D3,D,742,partial,0,,0,,,,,,False
graphrag_pre|maduo_only|D4,graphrag_pre,maduo,only,D4,D,795,none,0,,0,,,,,,False
graphrag_pre|maduo_only|D5,graphrag_pre,maduo,only,D5,D,875,none,0,,0,,,,,,False
graphrag_pre|maduo_only|D6,graphrag_pre,maduo,only,D6,D,775,none,0,,1,,,,,,False
graphrag_pre|maduo_only|D7,graphrag_pre,maduo,only,D7,D,1089,none,0,,0,,,,,,False
graphrag_pre|maduo_only|D8,graphrag_pre,maduo,only,D8,D,952,none,2,8.1;12,2,,,,,,True
graphrag_pre|maduo_only|D9,graphrag_pre,maduo,only,D9,D,75,full,0,,0,,,,,,False
graphrag_pre|maduo_only|D10,graphrag_pre,maduo,only,D10,D,953,none,0,,0,,,,,,False
graphrag_pre|maduo_only|D11,graphrag_pre,maduo,only,D11,D,75,full,0,,0,,,,,,False
graphrag_pre|maduo_only|D12,graphrag_pre,maduo,only,D12,D,1084,partial,2,9,0,,,,,,True
graphrag_pre|maduo_only|D13,graphrag_pre,maduo,only,D13,D,1187,none,0,,6,,,,,,False
graphrag_pre|maduo_only|D14,graphrag_pre,maduo,only,D14,D,990,none,1,8.7,2,,,,,,True
graphrag_pre|maduo_only|D15,graphrag_pre,maduo,only,D15,D,75,full,0,,0,,,,,,False
graphrag_pre|maduo_only|D16,graphrag_pre,maduo,only,D16,D,75,full,0,,0,,,,,,False
graphrag_pre|maduo_only|D17,graphrag_pre,maduo,only,D17,D,942,none,0,,0,,,,,,False
graphrag_pre|maduo_only|D18,graphrag_pre,maduo,only,D18,D,75,full,0,,0,,,,,,False
graphrag_pre|maduo_only|D19,graphrag_pre,maduo,only,D19,D,860,none,1,7.4,0,,,,,,True
graphrag_pre|maduo_only|D20,graphrag_pre,maduo,only,D20,D,1288,none,0,,0,,,,,,False
graphrag_pre|maduo_only|E1,graphrag_pre,maduo,only,E1,E,1177,none,0,,0,,,,,,False
graphrag_pre|maduo_only|E2,graphrag_pre,maduo,only,E2,E,1167,none,2,7.5;8,3,,,,,,True
graphrag_pre|maduo_only|E3,graphrag_pre,maduo,only,E3,E,893,none,1,12,2,,,,,,True
graphrag_pre|maduo_only|E4,graphrag_pre,maduo,only,E4,E,1106,none,0,,0,,,,,,False
graphrag_pre|maduo_only|E5,graphrag_pre,maduo,only,E5,E,883,none,3,12;12.9;14.15,1,,,,,,True
graphrag_pre|maduo_only|E6,graphrag_pre,maduo,only,E6,E,747,none,0,,3,,,,,,False
graphrag_pre|maduo_only|E7,graphrag_pre,maduo,only,E7,E,75,full,0,,0,,,,,,False
graphrag_pre|maduo_only|E8,graphrag_pre,maduo,only,E8,E,999,none,0,,0,,,,,,False
graphrag_pre|maduo_only|E9,graphrag_pre,maduo,only,E9,E,1031,none,0,,3,,,,,,False
graphrag_pre|maduo_only|E10,graphrag_pre,maduo,only,E10,E,1101,none,0,,0,,,,,,False
graphrag_pre|maduo_only|E11,graphrag_pre,maduo,only,E11,E,860,none,0,,0,,,,,,False
graphrag_pre|maduo_only|E12,graphrag_pre,maduo,only,E12,E,1277,none,5,11.9,0,,,,34.7248;34.74,,True
graphrag_pre|maduo_only|E13,graphrag_pre,maduo,only,E13,E,937,none,0,,1,,,,,,False
graphrag_pre|maduo_only|E14,graphrag_pre,maduo,only,E14,E,1024,none,0,,1,,,,,,False
graphrag_pre|maduo_only|E15,graphrag_pre,maduo,only,E15,E,1365,none,1,,0,,,,,,False
graphrag_pre|maduo_only|E16,graphrag_pre,maduo,only,E16,E,1230,none,1,7.4,1,,,,,,True
graphrag_pre|maduo_only|E17,graphrag_pre,maduo,only,E17,E,836,partial,0,,0,,,,,,False
graphrag_pre|maduo_only|E18,graphrag_pre,maduo,only,E18,E,1080,none,0,,0,,,,,,False
graphrag_pre|maduo_only|E19,graphrag_pre,maduo,only,E19,E,933,none,2,8.1;12,1,,,,,,True
graphrag_pre|maduo_only|E20,graphrag_pre,maduo,only,E20,E,1017,none,0,,1,2021-05-22,,,,Maduo Mw7.4 mainshock date (2021-05-22) lies before the catalog start,True
graphrag_pre|maduo_narrative|A1,graphrag_pre,maduo,narrative,A1,A,1256,none,0,,2,2021-05-22,,,,"Maduo Mw7.4 mainshock date (2021-05-22) lies before the catalog start | event total from the Maduo paper, not the ingested catalog",True
graphrag_pre|maduo_narrative|A2,graphrag_pre,maduo,narrative,A2,A,541,none,1,7.4,1,2021-05-22,,,,"Maduo Mw7.4 mainshock date (2021-05-22) lies before the catalog start | event total from the Maduo paper, not the ingested catalog",True
graphrag_pre|maduo_narrative|A3,graphrag_pre,maduo,narrative,A3,A,949,none,1,7.4,1,2021-05-22,,,,"Maduo Mw7.4 mainshock date (2021-05-22) lies before the catalog start | event total from the Maduo paper, not the ingested catalog",True
graphrag_pre|maduo_narrative|A4,graphrag_pre,maduo,narrative,A4,A,896,none,0,,1,2021-05-22,,,,"Maduo Mw7.4 mainshock date (2021-05-22) lies before the catalog start | event total from the Maduo paper, not the ingested catalog",True
graphrag_pre|maduo_narrative|A5,graphrag_pre,maduo,narrative,A5,A,1003,none,0,,1,2021-05-22,,,,"Maduo Mw7.4 mainshock date (2021-05-22) lies before the catalog start | event total from the Maduo paper, not the ingested catalog",True
graphrag_pre|maduo_narrative|A6,graphrag_pre,maduo,narrative,A6,A,717,partial,1,7.4,1,2021-05-22,,,,"Maduo Mw7.4 mainshock date (2021-05-22) lies before the catalog start | event total from the Maduo paper, not the ingested catalog",True
graphrag_pre|maduo_narrative|A7,graphrag_pre,maduo,narrative,A7,A,915,none,0,,1,2021-05-22,,,,"Maduo Mw7.4 mainshock date (2021-05-22) lies before the catalog start | event total from the Maduo paper, not the ingested catalog",True
graphrag_pre|maduo_narrative|A8,graphrag_pre,maduo,narrative,A8,A,1140,none,0,,0,,,,,,False
graphrag_pre|maduo_narrative|A9,graphrag_pre,maduo,narrative,A9,A,899,none,0,,0,,,,,"event total from the Maduo paper, not the ingested catalog",True
graphrag_pre|maduo_narrative|A10,graphrag_pre,maduo,narrative,A10,A,909,none,1,12.2,0,,,,,"Maduo Mw7.4 mainshock date (2021-05-22) lies before the catalog start | event total from the Maduo paper, not the ingested catalog",True
graphrag_pre|maduo_narrative|A11,graphrag_pre,maduo,narrative,A11,A,1169,none,0,,2,2021-05-22,,,,"Maduo Mw7.4 mainshock date (2021-05-22) lies before the catalog start | event total from the Maduo paper, not the ingested catalog",True
graphrag_pre|maduo_narrative|A12,graphrag_pre,maduo,narrative,A12,A,1018,none,0,,0,,,,,"event total from the Maduo paper, not the ingested catalog",True
graphrag_pre|maduo_narrative|A13,graphrag_pre,maduo,narrative,A13,A,468,none,1,7.4,2,2021-05-22,,,,Maduo Mw7.4 mainshock date (2021-05-22) lies before the catalog start,True
graphrag_pre|maduo_narrative|A14,graphrag_pre,maduo,narrative,A14,A,849,none,0,,1,2021-05-22,,,,"Maduo Mw7.4 mainshock date (2021-05-22) lies before the catalog start | event total from the Maduo paper, not the ingested catalog",True
graphrag_pre|maduo_narrative|A15,graphrag_pre,maduo,narrative,A15,A,869,partial,1,7.4,1,2021-05-22,,,,"Maduo Mw7.4 mainshock date (2021-05-22) lies before the catalog start | event total from the Maduo paper, not the ingested catalog",True
graphrag_pre|maduo_narrative|A16,graphrag_pre,maduo,narrative,A16,A,629,none,0,,2,,,,,"event total from the Maduo paper, not the ingested catalog",True
graphrag_pre|maduo_narrative|A17,graphrag_pre,maduo,narrative,A17,A,1251,none,2,,1,2021-05-22,,,,"Maduo Mw7.4 mainshock date (2021-05-22) lies before the catalog start | event total from the Maduo paper, not the ingested catalog",True
graphrag_pre|maduo_narrative|A18,graphrag_pre,maduo,narrative,A18,A,1082,none,0,,1,2021-05-22,,,,"Maduo Mw7.4 mainshock date (2021-05-22) lies before the catalog start | event total from the Maduo paper, not the ingested catalog",True
graphrag_pre|maduo_narrative|A19,graphrag_pre,maduo,narrative,A19,A,1170,none,1,9,1,2021-05-22,,,,"Maduo Mw7.4 mainshock date (2021-05-22) lies before the catalog start | event total from the Maduo paper, not the ingested catalog",True
graphrag_pre|maduo_narrative|A20,graphrag_pre,maduo,narrative,A20,A,1063,none,0,,1,2021-05-22,,,,"Maduo Mw7.4 mainshock date (2021-05-22) lies before the catalog start | event total from the Maduo paper, not the ingested catalog",True
graphrag_pre|maduo_narrative|B1,graphrag_pre,maduo,narrative,B1,B,639,none,0,,0,,,,,,False
graphrag_pre|maduo_narrative|B2,graphrag_pre,maduo,narrative,B2,B,353,none,0,,1,2021-05-22,,,,Maduo Mw7.4 mainshock date (2021-05-22) lies before the catalog start,True
graphrag_pre|maduo_narrative|B3,graphrag_pre,maduo,narrative,B3,B,593,none,0,,5,2021-05-22,,,,Maduo Mw7.4 mainshock date (2021-05-22) lies before the catalog start,True
graphrag_pre|maduo_narrative|B4,graphrag_pre,maduo,narrative,B4,B,693,none,1,,4,,,,,,False
graphrag_pre|maduo_narrative|B5,graphrag_pre,maduo,narrative,B5,B,463,none,3,7.4,0,,,,,"event total from the Maduo paper, not the ingested catalog",True
graphrag_pre|maduo_narrative|B6,graphrag_pre,maduo,narrative,B6,B,938,none,2,,0,,,,,,False
graphrag_pre|maduo_narrative|B7,graphrag_pre,maduo,narrative,B7,B,646,none,0,,2,2021-05-22,,,,"Maduo Mw7.4 mainshock date (2021-05-22) lies before the catalog start | event total from the Maduo paper, not the ingested catalog",True
graphrag_pre|maduo_narrative|B8,graphrag_pre,maduo,narrative,B8,B,592,none,0,,5,,,,,,False
graphrag_pre|maduo_narrative|B9,graphrag_pre,maduo,narrative,B9,B,524,none,0,,2,2021-05-22,,,,"Maduo Mw7.4 mainshock date (2021-05-22) lies before the catalog start | event total from the Maduo paper, not the ingested catalog",True
graphrag_pre|maduo_narrative|B10,graphrag_pre,maduo,narrative,B10,B,422,none,1,,0,,,,,"event total from the Maduo paper, not the ingested catalog",True
graphrag_pre|maduo_narrative|B11,graphrag_pre,maduo,narrative,B11,B,75,full,0,,0,,,,,,False
graphrag_pre|maduo_narrative|B12,graphrag_pre,maduo,narrative,B12,B,728,none,4,8.6;9;10.1,0,,,,,Maduo Mw7.4 mainshock date (2021-05-22) lies before the catalog start,True
graphrag_pre|maduo_narrative|B13,graphrag_pre,maduo,narrative,B13,B,423,none,5,,5,,,,,,False
graphrag_pre|maduo_narrative|B14,graphrag_pre,maduo,narrative,B14,B,678,none,1,7.4,1,,,,,,True
graphrag_pre|maduo_narrative|B15,graphrag_pre,maduo,narrative,B15,B,909,none,1,9,2,2021-05-22,,,,Maduo Mw7.4 mainshock date (2021-05-22) lies before the catalog start,True
graphrag_pre|maduo_narrative|B16,graphrag_pre,maduo,narrative,B16,B,676,none,0,,0,,,,,,False
graphrag_pre|maduo_narrative|B17,graphrag_pre,maduo,narrative,B17,B,765,none,8,5;10.8;12.99,8,2021-05-22,,,,Maduo Mw7.4 mainshock date (2021-05-22) lies before the catalog start,True
graphrag_pre|maduo_narrative|B18,graphrag_pre,maduo,narrative,B18,B,956,none,0,,5,2021-05-22,,,,"Maduo Mw7.4 mainshock date (2021-05-22) lies before the catalog start | event total from the Maduo paper, not the ingested catalog",True
graphrag_pre|maduo_narrative|B19,graphrag_pre,maduo,narrative,B19,B,750,partial,0,,1,2021-05-22,,,,"Maduo Mw7.4 mainshock date (2021-05-22) lies before the catalog start | event total from the Maduo paper, not the ingested catalog",True
graphrag_pre|maduo_narrative|B20,graphrag_pre,maduo,narrative,B20,B,449,none,0,,0,,,,,"event total from the Maduo paper, not the ingested catalog",True
graphrag_pre|maduo_narrative|C1,graphrag_pre,maduo,narrative,C1,C,785,none,13,5.4,1,,,,,,True
graphrag_pre|maduo_narrative|C2,graphrag_pre,maduo,narrative,C2,C,441,none,0,,0,,,,,,False
graphrag_pre|maduo_narrative|C3,graphrag_pre,maduo,narrative,C3,C,621,none,0,,1,2021-05-22,,,,"Maduo Mw7.4 mainshock date (2021-05-22) lies before the catalog start | event total from the Maduo paper, not the ingested catalog",True
graphrag_pre|maduo_narrative|C4,graphrag_pre,maduo,narrative,C4,C,481,none,1,,4,,,,,,False
graphrag_pre|maduo_narrative|C5,graphrag_pre,maduo,narrative,C5,C,834,none,0,,2,,,,,,False
graphrag_pre|maduo_narrative|C6,graphrag_pre,maduo,narrative,C6,C,505,none,1,7.4,0,,,,,,True
graphrag_pre|maduo_narrative|C7,graphrag_pre,maduo,narrative,C7,C,994,none,0,,3,,,,,,False
graphrag_pre|maduo_narrative|C8,graphrag_pre,maduo,narrative,C8,C,46,full,0,,0,,,,,,False
graphrag_pre|maduo_narrative|C9,graphrag_pre,maduo,narrative,C9,C,103,full,0,,0,,,,,answer refers to an Oklahoma dataset that is not part of this study,True
graphrag_pre|maduo_narrative|C10,graphrag_pre,maduo,narrative,C10,C,595,none,3,5.4;6;7.4,1,,,,,,True
graphrag_pre|maduo_narrative|C11,graphrag_pre,maduo,narrative,C11,C,216,partial,0,,0,,,,,,False
graphrag_pre|maduo_narrative|C12,graphrag_pre,maduo,narrative,C12,C,117,full,0,,0,,,,,answer refers to an Oklahoma dataset that is not part of this study,True
graphrag_pre|maduo_narrative|C13,graphrag_pre,maduo,narrative,C13,C,545,none,4,,1,,,,,,False
graphrag_pre|maduo_narrative|C14,graphrag_pre,maduo,narrative,C14,C,554,none,2,,2,,,,,,False
graphrag_pre|maduo_narrative|C15,graphrag_pre,maduo,narrative,C15,C,90,full,0,,0,,,,,answer refers to an Oklahoma dataset that is not part of this study,True
graphrag_pre|maduo_narrative|C16,graphrag_pre,maduo,narrative,C16,C,46,full,0,,0,,,,,,False
graphrag_pre|maduo_narrative|C17,graphrag_pre,maduo,narrative,C17,C,326,none,1,,0,,,,,,False
graphrag_pre|maduo_narrative|C18,graphrag_pre,maduo,narrative,C18,C,63,full,0,,0,,,,,,False
graphrag_pre|maduo_narrative|C19,graphrag_pre,maduo,narrative,C19,C,622,none,0,,1,,,,,answer refers to an Oklahoma dataset that is not part of this study,True
graphrag_pre|maduo_narrative|C20,graphrag_pre,maduo,narrative,C20,C,922,none,1,,1,,,,,,False
graphrag_pre|maduo_narrative|D1,graphrag_pre,maduo,narrative,D1,D,1475,none,0,,1,2021-05-22,,,,Maduo Mw7.4 mainshock date (2021-05-22) lies before the catalog start,True
graphrag_pre|maduo_narrative|D2,graphrag_pre,maduo,narrative,D2,D,943,none,1,7.4,1,2021-05-22,,,,Maduo Mw7.4 mainshock date (2021-05-22) lies before the catalog start,True
graphrag_pre|maduo_narrative|D3,graphrag_pre,maduo,narrative,D3,D,882,none,0,,1,2021-05-22,,,,Maduo Mw7.4 mainshock date (2021-05-22) lies before the catalog start,True
graphrag_pre|maduo_narrative|D4,graphrag_pre,maduo,narrative,D4,D,969,none,0,,1,2021-05-22,,,,"Maduo Mw7.4 mainshock date (2021-05-22) lies before the catalog start | event total from the Maduo paper, not the ingested catalog",True
graphrag_pre|maduo_narrative|D5,graphrag_pre,maduo,narrative,D5,D,820,none,1,8.6,1,2021-05-22,,,,"Maduo Mw7.4 mainshock date (2021-05-22) lies before the catalog start | event total from the Maduo paper, not the ingested catalog",True
graphrag_pre|maduo_narrative|D6,graphrag_pre,maduo,narrative,D6,D,803,none,0,,0,,,,,,False
graphrag_pre|maduo_narrative|D7,graphrag_pre,maduo,narrative,D7,D,1209,none,2,7.4,2,2021-05-22,,,,"Maduo Mw7.4 mainshock date (2021-05-22) lies before the catalog start | event total from the Maduo paper, not the ingested catalog",True
graphrag_pre|maduo_narrative|D8,graphrag_pre,maduo,narrative,D8,D,1166,none,0,,3,2021-05-22,,,,Maduo Mw7.4 mainshock date (2021-05-22) lies before the catalog start,True
graphrag_pre|maduo_narrative|D9,graphrag_pre,maduo,narrative,D9,D,828,none,0,,1,2021-05-22,,,,"Maduo Mw7.4 mainshock date (2021-05-22) lies before the catalog start | event total from the Maduo paper, not the ingested catalog",True
graphrag_pre|maduo_narrative|D10,graphrag_pre,maduo,narrative,D10,D,1046,partial,2,8.6;9,1,2021-05-22,,,,"Maduo Mw7.4 mainshock date (2021-05-22) lies before the catalog start | event total from the Maduo paper, not the ingested catalog",True
graphrag_pre|maduo_narrative|D11,graphrag_pre,maduo,narrative,D11,D,945,none,0,,0,,,,,"event total from the Maduo paper, not the ingested catalog",True
graphrag_pre|maduo_narrative|D12,graphrag_pre,maduo,narrative,D12,D,972,partial,0,,1,2021-05-22,,,,"Maduo Mw7.4 mainshock date (2021-05-22) lies before the catalog start | event total from the Maduo paper, not the ingested catalog",True
graphrag_pre|maduo_narrative|D13,graphrag_pre,maduo,narrative,D13,D,875,none,0,,3,2021-05-22,,,,Maduo Mw7.4 mainshock date (2021-05-22) lies before the catalog start,True
graphrag_pre|maduo_narrative|D14,graphrag_pre,maduo,narrative,D14,D,889,none,0,,0,,,,,"event total from the Maduo paper, not the ingested catalog",True
graphrag_pre|maduo_narrative|D15,graphrag_pre,maduo,narrative,D15,D,794,none,1,7.4,1,2021-05-22,,,,"Maduo Mw7.4 mainshock date (2021-05-22) lies before the catalog start | event total from the Maduo paper, not the ingested catalog",True
graphrag_pre|maduo_narrative|D16,graphrag_pre,maduo,narrative,D16,D,674,none,0,,0,,,,,,False
graphrag_pre|maduo_narrative|D17,graphrag_pre,maduo,narrative,D17,D,957,none,0,,2,2021-05-22,,,,Maduo Mw7.4 mainshock date (2021-05-22) lies before the catalog start,True
graphrag_pre|maduo_narrative|D18,graphrag_pre,maduo,narrative,D18,D,1000,none,0,,1,2021-05-22,,,,Maduo Mw7.4 mainshock date (2021-05-22) lies before the catalog start,True
graphrag_pre|maduo_narrative|D19,graphrag_pre,maduo,narrative,D19,D,922,none,0,,1,2021-05-22,,,,Maduo Mw7.4 mainshock date (2021-05-22) lies before the catalog start,True
graphrag_pre|maduo_narrative|D20,graphrag_pre,maduo,narrative,D20,D,981,none,0,,0,,,,,,False
graphrag_pre|maduo_narrative|E1,graphrag_pre,maduo,narrative,E1,E,1141,none,0,,0,,,,,,False
graphrag_pre|maduo_narrative|E2,graphrag_pre,maduo,narrative,E2,E,1030,none,1,12.2,1,,,,,"event total from the Maduo paper, not the ingested catalog",True
graphrag_pre|maduo_narrative|E3,graphrag_pre,maduo,narrative,E3,E,803,none,0,,0,,,,,"event total from the Maduo paper, not the ingested catalog",True
graphrag_pre|maduo_narrative|E4,graphrag_pre,maduo,narrative,E4,E,1052,none,1,12.2,1,2021-05-22,,,,Maduo Mw7.4 mainshock date (2021-05-22) lies before the catalog start,True
graphrag_pre|maduo_narrative|E5,graphrag_pre,maduo,narrative,E5,E,978,none,0,,1,2021-05-22,,,,"Maduo Mw7.4 mainshock date (2021-05-22) lies before the catalog start | event total from the Maduo paper, not the ingested catalog",True
graphrag_pre|maduo_narrative|E6,graphrag_pre,maduo,narrative,E6,E,2799,none,0,,0,,,,,"Maduo Mw7.4 mainshock date (2021-05-22) lies before the catalog start | event total from the Maduo paper, not the ingested catalog",True
graphrag_pre|maduo_narrative|E7,graphrag_pre,maduo,narrative,E7,E,835,partial,1,7.4,1,2021-05-22,,,,"Maduo Mw7.4 mainshock date (2021-05-22) lies before the catalog start | event total from the Maduo paper, not the ingested catalog",True
graphrag_pre|maduo_narrative|E8,graphrag_pre,maduo,narrative,E8,E,906,none,1,9,0,,,,,Maduo Mw7.4 mainshock date (2021-05-22) lies before the catalog start,True
graphrag_pre|maduo_narrative|E9,graphrag_pre,maduo,narrative,E9,E,864,none,0,,1,,,,,"event total from the Maduo paper, not the ingested catalog",True
graphrag_pre|maduo_narrative|E10,graphrag_pre,maduo,narrative,E10,E,1280,none,1,10.1,2,2021-05-22,,,,"Maduo Mw7.4 mainshock date (2021-05-22) lies before the catalog start | event total from the Maduo paper, not the ingested catalog",True
graphrag_pre|maduo_narrative|E11,graphrag_pre,maduo,narrative,E11,E,804,none,1,7.4,4,2021-05-22,,,,"Maduo Mw7.4 mainshock date (2021-05-22) lies before the catalog start | event total from the Maduo paper, not the ingested catalog",True
graphrag_pre|maduo_narrative|E12,graphrag_pre,maduo,narrative,E12,E,842,none,0,,2,2021-05-22,,,,Maduo Mw7.4 mainshock date (2021-05-22) lies before the catalog start,True
graphrag_pre|maduo_narrative|E13,graphrag_pre,maduo,narrative,E13,E,986,none,0,,1,2021-05-22,,,,"Maduo Mw7.4 mainshock date (2021-05-22) lies before the catalog start | event total from the Maduo paper, not the ingested catalog",True
graphrag_pre|maduo_narrative|E14,graphrag_pre,maduo,narrative,E14,E,1121,none,0,,1,2021-05-22,,,,"Maduo Mw7.4 mainshock date (2021-05-22) lies before the catalog start | event total from the Maduo paper, not the ingested catalog",True
graphrag_pre|maduo_narrative|E15,graphrag_pre,maduo,narrative,E15,E,1316,none,0,,1,,,,,"Maduo Mw7.4 mainshock date (2021-05-22) lies before the catalog start | event total from the Maduo paper, not the ingested catalog",True
graphrag_pre|maduo_narrative|E16,graphrag_pre,maduo,narrative,E16,E,1065,none,0,,1,2021-05-22,,,,"Maduo Mw7.4 mainshock date (2021-05-22) lies before the catalog start | event total from the Maduo paper, not the ingested catalog",True
graphrag_pre|maduo_narrative|E17,graphrag_pre,maduo,narrative,E17,E,1014,none,2,8.6;9,1,2021-05-22,,,,"Maduo Mw7.4 mainshock date (2021-05-22) lies before the catalog start | event total from the Maduo paper, not the ingested catalog",True
graphrag_pre|maduo_narrative|E18,graphrag_pre,maduo,narrative,E18,E,875,none,0,,1,2021-05-22,,,,"Maduo Mw7.4 mainshock date (2021-05-22) lies before the catalog start | event total from the Maduo paper, not the ingested catalog",True
graphrag_pre|maduo_narrative|E19,graphrag_pre,maduo,narrative,E19,E,1080,none,1,9,1,2021-05-22,,,,"Maduo Mw7.4 mainshock date (2021-05-22) lies before the catalog start | event total from the Maduo paper, not the ingested catalog",True
graphrag_pre|maduo_narrative|E20,graphrag_pre,maduo,narrative,E20,E,1198,none,0,,1,2021-05-22,,,,Maduo Mw7.4 mainshock date (2021-05-22) lies before the catalog start,True
graphrag_post|qiaojia_only|A1,graphrag_post,qiaojia,only,A1,A,813,none,4,,1,,,,,,False
graphrag_post|qiaojia_only|A2,graphrag_post,qiaojia,only,A2,A,297,none,0,,3,,,,,,False
graphrag_post|qiaojia_only|A3,graphrag_post,qiaojia,only,A3,A,984,none,6,,1,,,,,,False
graphrag_post|qiaojia_only|A4,graphrag_post,qiaojia,only,A4,A,655,partial,1,,1,,,,,,False
graphrag_post|qiaojia_only|A5,graphrag_post,qiaojia,only,A5,A,1069,none,5,,4,,,,,,False
graphrag_post|qiaojia_only|A6,graphrag_post,qiaojia,only,A6,A,75,full,0,,0,,,,,,False
graphrag_post|qiaojia_only|A7,graphrag_post,qiaojia,only,A7,A,904,none,3,,1,,,,,,False
graphrag_post|qiaojia_only|A8,graphrag_post,qiaojia,only,A8,A,765,none,0,,3,,,,,,False
graphrag_post|qiaojia_only|A9,graphrag_post,qiaojia,only,A9,A,690,none,0,,1,,,,,,False
graphrag_post|qiaojia_only|A10,graphrag_post,qiaojia,only,A10,A,558,none,2,,3,,,,,,False
graphrag_post|qiaojia_only|A11,graphrag_post,qiaojia,only,A11,A,75,full,0,,0,,,,,,False
graphrag_post|qiaojia_only|A12,graphrag_post,qiaojia,only,A12,A,75,full,0,,0,,,,,,False
graphrag_post|qiaojia_only|A13,graphrag_post,qiaojia,only,A13,A,292,none,0,,2,,,,,,False
graphrag_post|qiaojia_only|A14,graphrag_post,qiaojia,only,A14,A,713,none,1,,2,,,,,,False
graphrag_post|qiaojia_only|A15,graphrag_post,qiaojia,only,A15,A,75,full,0,,0,,,,,,False
graphrag_post|qiaojia_only|A16,graphrag_post,qiaojia,only,A16,A,219,none,5,,3,,,,,,False
graphrag_post|qiaojia_only|A17,graphrag_post,qiaojia,only,A17,A,681,none,0,,0,,,,,,False
graphrag_post|qiaojia_only|A18,graphrag_post,qiaojia,only,A18,A,536,none,2,,1,,,,,,False
graphrag_post|qiaojia_only|A19,graphrag_post,qiaojia,only,A19,A,722,none,3,,0,,,,,,False
graphrag_post|qiaojia_only|A20,graphrag_post,qiaojia,only,A20,A,1216,none,1,,1,,,,,,False
graphrag_post|qiaojia_only|B1,graphrag_post,qiaojia,only,B1,B,266,none,0,,2,,,,,,False
graphrag_post|qiaojia_only|B2,graphrag_post,qiaojia,only,B2,B,299,none,4,,1,,,,,,False
graphrag_post|qiaojia_only|B3,graphrag_post,qiaojia,only,B3,B,385,none,5,,3,,,,,,False
graphrag_post|qiaojia_only|B4,graphrag_post,qiaojia,only,B4,B,433,none,2,,3,,,,,,False
graphrag_post|qiaojia_only|B5,graphrag_post,qiaojia,only,B5,B,75,full,0,,0,,,,,,False
graphrag_post|qiaojia_only|B6,graphrag_post,qiaojia,only,B6,B,566,none,0,,4,,,,,,False
graphrag_post|qiaojia_only|B7,graphrag_post,qiaojia,only,B7,B,304,none,1,,2,,,,,,False
graphrag_post|qiaojia_only|B8,graphrag_post,qiaojia,only,B8,B,513,partial,0,,3,,,,,,False
graphrag_post|qiaojia_only|B9,graphrag_post,qiaojia,only,B9,B,75,full,0,,0,,,,,,False
graphrag_post|qiaojia_only|B10,graphrag_post,qiaojia,only,B10,B,224,none,3,,1,,,,,,False
graphrag_post|qiaojia_only|B11,graphrag_post,qiaojia,only,B11,B,75,full,0,,0,,,,,,False
graphrag_post|qiaojia_only|B12,graphrag_post,qiaojia,only,B12,B,267,none,2,,0,,,,,,False
graphrag_post|qiaojia_only|B13,graphrag_post,qiaojia,only,B13,B,604,none,5,,4,,,,,,False
graphrag_post|qiaojia_only|B14,graphrag_post,qiaojia,only,B14,B,75,full,0,,0,,,,,,False
graphrag_post|qiaojia_only|B15,graphrag_post,qiaojia,only,B15,B,297,none,2,,1,,,,,,False
graphrag_post|qiaojia_only|B16,graphrag_post,qiaojia,only,B16,B,601,none,0,,0,,,,,,False
graphrag_post|qiaojia_only|B17,graphrag_post,qiaojia,only,B17,B,120,none,2,,2,,,,,,False
graphrag_post|qiaojia_only|B18,graphrag_post,qiaojia,only,B18,B,260,none,1,,0,,,,,,False
graphrag_post|qiaojia_only|B19,graphrag_post,qiaojia,only,B19,B,75,full,0,,0,,,,,,False
graphrag_post|qiaojia_only|B20,graphrag_post,qiaojia,only,B20,B,75,full,0,,0,,,,,,False
graphrag_post|qiaojia_only|C1,graphrag_post,qiaojia,only,C1,C,524,partial,0,,0,,,,,,False
graphrag_post|qiaojia_only|C2,graphrag_post,qiaojia,only,C2,C,538,none,5,,0,,,,,,False
graphrag_post|qiaojia_only|C3,graphrag_post,qiaojia,only,C3,C,477,none,0,,0,,,,,,False
graphrag_post|qiaojia_only|C4,graphrag_post,qiaojia,only,C4,C,223,none,0,,3,2021-03-15;2021-04-10;2021-05-22,,,,,True
graphrag_post|qiaojia_only|C5,graphrag_post,qiaojia,only,C5,C,83,full,0,,0,,,,,,False
graphrag_post|qiaojia_only|C6,graphrag_post,qiaojia,only,C6,C,196,partial,0,,0,,,,,,False
graphrag_post|qiaojia_only|C7,graphrag_post,qiaojia,only,C7,C,447,none,0,,0,,,,,,False
graphrag_post|qiaojia_only|C8,graphrag_post,qiaojia,only,C8,C,281,none,0,,0,,,,,,False
graphrag_post|qiaojia_only|C9,graphrag_post,qiaojia,only,C9,C,457,none,0,,0,,,,,,False
graphrag_post|qiaojia_only|C10,graphrag_post,qiaojia,only,C10,C,833,none,6,,1,,,,,,False
graphrag_post|qiaojia_only|C11,graphrag_post,qiaojia,only,C11,C,431,none,0,,0,,2019-05;2020-08,,,,True
graphrag_post|qiaojia_only|C12,graphrag_post,qiaojia,only,C12,C,182,partial,0,,0,,,,,,False
graphrag_post|qiaojia_only|C13,graphrag_post,qiaojia,only,C13,C,668,none,0,,0,,,,,latitude ~23 N is ~400 km south of the catalog,True
graphrag_post|qiaojia_only|C14,graphrag_post,qiaojia,only,C14,C,761,none,4,,1,,,,,,False
graphrag_post|qiaojia_only|C15,graphrag_post,qiaojia,only,C15,C,538,none,0,,0,,,25.6;25.7;25.8;25.9,,,True
graphrag_post|qiaojia_only|C16,graphrag_post,qiaojia,only,C16,C,456,partial,0,,0,,,,,,False
graphrag_post|qiaojia_only|C17,graphrag_post,qiaojia,only,C17,C,296,partial,0,,0,,,,,,False
graphrag_post|qiaojia_only|C18,graphrag_post,qiaojia,only,C18,C,107,full,0,,0,,,,,,False
graphrag_post|qiaojia_only|C19,graphrag_post,qiaojia,only,C19,C,758,none,0,,0,,,,,,False
graphrag_post|qiaojia_only|C20,graphrag_post,qiaojia,only,C20,C,642,none,2,,1,,,,,,False
graphrag_post|qiaojia_only|D1,graphrag_post,qiaojia,only,D1,D,75,full,0,,0,,,,,,False
graphrag_post|qiaojia_only|D2,graphrag_post,qiaojia,only,D2,D,75,full,0,,0,,,,,,False
graphrag_post|qiaojia_only|D3,graphrag_post,qiaojia,only,D3,D,75,full,0,,0,,,,,,False
graphrag_post|qiaojia_only|D4,graphrag_post,qiaojia,only,D4,D,75,full,0,,0,,,,,,False
graphrag_post|qiaojia_only|D5,graphrag_post,qiaojia,only,D5,D,75,full,0,,0,,,,,,False
graphrag_post|qiaojia_only|D6,graphrag_post,qiaojia,only,D6,D,75,full,0,,0,,,,,,False
graphrag_post|qiaojia_only|D7,graphrag_post,qiaojia,only,D7,D,75,full,0,,0,,,,,,False
graphrag_post|qiaojia_only|D8,graphrag_post,qiaojia,only,D8,D,75,full,0,,0,,,,,,False
graphrag_post|qiaojia_only|D9,graphrag_post,qiaojia,only,D9,D,75,full,0,,0,,,,,,False
graphrag_post|qiaojia_only|D10,graphrag_post,qiaojia,only,D10,D,75,full,0,,0,,,,,,False
graphrag_post|qiaojia_only|D11,graphrag_post,qiaojia,only,D11,D,75,full,0,,0,,,,,,False
graphrag_post|qiaojia_only|D12,graphrag_post,qiaojia,only,D12,D,75,full,0,,0,,,,,,False
graphrag_post|qiaojia_only|D13,graphrag_post,qiaojia,only,D13,D,75,full,0,,0,,,,,,False
graphrag_post|qiaojia_only|D14,graphrag_post,qiaojia,only,D14,D,803,none,2,,1,,,,,,False
graphrag_post|qiaojia_only|D15,graphrag_post,qiaojia,only,D15,D,75,full,0,,0,,,,,,False
graphrag_post|qiaojia_only|D16,graphrag_post,qiaojia,only,D16,D,75,full,0,,0,,,,,,False
graphrag_post|qiaojia_only|D17,graphrag_post,qiaojia,only,D17,D,75,full,0,,0,,,,,,False
graphrag_post|qiaojia_only|D18,graphrag_post,qiaojia,only,D18,D,75,full,0,,0,,,,,,False
graphrag_post|qiaojia_only|D19,graphrag_post,qiaojia,only,D19,D,715,none,0,,2,,,,,,False
graphrag_post|qiaojia_only|D20,graphrag_post,qiaojia,only,D20,D,75,full,0,,0,,,,,,False
graphrag_post|qiaojia_only|E1,graphrag_post,qiaojia,only,E1,E,695,none,2,,0,,,,,,False
graphrag_post|qiaojia_only|E2,graphrag_post,qiaojia,only,E2,E,644,none,0,,1,,,,,,False
graphrag_post|qiaojia_only|E3,graphrag_post,qiaojia,only,E3,E,420,none,0,,1,,,,,,False
graphrag_post|qiaojia_only|E4,graphrag_post,qiaojia,only,E4,E,616,none,3,,1,,,,,,False
graphrag_post|qiaojia_only|E5,graphrag_post,qiaojia,only,E5,E,786,none,5,,3,,,,,,False
graphrag_post|qiaojia_only|E6,graphrag_post,qiaojia,only,E6,E,75,full,0,,0,,,,,,False
graphrag_post|qiaojia_only|E7,graphrag_post,qiaojia,only,E7,E,75,full,0,,0,,,,,,False
graphrag_post|qiaojia_only|E8,graphrag_post,qiaojia,only,E8,E,534,none,6,,3,,,,,,False
graphrag_post|qiaojia_only|E9,graphrag_post,qiaojia,only,E9,E,307,partial,1,,1,,,,,,False
graphrag_post|qiaojia_only|E10,graphrag_post,qiaojia,only,E10,E,734,none,4,,3,,,,,,False
graphrag_post|qiaojia_only|E11,graphrag_post,qiaojia,only,E11,E,75,full,0,,0,,,,,,False
graphrag_post|qiaojia_only|E12,graphrag_post,qiaojia,only,E12,E,510,none,0,,1,,,,,,False
graphrag_post|qiaojia_only|E13,graphrag_post,qiaojia,only,E13,E,443,none,0,,2,,,,,,False
graphrag_post|qiaojia_only|E14,graphrag_post,qiaojia,only,E14,E,615,none,2,,2,,,,,,False
graphrag_post|qiaojia_only|E15,graphrag_post,qiaojia,only,E15,E,641,partial,6,,0,,,,,,False
graphrag_post|qiaojia_only|E16,graphrag_post,qiaojia,only,E16,E,735,none,6,,1,,,,,,False
graphrag_post|qiaojia_only|E17,graphrag_post,qiaojia,only,E17,E,75,full,0,,0,,,,,,False
graphrag_post|qiaojia_only|E18,graphrag_post,qiaojia,only,E18,E,984,none,6,,4,,,,,,False
graphrag_post|qiaojia_only|E19,graphrag_post,qiaojia,only,E19,E,433,none,3,,1,,,,,,False
graphrag_post|qiaojia_only|E20,graphrag_post,qiaojia,only,E20,E,646,none,1,,0,,,,,,False
graphrag_post|qiaojia_narrative|A1,graphrag_post,qiaojia,narrative,A1,A,881,none,2,,1,,,,,,False
graphrag_post|qiaojia_narrative|A2,graphrag_post,qiaojia,narrative,A2,A,291,none,0,,2,,,,,,False
graphrag_post|qiaojia_narrative|A3,graphrag_post,qiaojia,narrative,A3,A,929,none,2,,1,,,,,,False
graphrag_post|qiaojia_narrative|A4,graphrag_post,qiaojia,narrative,A4,A,812,none,6,,0,,,,,,False
graphrag_post|qiaojia_narrative|A5,graphrag_post,qiaojia,narrative,A5,A,555,none,4,,2,,,,,,False
graphrag_post|qiaojia_narrative|A6,graphrag_post,qiaojia,narrative,A6,A,75,full,0,,0,,,,,,False
graphrag_post|qiaojia_narrative|A7,graphrag_post,qiaojia,narrative,A7,A,868,none,4,,2,,,,,,False
graphrag_post|qiaojia_narrative|A8,graphrag_post,qiaojia,narrative,A8,A,644,none,0,,2,,,,,,False
graphrag_post|qiaojia_narrative|A9,graphrag_post,qiaojia,narrative,A9,A,488,none,0,,2,,,,,,False
graphrag_post|qiaojia_narrative|A10,graphrag_post,qiaojia,narrative,A10,A,516,none,5,,2,,,,,,False
graphrag_post|qiaojia_narrative|A11,graphrag_post,qiaojia,narrative,A11,A,832,partial,4,,1,,,,,,False
graphrag_post|qiaojia_narrative|A12,graphrag_post,qiaojia,narrative,A12,A,75,full,0,,0,,,,,,False
graphrag_post|qiaojia_narrative|A13,graphrag_post,qiaojia,narrative,A13,A,305,none,0,,2,,,,,,False
graphrag_post|qiaojia_narrative|A14,graphrag_post,qiaojia,narrative,A14,A,337,none,0,,2,,,,,,False
graphrag_post|qiaojia_narrative|A15,graphrag_post,qiaojia,narrative,A15,A,469,none,0,,1,,,,,,False
graphrag_post|qiaojia_narrative|A16,graphrag_post,qiaojia,narrative,A16,A,111,none,0,,0,,,,,,False
graphrag_post|qiaojia_narrative|A17,graphrag_post,qiaojia,narrative,A17,A,648,none,0,,2,,,,,,False
graphrag_post|qiaojia_narrative|A18,graphrag_post,qiaojia,narrative,A18,A,472,none,1,,2,,,,,,False
graphrag_post|qiaojia_narrative|A19,graphrag_post,qiaojia,narrative,A19,A,718,none,4,,1,,,,,,False
graphrag_post|qiaojia_narrative|A20,graphrag_post,qiaojia,narrative,A20,A,1126,none,2,,2,,,,,,False
graphrag_post|qiaojia_narrative|B1,graphrag_post,qiaojia,narrative,B1,B,119,none,0,,1,,,,,,False
graphrag_post|qiaojia_narrative|B2,graphrag_post,qiaojia,narrative,B2,B,336,none,3,,1,,,1.70629,,,True
graphrag_post|qiaojia_narrative|B3,graphrag_post,qiaojia,narrative,B3,B,397,none,5,,2,,,,,,False
graphrag_post|qiaojia_narrative|B4,graphrag_post,qiaojia,narrative,B4,B,445,none,0,,2,,,,,,False
graphrag_post|qiaojia_narrative|B5,graphrag_post,qiaojia,narrative,B5,B,75,full,0,,0,,,,,,False
graphrag_post|qiaojia_narrative|B6,graphrag_post,qiaojia,narrative,B6,B,362,none,0,,2,,,,,,False
graphrag_post|qiaojia_narrative|B7,graphrag_post,qiaojia,narrative,B7,B,109,full,0,,0,,,,,,False
graphrag_post|qiaojia_narrative|B8,graphrag_post,qiaojia,narrative,B8,B,512,none,0,,2,,,1.70629,,,True
graphrag_post|qiaojia_narrative|B9,graphrag_post,qiaojia,narrative,B9,B,75,full,0,,0,,,,,,False
graphrag_post|qiaojia_narrative|B10,graphrag_post,qiaojia,narrative,B10,B,75,full,0,,0,,,,,,False
graphrag_post|qiaojia_narrative|B11,graphrag_post,qiaojia,narrative,B11,B,305,partial,0,,2,,,,,,False
graphrag_post|qiaojia_narrative|B12,graphrag_post,qiaojia,narrative,B12,B,289,none,2,,0,,,,,,False
graphrag_post|qiaojia_narrative|B13,graphrag_post,qiaojia,narrative,B13,B,629,none,5,,2,,,1.70629,,,True
graphrag_post|qiaojia_narrative|B14,graphrag_post,qiaojia,narrative,B14,B,75,full,0,,0,,,,,,False
graphrag_post|qiaojia_narrative|B15,graphrag_post,qiaojia,narrative,B15,B,409,none,2,,2,,,,,,False
graphrag_post|qiaojia_narrative|B16,graphrag_post,qiaojia,narrative,B16,B,555,none,0,,0,,,,,,False
graphrag_post|qiaojia_narrative|B17,graphrag_post,qiaojia,narrative,B17,B,124,none,0,,1,,,,,,False
graphrag_post|qiaojia_narrative|B18,graphrag_post,qiaojia,narrative,B18,B,238,none,0,,1,,,,,,False
graphrag_post|qiaojia_narrative|B19,graphrag_post,qiaojia,narrative,B19,B,75,full,0,,0,,,,,,False
graphrag_post|qiaojia_narrative|B20,graphrag_post,qiaojia,narrative,B20,B,75,full,0,,0,,,,,,False
graphrag_post|qiaojia_narrative|C1,graphrag_post,qiaojia,narrative,C1,C,396,partial,0,,0,,,,,,False
graphrag_post|qiaojia_narrative|C2,graphrag_post,qiaojia,narrative,C2,C,395,none,4,,0,,,,,,False
graphrag_post|qiaojia_narrative|C3,graphrag_post,qiaojia,narrative,C3,C,484,none,0,,0,,,,,,False
graphrag_post|qiaojia_narrative|C4,graphrag_post,qiaojia,narrative,C4,C,222,none,0,,3,2021-03-22;2021-04-15;2021-05-10,,,,,True
graphrag_post|qiaojia_narrative|C5,graphrag_post,qiaojia,narrative,C5,C,83,full,0,,0,,,,,,False
graphrag_post|qiaojia_narrative|C6,graphrag_post,qiaojia,narrative,C6,C,197,partial,0,,0,,,,,,False
graphrag_post|qiaojia_narrative|C7,graphrag_post,qiaojia,narrative,C7,C,390,partial,0,,0,,,,,,False
graphrag_post|qiaojia_narrative|C8,graphrag_post,qiaojia,narrative,C8,C,453,none,0,,3,,,,,,False
graphrag_post|qiaojia_narrative|C9,graphrag_post,qiaojia,narrative,C9,C,406,none,0,,0,,,,,,False
graphrag_post|qiaojia_narrative|C10,graphrag_post,qiaojia,narrative,C10,C,183,partial,0,,0,,,,,,False
graphrag_post|qiaojia_narrative|C11,graphrag_post,qiaojia,narrative,C11,C,442,none,0,,0,,2019-05;2020-08,,,,True
graphrag_post|qiaojia_narrative|C12,graphrag_post,qiaojia,narrative,C12,C,179,partial,0,,0,,,,,,False
graphrag_post|qiaojia_narrative|C13,graphrag_post,qiaojia,narrative,C13,C,751,none,0,,0,,,,,latitude ~23 N is ~400 km south of the catalog,True
graphrag_post|qiaojia_narrative|C14,graphrag_post,qiaojia,narrative,C14,C,567,none,2,5;5.1,0,,,,,,True
graphrag_post|qiaojia_narrative|C15,graphrag_post,qiaojia,narrative,C15,C,540,none,0,,0,,,25.5;25.6;25.7;25.8,,,True
graphrag_post|qiaojia_narrative|C16,graphrag_post,qiaojia,narrative,C16,C,447,partial,0,,0,,,,,,False
graphrag_post|qiaojia_narrative|C17,graphrag_post,qiaojia,narrative,C17,C,299,partial,0,,0,,,,,,False
graphrag_post|qiaojia_narrative|C18,graphrag_post,qiaojia,narrative,C18,C,107,full,0,,0,,,,,,False
graphrag_post|qiaojia_narrative|C19,graphrag_post,qiaojia,narrative,C19,C,485,partial,0,,0,,,,,,False
graphrag_post|qiaojia_narrative|C20,graphrag_post,qiaojia,narrative,C20,C,579,none,0,,0,,,,,,False
graphrag_post|qiaojia_narrative|D1,graphrag_post,qiaojia,narrative,D1,D,75,full,0,,0,,,,,,False
graphrag_post|qiaojia_narrative|D2,graphrag_post,qiaojia,narrative,D2,D,75,full,0,,0,,,,,,False
graphrag_post|qiaojia_narrative|D3,graphrag_post,qiaojia,narrative,D3,D,75,full,0,,0,,,,,,False
graphrag_post|qiaojia_narrative|D4,graphrag_post,qiaojia,narrative,D4,D,75,full,0,,0,,,,,,False
graphrag_post|qiaojia_narrative|D5,graphrag_post,qiaojia,narrative,D5,D,75,full,0,,0,,,,,,False
graphrag_post|qiaojia_narrative|D6,graphrag_post,qiaojia,narrative,D6,D,75,full,0,,0,,,,,,False
graphrag_post|qiaojia_narrative|D7,graphrag_post,qiaojia,narrative,D7,D,75,full,0,,0,,,,,,False
graphrag_post|qiaojia_narrative|D8,graphrag_post,qiaojia,narrative,D8,D,75,full,0,,0,,,,,,False
graphrag_post|qiaojia_narrative|D9,graphrag_post,qiaojia,narrative,D9,D,75,full,0,,0,,,,,,False
graphrag_post|qiaojia_narrative|D10,graphrag_post,qiaojia,narrative,D10,D,75,full,0,,0,,,,,,False
graphrag_post|qiaojia_narrative|D11,graphrag_post,qiaojia,narrative,D11,D,75,full,0,,0,,,,,,False
graphrag_post|qiaojia_narrative|D12,graphrag_post,qiaojia,narrative,D12,D,75,full,0,,0,,,,,,False
graphrag_post|qiaojia_narrative|D13,graphrag_post,qiaojia,narrative,D13,D,75,full,0,,0,,,,,,False
graphrag_post|qiaojia_narrative|D14,graphrag_post,qiaojia,narrative,D14,D,986,none,4,,1,,,,,,False
graphrag_post|qiaojia_narrative|D15,graphrag_post,qiaojia,narrative,D15,D,75,full,0,,0,,,,,,False
graphrag_post|qiaojia_narrative|D16,graphrag_post,qiaojia,narrative,D16,D,75,full,0,,0,,,,,,False
graphrag_post|qiaojia_narrative|D17,graphrag_post,qiaojia,narrative,D17,D,75,full,0,,0,,,,,,False
graphrag_post|qiaojia_narrative|D18,graphrag_post,qiaojia,narrative,D18,D,75,full,0,,0,,,,,,False
graphrag_post|qiaojia_narrative|D19,graphrag_post,qiaojia,narrative,D19,D,622,none,0,,2,,,,,,False
graphrag_post|qiaojia_narrative|D20,graphrag_post,qiaojia,narrative,D20,D,75,full,0,,0,,,,,,False
graphrag_post|qiaojia_narrative|E1,graphrag_post,qiaojia,narrative,E1,E,571,none,0,,0,,,,,,False
graphrag_post|qiaojia_narrative|E2,graphrag_post,qiaojia,narrative,E2,E,615,none,0,,1,,,,,,False
graphrag_post|qiaojia_narrative|E3,graphrag_post,qiaojia,narrative,E3,E,336,none,0,,1,,,,,,False
graphrag_post|qiaojia_narrative|E4,graphrag_post,qiaojia,narrative,E4,E,737,none,2,,1,,,,,,False
graphrag_post|qiaojia_narrative|E5,graphrag_post,qiaojia,narrative,E5,E,584,none,2,,1,,,,,,False
graphrag_post|qiaojia_narrative|E6,graphrag_post,qiaojia,narrative,E6,E,75,full,0,,0,,,,,,False
graphrag_post|qiaojia_narrative|E7,graphrag_post,qiaojia,narrative,E7,E,418,none,0,,2,,,,,,False
graphrag_post|qiaojia_narrative|E8,graphrag_post,qiaojia,narrative,E8,E,467,none,3,,2,,,,,,False
graphrag_post|qiaojia_narrative|E9,graphrag_post,qiaojia,narrative,E9,E,391,partial,2,,1,,,,,,False
graphrag_post|qiaojia_narrative|E10,graphrag_post,qiaojia,narrative,E10,E,974,none,0,,1,,,,,,False
graphrag_post|qiaojia_narrative|E11,graphrag_post,qiaojia,narrative,E11,E,480,none,0,,1,,,,,,False
graphrag_post|qiaojia_narrative|E12,graphrag_post,qiaojia,narrative,E12,E,584,none,0,,2,,,,,,False
graphrag_post|qiaojia_narrative|E13,graphrag_post,qiaojia,narrative,E13,E,441,none,0,,1,,,,,,False
graphrag_post|qiaojia_narrative|E14,graphrag_post,qiaojia,narrative,E14,E,720,none,0,,1,,,,,,False
graphrag_post|qiaojia_narrative|E15,graphrag_post,qiaojia,narrative,E15,E,876,none,6,,1,,,,,,False
graphrag_post|qiaojia_narrative|E16,graphrag_post,qiaojia,narrative,E16,E,612,none,2,,2,,,,,,False
graphrag_post|qiaojia_narrative|E17,graphrag_post,qiaojia,narrative,E17,E,334,partial,4,,1,,,,,,False
graphrag_post|qiaojia_narrative|E18,graphrag_post,qiaojia,narrative,E18,E,75,full,0,,0,,,,,,False
graphrag_post|qiaojia_narrative|E19,graphrag_post,qiaojia,narrative,E19,E,526,none,4,,2,,,,,,False
graphrag_post|qiaojia_narrative|E20,graphrag_post,qiaojia,narrative,E20,E,695,none,0,,0,,,,,,False
graphrag_post|ridgecrest_only|A1,graphrag_post,ridgecrest,only,A1,A,1066,none,2,,1,,,,,,False
graphrag_post|ridgecrest_only|A2,graphrag_post,ridgecrest,only,A2,A,466,none,2,,1,,,,,,False
graphrag_post|ridgecrest_only|A3,graphrag_post,ridgecrest,only,A3,A,1052,none,0,,1,,,,,,False
graphrag_post|ridgecrest_only|A4,graphrag_post,ridgecrest,only,A4,A,797,none,4,,1,,,,,,False
graphrag_post|ridgecrest_only|A5,graphrag_post,ridgecrest,only,A5,A,764,none,3,,0,,,,,,False
graphrag_post|ridgecrest_only|A6,graphrag_post,ridgecrest,only,A6,A,654,none,0,,1,,,,,,False
graphrag_post|ridgecrest_only|A7,graphrag_post,ridgecrest,only,A7,A,777,none,2,,1,,,,,,False
graphrag_post|ridgecrest_only|A8,graphrag_post,ridgecrest,only,A8,A,804,none,0,,0,,,,,,False
graphrag_post|ridgecrest_only|A9,graphrag_post,ridgecrest,only,A9,A,647,none,0,,0,,,,,,False
graphrag_post|ridgecrest_only|A10,graphrag_post,ridgecrest,only,A10,A,658,none,2,,0,,,,,,False
graphrag_post|ridgecrest_only|A11,graphrag_post,ridgecrest,only,A11,A,781,none,0,,1,,,,,,False
graphrag_post|ridgecrest_only|A12,graphrag_post,ridgecrest,only,A12,A,1149,none,0,,1,,,,,,False
graphrag_post|ridgecrest_only|A13,graphrag_post,ridgecrest,only,A13,A,348,none,0,,1,,,,,,False
graphrag_post|ridgecrest_only|A14,graphrag_post,ridgecrest,only,A14,A,783,none,0,,1,,,,,,False
graphrag_post|ridgecrest_only|A15,graphrag_post,ridgecrest,only,A15,A,585,none,0,,1,,,,,,False
graphrag_post|ridgecrest_only|A16,graphrag_post,ridgecrest,only,A16,A,222,none,2,,1,,,,,,False
graphrag_post|ridgecrest_only|A17,graphrag_post,ridgecrest,only,A17,A,970,none,2,,0,,,,,,False
graphrag_post|ridgecrest_only|A18,graphrag_post,ridgecrest,only,A18,A,772,none,3,,1,,,,,,False
graphrag_post|ridgecrest_only|A19,graphrag_post,ridgecrest,only,A19,A,657,none,6,,1,,,,,,False
graphrag_post|ridgecrest_only|A20,graphrag_post,ridgecrest,only,A20,A,1100,none,1,,1,,,,,,False
graphrag_post|ridgecrest_only|B1,graphrag_post,ridgecrest,only,B1,B,445,none,0,,0,,,,,,False
graphrag_post|ridgecrest_only|B2,graphrag_post,ridgecrest,only,B2,B,353,none,1,,1,,,,,,False
graphrag_post|ridgecrest_only|B3,graphrag_post,ridgecrest,only,B3,B,441,none,5,,1,,,,,,False
graphrag_post|ridgecrest_only|B4,graphrag_post,ridgecrest,only,B4,B,454,none,0,,1,,,,,,False
graphrag_post|ridgecrest_only|B5,graphrag_post,ridgecrest,only,B5,B,356,none,0,,0,,,,,,False
graphrag_post|ridgecrest_only|B6,graphrag_post,ridgecrest,only,B6,B,75,full,0,,0,,,,,,False
graphrag_post|ridgecrest_only|B7,graphrag_post,ridgecrest,only,B7,B,302,none,0,,1,,,,,,False
graphrag_post|ridgecrest_only|B8,graphrag_post,ridgecrest,only,B8,B,507,none,5,,1,,,,,,False
graphrag_post|ridgecrest_only|B9,graphrag_post,ridgecrest,only,B9,B,215,partial,0,,1,,,,,,False
graphrag_post|ridgecrest_only|B10,graphrag_post,ridgecrest,only,B10,B,301,none,0,,0,,,,,,False
graphrag_post|ridgecrest_only|B11,graphrag_post,ridgecrest,only,B11,B,75,full,0,,0,,,,,,False
graphrag_post|ridgecrest_only|B12,graphrag_post,ridgecrest,only,B12,B,360,none,1,,0,,,,,,False
graphrag_post|ridgecrest_only|B13,graphrag_post,ridgecrest,only,B13,B,751,none,5,,1,,,,,,False
graphrag_post|ridgecrest_only|B14,graphrag_post,ridgecrest,only,B14,B,499,none,6,,0,,,,,,False
graphrag_post|ridgecrest_only|B15,graphrag_post,ridgecrest,only,B15,B,579,none,2,,0,,,,,,False
graphrag_post|ridgecrest_only|B16,graphrag_post,ridgecrest,only,B16,B,803,none,0,,0,,,,,,False
graphrag_post|ridgecrest_only|B17,graphrag_post,ridgecrest,only,B17,B,716,none,10,1,1,,,,,,True
graphrag_post|ridgecrest_only|B18,graphrag_post,ridgecrest,only,B18,B,427,none,0,,0,,,,,,False
graphrag_post|ridgecrest_only|B19,graphrag_post,ridgecrest,only,B19,B,305,partial,0,,0,,,,,,False
graphrag_post|ridgecrest_only|B20,graphrag_post,ridgecrest,only,B20,B,185,none,0,,0,,,,,,False
graphrag_post|ridgecrest_only|C1,graphrag_post,ridgecrest,only,C1,C,840,none,2,,1,,,,,,False
graphrag_post|ridgecrest_only|C2,graphrag_post,ridgecrest,only,C2,C,654,none,3,,1,,,,,,False
graphrag_post|ridgecrest_only|C3,graphrag_post,ridgecrest,only,C3,C,830,none,6,,1,,,,,,False
graphrag_post|ridgecrest_only|C4,graphrag_post,ridgecrest,only,C4,C,704,none,5,,1,,,,,,False
graphrag_post|ridgecrest_only|C5,graphrag_post,ridgecrest,only,C5,C,1019,none,13,,1,,,,,,False
graphrag_post|ridgecrest_only|C6,graphrag_post,ridgecrest,only,C6,C,746,none,5,,1,,,,,,False
graphrag_post|ridgecrest_only|C7,graphrag_post,ridgecrest,only,C7,C,531,partial,0,,1,,,,,,False
graphrag_post|ridgecrest_only|C8,graphrag_post,ridgecrest,only,C8,C,675,partial,0,,1,,,,,,False
graphrag_post|ridgecrest_only|C9,graphrag_post,ridgecrest,only,C9,C,990,none,9,,1,,,,,,False
graphrag_post|ridgecrest_only|C10,graphrag_post,ridgecrest,only,C10,C,757,none,5,,1,,,,,,False
graphrag_post|ridgecrest_only|C11,graphrag_post,ridgecrest,only,C11,C,789,none,3,,1,,,,,,False
graphrag_post|ridgecrest_only|C12,graphrag_post,ridgecrest,only,C12,C,780,none,1,,1,,,,,,False
graphrag_post|ridgecrest_only|C13,graphrag_post,ridgecrest,only,C13,C,497,none,0,,1,,,,,M7.1 mainshock misdated to 2019-07-05 (true: 2019-07-06 UTC),True
graphrag_post|ridgecrest_only|C14,graphrag_post,ridgecrest,only,C14,C,706,none,0,,1,,,,,,False
graphrag_post|ridgecrest_only|C15,graphrag_post,ridgecrest,only,C15,C,645,none,0,,4,,,,117.6;117.61;117.62;117.63,M7.1 mainshock misdated to 2019-07-05 (true: 2019-07-06 UTC),True
graphrag_post|ridgecrest_only|C16,graphrag_post,ridgecrest,only,C16,C,659,none,2,,1,,,,,,False
graphrag_post|ridgecrest_only|C17,graphrag_post,ridgecrest,only,C17,C,1831,none,0,,1,,,,,,False
graphrag_post|ridgecrest_only|C18,graphrag_post,ridgecrest,only,C18,C,709,none,0,,1,,,,,,False
graphrag_post|ridgecrest_only|C19,graphrag_post,ridgecrest,only,C19,C,716,none,4,,1,,,,,,False
graphrag_post|ridgecrest_only|C20,graphrag_post,ridgecrest,only,C20,C,626,none,0,,1,,,,,,False
graphrag_post|ridgecrest_only|D1,graphrag_post,ridgecrest,only,D1,D,75,full,0,,0,,,,,,False
graphrag_post|ridgecrest_only|D2,graphrag_post,ridgecrest,only,D2,D,75,full,0,,0,,,,,,False
graphrag_post|ridgecrest_only|D3,graphrag_post,ridgecrest,only,D3,D,75,full,0,,0,,,,,,False
graphrag_post|ridgecrest_only|D4,graphrag_post,ridgecrest,only,D4,D,688,partial,2,,1,,,,,,False
graphrag_post|ridgecrest_only|D5,graphrag_post,ridgecrest,only,D5,D,75,full,0,,0,,,,,,False
graphrag_post|ridgecrest_only|D6,graphrag_post,ridgecrest,only,D6,D,75,full,0,,0,,,,,,False
graphrag_post|ridgecrest_only|D7,graphrag_post,ridgecrest,only,D7,D,75,full,0,,0,,,,,,False
graphrag_post|ridgecrest_only|D8,graphrag_post,ridgecrest,only,D8,D,475,partial,1,,1,,,,,,False
graphrag_post|ridgecrest_only|D9,graphrag_post,ridgecrest,only,D9,D,75,full,0,,0,,,,,,False
graphrag_post|ridgecrest_only|D10,graphrag_post,ridgecrest,only,D10,D,75,full,0,,0,,,,,,False
graphrag_post|ridgecrest_only|D11,graphrag_post,ridgecrest,only,D11,D,75,full,0,,0,,,,,,False
graphrag_post|ridgecrest_only|D12,graphrag_post,ridgecrest,only,D12,D,75,full,0,,0,,,,,,False
graphrag_post|ridgecrest_only|D13,graphrag_post,ridgecrest,only,D13,D,973,none,1,,1,,,,,,False
graphrag_post|ridgecrest_only|D14,graphrag_post,ridgecrest,only,D14,D,903,none,1,,1,,,,,,False
graphrag_post|ridgecrest_only|D15,graphrag_post,ridgecrest,only,D15,D,75,full,0,,0,,,,,,False
graphrag_post|ridgecrest_only|D16,graphrag_post,ridgecrest,only,D16,D,75,full,0,,0,,,,,,False
graphrag_post|ridgecrest_only|D17,graphrag_post,ridgecrest,only,D17,D,794,none,0,,0,,,,,,False
graphrag_post|ridgecrest_only|D18,graphrag_post,ridgecrest,only,D18,D,75,full,0,,0,,,,,,False
graphrag_post|ridgecrest_only|D19,graphrag_post,ridgecrest,only,D19,D,867,none,0,,0,,,,,,False
graphrag_post|ridgecrest_only|D20,graphrag_post,ridgecrest,only,D20,D,75,full,0,,0,,,,,,False
graphrag_post|ridgecrest_only|E1,graphrag_post,ridgecrest,only,E1,E,795,none,4,,0,,,,,,False
graphrag_post|ridgecrest_only|E2,graphrag_post,ridgecrest,only,E2,E,808,partial,0,,1,,,,,,False
graphrag_post|ridgecrest_only|E3,graphrag_post,ridgecrest,only,E3,E,585,none,2,,1,,,,,,False
graphrag_post|ridgecrest_only|E4,graphrag_post,ridgecrest,only,E4,E,668,partial,2,,1,,,,,,False
graphrag_post|ridgecrest_only|E5,graphrag_post,ridgecrest,only,E5,E,641,none,4,,1,,,,,,False
graphrag_post|ridgecrest_only|E6,graphrag_post,ridgecrest,only,E6,E,2738,none,0,,0,,,,,,False
graphrag_post|ridgecrest_only|E7,graphrag_post,ridgecrest,only,E7,E,676,none,0,,0,,,,,,False
graphrag_post|ridgecrest_only|E8,graphrag_post,ridgecrest,only,E8,E,834,none,8,,1,,,,,,False
graphrag_post|ridgecrest_only|E9,graphrag_post,ridgecrest,only,E9,E,419,partial,2,,1,,,,,,False
graphrag_post|ridgecrest_only|E10,graphrag_post,ridgecrest,only,E10,E,1117,none,2,,1,,,,,,False
graphrag_post|ridgecrest_only|E11,graphrag_post,ridgecrest,only,E11,E,878,partial,4,,1,,,,,,False
graphrag_post|ridgecrest_only|E12,graphrag_post,ridgecrest,only,E12,E,857,none,4,,0,,,,,,False
graphrag_post|ridgecrest_only|E13,graphrag_post,ridgecrest,only,E13,E,790,none,0,,1,,,,,,False
graphrag_post|ridgecrest_only|E14,graphrag_post,ridgecrest,only,E14,E,1037,none,4,,1,,,,,,False
graphrag_post|ridgecrest_only|E15,graphrag_post,ridgecrest,only,E15,E,809,partial,2,,1,,,,,,False
graphrag_post|ridgecrest_only|E16,graphrag_post,ridgecrest,only,E16,E,938,none,5,,1,,,,,,False
graphrag_post|ridgecrest_only|E17,graphrag_post,ridgecrest,only,E17,E,603,partial,0,,0,,,,,,False
graphrag_post|ridgecrest_only|E18,graphrag_post,ridgecrest,only,E18,E,868,none,2,,1,,,,,,False
graphrag_post|ridgecrest_only|E19,graphrag_post,ridgecrest,only,E19,E,337,partial,2,,1,,,,,,False
graphrag_post|ridgecrest_only|E20,graphrag_post,ridgecrest,only,E20,E,945,none,3,,1,,,,,,False
graphrag_post|ridgecrest_narrative|A1,graphrag_post,ridgecrest,narrative,A1,A,1001,none,2,,0,,,,,,False
graphrag_post|ridgecrest_narrative|A2,graphrag_post,ridgecrest,narrative,A2,A,507,none,0,,1,,,,,,False
graphrag_post|ridgecrest_narrative|A3,graphrag_post,ridgecrest,narrative,A3,A,942,none,2,,0,,,,,,False
graphrag_post|ridgecrest_narrative|A4,graphrag_post,ridgecrest,narrative,A4,A,843,partial,3,,1,,,,,,False
graphrag_post|ridgecrest_narrative|A5,graphrag_post,ridgecrest,narrative,A5,A,820,none,2,,1,,,,,,False
graphrag_post|ridgecrest_narrative|A6,graphrag_post,ridgecrest,narrative,A6,A,394,none,0,,1,,,,,,False
graphrag_post|ridgecrest_narrative|A7,graphrag_post,ridgecrest,narrative,A7,A,889,none,2,,1,,,,,,False
graphrag_post|ridgecrest_narrative|A8,graphrag_post,ridgecrest,narrative,A8,A,976,none,0,,0,,,,,,False
graphrag_post|ridgecrest_narrative|A9,graphrag_post,ridgecrest,narrative,A9,A,563,none,0,,0,,,,,,False
graphrag_post|ridgecrest_narrative|A10,graphrag_post,ridgecrest,narrative,A10,A,550,none,2,,0,,,,,,False
graphrag_post|ridgecrest_narrative|A11,graphrag_post,ridgecrest,narrative,A11,A,730,none,4,,1,,,,,,False
graphrag_post|ridgecrest_narrative|A12,graphrag_post,ridgecrest,narrative,A12,A,911,none,0,,0,,,,,,False
graphrag_post|ridgecrest_narrative|A13,graphrag_post,ridgecrest,narrative,A13,A,764,none,0,,1,,,,,,False
graphrag_post|ridgecrest_narrative|A14,graphrag_post,ridgecrest,narrative,A14,A,639,none,1,,1,,,,,,False
graphrag_post|ridgecrest_narrative|A15,graphrag_post,ridgecrest,narrative,A15,A,471,none,0,,0,,,,,,False
graphrag_post|ridgecrest_narrative|A16,graphrag_post,ridgecrest,narrative,A16,A,348,none,2,,1,,,,,,False
graphrag_post|ridgecrest_narrative|A17,graphrag_post,ridgecrest,narrative,A17,A,872,none,0,,0,,,,,,False
graphrag_post|ridgecrest_narrative|A18,graphrag_post,ridgecrest,narrative,A18,A,828,none,4,,1,,,,,,False
graphrag_post|ridgecrest_narrative|A19,graphrag_post,ridgecrest,narrative,A19,A,791,none,3,,1,,,,,,False
graphrag_post|ridgecrest_narrative|A20,graphrag_post,ridgecrest,narrative,A20,A,955,none,2,,0,,,,,,False
graphrag_post|ridgecrest_narrative|B1,graphrag_post,ridgecrest,narrative,B1,B,204,none,0,,0,,,,,,False
graphrag_post|ridgecrest_narrative|B2,graphrag_post,ridgecrest,narrative,B2,B,548,none,5,,1,,,,,,False
graphrag_post|ridgecrest_narrative|B3,graphrag_post,ridgecrest,narrative,B3,B,423,none,5,,1,,,,,,False
graphrag_post|ridgecrest_narrative|B4,graphrag_post,ridgecrest,narrative,B4,B,364,none,2,,0,,,,,,False
graphrag_post|ridgecrest_narrative|B5,graphrag_post,ridgecrest,narrative,B5,B,178,none,0,,0,,,,,,False
graphrag_post|ridgecrest_narrative|B6,graphrag_post,ridgecrest,narrative,B6,B,75,full,0,,0,,,,,,False
graphrag_post|ridgecrest_narrative|B7,graphrag_post,ridgecrest,narrative,B7,B,343,none,0,,1,,,,,,False
graphrag_post|ridgecrest_narrative|B8,graphrag_post,ridgecrest,narrative,B8,B,647,none,0,,1,,,,,,False
graphrag_post|ridgecrest_narrative|B9,graphrag_post,ridgecrest,narrative,B9,B,240,partial,0,,0,,,,,,False
graphrag_post|ridgecrest_narrative|B10,graphrag_post,ridgecrest,narrative,B10,B,287,none,0,,0,,,,,,False
graphrag_post|ridgecrest_narrative|B11,graphrag_post,ridgecrest,narrative,B11,B,163,partial,0,,0,,,,,,False
graphrag_post|ridgecrest_narrative|B12,graphrag_post,ridgecrest,narrative,B12,B,266,none,1,,0,,,,,,False
graphrag_post|ridgecrest_narrative|B13,graphrag_post,ridgecrest,narrative,B13,B,774,partial,5,,1,,,,,,False
graphrag_post|ridgecrest_narrative|B14,graphrag_post,ridgecrest,narrative,B14,B,364,none,0,,0,,,,,,False
graphrag_post|ridgecrest_narrative|B15,graphrag_post,ridgecrest,narrative,B15,B,630,none,0,,0,,,,,,False
graphrag_post|ridgecrest_narrative|B16,graphrag_post,ridgecrest,narrative,B16,B,75,full,0,,0,,,,,,False
graphrag_post|ridgecrest_narrative|B17,graphrag_post,ridgecrest,narrative,B17,B,613,none,0,,0,,,,,,False
graphrag_post|ridgecrest_narrative|B18,graphrag_post,ridgecrest,narrative,B18,B,498,none,6,,0,,,,,,False
graphrag_post|ridgecrest_narrative|B19,graphrag_post,ridgecrest,narrative,B19,B,250,partial,0,,0,,,,,,False
graphrag_post|ridgecrest_narrative|B20,graphrag_post,ridgecrest,narrative,B20,B,438,partial,0,,1,,,,,,False
graphrag_post|ridgecrest_narrative|C1,graphrag_post,ridgecrest,narrative,C1,C,769,none,10,,1,,,,,,False
graphrag_post|ridgecrest_narrative|C2,graphrag_post,ridgecrest,narrative,C2,C,752,none,8,,1,,,,,,False
graphrag_post|ridgecrest_narrative|C3,graphrag_post,ridgecrest,narrative,C3,C,741,none,5,,1,,,,,,False
graphrag_post|ridgecrest_narrative|C4,graphrag_post,ridgecrest,narrative,C4,C,660,none,6,,1,,,,,,False
graphrag_post|ridgecrest_narrative|C5,graphrag_post,ridgecrest,narrative,C5,C,992,none,0,,1,,,,,,False
graphrag_post|ridgecrest_narrative|C6,graphrag_post,ridgecrest,narrative,C6,C,710,none,10,,1,,,,,,False
graphrag_post|ridgecrest_narrative|C7,graphrag_post,ridgecrest,narrative,C7,C,1059,none,1,,1,,,,,,False
graphrag_post|ridgecrest_narrative|C8,graphrag_post,ridgecrest,narrative,C8,C,336,partial,1,,1,,,,,,False
graphrag_post|ridgecrest_narrative|C9,graphrag_post,ridgecrest,narrative,C9,C,1092,none,11,,1,,,,,,False
graphrag_post|ridgecrest_narrative|C10,graphrag_post,ridgecrest,narrative,C10,C,640,none,5,,1,,,,,,False
graphrag_post|ridgecrest_narrative|C11,graphrag_post,ridgecrest,narrative,C11,C,891,none,9,,1,,,,,,False
graphrag_post|ridgecrest_narrative|C12,graphrag_post,ridgecrest,narrative,C12,C,900,none,1,,1,,,,,,False
graphrag_post|ridgecrest_narrative|C13,graphrag_post,ridgecrest,narrative,C13,C,1102,none,11,,1,,,,,,False
graphrag_post|ridgecrest_narrative|C14,graphrag_post,ridgecrest,narrative,C14,C,838,none,0,,1,,,,,,False
graphrag_post|ridgecrest_narrative|C15,graphrag_post,ridgecrest,narrative,C15,C,998,none,0,,1,,,,,,False
graphrag_post|ridgecrest_narrative|C16,graphrag_post,ridgecrest,narrative,C16,C,634,partial,2,,1,,,,,,False
graphrag_post|ridgecrest_narrative|C17,graphrag_post,ridgecrest,narrative,C17,C,1390,none,0,,1,,,,,,False
graphrag_post|ridgecrest_narrative|C18,graphrag_post,ridgecrest,narrative,C18,C,873,none,0,,1,,,,,,False
graphrag_post|ridgecrest_narrative|C19,graphrag_post,ridgecrest,narrative,C19,C,922,none,3,,1,,,,,,False
graphrag_post|ridgecrest_narrative|C20,graphrag_post,ridgecrest,narrative,C20,C,687,none,3,,1,,,,,,False
graphrag_post|ridgecrest_narrative|D1,graphrag_post,ridgecrest,narrative,D1,D,75,full,0,,0,,,,,,False
graphrag_post|ridgecrest_narrative|D2,graphrag_post,ridgecrest,narrative,D2,D,75,full,0,,0,,,,,,False
graphrag_post|ridgecrest_narrative|D3,graphrag_post,ridgecrest,narrative,D3,D,75,full,0,,0,,,,,,False
graphrag_post|ridgecrest_narrative|D4,graphrag_post,ridgecrest,narrative,D4,D,581,none,0,,1,,,,,,False
graphrag_post|ridgecrest_narrative|D5,graphrag_post,ridgecrest,narrative,D5,D,75,full,0,,0,,,,,,False
graphrag_post|ridgecrest_narrative|D6,graphrag_post,ridgecrest,narrative,D6,D,75,full,0,,0,,,,,,False
graphrag_post|ridgecrest_narrative|D7,graphrag_post,ridgecrest,narrative,D7,D,75,full,0,,0,,,,,,False
graphrag_post|ridgecrest_narrative|D8,graphrag_post,ridgecrest,narrative,D8,D,748,partial,1,,1,,,,,,False
graphrag_post|ridgecrest_narrative|D9,graphrag_post,ridgecrest,narrative,D9,D,397,none,0,,1,,,,,,False
graphrag_post|ridgecrest_narrative|D10,graphrag_post,ridgecrest,narrative,D10,D,75,full,0,,0,,,,,,False
graphrag_post|ridgecrest_narrative|D11,graphrag_post,ridgecrest,narrative,D11,D,75,full,0,,0,,,,,,False
graphrag_post|ridgecrest_narrative|D12,graphrag_post,ridgecrest,narrative,D12,D,75,full,0,,0,,,,,,False
graphrag_post|ridgecrest_narrative|D13,graphrag_post,ridgecrest,narrative,D13,D,757,none,1,,1,,,,,,False
graphrag_post|ridgecrest_narrative|D14,graphrag_post,ridgecrest,narrative,D14,D,970,none,4,,0,,,,,,False
graphrag_post|ridgecrest_narrative|D15,graphrag_post,ridgecrest,narrative,D15,D,75,full,0,,0,,,,,,False
graphrag_post|ridgecrest_narrative|D16,graphrag_post,ridgecrest,narrative,D16,D,75,full,0,,0,,,,,,False
graphrag_post|ridgecrest_narrative|D17,graphrag_post,ridgecrest,narrative,D17,D,1002,none,4,,1,,,,,,False
graphrag_post|ridgecrest_narrative|D18,graphrag_post,ridgecrest,narrative,D18,D,75,full,0,,0,,,,,,False
graphrag_post|ridgecrest_narrative|D19,graphrag_post,ridgecrest,narrative,D19,D,935,none,0,,0,,,,,,False
graphrag_post|ridgecrest_narrative|D20,graphrag_post,ridgecrest,narrative,D20,D,75,full,0,,0,,,,,,False
graphrag_post|ridgecrest_narrative|E1,graphrag_post,ridgecrest,narrative,E1,E,954,none,4,,0,,,,,,False
graphrag_post|ridgecrest_narrative|E2,graphrag_post,ridgecrest,narrative,E2,E,803,partial,0,,0,,,,,,False
graphrag_post|ridgecrest_narrative|E3,graphrag_post,ridgecrest,narrative,E3,E,650,partial,0,,1,,,,,,False
graphrag_post|ridgecrest_narrative|E4,graphrag_post,ridgecrest,narrative,E4,E,626,partial,2,,1,,,,,,False
graphrag_post|ridgecrest_narrative|E5,graphrag_post,ridgecrest,narrative,E5,E,738,none,3,,1,,,,,,False
graphrag_post|ridgecrest_narrative|E6,graphrag_post,ridgecrest,narrative,E6,E,496,partial,0,,1,,,,,,False
graphrag_post|ridgecrest_narrative|E7,graphrag_post,ridgecrest,narrative,E7,E,716,none,0,,0,,,,,,False
graphrag_post|ridgecrest_narrative|E8,graphrag_post,ridgecrest,narrative,E8,E,672,none,3,,1,,,,,,False
graphrag_post|ridgecrest_narrative|E9,graphrag_post,ridgecrest,narrative,E9,E,293,partial,0,,1,,,,,,False
graphrag_post|ridgecrest_narrative|E10,graphrag_post,ridgecrest,narrative,E10,E,1178,none,4,,1,,,,,,False
graphrag_post|ridgecrest_narrative|E11,graphrag_post,ridgecrest,narrative,E11,E,724,partial,1,,1,,,,,,False
graphrag_post|ridgecrest_narrative|E12,graphrag_post,ridgecrest,narrative,E12,E,588,none,2,,0,,,,,,False
graphrag_post|ridgecrest_narrative|E13,graphrag_post,ridgecrest,narrative,E13,E,893,partial,0,,1,,,,,,False
graphrag_post|ridgecrest_narrative|E14,graphrag_post,ridgecrest,narrative,E14,E,790,none,2,,1,,,,,,False
graphrag_post|ridgecrest_narrative|E15,graphrag_post,ridgecrest,narrative,E15,E,865,none,1,,1,,,,,,False
graphrag_post|ridgecrest_narrative|E16,graphrag_post,ridgecrest,narrative,E16,E,1182,none,7,,1,,,,,,False
graphrag_post|ridgecrest_narrative|E17,graphrag_post,ridgecrest,narrative,E17,E,349,partial,0,,0,,,,,,False
graphrag_post|ridgecrest_narrative|E18,graphrag_post,ridgecrest,narrative,E18,E,994,none,5,,1,,,,,,False
graphrag_post|ridgecrest_narrative|E19,graphrag_post,ridgecrest,narrative,E19,E,628,none,2,,0,,,,,,False
graphrag_post|ridgecrest_narrative|E20,graphrag_post,ridgecrest,narrative,E20,E,895,none,2,,1,,,,,,False
graphrag_post|maduo_only|A1,graphrag_post,maduo,only,A1,A,75,full,0,,0,,,,,,False
graphrag_post|maduo_only|A2,graphrag_post,maduo,only,A2,A,75,full,0,,0,,,,,,False
graphrag_post|maduo_only|A3,graphrag_post,maduo,only,A3,A,75,full,0,,0,,,,,,False
graphrag_post|maduo_only|A4,graphrag_post,maduo,only,A4,A,75,full,0,,0,,,,,,False
graphrag_post|maduo_only|A5,graphrag_post,maduo,only,A5,A,75,full,0,,0,,,,,,False
graphrag_post|maduo_only|A6,graphrag_post,maduo,only,A6,A,75,full,0,,0,,,,,,False
graphrag_post|maduo_only|A7,graphrag_post,maduo,only,A7,A,75,full,0,,0,,,,,,False
graphrag_post|maduo_only|A8,graphrag_post,maduo,only,A8,A,75,full,0,,0,,,,,,False
graphrag_post|maduo_only|A9,graphrag_post,maduo,only,A9,A,75,full,0,,0,,,,,,False
graphrag_post|maduo_only|A10,graphrag_post,maduo,only,A10,A,75,full,0,,0,,,,,,False
graphrag_post|maduo_only|A11,graphrag_post,maduo,only,A11,A,75,full,0,,0,,,,,,False
graphrag_post|maduo_only|A12,graphrag_post,maduo,only,A12,A,75,full,0,,0,,,,,,False
graphrag_post|maduo_only|A13,graphrag_post,maduo,only,A13,A,75,full,0,,0,,,,,,False
graphrag_post|maduo_only|A14,graphrag_post,maduo,only,A14,A,75,full,0,,0,,,,,,False
graphrag_post|maduo_only|A15,graphrag_post,maduo,only,A15,A,75,full,0,,0,,,,,,False
graphrag_post|maduo_only|A16,graphrag_post,maduo,only,A16,A,75,full,0,,0,,,,,,False
graphrag_post|maduo_only|A17,graphrag_post,maduo,only,A17,A,75,full,0,,0,,,,,,False
graphrag_post|maduo_only|A18,graphrag_post,maduo,only,A18,A,75,full,0,,0,,,,,,False
graphrag_post|maduo_only|A19,graphrag_post,maduo,only,A19,A,75,full,0,,0,,,,,,False
graphrag_post|maduo_only|A20,graphrag_post,maduo,only,A20,A,75,full,0,,0,,,,,,False
graphrag_post|maduo_only|B1,graphrag_post,maduo,only,B1,B,297,none,0,,1,,,,,,False
graphrag_post|maduo_only|B2,graphrag_post,maduo,only,B2,B,424,none,5,,2,,,,,,False
graphrag_post|maduo_only|B3,graphrag_post,maduo,only,B3,B,75,full,0,,0,,,,,,False
graphrag_post|maduo_only|B4,graphrag_post,maduo,only,B4,B,343,none,0,,1,,,,,,False
graphrag_post|maduo_only|B5,graphrag_post,maduo,only,B5,B,75,full,0,,0,,,,,,False
graphrag_post|maduo_only|B6,graphrag_post,maduo,only,B6,B,302,none,3,,1,,,,,,False
graphrag_post|maduo_only|B7,graphrag_post,maduo,only,B7,B,191,none,0,,1,2021-05-22,,,,Maduo Mw7.4 mainshock date (2021-05-22) lies before the catalog start,True
graphrag_post|maduo_only|B8,graphrag_post,maduo,only,B8,B,500,none,5,,1,,,,,,False
graphrag_post|maduo_only|B9,graphrag_post,maduo,only,B9,B,75,full,0,,0,,,,,,False
graphrag_post|maduo_only|B10,graphrag_post,maduo,only,B10,B,75,full,0,,0,,,,,,False
graphrag_post|maduo_only|B11,graphrag_post,maduo,only,B11,B,75,full,0,,0,,,,,,False
graphrag_post|maduo_only|B12,graphrag_post,maduo,only,B12,B,75,full,0,,0,,,,,,False
graphrag_post|maduo_only|B13,graphrag_post,maduo,only,B13,B,75,full,0,,0,,,,,,False
graphrag_post|maduo_only|B14,graphrag_post,maduo,only,B14,B,75,full,0,,0,,,,,,False
graphrag_post|maduo_only|B15,graphrag_post,maduo,only,B15,B,75,full,0,,0,,,,,,False
graphrag_post|maduo_only|B16,graphrag_post,maduo,only,B16,B,75,full,0,,0,,,,,,False
graphrag_post|maduo_only|B17,graphrag_post,maduo,only,B17,B,75,full,0,,0,,,,,,False
graphrag_post|maduo_only|B18,graphrag_post,maduo,only,B18,B,75,full,0,,0,,,,,,False
graphrag_post|maduo_only|B19,graphrag_post,maduo,only,B19,B,75,full,0,,0,,,,,,False
graphrag_post|maduo_only|B20,graphrag_post,maduo,only,B20,B,75,full,0,,0,,,,,,False
graphrag_post|maduo_only|C1,graphrag_post,maduo,only,C1,C,499,none,5,5.5;5.9;6.4,1,2021-05-22,,,,Maduo Mw7.4 mainshock date (2021-05-22) lies before the catalog start,True
graphrag_post|maduo_only|C2,graphrag_post,maduo,only,C2,C,425,none,0,,0,,,,,,False
graphrag_post|maduo_only|C3,graphrag_post,maduo,only,C3,C,516,none,0,,0,,,,,,False
graphrag_post|maduo_only|C4,graphrag_post,maduo,only,C4,C,269,none,0,,3,2021-05-22;2021-05-23;2021-05-24,,,,Maduo Mw7.4 mainshock date (2021-05-22) lies before the catalog start,True
graphrag_post|maduo_only|C5,graphrag_post,maduo,only,C5,C,456,none,2,4.8;5,1,2021-05-22,,,,Maduo Mw7.4 mainshock date (2021-05-22) lies before the catalog start,True
graphrag_post|maduo_only|C6,graphrag_post,maduo,only,C6,C,405,none,2,5.8;6.4,0,,,,,,True
graphrag_post|maduo_only|C7,graphrag_post,maduo,only,C7,C,608,none,4,5;5.5;6;7.4,1,2021-05-22,,,,Maduo Mw7.4 mainshock date (2021-05-22) lies before the catalog start,True
graphrag_post|maduo_only|C8,graphrag_post,maduo,only,C8,C,349,none,0,,3,2021-05-22;2021-05-23;2021-05-24,,,,Maduo Mw7.4 mainshock date (2021-05-22) lies before the catalog start,True
graphrag_post|maduo_only|C9,graphrag_post,maduo,only,C9,C,558,none,1,7.4,1,2021-05-22,,,,Maduo Mw7.4 mainshock date (2021-05-22) lies before the catalog start,True
graphrag_post|maduo_only|C10,graphrag_post,maduo,only,C10,C,419,none,3,5.7;5.9;6,3,2021-05-22;2021-05-23;2021-05-24,,,,Maduo Mw7.4 mainshock date (2021-05-22) lies before the catalog start,True
graphrag_post|maduo_only|C11,graphrag_post,maduo,only,C11,C,501,none,1,7.4,0,,,,,,True
graphrag_post|maduo_only|C12,graphrag_post,maduo,only,C12,C,191,partial,0,,0,,,,,,False
graphrag_post|maduo_only|C13,graphrag_post,maduo,only,C13,C,739,none,5,4.8;4.9;5;5.2,1,2021-05-22,,,,Maduo Mw7.4 mainshock date (2021-05-22) lies before the catalog start,True
graphrag_post|maduo_only|C14,graphrag_post,maduo,only,C14,C,579,none,0,,0,,,,,,False
graphrag_post|maduo_only|C15,graphrag_post,maduo,only,C15,C,558,none,0,,0,,,,95.5;95.6;95.7;95.8;95.9,,True
graphrag_post|maduo_only|C16,graphrag_post,maduo,only,C16,C,364,partial,0,,0,,,,,,False
graphrag_post|maduo_only|C17,graphrag_post,maduo,only,C17,C,675,none,0,,5,2021-05-21;2021-05-22;2021-05-23;2021-05-24;2021-05-25,2021-05,,,Maduo Mw7.4 mainshock date (2021-05-22) lies before the catalog start,True
graphrag_post|maduo_only|C18,graphrag_post,maduo,only,C18,C,104,full,0,,0,,,,,,False
graphrag_post|maduo_only|C19,graphrag_post,maduo,only,C19,C,238,partial,0,,0,,,,,,False
graphrag_post|maduo_only|C20,graphrag_post,maduo,only,C20,C,708,none,0,,0,,,,,,False
graphrag_post|maduo_only|D1,graphrag_post,maduo,only,D1,D,75,full,0,,0,,,,,,False
graphrag_post|maduo_only|D2,graphrag_post,maduo,only,D2,D,75,full,0,,0,,,,,,False
graphrag_post|maduo_only|D3,graphrag_post,maduo,only,D3,D,75,full,0,,0,,,,,,False
graphrag_post|maduo_only|D4,graphrag_post,maduo,only,D4,D,75,full,0,,0,,,,,,False
graphrag_post|maduo_only|D5,graphrag_post,maduo,only,D5,D,75,full,0,,0,,,,,,False
graphrag_post|maduo_only|D6,graphrag_post,maduo,only,D6,D,75,full,0,,0,,,,,,False
graphrag_post|maduo_only|D7,graphrag_post,maduo,only,D7,D,75,full,0,,0,,,,,,False
graphrag_post|maduo_only|D8,graphrag_post,maduo,only,D8,D,75,full,0,,0,,,,,,False
graphrag_post|maduo_only|D9,graphrag_post,maduo,only,D9,D,75,full,0,,0,,,,,,False
graphrag_post|maduo_only|D10,graphrag_post,maduo,only,D10,D,75,full,0,,0,,,,,,False
graphrag_post|maduo_only|D11,graphrag_post,maduo,only,D11,D,75,full,0,,0,,,,,,False
graphrag_post|maduo_only|D12,graphrag_post,maduo,only,D12,D,75,full,0,,0,,,,,,False
graphrag_post|maduo_only|D13,graphrag_post,maduo,only,D13,D,75,full,0,,0,,,,,,False
graphrag_post|maduo_only|D14,graphrag_post,maduo,only,D14,D,75,full,0,,0,,,,,,False
graphrag_post|maduo_only|D15,graphrag_post,maduo,only,D15,D,75,full,0,,0,,,,,,False
graphrag_post|maduo_only|D16,graphrag_post,maduo,only,D16,D,75,full,0,,0,,,,,,False
graphrag_post|maduo_only|D17,graphrag_post,maduo,only,D17,D,75,full,0,,0,,,,,,False
graphrag_post|maduo_only|D18,graphrag_post,maduo,only,D18,D,75,full,0,,0,,,,,,False
graphrag_post|maduo_only|D19,graphrag_post,maduo,only,D19,D,75,full,0,,0,,,,,,False
graphrag_post|maduo_only|D20,graphrag_post,maduo,only,D20,D,75,full,0,,0,,,,,,False
graphrag_post|maduo_only|E1,graphrag_post,maduo,only,E1,E,75,full,0,,0,,,,,,False
graphrag_post|maduo_only|E2,graphrag_post,maduo,only,E2,E,75,full,0,,0,,,,,,False
graphrag_post|maduo_only|E3,graphrag_post,maduo,only,E3,E,75,full,0,,0,,,,,,False
graphrag_post|maduo_only|E4,graphrag_post,maduo,only,E4,E,75,full,0,,0,,,,,,False
graphrag_post|maduo_only|E5,graphrag_post,maduo,only,E5,E,75,full,0,,0,,,,,,False
graphrag_post|maduo_only|E6,graphrag_post,maduo,only,E6,E,75,full,0,,0,,,,,,False
graphrag_post|maduo_only|E7,graphrag_post,maduo,only,E7,E,75,full,0,,0,,,,,,False
graphrag_post|maduo_only|E8,graphrag_post,maduo,only,E8,E,75,full,0,,0,,,,,,False
graphrag_post|maduo_only|E9,graphrag_post,maduo,only,E9,E,75,full,0,,0,,,,,,False
graphrag_post|maduo_only|E10,graphrag_post,maduo,only,E10,E,75,full,0,,0,,,,,,False
graphrag_post|maduo_only|E11,graphrag_post,maduo,only,E11,E,75,full,0,,0,,,,,,False
graphrag_post|maduo_only|E12,graphrag_post,maduo,only,E12,E,75,full,0,,0,,,,,,False
graphrag_post|maduo_only|E13,graphrag_post,maduo,only,E13,E,75,full,0,,0,,,,,,False
graphrag_post|maduo_only|E14,graphrag_post,maduo,only,E14,E,75,full,0,,0,,,,,,False
graphrag_post|maduo_only|E15,graphrag_post,maduo,only,E15,E,75,full,0,,0,,,,,,False
graphrag_post|maduo_only|E16,graphrag_post,maduo,only,E16,E,75,full,0,,0,,,,,,False
graphrag_post|maduo_only|E17,graphrag_post,maduo,only,E17,E,75,full,0,,0,,,,,,False
graphrag_post|maduo_only|E18,graphrag_post,maduo,only,E18,E,75,full,0,,0,,,,,,False
graphrag_post|maduo_only|E19,graphrag_post,maduo,only,E19,E,75,full,0,,0,,,,,,False
graphrag_post|maduo_only|E20,graphrag_post,maduo,only,E20,E,593,none,0,,0,,,,,,False
graphrag_post|maduo_narrative|A1,graphrag_post,maduo,narrative,A1,A,75,full,0,,0,,,,,,False
graphrag_post|maduo_narrative|A2,graphrag_post,maduo,narrative,A2,A,75,full,0,,0,,,,,,False
graphrag_post|maduo_narrative|A3,graphrag_post,maduo,narrative,A3,A,75,full,0,,0,,,,,,False
graphrag_post|maduo_narrative|A4,graphrag_post,maduo,narrative,A4,A,75,full,0,,0,,,,,,False
graphrag_post|maduo_narrative|A5,graphrag_post,maduo,narrative,A5,A,75,full,0,,0,,,,,,False
graphrag_post|maduo_narrative|A6,graphrag_post,maduo,narrative,A6,A,75,full,0,,0,,,,,,False
graphrag_post|maduo_narrative|A7,graphrag_post,maduo,narrative,A7,A,75,full,0,,0,,,,,,False
graphrag_post|maduo_narrative|A8,graphrag_post,maduo,narrative,A8,A,517,none,0,,0,,,,,,False
graphrag_post|maduo_narrative|A9,graphrag_post,maduo,narrative,A9,A,318,none,0,,1,,,,,,False
graphrag_post|maduo_narrative|A10,graphrag_post,maduo,narrative,A10,A,75,full,0,,0,,,,,,False
graphrag_post|maduo_narrative|A11,graphrag_post,maduo,narrative,A11,A,75,full,0,,0,,,,,,False
graphrag_post|maduo_narrative|A12,graphrag_post,maduo,narrative,A12,A,75,full,0,,0,,,,,,False
graphrag_post|maduo_narrative|A13,graphrag_post,maduo,narrative,A13,A,75,full,0,,0,,,,,,False
graphrag_post|maduo_narrative|A14,graphrag_post,maduo,narrative,A14,A,75,full,0,,0,,,,,,False
graphrag_post|maduo_narrative|A15,graphrag_post,maduo,narrative,A15,A,75,full,0,,0,,,,,,False
graphrag_post|maduo_narrative|A16,graphrag_post,maduo,narrative,A16,A,75,full,0,,0,,,,,,False
graphrag_post|maduo_narrative|A17,graphrag_post,maduo,narrative,A17,A,75,full,0,,0,,,,,,False
graphrag_post|maduo_narrative|A18,graphrag_post,maduo,narrative,A18,A,75,full,0,,0,,,,,,False
graphrag_post|maduo_narrative|A19,graphrag_post,maduo,narrative,A19,A,75,full,0,,0,,,,,,False
graphrag_post|maduo_narrative|A20,graphrag_post,maduo,narrative,A20,A,75,full,0,,0,,,,,,False
graphrag_post|maduo_narrative|B1,graphrag_post,maduo,narrative,B1,B,212,none,0,,2,,,,,,False
graphrag_post|maduo_narrative|B2,graphrag_post,maduo,narrative,B2,B,259,none,2,,1,,,,,,False
graphrag_post|maduo_narrative|B3,graphrag_post,maduo,narrative,B3,B,75,full,0,,0,,,,,,False
graphrag_post|maduo_narrative|B4,graphrag_post,maduo,narrative,B4,B,274,none,0,,0,,,,,,False
graphrag_post|maduo_narrative|B5,graphrag_post,maduo,narrative,B5,B,75,full,0,,0,,,,,,False
graphrag_post|maduo_narrative|B6,graphrag_post,maduo,narrative,B6,B,224,none,0,,0,,,,,,False
graphrag_post|maduo_narrative|B7,graphrag_post,maduo,narrative,B7,B,75,full,0,,0,,,,,,False
graphrag_post|maduo_narrative|B8,graphrag_post,maduo,narrative,B8,B,767,none,5,,1,,,,,,False
graphrag_post|maduo_narrative|B9,graphrag_post,maduo,narrative,B9,B,75,full,0,,0,,,,,,False
graphrag_post|maduo_narrative|B10,graphrag_post,maduo,narrative,B10,B,75,full,0,,0,,,,,,False
graphrag_post|maduo_narrative|B11,graphrag_post,maduo,narrative,B11,B,75,full,0,,0,,,,,,False
graphrag_post|maduo_narrative|B12,graphrag_post,maduo,narrative,B12,B,75,full,0,,0,,,,,,False
graphrag_post|maduo_narrative|B13,graphrag_post,maduo,narrative,B13,B,75,full,0,,0,,,,,,False
graphrag_post|maduo_narrative|B14,graphrag_post,maduo,narrative,B14,B,75,full,0,,0,,,,,,False
graphrag_post|maduo_narrative|B15,graphrag_post,maduo,narrative,B15,B,75,full,0,,0,,,,,,False
graphrag_post|maduo_narrative|B16,graphrag_post,maduo,narrative,B16,B,75,full,0,,0,,,,,,False
graphrag_post|maduo_narrative|B17,graphrag_post,maduo,narrative,B17,B,75,full,0,,0,,,,,,False
graphrag_post|maduo_narrative|B18,graphrag_post,maduo,narrative,B18,B,75,full,0,,0,,,,,,False
graphrag_post|maduo_narrative|B19,graphrag_post,maduo,narrative,B19,B,75,full,0,,0,,,,,,False
graphrag_post|maduo_narrative|B20,graphrag_post,maduo,narrative,B20,B,75,full,0,,0,,,,,,False
graphrag_post|maduo_narrative|C1,graphrag_post,maduo,narrative,C1,C,741,none,6,,1,,,,,,False
graphrag_post|maduo_narrative|C2,graphrag_post,maduo,narrative,C2,C,453,none,0,,0,,,,,,False
graphrag_post|maduo_narrative|C3,graphrag_post,maduo,narrative,C3,C,757,none,0,,1,2021-05-22,,,,Maduo Mw7.4 mainshock date (2021-05-22) lies before the catalog start,True
graphrag_post|maduo_narrative|C4,graphrag_post,maduo,narrative,C4,C,254,none,0,,3,2021-05-22;2021-05-23;2021-05-24,,,,Maduo Mw7.4 mainshock date (2021-05-22) lies before the catalog start,True
graphrag_post|maduo_narrative|C5,graphrag_post,maduo,narrative,C5,C,64,full,0,,0,,,,,,False
graphrag_post|maduo_narrative|C6,graphrag_post,maduo,narrative,C6,C,438,partial,0,,0,,,,,,False
graphrag_post|maduo_narrative|C7,graphrag_post,maduo,narrative,C7,C,593,none,5,5;5.5;6;7.4,4,2021-05-22;2021-05-23;2021-05-24;2021-05-25,,,,Maduo Mw7.4 mainshock date (2021-05-22) lies before the catalog start,True
graphrag_post|maduo_narrative|C8,graphrag_post,maduo,narrative,C8,C,365,none,0,,0,,,,,,False
graphrag_post|maduo_narrative|C9,graphrag_post,maduo,narrative,C9,C,59,full,0,,0,,,,,,False
graphrag_post|maduo_narrative|C10,graphrag_post,maduo,narrative,C10,C,517,none,4,5.5;5.7;5.9;6.4,4,2021-05-22;2021-05-23;2021-05-24;2021-05-25,,,,Maduo Mw7.4 mainshock date (2021-05-22) lies before the catalog start,True
graphrag_post|maduo_narrative|C11,graphrag_post,maduo,narrative,C11,C,519,none,1,7.4,0,,,,,,True
graphrag_post|maduo_narrative|C12,graphrag_post,maduo,narrative,C12,C,191,partial,0,,0,,,,,,False
graphrag_post|maduo_narrative|C13,graphrag_post,maduo,narrative,C13,C,65,full,0,,0,,,,,,False
graphrag_post|maduo_narrative|C14,graphrag_post,maduo,narrative,C14,C,635,partial,0,,0,,,,,,False
graphrag_post|maduo_narrative|C15,graphrag_post,maduo,narrative,C15,C,548,none,0,,0,,,,95.5;95.6;95.7;95.8;95.9,,True
graphrag_post|maduo_narrative|C16,graphrag_post,maduo,narrative,C16,C,64,full,0,,0,,,,,,False
graphrag_post|maduo_narrative|C17,graphrag_post,maduo,narrative,C17,C,714,none,0,,5,2021-05-21;2021-05-22;2021-05-23;2021-05-24;2021-05-25,2021-05,,,Maduo Mw7.4 mainshock date (2021-05-22) lies before the catalog start,True
graphrag_post|maduo_narrative|C18,graphrag_post,maduo,narrative,C18,C,192,partial,0,,0,,,,,,False
graphrag_post|maduo_narrative|C19,graphrag_post,maduo,narrative,C19,C,68,full,0,,0,,,,,,False
graphrag_post|maduo_narrative|C20,graphrag_post,maduo,narrative,C20,C,716,none,2,,1,,,,,,False
graphrag_post|maduo_narrative|D1,graphrag_post,maduo,narrative,D1,D,75,full,0,,0,,,,,,False
graphrag_post|maduo_narrative|D2,graphrag_post,maduo,narrative,D2,D,75,full,0,,0,,,,,,False
graphrag_post|maduo_narrative|D3,graphrag_post,maduo,narrative,D3,D,75,full,0,,0,,,,,,False
graphrag_post|maduo_narrative|D4,graphrag_post,maduo,narrative,D4,D,75,full,0,,0,,,,,,False
graphrag_post|maduo_narrative|D5,graphrag_post,maduo,narrative,D5,D,75,full,0,,0,,,,,,False
graphrag_post|maduo_narrative|D6,graphrag_post,maduo,narrative,D6,D,75,full,0,,0,,,,,,False
graphrag_post|maduo_narrative|D7,graphrag_post,maduo,narrative,D7,D,75,full,0,,0,,,,,,False
graphrag_post|maduo_narrative|D8,graphrag_post,maduo,narrative,D8,D,75,full,0,,0,,,,,,False
graphrag_post|maduo_narrative|D9,graphrag_post,maduo,narrative,D9,D,75,full,0,,0,,,,,,False
graphrag_post|maduo_narrative|D10,graphrag_post,maduo,narrative,D10,D,75,full,0,,0,,,,,,False
graphrag_post|maduo_narrative|D11,graphrag_post,maduo,narrative,D11,D,75,full,0,,0,,,,,,False
graphrag_post|maduo_narrative|D12,graphrag_post,maduo,narrative,D12,D,75,full,0,,0,,,,,,False
graphrag_post|maduo_narrative|D13,graphrag_post,maduo,narrative,D13,D,75,full,0,,0,,,,,,False
graphrag_post|maduo_narrative|D14,graphrag_post,maduo,narrative,D14,D,75,full,0,,0,,,,,,False
graphrag_post|maduo_narrative|D15,graphrag_post,maduo,narrative,D15,D,75,full,0,,0,,,,,,False
graphrag_post|maduo_narrative|D16,graphrag_post,maduo,narrative,D16,D,75,full,0,,0,,,,,,False
graphrag_post|maduo_narrative|D17,graphrag_post,maduo,narrative,D17,D,75,full,0,,0,,,,,,False
graphrag_post|maduo_narrative|D18,graphrag_post,maduo,narrative,D18,D,75,full,0,,0,,,,,,False
graphrag_post|maduo_narrative|D19,graphrag_post,maduo,narrative,D19,D,75,full,0,,0,,,,,,False
graphrag_post|maduo_narrative|D20,graphrag_post,maduo,narrative,D20,D,75,full,0,,0,,,,,,False
graphrag_post|maduo_narrative|E1,graphrag_post,maduo,narrative,E1,E,75,full,0,,0,,,,,,False
graphrag_post|maduo_narrative|E2,graphrag_post,maduo,narrative,E2,E,75,full,0,,0,,,,,,False
graphrag_post|maduo_narrative|E3,graphrag_post,maduo,narrative,E3,E,75,full,0,,0,,,,,,False
graphrag_post|maduo_narrative|E4,graphrag_post,maduo,narrative,E4,E,75,full,0,,0,,,,,,False
graphrag_post|maduo_narrative|E5,graphrag_post,maduo,narrative,E5,E,75,full,0,,0,,,,,,False
graphrag_post|maduo_narrative|E6,graphrag_post,maduo,narrative,E6,E,75,full,0,,0,,,,,,False
graphrag_post|maduo_narrative|E7,graphrag_post,maduo,narrative,E7,E,75,full,0,,0,,,,,,False
graphrag_post|maduo_narrative|E8,graphrag_post,maduo,narrative,E8,E,394,partial,2,,2,,,,,,False
graphrag_post|maduo_narrative|E9,graphrag_post,maduo,narrative,E9,E,75,full,0,,0,,,,,,False
graphrag_post|maduo_narrative|E10,graphrag_post,maduo,narrative,E10,E,75,full,0,,0,,,,,,False
graphrag_post|maduo_narrative|E11,graphrag_post,maduo,narrative,E11,E,75,full,0,,0,,,,,,False
graphrag_post|maduo_narrative|E12,graphrag_post,maduo,narrative,E12,E,621,none,0,,2,,,,,,False
graphrag_post|maduo_narrative|E13,graphrag_post,maduo,narrative,E13,E,75,full,0,,0,,,,,,False
graphrag_post|maduo_narrative|E14,graphrag_post,maduo,narrative,E14,E,75,full,0,,0,,,,,,False
graphrag_post|maduo_narrative|E15,graphrag_post,maduo,narrative,E15,E,75,full,0,,0,,,,,,False
graphrag_post|maduo_narrative|E16,graphrag_post,maduo,narrative,E16,E,75,full,0,,0,,,,,,False
graphrag_post|maduo_narrative|E17,graphrag_post,maduo,narrative,E17,E,75,full,0,,0,,,,,,False
graphrag_post|maduo_narrative|E18,graphrag_post,maduo,narrative,E18,E,75,full,0,,0,,,,,,False
graphrag_post|maduo_narrative|E19,graphrag_post,maduo,narrative,E19,E,75,full,0,,0,,,,,,False
graphrag_post|maduo_narrative|E20,graphrag_post,maduo,narrative,E20,E,703,none,0,,0,,,,,,False
vector_rag|qiaojia_only|A1,vector_rag,qiaojia,only,A1,A,239,partial,0,,1,,,,,,False
vector_rag|qiaojia_only|A2,vector_rag,qiaojia,only,A2,A,46,full,0,,0,,,,,,False
vector_rag|qiaojia_only|A3,vector_rag,qiaojia,only,A3,A,36,full,0,,0,,,,,,False
vector_rag|qiaojia_only|A4,vector_rag,qiaojia,only,A4,A,84,full,0,,0,,,,,,False
vector_rag|qiaojia_only|A5,vector_rag,qiaojia,only,A5,A,57,full,0,,0,,,,,,False
vector_rag|qiaojia_only|A6,vector_rag,qiaojia,only,A6,A,56,full,0,,0,,,,,,False
vector_rag|qiaojia_only|A7,vector_rag,qiaojia,only,A7,A,210,partial,0,,0,,,,,,False
vector_rag|qiaojia_only|A8,vector_rag,qiaojia,only,A8,A,261,none,0,,2,,,,,,False
vector_rag|qiaojia_only|A9,vector_rag,qiaojia,only,A9,A,143,none,0,,0,,,,,,False
vector_rag|qiaojia_only|A10,vector_rag,qiaojia,only,A10,A,141,none,0,,1,,,,,,False
vector_rag|qiaojia_only|A11,vector_rag,qiaojia,only,A11,A,75,full,0,,0,,,,,,False
vector_rag|qiaojia_only|A12,vector_rag,qiaojia,only,A12,A,64,full,0,,0,,,,,,False
vector_rag|qiaojia_only|A13,vector_rag,qiaojia,only,A13,A,84,none,0,,2,,,,,,False
vector_rag|qiaojia_only|A14,vector_rag,qiaojia,only,A14,A,64,full,0,,0,,,,,,False
vector_rag|qiaojia_only|A15,vector_rag,qiaojia,only,A15,A,41,full,0,,0,,,,,,False
vector_rag|qiaojia_only|A16,vector_rag,qiaojia,only,A16,A,75,full,0,,0,,,,,,False
vector_rag|qiaojia_only|A17,vector_rag,qiaojia,only,A17,A,38,full,0,,0,,,,,,False
vector_rag|qiaojia_only|A18,vector_rag,qiaojia,only,A18,A,144,partial,0,,0,,,,,,False
vector_rag|qiaojia_only|A19,vector_rag,qiaojia,only,A19,A,155,none,0,,1,,,,,,False
vector_rag|qiaojia_only|A20,vector_rag,qiaojia,only,A20,A,204,partial,0,,0,,,,,,False
vector_rag|qiaojia_only|B1,vector_rag,qiaojia,only,B1,B,73,full,0,,0,,,,,,False
vector_rag|qiaojia_only|B2,vector_rag,qiaojia,only,B2,B,75,full,0,,0,,,,,,False
vector_rag|qiaojia_only|B3,vector_rag,qiaojia,only,B3,B,276,none,5,,2,,,,,,False
vector_rag|qiaojia_only|B4,vector_rag,qiaojia,only,B4,B,154,none,0,,2,,,,,,False
vector_rag|qiaojia_only|B5,vector_rag,qiaojia,only,B5,B,47,full,0,,0,,,,,,False
vector_rag|qiaojia_only|B6,vector_rag,qiaojia,only,B6,B,80,full,0,,0,,,,,,False
vector_rag|qiaojia_only|B7,vector_rag,qiaojia,only,B7,B,71,full,0,,0,,,,,,False
vector_rag|qiaojia_only|B8,vector_rag,qiaojia,only,B8,B,434,none,5,,1,,,,,,False
vector_rag|qiaojia_only|B9,vector_rag,qiaojia,only,B9,B,76,full,0,,0,,,,,,False
vector_rag|qiaojia_only|B10,vector_rag,qiaojia,only,B10,B,78,full,1,,0,,,,,,False
vector_rag|qiaojia_only|B11,vector_rag,qiaojia,only,B11,B,43,full,0,,0,,,,,,False
vector_rag|qiaojia_only|B12,vector_rag,qiaojia,only,B12,B,62,full,0,,0,,,,,,False
vector_rag|qiaojia_only|B13,vector_rag,qiaojia,only,B13,B,444,none,5,,1,,,,,,False
vector_rag|qiaojia_only|B14,vector_rag,qiaojia,only,B14,B,39,full,0,,0,,,,,,False
vector_rag|qiaojia_only|B15,vector_rag,qiaojia,only,B15,B,71,full,0,,0,,,,,,False
vector_rag|qiaojia_only|B16,vector_rag,qiaojia,only,B16,B,57,full,0,,0,,,,,,False
vector_rag|qiaojia_only|B17,vector_rag,qiaojia,only,B17,B,71,full,0,,0,,,,,,False
vector_rag|qiaojia_only|B18,vector_rag,qiaojia,only,B18,B,53,full,0,,0,,,,,,False
vector_rag|qiaojia_only|B19,vector_rag,qiaojia,only,B19,B,59,full,0,,0,,,,,,False
vector_rag|qiaojia_only|B20,vector_rag,qiaojia,only,B20,B,55,full,0,,0,,,,,,False
vector_rag|qiaojia_only|C1,vector_rag,qiaojia,only,C1,C,523,partial,7,,1,,,,,,False
vector_rag|qiaojia_only|C2,vector_rag,qiaojia,only,C2,C,66,full,1,,0,,,,,,False
vector_rag|qiaojia_only|C3,vector_rag,qiaojia,only,C3,C,59,full,0,,0,,,,,,False
vector_rag|qiaojia_only|C4,vector_rag,qiaojia,only,C4,C,189,none,0,,1,,,,,,False
vector_rag|qiaojia_only|C5,vector_rag,qiaojia,only,C5,C,305,none,7,,1,,,,,,False
vector_rag|qiaojia_only|C6,vector_rag,qiaojia,only,C6,C,56,full,0,,0,,,,,,False
vector_rag|qiaojia_only|C7,vector_rag,qiaojia,only,C7,C,555,none,7,,1,,,,,,False
vector_rag|qiaojia_only|C8,vector_rag,qiaojia,only,C8,C,363,none,0,,1,,,,,,False
vector_rag|qiaojia_only|C9,vector_rag,qiaojia,only,C9,C,577,none,14,,1,,,,,,False
vector_rag|qiaojia_only|C10,vector_rag,qiaojia,only,C10,C,59,full,0,,0,,,,,,False
vector_rag|qiaojia_only|C11,vector_rag,qiaojia,only,C11,C,414,none,5,,1,,,,,,False
vector_rag|qiaojia_only|C12,vector_rag,qiaojia,only,C12,C,41,full,0,,0,,,,,,False
vector_rag|qiaojia_only|C13,vector_rag,qiaojia,only,C13,C,504,none,14,,2,,,,,,False
vector_rag|qiaojia_only|C14,vector_rag,qiaojia,only,C14,C,250,none,2,,1,,,,,,False
vector_rag|qiaojia_only|C15,vector_rag,qiaojia,only,C15,C,227,none,5,,0,,,,,,False
vector_rag|qiaojia_only|C16,vector_rag,qiaojia,only,C16,C,97,full,0,,0,,,,,,False
vector_rag|qiaojia_only|C17,vector_rag,qiaojia,only,C17,C,392,none,10,,1,,,,,,False
vector_rag|qiaojia_only|C18,vector_rag,qiaojia,only,C18,C,39,full,0,,0,,,,,,False
vector_rag|qiaojia_only|C19,vector_rag,qiaojia,only,C19,C,74,full,0,,0,,,,,,False
vector_rag|qiaojia_only|C20,vector_rag,qiaojia,only,C20,C,72,full,0,,0,,,,,,False
vector_rag|qiaojia_only|D1,vector_rag,qiaojia,only,D1,D,78,full,0,,0,,,,,,False
vector_rag|qiaojia_only|D2,vector_rag,qiaojia,only,D2,D,74,full,0,,0,,,,,,False
vector_rag|qiaojia_only|D3,vector_rag,qiaojia,only,D3,D,46,full,0,,0,,,,,,False
vector_rag|qiaojia_only|D4,vector_rag,qiaojia,only,D4,D,57,full,0,,0,,,,,,False
vector_rag|qiaojia_only|D5,vector_rag,qiaojia,only,D5,D,55,full,0,,0,,,,,,False
vector_rag|qiaojia_only|D6,vector_rag,qiaojia,only,D6,D,47,full,0,,0,,,,,,False
vector_rag|qiaojia_only|D7,vector_rag,qiaojia,only,D7,D,52,full,0,,0,,,,,,False
vector_rag|qiaojia_only|D8,vector_rag,qiaojia,only,D8,D,56,full,0,,0,,,,,,False
vector_rag|qiaojia_only|D9,vector_rag,qiaojia,only,D9,D,61,full,0,,0,,,,,,False
vector_rag|qiaojia_only|D10,vector_rag,qiaojia,only,D10,D,51,full,0,,0,,,,,,False
vector_rag|qiaojia_only|D11,vector_rag,qiaojia,only,D11,D,37,full,0,,0,,,,,,False
vector_rag|qiaojia_only|D12,vector_rag,qiaojia,only,D12,D,58,full,0,,0,,,,,,False
vector_rag|qiaojia_only|D13,vector_rag,qiaojia,only,D13,D,58,full,0,,0,,,,,,False
vector_rag|qiaojia_only|D14,vector_rag,qiaojia,only,D14,D,106,full,0,,0,,,,,,False
vector_rag|qiaojia_only|D15,vector_rag,qiaojia,only,D15,D,42,full,0,,0,,,,,,False
vector_rag|qiaojia_only|D16,vector_rag,qiaojia,only,D16,D,43,full,0,,0,,,,,,False
vector_rag|qiaojia_only|D17,vector_rag,qiaojia,only,D17,D,53,full,0,,0,,,,,,False
vector_rag|qiaojia_only|D18,vector_rag,qiaojia,only,D18,D,44,full,0,,0,,,,,,False
vector_rag|qiaojia_only|D19,vector_rag,qiaojia,only,D19,D,44,full,0,,0,,,,,,False
vector_rag|qiaojia_only|D20,vector_rag,qiaojia,only,D20,D,52,full,0,,0,,,,,,False
vector_rag|qiaojia_only|E1,vector_rag,qiaojia,only,E1,E,70,full,0,,0,,,,,,False
vector_rag|qiaojia_only|E2,vector_rag,qiaojia,only,E2,E,75,full,0,,0,,,,,,False
vector_rag|qiaojia_only|E3,vector_rag,qiaojia,only,E3,E,91,full,0,,0,,,,,,False
vector_rag|qiaojia_only|E4,vector_rag,qiaojia,only,E4,E,111,full,0,,0,,,,,,False
vector_rag|qiaojia_only|E5,vector_rag,qiaojia,only,E5,E,84,full,0,,0,,,,,,False
vector_rag|qiaojia_only|E6,vector_rag,qiaojia,only,E6,E,66,full,0,,0,,,,,,False
vector_rag|qiaojia_only|E7,vector_rag,qiaojia,only,E7,E,37,full,0,,0,,,,,,False
vector_rag|qiaojia_only|E8,vector_rag,qiaojia,only,E8,E,72,full,0,,0,,,,,,False
vector_rag|qiaojia_only|E9,vector_rag,qiaojia,only,E9,E,72,full,0,,0,,,,,,False
vector_rag|qiaojia_only|E10,vector_rag,qiaojia,only,E10,E,79,full,0,,0,,,,,,False
vector_rag|qiaojia_only|E11,vector_rag,qiaojia,only,E11,E,73,full,0,,0,,,,,,False
vector_rag|qiaojia_only|E12,vector_rag,qiaojia,only,E12,E,52,full,0,,0,,,,,,False
vector_rag|qiaojia_only|E13,vector_rag,qiaojia,only,E13,E,82,full,0,,0,,,,,,False
vector_rag|qiaojia_only|E14,vector_rag,qiaojia,only,E14,E,76,full,0,,0,,,,,,False
vector_rag|qiaojia_only|E15,vector_rag,qiaojia,only,E15,E,77,full,0,,0,,,,,,False
vector_rag|qiaojia_only|E16,vector_rag,qiaojia,only,E16,E,82,full,0,,0,,,,,,False
vector_rag|qiaojia_only|E17,vector_rag,qiaojia,only,E17,E,86,full,0,,0,,,,,,False
vector_rag|qiaojia_only|E18,vector_rag,qiaojia,only,E18,E,76,full,0,,0,,,,,,False
vector_rag|qiaojia_only|E19,vector_rag,qiaojia,only,E19,E,99,full,0,,0,,,,,,False
vector_rag|qiaojia_only|E20,vector_rag,qiaojia,only,E20,E,71,full,0,,0,,,,,,False
vector_rag|ridgecrest_only|A1,vector_rag,ridgecrest,only,A1,A,323,none,0,,1,,,,,,False
vector_rag|ridgecrest_only|A2,vector_rag,ridgecrest,only,A2,A,63,full,0,,0,,,,,,False
vector_rag|ridgecrest_only|A3,vector_rag,ridgecrest,only,A3,A,220,partial,0,,0,,,,,,False
vector_rag|ridgecrest_only|A4,vector_rag,ridgecrest,only,A4,A,184,partial,0,,0,,,,,,False
vector_rag|ridgecrest_only|A5,vector_rag,ridgecrest,only,A5,A,86,full,0,,0,,,,,,False
vector_rag|ridgecrest_only|A6,vector_rag,ridgecrest,only,A6,A,109,full,0,,1,,,,,,False
vector_rag|ridgecrest_only|A7,vector_rag,ridgecrest,only,A7,A,188,none,0,,1,,,,,,False
vector_rag|ridgecrest_only|A8,vector_rag,ridgecrest,only,A8,A,182,partial,0,,0,,,,,,False
vector_rag|ridgecrest_only|A9,vector_rag,ridgecrest,only,A9,A,138,none,0,,0,,,,,,False
vector_rag|ridgecrest_only|A10,vector_rag,ridgecrest,only,A10,A,188,none,1,,0,,,,,,False
vector_rag|ridgecrest_only|A11,vector_rag,ridgecrest,only,A11,A,71,full,0,,0,,,,,,False
vector_rag|ridgecrest_only|A12,vector_rag,ridgecrest,only,A12,A,162,partial,0,,0,,,,,,False
vector_rag|ridgecrest_only|A13,vector_rag,ridgecrest,only,A13,A,65,none,0,,2,,,,,,False
vector_rag|ridgecrest_only|A14,vector_rag,ridgecrest,only,A14,A,142,partial,0,,0,,,,,,False
vector_rag|ridgecrest_only|A15,vector_rag,ridgecrest,only,A15,A,86,full,0,,0,,,,,,False
vector_rag|ridgecrest_only|A16,vector_rag,ridgecrest,only,A16,A,152,none,6,,0,,,,,,False
vector_rag|ridgecrest_only|A17,vector_rag,ridgecrest,only,A17,A,306,none,3,,1,,,,,,False
vector_rag|ridgecrest_only|A18,vector_rag,ridgecrest,only,A18,A,144,none,0,,1,,,,,,False
vector_rag|ridgecrest_only|A19,vector_rag,ridgecrest,only,A19,A,182,none,0,,1,,,,,,False
vector_rag|ridgecrest_only|A20,vector_rag,ridgecrest,only,A20,A,275,none,0,,1,,,,,,False
vector_rag|ridgecrest_only|B1,vector_rag,ridgecrest,only,B1,B,94,full,0,,1,,,,,,False
vector_rag|ridgecrest_only|B2,vector_rag,ridgecrest,only,B2,B,88,none,0,,1,,,,117.726,,True
vector_rag|ridgecrest_only|B3,vector_rag,ridgecrest,only,B3,B,267,partial,5,,1,,,,,,False
vector_rag|ridgecrest_only|B4,vector_rag,ridgecrest,only,B4,B,129,none,2,,1,,,,,,False
vector_rag|ridgecrest_only|B5,vector_rag,ridgecrest,only,B5,B,86,full,0,,0,,,,,,False
vector_rag|ridgecrest_only|B6,vector_rag,ridgecrest,only,B6,B,88,full,0,,0,,,,,,False
vector_rag|ridgecrest_only|B7,vector_rag,ridgecrest,only,B7,B,396,partial,9,,4,,,,,,False
vector_rag|ridgecrest_only|B8,vector_rag,ridgecrest,only,B8,B,438,none,5,,1,,,,,,False
vector_rag|ridgecrest_only|B9,vector_rag,ridgecrest,only,B9,B,74,full,0,,0,,,,,,False
vector_rag|ridgecrest_only|B10,vector_rag,ridgecrest,only,B10,B,86,full,1,,0,,,,,,False
vector_rag|ridgecrest_only|B11,vector_rag,ridgecrest,only,B11,B,77,full,0,,0,,,,,,False
vector_rag|ridgecrest_only|B12,vector_rag,ridgecrest,only,B12,B,118,full,0,,1,,,,,,False
vector_rag|ridgecrest_only|B13,vector_rag,ridgecrest,only,B13,B,374,none,5,,1,,,,,,False
vector_rag|ridgecrest_only|B14,vector_rag,ridgecrest,only,B14,B,58,full,0,,0,,,,,,False
vector_rag|ridgecrest_only|B15,vector_rag,ridgecrest,only,B15,B,93,none,0,,2,,,,,,False
vector_rag|ridgecrest_only|B16,vector_rag,ridgecrest,only,B16,B,97,full,0,,0,,,,,,False
vector_rag|ridgecrest_only|B17,vector_rag,ridgecrest,only,B17,B,62,full,0,,0,,,,,,False
vector_rag|ridgecrest_only|B18,vector_rag,ridgecrest,only,B18,B,94,full,0,,1,,,,,,False
vector_rag|ridgecrest_only|B19,vector_rag,ridgecrest,only,B19,B,66,full,0,,0,,,,,,False
vector_rag|ridgecrest_only|B20,vector_rag,ridgecrest,only,B20,B,63,full,0,,0,,,,,,False
vector_rag|ridgecrest_only|C1,vector_rag,ridgecrest,only,C1,C,753,partial,15,,1,,,,,,False
vector_rag|ridgecrest_only|C2,vector_rag,ridgecrest,only,C2,C,304,none,0,,2,,,,,,False
vector_rag|ridgecrest_only|C3,vector_rag,ridgecrest,only,C3,C,402,none,4,,5,,,,,M7.1 mainshock misdated to 2019-07-05 (true: 2019-07-06 UTC),True
vector_rag|ridgecrest_only|C4,vector_rag,ridgecrest,only,C4,C,206,none,0,,1,,,,,,False
vector_rag|ridgecrest_only|C5,vector_rag,ridgecrest,only,C5,C,1072,none,0,,2,,,,,,False
vector_rag|ridgecrest_only|C6,vector_rag,ridgecrest,only,C6,C,98,full,0,,1,,,,,,False
vector_rag|ridgecrest_only|C7,vector_rag,ridgecrest,only,C7,C,789,none,10,,1,,,,,,False
vector_rag|ridgecrest_only|C8,vector_rag,ridgecrest,only,C8,C,872,none,14,,1,,,,,,False
vector_rag|ridgecrest_only|C9,vector_rag,ridgecrest,only,C9,C,666,none,0,,3,,,,,,False
vector_rag|ridgecrest_only|C10,vector_rag,ridgecrest,only,C10,C,67,full,0,,0,,,,,,False
vector_rag|ridgecrest_only|C11,vector_rag,ridgecrest,only,C11,C,439,none,0,,1,,,,,,False
vector_rag|ridgecrest_only|C12,vector_rag,ridgecrest,only,C12,C,302,none,2,,2,,,,,,False
vector_rag|ridgecrest_only|C13,vector_rag,ridgecrest,only,C13,C,1200,none,15,,1,,,,,,False
vector_rag|ridgecrest_only|C14,vector_rag,ridgecrest,only,C14,C,361,none,6,,0,,,,,,False
vector_rag|ridgecrest_only|C15,vector_rag,ridgecrest,only,C15,C,281,partial,5,,0,,,,,,False
vector_rag|ridgecrest_only|C16,vector_rag,ridgecrest,only,C16,C,133,partial,0,,0,,,,,,False
vector_rag|ridgecrest_only|C17,vector_rag,ridgecrest,only,C17,C,500,none,10,,1,,,,,,False
vector_rag|ridgecrest_only|C18,vector_rag,ridgecrest,only,C18,C,51,full,0,,0,,,,,,False
vector_rag|ridgecrest_only|C19,vector_rag,ridgecrest,only,C19,C,76,full,0,,0,,,,,,False
vector_rag|ridgecrest_only|C20,vector_rag,ridgecrest,only,C20,C,78,full,0,,0,,,,,,False
vector_rag|ridgecrest_only|D1,vector_rag,ridgecrest,only,D1,D,77,full,0,,0,,,,,,False
vector_rag|ridgecrest_only|D2,vector_rag,ridgecrest,only,D2,D,79,full,0,,0,,,,,,False
vector_rag|ridgecrest_only|D3,vector_rag,ridgecrest,only,D3,D,72,full,0,,0,,,,,,False
vector_rag|ridgecrest_only|D4,vector_rag,ridgecrest,only,D4,D,75,full,0,,0,,,,,,False
vector_rag|ridgecrest_only|D5,vector_rag,ridgecrest,only,D5,D,63,full,0,,0,,,,,,False
vector_rag|ridgecrest_only|D6,vector_rag,ridgecrest,only,D6,D,57,full,0,,0,,,,,,False
vector_rag|ridgecrest_only|D7,vector_rag,ridgecrest,only,D7,D,62,full,0,,0,,,,,,False
vector_rag|ridgecrest_only|D8,vector_rag,ridgecrest,only,D8,D,62,full,0,,0,,,,,,False
vector_rag|ridgecrest_only|D9,vector_rag,ridgecrest,only,D9,D,64,full,0,,0,,,,,,False
vector_rag|ridgecrest_only|D10,vector_rag,ridgecrest,only,D10,D,74,full,0,,0,,,,,,False
vector_rag|ridgecrest_only|D11,vector_rag,ridgecrest,only,D11,D,43,full,0,,0,,,,,,False
vector_rag|ridgecrest_only|D12,vector_rag,ridgecrest,only,D12,D,68,full,0,,0,,,,,,False
vector_rag|ridgecrest_only|D13,vector_rag,ridgecrest,only,D13,D,58,full,0,,0,,,,,,False
vector_rag|ridgecrest_only|D14,vector_rag,ridgecrest,only,D14,D,97,full,0,,0,,,,,,False
vector_rag|ridgecrest_only|D15,vector_rag,ridgecrest,only,D15,D,63,full,0,,0,,,,,,False
vector_rag|ridgecrest_only|D16,vector_rag,ridgecrest,only,D16,D,50,full,0,,0,,,,,,False
vector_rag|ridgecrest_only|D17,vector_rag,ridgecrest,only,D17,D,63,full,0,,0,,,,,,False
vector_rag|ridgecrest_only|D18,vector_rag,ridgecrest,only,D18,D,54,full,0,,0,,,,,,False
vector_rag|ridgecrest_only|D19,vector_rag,ridgecrest,only,D19,D,64,full,0,,0,,,,,,False
vector_rag|ridgecrest_only|D20,vector_rag,ridgecrest,only,D20,D,63,full,0,,0,,,,,,False
vector_rag|ridgecrest_only|E1,vector_rag,ridgecrest,only,E1,E,305,none,0,,2,,,,,,False
vector_rag|ridgecrest_only|E2,vector_rag,ridgecrest,only,E2,E,86,full,0,,0,,,,,,False
vector_rag|ridgecrest_only|E3,vector_rag,ridgecrest,only,E3,E,102,full,0,,0,,,,,,False
vector_rag|ridgecrest_only|E4,vector_rag,ridgecrest,only,E4,E,285,partial,0,,1,,,,,,False
vector_rag|ridgecrest_only|E5,vector_rag,ridgecrest,only,E5,E,218,none,0,,1,,,,,,False
vector_rag|ridgecrest_only|E6,vector_rag,ridgecrest,only,E6,E,104,full,0,,0,,,,,,False
vector_rag|ridgecrest_only|E7,vector_rag,ridgecrest,only,E7,E,78,full,0,,0,,,,,,False
vector_rag|ridgecrest_only|E8,vector_rag,ridgecrest,only,E8,E,182,partial,0,,0,,,,,,False
vector_rag|ridgecrest_only|E9,vector_rag,ridgecrest,only,E9,E,93,full,0,,0,,,,,,False
vector_rag|ridgecrest_only|E10,vector_rag,ridgecrest,only,E10,E,77,full,0,,0,,,,,,False
vector_rag|ridgecrest_only|E11,vector_rag,ridgecrest,only,E11,E,120,full,0,,1,,,,,,False
vector_rag|ridgecrest_only|E12,vector_rag,ridgecrest,only,E12,E,207,none,2,,2,,,,,,False
vector_rag|ridgecrest_only|E13,vector_rag,ridgecrest,only,E13,E,101,full,0,,0,,,,,,False
vector_rag|ridgecrest_only|E14,vector_rag,ridgecrest,only,E14,E,120,full,0,,1,,,,,,False
vector_rag|ridgecrest_only|E15,vector_rag,ridgecrest,only,E15,E,89,full,0,,0,,,,,,False
vector_rag|ridgecrest_only|E16,vector_rag,ridgecrest,only,E16,E,337,none,0,,1,,,,,,False
vector_rag|ridgecrest_only|E17,vector_rag,ridgecrest,only,E17,E,107,full,0,,0,,,,,,False
vector_rag|ridgecrest_only|E18,vector_rag,ridgecrest,only,E18,E,82,full,0,,0,,,,,,False
vector_rag|ridgecrest_only|E19,vector_rag,ridgecrest,only,E19,E,200,partial,0,,1,,,,,,False
vector_rag|ridgecrest_only|E20,vector_rag,ridgecrest,only,E20,E,81,full,0,,0,,,,,,False
vector_rag|maduo_only|A1,vector_rag,maduo,only,A1,A,64,full,0,,0,,,,,,False
vector_rag|maduo_only|A2,vector_rag,maduo,only,A2,A,77,full,0,,0,,,,,,False
vector_rag|maduo_only|A3,vector_rag,maduo,only,A3,A,58,full,0,,0,,,,,,False
vector_rag|maduo_only|A4,vector_rag,maduo,only,A4,A,94,full,0,,0,,,,,,False
vector_rag|maduo_only|A5,vector_rag,maduo,only,A5,A,66,full,0,,0,,,,,,False
vector_rag|maduo_only|A6,vector_rag,maduo,only,A6,A,65,full,0,,0,,,,,,False
vector_rag|maduo_only|A7,vector_rag,maduo,only,A7,A,90,full,0,,0,,,,,,False
vector_rag|maduo_only|A8,vector_rag,maduo,only,A8,A,55,full,0,,0,,,,,,False
vector_rag|maduo_only|A9,vector_rag,maduo,only,A9,A,68,full,0,,0,,,,,,False
vector_rag|maduo_only|A10,vector_rag,maduo,only,A10,A,71,full,0,,0,,,,,,False
vector_rag|maduo_only|A11,vector_rag,maduo,only,A11,A,69,full,0,,0,,,,,,False
vector_rag|maduo_only|A12,vector_rag,maduo,only,A12,A,64,full,0,,0,,,,,,False
vector_rag|maduo_only|A13,vector_rag,maduo,only,A13,A,60,full,0,,0,,,,,,False
vector_rag|maduo_only|A14,vector_rag,maduo,only,A14,A,62,full,0,,0,,,,,,False
vector_rag|maduo_only|A15,vector_rag,maduo,only,A15,A,59,full,0,,0,,,,,,False
vector_rag|maduo_only|A16,vector_rag,maduo,only,A16,A,76,full,0,,0,,,,,,False
vector_rag|maduo_only|A17,vector_rag,maduo,only,A17,A,56,full,0,,0,,,,,,False
vector_rag|maduo_only|A18,vector_rag,maduo,only,A18,A,61,full,0,,0,,,,,,False
vector_rag|maduo_only|A19,vector_rag,maduo,only,A19,A,157,none,1,,2,,,,,,False
vector_rag|maduo_only|A20,vector_rag,maduo,only,A20,A,79,full,0,,0,,,,,,False
vector_rag|maduo_only|B1,vector_rag,maduo,only,B1,B,80,full,0,,0,,,,,,False
vector_rag|maduo_only|B2,vector_rag,maduo,only,B2,B,54,full,0,,0,,,,,,False
vector_rag|maduo_only|B3,vector_rag,maduo,only,B3,B,57,full,0,,0,,,,,,False
vector_rag|maduo_only|B4,vector_rag,maduo,only,B4,B,58,full,0,,0,,,,,,False
vector_rag|maduo_only|B5,vector_rag,maduo,only,B5,B,48,full,0,,0,,,,,,False
vector_rag|maduo_only|B6,vector_rag,maduo,only,B6,B,87,full,0,,0,,,,,,False
vector_rag|maduo_only|B7,vector_rag,maduo,only,B7,B,91,full,0,,0,,,,,,False
vector_rag|maduo_only|B8,vector_rag,maduo,only,B8,B,53,full,0,,0,,,,,,False
vector_rag|maduo_only|B9,vector_rag,maduo,only,B9,B,57,full,0,,0,,,,,,False
vector_rag|maduo_only|B10,vector_rag,maduo,only,B10,B,81,full,1,,0,,,,,,False
vector_rag|maduo_only|B11,vector_rag,maduo,only,B11,B,58,full,0,,0,,,,,,False
vector_rag|maduo_only|B12,vector_rag,maduo,only,B12,B,45,full,0,,0,,,,,,False
vector_rag|maduo_only|B13,vector_rag,maduo,only,B13,B,53,full,0,,0,,,,,,False
vector_rag|maduo_only|B14,vector_rag,maduo,only,B14,B,58,full,0,,0,,,,,,False
vector_rag|maduo_only|B15,vector_rag,maduo,only,B15,B,53,full,0,,0,,,,,,False
vector_rag|maduo_only|B16,vector_rag,maduo,only,B16,B,64,full,0,,0,,,,,,False
vector_rag|maduo_only|B17,vector_rag,maduo,only,B17,B,58,full,0,,0,,,,,,False
vector_rag|maduo_only|B18,vector_rag,maduo,only,B18,B,74,full,0,,0,,,,,,False
vector_rag|maduo_only|B19,vector_rag,maduo,only,B19,B,63,full,0,,0,,,,,,False
vector_rag|maduo_only|B20,vector_rag,maduo,only,B20,B,50,full,0,,0,,,,,,False
vector_rag|maduo_only|C1,vector_rag,maduo,only,C1,C,84,full,0,,0,,,,,,False
vector_rag|maduo_only|C2,vector_rag,maduo,only,C2,C,73,full,1,,0,,,,,,False
vector_rag|maduo_only|C3,vector_rag,maduo,only,C3,C,73,full,0,,0,,,,,,False
vector_rag|maduo_only|C4,vector_rag,maduo,only,C4,C,60,full,0,,0,,,,,,False
vector_rag|maduo_only|C5,vector_rag,maduo,only,C5,C,52,full,0,,0,,,,,,False
vector_rag|maduo_only|C6,vector_rag,maduo,only,C6,C,61,full,0,,0,,,,,,False
vector_rag|maduo_only|C7,vector_rag,maduo,only,C7,C,47,full,0,,0,,,,,,False
vector_rag|maduo_only|C8,vector_rag,maduo,only,C8,C,49,full,0,,0,,,,,,False
vector_rag|maduo_only|C9,vector_rag,maduo,only,C9,C,54,full,0,,0,,,,,,False
vector_rag|maduo_only|C10,vector_rag,maduo,only,C10,C,61,full,0,,0,,,,,,False
vector_rag|maduo_only|C11,vector_rag,maduo,only,C11,C,78,full,0,,0,,,,,,False
vector_rag|maduo_only|C12,vector_rag,maduo,only,C12,C,64,full,0,,0,,,,,,False
vector_rag|maduo_only|C13,vector_rag,maduo,only,C13,C,855,none,14,,2,,,,,,False
vector_rag|maduo_only|C14,vector_rag,maduo,only,C14,C,84,full,0,,0,,,,,,False
vector_rag|maduo_only|C15,vector_rag,maduo,only,C15,C,72,none,0,,0,,,,,,False
vector_rag|maduo_only|C16,vector_rag,maduo,only,C16,C,91,full,0,,0,,,,,,False
vector_rag|maduo_only|C17,vector_rag,maduo,only,C17,C,61,full,0,,0,,,,,,False
vector_rag|maduo_only|C18,vector_rag,maduo,only,C18,C,49,full,0,,0,,,,,,False
vector_rag|maduo_only|C19,vector_rag,maduo,only,C19,C,85,full,0,,0,,,,,,False
vector_rag|maduo_only|C20,vector_rag,maduo,only,C20,C,84,full,0,,0,,,,,,False
vector_rag|maduo_only|D1,vector_rag,maduo,only,D1,D,85,full,0,,0,,,,,,False
vector_rag|maduo_only|D2,vector_rag,maduo,only,D2,D,78,full,0,,0,,,,,,False
vector_rag|maduo_only|D3,vector_rag,maduo,only,D3,D,84,full,0,,0,,,,,,False
vector_rag|maduo_only|D4,vector_rag,maduo,only,D4,D,73,full,0,,0,,,,,,False
vector_rag|maduo_only|D5,vector_rag,maduo,only,D5,D,63,full,0,,0,,,,,,False
vector_rag|maduo_only|D6,vector_rag,maduo,only,D6,D,56,full,0,,0,,,,,,False
vector_rag|maduo_only|D7,vector_rag,maduo,only,D7,D,57,full,0,,0,,,,,,False
vector_rag|maduo_only|D8,vector_rag,maduo,only,D8,D,69,full,0,,0,,,,,,False
vector_rag|maduo_only|D9,vector_rag,maduo,only,D9,D,67,full,0,,0,,,,,,False
vector_rag|maduo_only|D10,vector_rag,maduo,only,D10,D,49,full,0,,0,,,,,,False
vector_rag|maduo_only|D11,vector_rag,maduo,only,D11,D,42,full,0,,0,,,,,,False
vector_rag|maduo_only|D12,vector_rag,maduo,only,D12,D,65,full,0,,0,,,,,,False
vector_rag|maduo_only|D13,vector_rag,maduo,only,D13,D,60,full,0,,0,,,,,,False
vector_rag|maduo_only|D14,vector_rag,maduo,only,D14,D,55,full,0,,0,,,,,,False
vector_rag|maduo_only|D15,vector_rag,maduo,only,D15,D,48,full,0,,0,,,,,,False
vector_rag|maduo_only|D16,vector_rag,maduo,only,D16,D,49,full,0,,0,,,,,,False
vector_rag|maduo_only|D17,vector_rag,maduo,only,D17,D,62,full,0,,0,,,,,,False
vector_rag|maduo_only|D18,vector_rag,maduo,only,D18,D,67,full,0,,0,,,,,,False
vector_rag|maduo_only|D19,vector_rag,maduo,only,D19,D,63,full,0,,0,,,,,,False
vector_rag|maduo_only|D20,vector_rag,maduo,only,D20,D,61,full,0,,0,,,,,,False
vector_rag|maduo_only|E1,vector_rag,maduo,only,E1,E,82,full,0,,0,,,,,,False
vector_rag|maduo_only|E2,vector_rag,maduo,only,E2,E,85,full,0,,0,,,,,,False
vector_rag|maduo_only|E3,vector_rag,maduo,only,E3,E,94,full,0,,0,,,,,,False
vector_rag|maduo_only|E4,vector_rag,maduo,only,E4,E,76,full,0,,0,,,,,,False
vector_rag|maduo_only|E5,vector_rag,maduo,only,E5,E,84,full,0,,0,,,,,,False
vector_rag|maduo_only|E6,vector_rag,maduo,only,E6,E,86,full,0,,0,,,,,,False
vector_rag|maduo_only|E7,vector_rag,maduo,only,E7,E,53,full,0,,0,,,,,,False
vector_rag|maduo_only|E8,vector_rag,maduo,only,E8,E,61,full,0,,0,,,,,,False
vector_rag|maduo_only|E9,vector_rag,maduo,only,E9,E,59,full,0,,0,,,,,,False
vector_rag|maduo_only|E10,vector_rag,maduo,only,E10,E,73,full,0,,0,,,,,,False
vector_rag|maduo_only|E11,vector_rag,maduo,only,E11,E,82,full,0,,0,,,,,,False
vector_rag|maduo_only|E12,vector_rag,maduo,only,E12,E,45,full,0,,0,,,,,,False
vector_rag|maduo_only|E13,vector_rag,maduo,only,E13,E,62,full,0,,0,,,,,,False
vector_rag|maduo_only|E14,vector_rag,maduo,only,E14,E,70,full,0,,0,,,,,,False
vector_rag|maduo_only|E15,vector_rag,maduo,only,E15,E,67,full,0,,0,,,,,,False
vector_rag|maduo_only|E16,vector_rag,maduo,only,E16,E,61,full,0,,0,,,,,,False
vector_rag|maduo_only|E17,vector_rag,maduo,only,E17,E,56,full,0,,0,,,,,,False
vector_rag|maduo_only|E18,vector_rag,maduo,only,E18,E,53,full,0,,0,,,,,,False
vector_rag|maduo_only|E19,vector_rag,maduo,only,E19,E,64,full,0,,0,,,,,,False
vector_rag|maduo_only|E20,vector_rag,maduo,only,E20,E,81,full,0,,0,,,,,,False
graphrag_post2|qiaojia_only|A1,graphrag_post2,qiaojia,only,A1,A,3390,none,0,,0,,,,,,False
graphrag_post2|qiaojia_only|A2,graphrag_post2,qiaojia,only,A2,A,2111,none,0,,0,,,,,,False
graphrag_post2|qiaojia_only|A3,graphrag_post2,qiaojia,only,A3,A,2521,none,7,,0,,,,,,False
graphrag_post2|qiaojia_only|A4,graphrag_post2,qiaojia,only,A4,A,2576,none,2,,0,,,,,,False
graphrag_post2|qiaojia_only|A5,graphrag_post2,qiaojia,only,A5,A,2350,none,0,,0,,,,,,False
graphrag_post2|qiaojia_only|A6,graphrag_post2,qiaojia,only,A6,A,2037,none,0,,0,,,,,,False
graphrag_post2|qiaojia_only|A7,graphrag_post2,qiaojia,only,A7,A,2564,none,0,,0,,,,,,False
graphrag_post2|qiaojia_only|A8,graphrag_post2,qiaojia,only,A8,A,2897,none,0,,0,,,,,,False
graphrag_post2|qiaojia_only|A9,graphrag_post2,qiaojia,only,A9,A,2002,none,0,,0,,,,,,False
graphrag_post2|qiaojia_only|A10,graphrag_post2,qiaojia,only,A10,A,2221,none,0,,0,,,,,,False
graphrag_post2|qiaojia_only|A11,graphrag_post2,qiaojia,only,A11,A,2023,none,6,,0,,,,,,False
graphrag_post2|qiaojia_only|A12,graphrag_post2,qiaojia,only,A12,A,3061,none,0,,0,,,,,,False
graphrag_post2|qiaojia_only|A13,graphrag_post2,qiaojia,only,A13,A,437,none,0,,0,,,,,,False
graphrag_post2|qiaojia_only|A14,graphrag_post2,qiaojia,only,A14,A,2287,none,0,,0,,,,,,False
graphrag_post2|qiaojia_only|A15,graphrag_post2,qiaojia,only,A15,A,2428,none,0,,0,,,,,,False
graphrag_post2|qiaojia_only|A16,graphrag_post2,qiaojia,only,A16,A,710,partial,2,,0,,,,,,False
graphrag_post2|qiaojia_only|A17,graphrag_post2,qiaojia,only,A17,A,3658,none,1,,0,,,,,,False
graphrag_post2|qiaojia_only|A18,graphrag_post2,qiaojia,only,A18,A,1833,none,0,,0,,,,,,False
graphrag_post2|qiaojia_only|A19,graphrag_post2,qiaojia,only,A19,A,2123,none,0,,0,,,,,,False
graphrag_post2|qiaojia_only|A20,graphrag_post2,qiaojia,only,A20,A,3059,none,0,,0,,,,,,False
graphrag_post2|qiaojia_only|B1,graphrag_post2,qiaojia,only,B1,B,622,none,0,,0,,,,,,False
graphrag_post2|qiaojia_only|B2,graphrag_post2,qiaojia,only,B2,B,460,none,0,,0,,,,,,False
graphrag_post2|qiaojia_only|B3,graphrag_post2,qiaojia,only,B3,B,904,none,0,,4,,,,,,False
graphrag_post2|qiaojia_only|B4,graphrag_post2,qiaojia,only,B4,B,1021,none,0,,2,,,,,,False
graphrag_post2|qiaojia_only|B5,graphrag_post2,qiaojia,only,B5,B,75,full,0,,0,,,,,,False
graphrag_post2|qiaojia_only|B6,graphrag_post2,qiaojia,only,B6,B,1704,none,0,,0,,,,,,False
graphrag_post2|qiaojia_only|B7,graphrag_post2,qiaojia,only,B7,B,810,none,3,,0,,,,,,False
graphrag_post2|qiaojia_only|B8,graphrag_post2,qiaojia,only,B8,B,1573,none,0,,3,,,,,,False
graphrag_post2|qiaojia_only|B9,graphrag_post2,qiaojia,only,B9,B,777,partial,0,,0,,,,,,False
graphrag_post2|qiaojia_only|B10,graphrag_post2,qiaojia,only,B10,B,1531,partial,10,,0,,,,,,False
graphrag_post2|qiaojia_only|B11,graphrag_post2,qiaojia,only,B11,B,75,full,0,,0,,,,,,False
graphrag_post2|qiaojia_only|B12,graphrag_post2,qiaojia,only,B12,B,1609,none,7,,0,,,,,,False
graphrag_post2|qiaojia_only|B13,graphrag_post2,qiaojia,only,B13,B,1487,none,0,,3,,,,,,False
graphrag_post2|qiaojia_only|B14,graphrag_post2,qiaojia,only,B14,B,501,partial,2,,0,,,,,,False
graphrag_post2|qiaojia_only|B15,graphrag_post2,qiaojia,only,B15,B,1934,none,0,,0,,,,,,False
graphrag_post2|qiaojia_only|B16,graphrag_post2,qiaojia,only,B16,B,2110,none,0,,0,,,,,,False
graphrag_post2|qiaojia_only|B17,graphrag_post2,qiaojia,only,B17,B,1910,none,15,,0,,,,,,False
graphrag_post2|qiaojia_only|B18,graphrag_post2,qiaojia,only,B18,B,1499,none,2,,0,,,,,,False
graphrag_post2|qiaojia_only|B19,graphrag_post2,qiaojia,only,B19,B,75,full,0,,0,,,,,,False
graphrag_post2|qiaojia_only|B20,graphrag_post2,qiaojia,only,B20,B,75,full,0,,0,,,,,,False
graphrag_post2|qiaojia_only|C1,graphrag_post2,qiaojia,only,C1,C,2179,none,0,,1,,,,,,False
graphrag_post2|qiaojia_only|C2,graphrag_post2,qiaojia,only,C2,C,580,partial,3,,0,,,,,,False
graphrag_post2|qiaojia_only|C3,graphrag_post2,qiaojia,only,C3,C,999,partial,0,,0,,,,,,False
graphrag_post2|qiaojia_only|C4,graphrag_post2,qiaojia,only,C4,C,411,partial,0,,0,,,,,,False
graphrag_post2|qiaojia_only|C5,graphrag_post2,qiaojia,only,C5,C,312,partial,0,,0,,,,,,False
graphrag_post2|qiaojia_only|C6,graphrag_post2,qiaojia,only,C6,C,433,partial,0,,0,,,,,,False
graphrag_post2|qiaojia_only|C7,graphrag_post2,qiaojia,only,C7,C,317,partial,0,,0,,,,,,False
graphrag_post2|qiaojia_only|C8,graphrag_post2,qiaojia,only,C8,C,1809,none,0,,1,,,,,,False
graphrag_post2|qiaojia_only|C9,graphrag_post2,qiaojia,only,C9,C,2540,none,4,,1,,,,,,False
graphrag_post2|qiaojia_only|C10,graphrag_post2,qiaojia,only,C10,C,807,partial,1,,1,,,,,,False
graphrag_post2|qiaojia_only|C11,graphrag_post2,qiaojia,only,C11,C,2665,none,0,,4,,,,,,False
graphrag_post2|qiaojia_only|C12,graphrag_post2,qiaojia,only,C12,C,519,partial,0,,0,,,,,,False
graphrag_post2|qiaojia_only|C13,graphrag_post2,qiaojia,only,C13,C,816,partial,2,,1,,,,,,False
graphrag_post2|qiaojia_only|C14,graphrag_post2,qiaojia,only,C14,C,1805,none,0,,3,,,,,,False
graphrag_post2|qiaojia_only|C15,graphrag_post2,qiaojia,only,C15,C,1264,partial,8,,5,,,,,,False
graphrag_post2|qiaojia_only|C16,graphrag_post2,qiaojia,only,C16,C,864,partial,0,,0,,,,,,False
graphrag_post2|qiaojia_only|C17,graphrag_post2,qiaojia,only,C17,C,312,partial,0,,0,,,,,,False
graphrag_post2|qiaojia_only|C18,graphrag_post2,qiaojia,only,C18,C,363,partial,0,,0,,,,,,False
graphrag_post2|qiaojia_only|C19,graphrag_post2,qiaojia,only,C19,C,1900,none,2,,4,,,,,,False
graphrag_post2|qiaojia_only|C20,graphrag_post2,qiaojia,only,C20,C,1840,partial,1,,3,,,,,,False
graphrag_post2|qiaojia_only|D1,graphrag_post2,qiaojia,only,D1,D,75,full,0,,0,,,,,,False
graphrag_post2|qiaojia_only|D2,graphrag_post2,qiaojia,only,D2,D,75,full,0,,0,,,,,,False
graphrag_post2|qiaojia_only|D3,graphrag_post2,qiaojia,only,D3,D,75,full,0,,0,,,,,,False
graphrag_post2|qiaojia_only|D4,graphrag_post2,qiaojia,only,D4,D,75,full,0,,0,,,,,,False
graphrag_post2|qiaojia_only|D5,graphrag_post2,qiaojia,only,D5,D,75,full,0,,0,,,,,,False
graphrag_post2|qiaojia_only|D6,graphrag_post2,qiaojia,only,D6,D,75,full,0,,0,,,,,,False
graphrag_post2|qiaojia_only|D7,graphrag_post2,qiaojia,only,D7,D,75,full,0,,0,,,,,,False
graphrag_post2|qiaojia_only|D8,graphrag_post2,qiaojia,only,D8,D,75,full,0,,0,,,,,,False
graphrag_post2|qiaojia_only|D9,graphrag_post2,qiaojia,only,D9,D,75,full,0,,0,,,,,,False
graphrag_post2|qiaojia_only|D10,graphrag_post2,qiaojia,only,D10,D,75,full,0,,0,,,,,,False
graphrag_post2|qiaojia_only|D11,graphrag_post2,qiaojia,only,D11,D,75,full,0,,0,,,,,,False
graphrag_post2|qiaojia_only|D12,graphrag_post2,qiaojia,only,D12,D,75,full,0,,0,,,,,,False
graphrag_post2|qiaojia_only|D13,graphrag_post2,qiaojia,only,D13,D,1918,none,0,,0,,,,,,False
graphrag_post2|qiaojia_only|D14,graphrag_post2,qiaojia,only,D14,D,2344,none,6,,0,,,,,,False
graphrag_post2|qiaojia_only|D15,graphrag_post2,qiaojia,only,D15,D,75,full,0,,0,,,,,,False
graphrag_post2|qiaojia_only|D16,graphrag_post2,qiaojia,only,D16,D,75,full,0,,0,,,,,,False
graphrag_post2|qiaojia_only|D17,graphrag_post2,qiaojia,only,D17,D,75,full,0,,0,,,,,,False
graphrag_post2|qiaojia_only|D18,graphrag_post2,qiaojia,only,D18,D,75,full,0,,0,,,,,,False
graphrag_post2|qiaojia_only|D19,graphrag_post2,qiaojia,only,D19,D,2932,none,0,,0,,,,,,False
graphrag_post2|qiaojia_only|D20,graphrag_post2,qiaojia,only,D20,D,75,full,0,,0,,,,,,False
graphrag_post2|qiaojia_only|E1,graphrag_post2,qiaojia,only,E1,E,2666,none,8,,0,,,,,,False
graphrag_post2|qiaojia_only|E2,graphrag_post2,qiaojia,only,E2,E,2085,none,0,,0,,,,,,False
graphrag_post2|qiaojia_only|E3,graphrag_post2,qiaojia,only,E3,E,75,full,0,,0,,,,,,False
graphrag_post2|qiaojia_only|E4,graphrag_post2,qiaojia,only,E4,E,3793,none,6,,0,,,,,,False
graphrag_post2|qiaojia_only|E5,graphrag_post2,qiaojia,only,E5,E,2991,none,11,,0,,,,,,False
graphrag_post2|qiaojia_only|E6,graphrag_post2,qiaojia,only,E6,E,75,full,0,,0,,,,,,False
graphrag_post2|qiaojia_only|E7,graphrag_post2,qiaojia,only,E7,E,2548,partial,0,,5,,,,,,False
graphrag_post2|qiaojia_only|E8,graphrag_post2,qiaojia,only,E8,E,1982,none,12,,0,,,,,,False
graphrag_post2|qiaojia_only|E9,graphrag_post2,qiaojia,only,E9,E,2947,none,7,,0,,,,,,False
graphrag_post2|qiaojia_only|E10,graphrag_post2,qiaojia,only,E10,E,3436,none,0,,0,,,,,,False
graphrag_post2|qiaojia_only|E11,graphrag_post2,qiaojia,only,E11,E,75,full,0,,0,,,,,,False
graphrag_post2|qiaojia_only|E12,graphrag_post2,qiaojia,only,E12,E,1965,none,0,,2,,,,,,False
graphrag_post2|qiaojia_only|E13,graphrag_post2,qiaojia,only,E13,E,2259,none,0,,0,,,,,,False
graphrag_post2|qiaojia_only|E14,graphrag_post2,qiaojia,only,E14,E,3171,none,4,,0,,,,,,False
graphrag_post2|qiaojia_only|E15,graphrag_post2,qiaojia,only,E15,E,3909,none,15,,0,,,,,,False
graphrag_post2|qiaojia_only|E16,graphrag_post2,qiaojia,only,E16,E,3729,none,4,,0,,,,,,False
graphrag_post2|qiaojia_only|E17,graphrag_post2,qiaojia,only,E17,E,1438,none,0,,0,,,,,,False
graphrag_post2|qiaojia_only|E18,graphrag_post2,qiaojia,only,E18,E,75,full,0,,0,,,,,,False
graphrag_post2|qiaojia_only|E19,graphrag_post2,qiaojia,only,E19,E,2801,none,6,,0,,,,,,False
graphrag_post2|qiaojia_only|E20,graphrag_post2,qiaojia,only,E20,E,3283,none,4,,0,,,,,,False
graphrag_post2|qiaojia_narrative|A1,graphrag_post2,qiaojia,narrative,A1,A,3157,none,0,,0,,,,,,False
graphrag_post2|qiaojia_narrative|A2,graphrag_post2,qiaojia,narrative,A2,A,2289,none,4,,0,,,,,,False
graphrag_post2|qiaojia_narrative|A3,graphrag_post2,qiaojia,narrative,A3,A,2798,none,8,,0,,,,,,False
graphrag_post2|qiaojia_narrative|A4,graphrag_post2,qiaojia,narrative,A4,A,2477,none,3,,0,,,,,,False
graphrag_post2|qiaojia_narrative|A5,graphrag_post2,qiaojia,narrative,A5,A,2652,none,8,,0,,,,,,False
graphrag_post2|qiaojia_narrative|A6,graphrag_post2,qiaojia,narrative,A6,A,1873,none,0,,0,,,,,,False
graphrag_post2|qiaojia_narrative|A7,graphrag_post2,qiaojia,narrative,A7,A,2804,none,0,,0,,,,,,False
graphrag_post2|qiaojia_narrative|A8,graphrag_post2,qiaojia,narrative,A8,A,2795,none,0,,0,,,,,,False
graphrag_post2|qiaojia_narrative|A9,graphrag_post2,qiaojia,narrative,A9,A,2269,none,0,,0,,,,,,False
graphrag_post2|qiaojia_narrative|A10,graphrag_post2,qiaojia,narrative,A10,A,2106,none,0,,0,,,,,,False
graphrag_post2|qiaojia_narrative|A11,graphrag_post2,qiaojia,narrative,A11,A,2317,none,4,,0,,,,,,False
graphrag_post2|qiaojia_narrative|A12,graphrag_post2,qiaojia,narrative,A12,A,2981,none,0,,0,,,,,,False
graphrag_post2|qiaojia_narrative|A13,graphrag_post2,qiaojia,narrative,A13,A,544,none,0,,0,,,,,,False
graphrag_post2|qiaojia_narrative|A14,graphrag_post2,qiaojia,narrative,A14,A,2445,none,0,,0,,,,,,False
graphrag_post2|qiaojia_narrative|A15,graphrag_post2,qiaojia,narrative,A15,A,2553,none,0,,0,,,,,,False
graphrag_post2|qiaojia_narrative|A16,graphrag_post2,qiaojia,narrative,A16,A,597,partial,1,,0,,,,,,False
graphrag_post2|qiaojia_narrative|A17,graphrag_post2,qiaojia,narrative,A17,A,3556,none,0,,1,,,,,,False
graphrag_post2|qiaojia_narrative|A18,graphrag_post2,qiaojia,narrative,A18,A,2223,none,1,,0,,,,,,False
graphrag_post2|qiaojia_narrative|A19,graphrag_post2,qiaojia,narrative,A19,A,2657,none,8,,0,,,,,,False
graphrag_post2|qiaojia_narrative|A20,graphrag_post2,qiaojia,narrative,A20,A,3843,none,2,,0,,,,,,False
graphrag_post2|qiaojia_narrative|B1,graphrag_post2,qiaojia,narrative,B1,B,521,none,0,,0,,,,,,False
graphrag_post2|qiaojia_narrative|B2,graphrag_post2,qiaojia,narrative,B2,B,511,none,0,,0,,,,,,False
graphrag_post2|qiaojia_narrative|B3,graphrag_post2,qiaojia,narrative,B3,B,971,none,0,,5,,,,,,False
graphrag_post2|qiaojia_narrative|B4,graphrag_post2,qiaojia,narrative,B4,B,1765,none,0,,3,,,,,,False
graphrag_post2|qiaojia_narrative|B5,graphrag_post2,qiaojia,narrative,B5,B,75,full,0,,0,,,,,,False
graphrag_post2|qiaojia_narrative|B6,graphrag_post2,qiaojia,narrative,B6,B,2357,none,0,,0,,,,,,False
graphrag_post2|qiaojia_narrative|B7,graphrag_post2,qiaojia,narrative,B7,B,764,partial,3,,0,,,,,,False
graphrag_post2|qiaojia_narrative|B8,graphrag_post2,qiaojia,narrative,B8,B,1139,none,0,,5,,,,,,False
graphrag_post2|qiaojia_narrative|B9,graphrag_post2,qiaojia,narrative,B9,B,425,partial,0,,0,,,,,,False
graphrag_post2|qiaojia_narrative|B10,graphrag_post2,qiaojia,narrative,B10,B,2058,none,22,,13,,,,,,False
graphrag_post2|qiaojia_narrative|B11,graphrag_post2,qiaojia,narrative,B11,B,75,full,0,,0,,,,,,False
graphrag_post2|qiaojia_narrative|B12,graphrag_post2,qiaojia,narrative,B12,B,1198,none,6,,0,,,,,,False
graphrag_post2|qiaojia_narrative|B13,graphrag_post2,qiaojia,narrative,B13,B,1359,none,0,,4,,,,,,False
graphrag_post2|qiaojia_narrative|B14,graphrag_post2,qiaojia,narrative,B14,B,886,partial,5,7.7,0,,,,,,True
graphrag_post2|qiaojia_narrative|B15,graphrag_post2,qiaojia,narrative,B15,B,1188,none,2,,0,,,,,,False
graphrag_post2|qiaojia_narrative|B16,graphrag_post2,qiaojia,narrative,B16,B,2269,partial,0,,4,,,,,,False
graphrag_post2|qiaojia_narrative|B17,graphrag_post2,qiaojia,narrative,B17,B,2041,none,16,,0,,,,,,False
graphrag_post2|qiaojia_narrative|B18,graphrag_post2,qiaojia,narrative,B18,B,1304,none,0,,0,,,,,,False
graphrag_post2|qiaojia_narrative|B19,graphrag_post2,qiaojia,narrative,B19,B,75,full,0,,0,,,,,,False
graphrag_post2|qiaojia_narrative|B20,graphrag_post2,qiaojia,narrative,B20,B,774,partial,0,,0,,,,,,False
graphrag_post2|qiaojia_narrative|C1,graphrag_post2,qiaojia,narrative,C1,C,2805,none,0,,0,,,,,,False
graphrag_post2|qiaojia_narrative|C2,graphrag_post2,qiaojia,narrative,C2,C,2046,none,11,,0,,,,,,False
graphrag_post2|qiaojia_narrative|C3,graphrag_post2,qiaojia,narrative,C3,C,3281,none,5,,1,,,,,,False
graphrag_post2|qiaojia_narrative|C4,graphrag_post2,qiaojia,narrative,C4,C,1209,none,0,,3,,,,,,False
graphrag_post2|qiaojia_narrative|C5,graphrag_post2,qiaojia,narrative,C5,C,344,partial,0,,0,,,,,,False
graphrag_post2|qiaojia_narrative|C6,graphrag_post2,qiaojia,narrative,C6,C,3121,none,2,7.7,1,,,,,,True
graphrag_post2|qiaojia_narrative|C7,graphrag_post2,qiaojia,narrative,C7,C,2203,none,0,,2,,,,,,False
graphrag_post2|qiaojia_narrative|C8,graphrag_post2,qiaojia,narrative,C8,C,1729,none,0,,2,,,,,,False
graphrag_post2|qiaojia_narrative|C9,graphrag_post2,qiaojia,narrative,C9,C,2795,none,1,,1,,,,,,False
graphrag_post2|qiaojia_narrative|C10,graphrag_post2,qiaojia,narrative,C10,C,2146,none,5,7.7,0,,,,,,True
graphrag_post2|qiaojia_narrative|C11,graphrag_post2,qiaojia,narrative,C11,C,2657,none,3,,3,,,,,,False
graphrag_post2|qiaojia_narrative|C12,graphrag_post2,qiaojia,narrative,C12,C,1826,none,3,6.6;7;7.8,0,,,,,,True
graphrag_post2|qiaojia_narrative|C13,graphrag_post2,qiaojia,narrative,C13,C,993,none,3,7.7,0,,,,,,True
graphrag_post2|qiaojia_narrative|C14,graphrag_post2,qiaojia,narrative,C14,C,1656,none,6,,3,,,,,,False
graphrag_post2|qiaojia_narrative|C15,graphrag_post2,qiaojia,narrative,C15,C,1098,partial,5,7.7,0,,,,,,True
graphrag_post2|qiaojia_narrative|C16,graphrag_post2,qiaojia,narrative,C16,C,2173,none,0,,0,,,,,,False
graphrag_post2|qiaojia_narrative|C17,graphrag_post2,qiaojia,narrative,C17,C,572,partial,0,,0,,,,,,False
graphrag_post2|qiaojia_narrative|C18,graphrag_post2,qiaojia,narrative,C18,C,2724,none,1,,2,,,,,,False
graphrag_post2|qiaojia_narrative|C19,graphrag_post2,qiaojia,narrative,C19,C,2711,none,0,,0,,,,,,False
graphrag_post2|qiaojia_narrative|C20,graphrag_post2,qiaojia,narrative,C20,C,2348,none,0,,1,,,,,,False
graphrag_post2|qiaojia_narrative|D1,graphrag_post2,qiaojia,narrative,D1,D,1848,partial,0,,0,,,,,,False
graphrag_post2|qiaojia_narrative|D2,graphrag_post2,qiaojia,narrative,D2,D,2666,none,0,,0,,,,,,False
graphrag_post2|qiaojia_narrative|D3,graphrag_post2,qiaojia,narrative,D3,D,1347,none,1,7.7,0,,,,,,True
graphrag_post2|qiaojia_narrative|D4,graphrag_post2,qiaojia,narrative,D4,D,1392,partial,0,,0,,,,,,False
graphrag_post2|qiaojia_narrative|D5,graphrag_post2,qiaojia,narrative,D5,D,2221,none,1,7.7,0,,,,,,True
graphrag_post2|qiaojia_narrative|D6,graphrag_post2,qiaojia,narrative,D6,D,75,full,0,,0,,,,,,False
graphrag_post2|qiaojia_narrative|D7,graphrag_post2,qiaojia,narrative,D7,D,1240,partial,0,,0,,,,,,False
graphrag_post2|qiaojia_narrative|D8,graphrag_post2,qiaojia,narrative,D8,D,2451,none,2,6.6;8,0,,,,,,True
graphrag_post2|qiaojia_narrative|D9,graphrag_post2,qiaojia,narrative,D9,D,1139,none,0,,0,,,,,,False
graphrag_post2|qiaojia_narrative|D10,graphrag_post2,qiaojia,narrative,D10,D,774,partial,0,,0,,,,,,False
graphrag_post2|qiaojia_narrative|D11,graphrag_post2,qiaojia,narrative,D11,D,1463,none,1,7.7,0,,,,,,True
graphrag_post2|qiaojia_narrative|D12,graphrag_post2,qiaojia,narrative,D12,D,1920,none,0,,0,,,,,,False
graphrag_post2|qiaojia_narrative|D13,graphrag_post2,qiaojia,narrative,D13,D,2613,none,1,7.7,0,,,,,,True
graphrag_post2|qiaojia_narrative|D14,graphrag_post2,qiaojia,narrative,D14,D,2665,none,5,7.7,0,,,,,,True
graphrag_post2|qiaojia_narrative|D15,graphrag_post2,qiaojia,narrative,D15,D,75,full,0,,0,,,,,,False
graphrag_post2|qiaojia_narrative|D16,graphrag_post2,qiaojia,narrative,D16,D,75,full,0,,0,,,,,,False
graphrag_post2|qiaojia_narrative|D17,graphrag_post2,qiaojia,narrative,D17,D,608,partial,1,7.7,0,,,,,,True
graphrag_post2|qiaojia_narrative|D18,graphrag_post2,qiaojia,narrative,D18,D,75,full,0,,0,,,,,,False
graphrag_post2|qiaojia_narrative|D19,graphrag_post2,qiaojia,narrative,D19,D,3741,none,0,,0,,,,,,False
graphrag_post2|qiaojia_narrative|D20,graphrag_post2,qiaojia,narrative,D20,D,2954,none,1,7.7,0,,,,,,True
graphrag_post2|qiaojia_narrative|E1,graphrag_post2,qiaojia,narrative,E1,E,2587,none,7,,0,,,,,,False
graphrag_post2|qiaojia_narrative|E2,graphrag_post2,qiaojia,narrative,E2,E,2236,none,0,,0,,,,,,False
graphrag_post2|qiaojia_narrative|E3,graphrag_post2,qiaojia,narrative,E3,E,1814,none,0,,0,,,,,,False
graphrag_post2|qiaojia_narrative|E4,graphrag_post2,qiaojia,narrative,E4,E,2988,none,7,,0,,,,,,False
graphrag_post2|qiaojia_narrative|E5,graphrag_post2,qiaojia,narrative,E5,E,2526,none,10,,0,,,,,,False
graphrag_post2|qiaojia_narrative|E6,graphrag_post2,qiaojia,narrative,E6,E,1587,none,0,,0,,,,,,False
graphrag_post2|qiaojia_narrative|E7,graphrag_post2,qiaojia,narrative,E7,E,2833,none,0,,0,,,,,,False
graphrag_post2|qiaojia_narrative|E8,graphrag_post2,qiaojia,narrative,E8,E,2497,none,8,,0,,,,,,False
graphrag_post2|qiaojia_narrative|E9,graphrag_post2,qiaojia,narrative,E9,E,2765,none,5,,0,,,,,,False
graphrag_post2|qiaojia_narrative|E10,graphrag_post2,qiaojia,narrative,E10,E,3712,none,1,,0,,,,,,False
graphrag_post2|qiaojia_narrative|E11,graphrag_post2,qiaojia,narrative,E11,E,2011,none,0,,0,,,,,,False
graphrag_post2|qiaojia_narrative|E12,graphrag_post2,qiaojia,narrative,E12,E,2789,none,0,,6,,,,,,False
graphrag_post2|qiaojia_narrative|E13,graphrag_post2,qiaojia,narrative,E13,E,2566,none,0,,0,,,,,,False
graphrag_post2|qiaojia_narrative|E14,graphrag_post2,qiaojia,narrative,E14,E,3228,partial,2,,0,,,,,,False
graphrag_post2|qiaojia_narrative|E15,graphrag_post2,qiaojia,narrative,E15,E,4023,none,14,,0,,,,,,False
graphrag_post2|qiaojia_narrative|E16,graphrag_post2,qiaojia,narrative,E16,E,3596,none,4,,0,,,,,,False
graphrag_post2|qiaojia_narrative|E17,graphrag_post2,qiaojia,narrative,E17,E,2125,none,0,,0,,,,,,False
graphrag_post2|qiaojia_narrative|E18,graphrag_post2,qiaojia,narrative,E18,E,75,full,0,,0,,,,,,False
graphrag_post2|qiaojia_narrative|E19,graphrag_post2,qiaojia,narrative,E19,E,2454,none,4,,0,,,,,,False
graphrag_post2|qiaojia_narrative|E20,graphrag_post2,qiaojia,narrative,E20,E,3726,none,1,7.7,0,,,,,,True
graphrag_post2|ridgecrest_only|A1,graphrag_post2,ridgecrest,only,A1,A,2989,none,4,,0,,,,,,False
graphrag_post2|ridgecrest_only|A2,graphrag_post2,ridgecrest,only,A2,A,1342,none,6,,0,,,,,,False
graphrag_post2|ridgecrest_only|A3,graphrag_post2,ridgecrest,only,A3,A,3029,none,7,,0,,,,,,False
graphrag_post2|ridgecrest_only|A4,graphrag_post2,ridgecrest,only,A4,A,2970,none,8,,0,,,,,,False
graphrag_post2|ridgecrest_only|A5,graphrag_post2,ridgecrest,only,A5,A,2370,none,5,,0,,,,,M7.1 mainshock misdated to 2019-07-05 (true: 2019-07-06 UTC),True
graphrag_post2|ridgecrest_only|A6,graphrag_post2,ridgecrest,only,A6,A,2208,none,0,,0,,,,,,False
graphrag_post2|ridgecrest_only|A7,graphrag_post2,ridgecrest,only,A7,A,3078,none,9,,0,,,,,M7.1 mainshock misdated to 2019-07-05 (true: 2019-07-06 UTC),True
graphrag_post2|ridgecrest_only|A8,graphrag_post2,ridgecrest,only,A8,A,2884,none,0,,0,,,,,,False
graphrag_post2|ridgecrest_only|A9,graphrag_post2,ridgecrest,only,A9,A,1990,none,0,,0,,,,,,False
graphrag_post2|ridgecrest_only|A10,graphrag_post2,ridgecrest,only,A10,A,767,none,0,,0,,,,,M7.1 mainshock misdated to 2019-07-05 (true: 2019-07-06 UTC),True
graphrag_post2|ridgecrest_only|A11,graphrag_post2,ridgecrest,only,A11,A,2565,none,7,,0,,,,,,False
graphrag_post2|ridgecrest_only|A12,graphrag_post2,ridgecrest,only,A12,A,3110,none,0,,0,,,,,,False
graphrag_post2|ridgecrest_only|A13,graphrag_post2,ridgecrest,only,A13,A,1245,none,0,,0,,,,,,False
graphrag_post2|ridgecrest_only|A14,graphrag_post2,ridgecrest,only,A14,A,2229,none,0,,0,,,,,,False
graphrag_post2|ridgecrest_only|A15,graphrag_post2,ridgecrest,only,A15,A,2200,none,0,,0,,,,,M7.1 mainshock misdated to 2019-07-05 (true: 2019-07-06 UTC),True
graphrag_post2|ridgecrest_only|A16,graphrag_post2,ridgecrest,only,A16,A,1541,none,13,,0,,,,,M7.1 mainshock misdated to 2019-07-05 (true: 2019-07-06 UTC),True
graphrag_post2|ridgecrest_only|A17,graphrag_post2,ridgecrest,only,A17,A,3416,none,0,,0,,,,,,False
graphrag_post2|ridgecrest_only|A18,graphrag_post2,ridgecrest,only,A18,A,3522,none,4,,0,,,,,M7.1 mainshock misdated to 2019-07-05 (true: 2019-07-06 UTC),True
graphrag_post2|ridgecrest_only|A19,graphrag_post2,ridgecrest,only,A19,A,2137,none,0,,3,,,,,,False
graphrag_post2|ridgecrest_only|A20,graphrag_post2,ridgecrest,only,A20,A,3610,none,0,,0,,,,,,False
graphrag_post2|ridgecrest_only|B1,graphrag_post2,ridgecrest,only,B1,B,519,none,0,,0,,,,,,False
graphrag_post2|ridgecrest_only|B2,graphrag_post2,ridgecrest,only,B2,B,944,none,0,,0,,,,,,False
graphrag_post2|ridgecrest_only|B3,graphrag_post2,ridgecrest,only,B3,B,968,none,0,,2,,,,,,False
graphrag_post2|ridgecrest_only|B4,graphrag_post2,ridgecrest,only,B4,B,2018,none,0,,4,,,,,,False
graphrag_post2|ridgecrest_only|B5,graphrag_post2,ridgecrest,only,B5,B,75,full,0,,0,,,,,,False
graphrag_post2|ridgecrest_only|B6,graphrag_post2,ridgecrest,only,B6,B,2301,none,5,,0,,,,,M7.1 mainshock misdated to 2019-07-05 (true: 2019-07-06 UTC),True
graphrag_post2|ridgecrest_only|B7,graphrag_post2,ridgecrest,only,B7,B,2345,none,3,,0,,,,,M7.1 mainshock misdated to 2019-07-05 (true: 2019-07-06 UTC),True
graphrag_post2|ridgecrest_only|B8,graphrag_post2,ridgecrest,only,B8,B,1261,none,2,,2,,,,,,False
graphrag_post2|ridgecrest_only|B9,graphrag_post2,ridgecrest,only,B9,B,1568,none,0,,0,,,,,,False
graphrag_post2|ridgecrest_only|B10,graphrag_post2,ridgecrest,only,B10,B,1637,none,20,,0,,,,,M7.1 mainshock misdated to 2019-07-05 (true: 2019-07-06 UTC),True
graphrag_post2|ridgecrest_only|B11,graphrag_post2,ridgecrest,only,B11,B,75,full,0,,0,,,,,,False
graphrag_post2|ridgecrest_only|B12,graphrag_post2,ridgecrest,only,B12,B,948,none,5,,0,,,,,,False
graphrag_post2|ridgecrest_only|B13,graphrag_post2,ridgecrest,only,B13,B,1583,none,0,,1,,,,,,False
graphrag_post2|ridgecrest_only|B14,graphrag_post2,ridgecrest,only,B14,B,1912,partial,11,,0,,,,,,False
graphrag_post2|ridgecrest_only|B15,graphrag_post2,ridgecrest,only,B15,B,1189,none,0,,0,,,,,,False
graphrag_post2|ridgecrest_only|B16,graphrag_post2,ridgecrest,only,B16,B,2302,none,0,,0,,,,,,False
graphrag_post2|ridgecrest_only|B17,graphrag_post2,ridgecrest,only,B17,B,1862,none,0,,4,,,,,,False
graphrag_post2|ridgecrest_only|B18,graphrag_post2,ridgecrest,only,B18,B,2143,none,0,,0,,,,,M7.1 mainshock misdated to 2019-07-05 (true: 2019-07-06 UTC),True
graphrag_post2|ridgecrest_only|B19,graphrag_post2,ridgecrest,only,B19,B,75,full,0,,0,,,,,,False
graphrag_post2|ridgecrest_only|B20,graphrag_post2,ridgecrest,only,B20,B,597,partial,0,,0,,,,,,False
graphrag_post2|ridgecrest_only|C1,graphrag_post2,ridgecrest,only,C1,C,2828,none,0,,1,,,,,,False
graphrag_post2|ridgecrest_only|C2,graphrag_post2,ridgecrest,only,C2,C,2544,none,7,,1,,,,,,False
graphrag_post2|ridgecrest_only|C3,graphrag_post2,ridgecrest,only,C3,C,2841,none,0,,2,,,,,,False
graphrag_post2|ridgecrest_only|C4,graphrag_post2,ridgecrest,only,C4,C,1894,none,4,,1,,,,,,False
graphrag_post2|ridgecrest_only|C5,graphrag_post2,ridgecrest,only,C5,C,1754,none,0,,1,,,,,,False
graphrag_post2|ridgecrest_only|C6,graphrag_post2,ridgecrest,only,C6,C,2769,none,2,,1,,,,,,False
graphrag_post2|ridgecrest_only|C7,graphrag_post2,ridgecrest,only,C7,C,1296,none,0,,1,,,,,,False
graphrag_post2|ridgecrest_only|C8,graphrag_post2,ridgecrest,only,C8,C,1826,none,0,,2,,,,,,False
graphrag_post2|ridgecrest_only|C9,graphrag_post2,ridgecrest,only,C9,C,2885,none,4,,1,,,,,,False
graphrag_post2|ridgecrest_only|C10,graphrag_post2,ridgecrest,only,C10,C,411,partial,0,,0,,,,,,False
graphrag_post2|ridgecrest_only|C11,graphrag_post2,ridgecrest,only,C11,C,2369,none,2,,4,,,,,M7.1 mainshock misdated to 2019-07-05 (true: 2019-07-06 UTC),True
graphrag_post2|ridgecrest_only|C12,graphrag_post2,ridgecrest,only,C12,C,2074,partial,0,,2,,,,,,False
graphrag_post2|ridgecrest_only|C13,graphrag_post2,ridgecrest,only,C13,C,2005,partial,2,,0,,,,,,False
graphrag_post2|ridgecrest_only|C14,graphrag_post2,ridgecrest,only,C14,C,2230,none,6,,0,,,,,,False
graphrag_post2|ridgecrest_only|C15,graphrag_post2,ridgecrest,only,C15,C,1582,partial,0,,1,,,,,,False
graphrag_post2|ridgecrest_only|C16,graphrag_post2,ridgecrest,only,C16,C,2168,none,0,,0,,,,,,False
graphrag_post2|ridgecrest_only|C17,graphrag_post2,ridgecrest,only,C17,C,2544,none,7,,1,,,,,,False
graphrag_post2|ridgecrest_only|C18,graphrag_post2,ridgecrest,only,C18,C,538,none,0,,0,,,,,,False
graphrag_post2|ridgecrest_only|C19,graphrag_post2,ridgecrest,only,C19,C,2134,none,8,,0,,,,,,False
graphrag_post2|ridgecrest_only|C20,graphrag_post2,ridgecrest,only,C20,C,2479,none,1,,1,,,,,,False
graphrag_post2|ridgecrest_only|D1,graphrag_post2,ridgecrest,only,D1,D,75,full,0,,0,,,,,,False
graphrag_post2|ridgecrest_only|D2,graphrag_post2,ridgecrest,only,D2,D,75,full,0,,0,,,,,,False
graphrag_post2|ridgecrest_only|D3,graphrag_post2,ridgecrest,only,D3,D,75,full,0,,0,,,,,,False
graphrag_post2|ridgecrest_only|D4,graphrag_post2,ridgecrest,only,D4,D,706,partial,0,,0,,,,,,False
graphrag_post2|ridgecrest_only|D5,graphrag_post2,ridgecrest,only,D5,D,75,full,0,,0,,,,,,False
graphrag_post2|ridgecrest_only|D6,graphrag_post2,ridgecrest,only,D6,D,75,full,0,,0,,,,,,False
graphrag_post2|ridgecrest_only|D7,graphrag_post2,ridgecrest,only,D7,D,75,full,0,,0,,,,,,False
graphrag_post2|ridgecrest_only|D8,graphrag_post2,ridgecrest,only,D8,D,75,full,0,,0,,,,,,False
graphrag_post2|ridgecrest_only|D9,graphrag_post2,ridgecrest,only,D9,D,75,full,0,,0,,,,,,False
graphrag_post2|ridgecrest_only|D10,graphrag_post2,ridgecrest,only,D10,D,75,full,0,,0,,,,,,False
graphrag_post2|ridgecrest_only|D11,graphrag_post2,ridgecrest,only,D11,D,75,full,0,,0,,,,,,False
graphrag_post2|ridgecrest_only|D12,graphrag_post2,ridgecrest,only,D12,D,75,full,0,,0,,,,,,False
graphrag_post2|ridgecrest_only|D13,graphrag_post2,ridgecrest,only,D13,D,2718,none,1,,0,,,,,,False
graphrag_post2|ridgecrest_only|D14,graphrag_post2,ridgecrest,only,D14,D,2287,none,1,,0,,,,,,False
graphrag_post2|ridgecrest_only|D15,graphrag_post2,ridgecrest,only,D15,D,75,full,0,,0,,,,,,False
graphrag_post2|ridgecrest_only|D16,graphrag_post2,ridgecrest,only,D16,D,75,full,0,,0,,,,,,False
graphrag_post2|ridgecrest_only|D17,graphrag_post2,ridgecrest,only,D17,D,75,full,0,,0,,,,,,False
graphrag_post2|ridgecrest_only|D18,graphrag_post2,ridgecrest,only,D18,D,75,full,0,,0,,,,,,False
graphrag_post2|ridgecrest_only|D19,graphrag_post2,ridgecrest,only,D19,D,3022,none,0,,0,,,,,,False
graphrag_post2|ridgecrest_only|D20,graphrag_post2,ridgecrest,only,D20,D,75,full,0,,0,,,,,,False
graphrag_post2|ridgecrest_only|E1,graphrag_post2,ridgecrest,only,E1,E,3073,none,7,,0,,,,,,False
graphrag_post2|ridgecrest_only|E2,graphrag_post2,ridgecrest,only,E2,E,2004,none,0,,0,,,,,M7.1 mainshock misdated to 2019-07-05 (true: 2019-07-06 UTC),True
graphrag_post2|ridgecrest_only|E3,graphrag_post2,ridgecrest,only,E3,E,2482,none,1,,0,,,,,,False
graphrag_post2|ridgecrest_only|E4,graphrag_post2,ridgecrest,only,E4,E,3669,none,9,,0,,,,,M7.1 mainshock misdated to 2019-07-05 (true: 2019-07-06 UTC),True
graphrag_post2|ridgecrest_only|E5,graphrag_post2,ridgecrest,only,E5,E,2901,none,9,,0,,,,,,False
graphrag_post2|ridgecrest_only|E6,graphrag_post2,ridgecrest,only,E6,E,2740,none,0,,0,,,,,,False
graphrag_post2|ridgecrest_only|E7,graphrag_post2,ridgecrest,only,E7,E,2120,none,0,,0,,,,,M7.1 mainshock misdated to 2019-07-05 (true: 2019-07-06 UTC),True
graphrag_post2|ridgecrest_only|E8,graphrag_post2,ridgecrest,only,E8,E,2694,none,0,,0,,,,,M7.1 mainshock misdated to 2019-07-05 (true: 2019-07-06 UTC),True
graphrag_post2|ridgecrest_only|E9,graphrag_post2,ridgecrest,only,E9,E,2764,none,6,,0,,,,,,False
graphrag_post2|ridgecrest_only|E10,graphrag_post2,ridgecrest,only,E10,E,3311,none,4,,0,,,,,,False
graphrag_post2|ridgecrest_only|E11,graphrag_post2,ridgecrest,only,E11,E,2942,none,1,,0,,,,,M7.1 mainshock misdated to 2019-07-05 (true: 2019-07-06 UTC),True
graphrag_post2|ridgecrest_only|E12,graphrag_post2,ridgecrest,only,E12,E,2150,none,0,,2,,,,,,False
graphrag_post2|ridgecrest_only|E13,graphrag_post2,ridgecrest,only,E13,E,2576,none,0,,0,,,,,,False
graphrag_post2|ridgecrest_only|E14,graphrag_post2,ridgecrest,only,E14,E,3079,none,3,,0,,,,,,False
graphrag_post2|ridgecrest_only|E15,graphrag_post2,ridgecrest,only,E15,E,438,partial,0,,0,,,,,,False
graphrag_post2|ridgecrest_only|E16,graphrag_post2,ridgecrest,only,E16,E,3422,none,10,,0,,,,,,False
graphrag_post2|ridgecrest_only|E17,graphrag_post2,ridgecrest,only,E17,E,2171,none,0,,0,,,,,,False
graphrag_post2|ridgecrest_only|E18,graphrag_post2,ridgecrest,only,E18,E,3574,none,1,,0,,,,,,False
graphrag_post2|ridgecrest_only|E19,graphrag_post2,ridgecrest,only,E19,E,3101,none,7,,0,,,,,M7.1 mainshock misdated to 2019-07-05 (true: 2019-07-06 UTC),True
graphrag_post2|ridgecrest_only|E20,graphrag_post2,ridgecrest,only,E20,E,3745,none,7,,0,,,,,M7.1 mainshock misdated to 2019-07-05 (true: 2019-07-06 UTC),True
graphrag_post2|ridgecrest_narrative|A1,graphrag_post2,ridgecrest,narrative,A1,A,3550,none,5,,0,,,,,M7.1 mainshock misdated to 2019-07-05 (true: 2019-07-06 UTC),True
graphrag_post2|ridgecrest_narrative|A2,graphrag_post2,ridgecrest,narrative,A2,A,1827,partial,8,,0,,,,,,False
graphrag_post2|ridgecrest_narrative|A3,graphrag_post2,ridgecrest,narrative,A3,A,3005,none,0,,0,,,,,,False
graphrag_post2|ridgecrest_narrative|A4,graphrag_post2,ridgecrest,narrative,A4,A,2845,none,4,,0,,,,,M7.1 mainshock misdated to 2019-07-05 (true: 2019-07-06 UTC),True
graphrag_post2|ridgecrest_narrative|A5,graphrag_post2,ridgecrest,narrative,A5,A,2558,none,7,,0,,,,,M7.1 mainshock misdated to 2019-07-05 (true: 2019-07-06 UTC),True
graphrag_post2|ridgecrest_narrative|A6,graphrag_post2,ridgecrest,narrative,A6,A,1769,none,0,,0,,,,,,False
graphrag_post2|ridgecrest_narrative|A7,graphrag_post2,ridgecrest,narrative,A7,A,2656,none,2,,0,,,,,M7.1 mainshock misdated to 2019-07-05 (true: 2019-07-06 UTC),True
graphrag_post2|ridgecrest_narrative|A8,graphrag_post2,ridgecrest,narrative,A8,A,2879,none,0,,0,,,,,,False
graphrag_post2|ridgecrest_narrative|A9,graphrag_post2,ridgecrest,narrative,A9,A,2097,none,0,,0,,,,,M7.1 mainshock misdated to 2019-07-05 (true: 2019-07-06 UTC),True
graphrag_post2|ridgecrest_narrative|A10,graphrag_post2,ridgecrest,narrative,A10,A,1702,none,2,,0,,,,,M7.1 mainshock misdated to 2019-07-05 (true: 2019-07-06 UTC),True
graphrag_post2|ridgecrest_narrative|A11,graphrag_post2,ridgecrest,narrative,A11,A,2859,none,9,0.2,0,,,,,M7.1 mainshock misdated to 2019-07-05 (true: 2019-07-06 UTC),True
graphrag_post2|ridgecrest_narrative|A12,graphrag_post2,ridgecrest,narrative,A12,A,2938,none,0,,0,,,,,,False
graphrag_post2|ridgecrest_narrative|A13,graphrag_post2,ridgecrest,narrative,A13,A,1179,none,0,,0,,,,,,False
graphrag_post2|ridgecrest_narrative|A14,graphrag_post2,ridgecrest,narrative,A14,A,1647,none,2,,0,,,,,,False
graphrag_post2|ridgecrest_narrative|A15,graphrag_post2,ridgecrest,narrative,A15,A,2268,partial,0,,0,,,,,,False
graphrag_post2|ridgecrest_narrative|A16,graphrag_post2,ridgecrest,narrative,A16,A,1917,none,1,,0,,,,,,False
graphrag_post2|ridgecrest_narrative|A17,graphrag_post2,ridgecrest,narrative,A17,A,3609,none,0,,0,,,,,,False
graphrag_post2|ridgecrest_narrative|A18,graphrag_post2,ridgecrest,narrative,A18,A,2419,none,6,,0,,,,,M7.1 mainshock misdated to 2019-07-05 (true: 2019-07-06 UTC),True
graphrag_post2|ridgecrest_narrative|A19,graphrag_post2,ridgecrest,narrative,A19,A,2979,none,3,,0,,,,,,False
graphrag_post2|ridgecrest_narrative|A20,graphrag_post2,ridgecrest,narrative,A20,A,3737,none,3,,0,,,,,M7.1 mainshock misdated to 2019-07-05 (true: 2019-07-06 UTC),True
graphrag_post2|ridgecrest_narrative|B1,graphrag_post2,ridgecrest,narrative,B1,B,1176,none,0,,0,,,,,,False
graphrag_post2|ridgecrest_narrative|B2,graphrag_post2,ridgecrest,narrative,B2,B,833,none,0,,0,,,,,,False
graphrag_post2|ridgecrest_narrative|B3,graphrag_post2,ridgecrest,narrative,B3,B,868,none,0,,3,,,,,M7.1 mainshock misdated to 2019-07-05 (true: 2019-07-06 UTC),True
graphrag_post2|ridgecrest_narrative|B4,graphrag_post2,ridgecrest,narrative,B4,B,1709,none,0,,5,,,,,M7.1 mainshock misdated to 2019-07-05 (true: 2019-07-06 UTC),True
graphrag_post2|ridgecrest_narrative|B5,graphrag_post2,ridgecrest,narrative,B5,B,431,partial,1,,0,,,,,,False
graphrag_post2|ridgecrest_narrative|B6,graphrag_post2,ridgecrest,narrative,B6,B,2317,none,0,,0,,,,,,False
graphrag_post2|ridgecrest_narrative|B7,graphrag_post2,ridgecrest,narrative,B7,B,1988,none,14,,0,,,,,M7.1 mainshock misdated to 2019-07-05 (true: 2019-07-06 UTC),True
graphrag_post2|ridgecrest_narrative|B8,graphrag_post2,ridgecrest,narrative,B8,B,1206,none,0,,2,,,,,M7.1 mainshock misdated to 2019-07-05 (true: 2019-07-06 UTC),True
graphrag_post2|ridgecrest_narrative|B9,graphrag_post2,ridgecrest,narrative,B9,B,1027,partial,0,,0,,,,,M7.1 mainshock misdated to 2019-07-05 (true: 2019-07-06 UTC),True
graphrag_post2|ridgecrest_narrative|B10,graphrag_post2,ridgecrest,narrative,B10,B,1637,none,6,,0,,,,,M7.1 mainshock misdated to 2019-07-05 (true: 2019-07-06 UTC),True
graphrag_post2|ridgecrest_narrative|B11,graphrag_post2,ridgecrest,narrative,B11,B,75,full,0,,0,,,,,,False
graphrag_post2|ridgecrest_narrative|B12,graphrag_post2,ridgecrest,narrative,B12,B,1064,none,4,,0,,,,,M7.1 mainshock misdated to 2019-07-05 (true: 2019-07-06 UTC),True
graphrag_post2|ridgecrest_narrative|B13,graphrag_post2,ridgecrest,narrative,B13,B,2175,none,0,,1,,,,,,False
graphrag_post2|ridgecrest_narrative|B14,graphrag_post2,ridgecrest,narrative,B14,B,1259,partial,9,0.2,0,,,,,M7.1 mainshock misdated to 2019-07-05 (true: 2019-07-06 UTC),True
graphrag_post2|ridgecrest_narrative|B15,graphrag_post2,ridgecrest,narrative,B15,B,1645,none,2,,0,,,,,M7.1 mainshock misdated to 2019-07-05 (true: 2019-07-06 UTC),True
graphrag_post2|ridgecrest_narrative|B16,graphrag_post2,ridgecrest,narrative,B16,B,3111,partial,0,,0,,,,,,False
graphrag_post2|ridgecrest_narrative|B17,graphrag_post2,ridgecrest,narrative,B17,B,1732,none,4,,0,,,,,M7.1 mainshock misdated to 2019-07-05 (true: 2019-07-06 UTC),True
graphrag_post2|ridgecrest_narrative|B18,graphrag_post2,ridgecrest,narrative,B18,B,1849,none,4,,0,,,,,M7.1 mainshock misdated to 2019-07-05 (true: 2019-07-06 UTC),True
graphrag_post2|ridgecrest_narrative|B19,graphrag_post2,ridgecrest,narrative,B19,B,75,full,0,,0,,,,,,False
graphrag_post2|ridgecrest_narrative|B20,graphrag_post2,ridgecrest,narrative,B20,B,1181,partial,0,,0,,,,,,False
graphrag_post2|ridgecrest_narrative|C1,graphrag_post2,ridgecrest,narrative,C1,C,2596,none,8,,0,,,,,,False
graphrag_post2|ridgecrest_narrative|C2,graphrag_post2,ridgecrest,narrative,C2,C,2361,none,16,,0,,,,,,False
graphrag_post2|ridgecrest_narrative|C3,graphrag_post2,ridgecrest,narrative,C3,C,2358,none,0,,0,,,,,M7.1 mainshock misdated to 2019-07-05 (true: 2019-07-06 UTC),True
graphrag_post2|ridgecrest_narrative|C4,graphrag_post2,ridgecrest,narrative,C4,C,1781,none,4,,0,,,,,M7.1 mainshock misdated to 2019-07-05 (true: 2019-07-06 UTC),True
graphrag_post2|ridgecrest_narrative|C5,graphrag_post2,ridgecrest,narrative,C5,C,2171,none,0,,1,,,,,M7.1 mainshock misdated to 2019-07-05 (true: 2019-07-06 UTC),True
graphrag_post2|ridgecrest_narrative|C6,graphrag_post2,ridgecrest,narrative,C6,C,3220,none,8,,0,,,,,M7.1 mainshock misdated to 2019-07-05 (true: 2019-07-06 UTC),True
graphrag_post2|ridgecrest_narrative|C7,graphrag_post2,ridgecrest,narrative,C7,C,2393,none,3,,0,,,,,M7.1 mainshock misdated to 2019-07-05 (true: 2019-07-06 UTC),True
graphrag_post2|ridgecrest_narrative|C8,graphrag_post2,ridgecrest,narrative,C8,C,2417,none,1,,0,,,,,M7.1 mainshock misdated to 2019-07-05 (true: 2019-07-06 UTC),True
graphrag_post2|ridgecrest_narrative|C9,graphrag_post2,ridgecrest,narrative,C9,C,2658,none,5,,0,,,,,M7.1 mainshock misdated to 2019-07-05 (true: 2019-07-06 UTC),True
graphrag_post2|ridgecrest_narrative|C10,graphrag_post2,ridgecrest,narrative,C10,C,2424,none,9,,0,,,,,M7.1 mainshock misdated to 2019-07-05 (true: 2019-07-06 UTC),True
graphrag_post2|ridgecrest_narrative|C11,graphrag_post2,ridgecrest,narrative,C11,C,2661,none,3,,0,,,,,M7.1 mainshock misdated to 2019-07-05 (true: 2019-07-06 UTC),True
graphrag_post2|ridgecrest_narrative|C12,graphrag_post2,ridgecrest,narrative,C12,C,948,none,1,,0,,,,,M7.1 mainshock misdated to 2019-07-05 (true: 2019-07-06 UTC),True
graphrag_post2|ridgecrest_narrative|C13,graphrag_post2,ridgecrest,narrative,C13,C,1910,none,5,,0,,,,,M7.1 mainshock misdated to 2019-07-05 (true: 2019-07-06 UTC),True
graphrag_post2|ridgecrest_narrative|C14,graphrag_post2,ridgecrest,narrative,C14,C,1777,none,1,,0,,,,,,False
graphrag_post2|ridgecrest_narrative|C15,graphrag_post2,ridgecrest,narrative,C15,C,1080,partial,3,,0,,,,,M7.1 mainshock misdated to 2019-07-05 (true: 2019-07-06 UTC),True
graphrag_post2|ridgecrest_narrative|C16,graphrag_post2,ridgecrest,narrative,C16,C,2165,none,2,,0,,,,,M7.1 mainshock misdated to 2019-07-05 (true: 2019-07-06 UTC),True
graphrag_post2|ridgecrest_narrative|C17,graphrag_post2,ridgecrest,narrative,C17,C,1482,none,5,,0,,,,,M7.1 mainshock misdated to 2019-07-05 (true: 2019-07-06 UTC),True
graphrag_post2|ridgecrest_narrative|C18,graphrag_post2,ridgecrest,narrative,C18,C,2308,none,0,,0,,,,,,False
graphrag_post2|ridgecrest_narrative|C19,graphrag_post2,ridgecrest,narrative,C19,C,2270,none,2,,0,,,,,M7.1 mainshock misdated to 2019-07-05 (true: 2019-07-06 UTC),True
graphrag_post2|ridgecrest_narrative|C20,graphrag_post2,ridgecrest,narrative,C20,C,1942,none,0,,0,,,,,,False
graphrag_post2|ridgecrest_narrative|D1,graphrag_post2,ridgecrest,narrative,D1,D,75,full,0,,0,,,,,,False
graphrag_post2|ridgecrest_narrative|D2,graphrag_post2,ridgecrest,narrative,D2,D,75,full,0,,0,,,,,,False
graphrag_post2|ridgecrest_narrative|D3,graphrag_post2,ridgecrest,narrative,D3,D,2420,none,0,,0,,,,,,False
graphrag_post2|ridgecrest_narrative|D4,graphrag_post2,ridgecrest,narrative,D4,D,2059,partial,1,,0,,,,,,False
graphrag_post2|ridgecrest_narrative|D5,graphrag_post2,ridgecrest,narrative,D5,D,75,full,0,,0,,,,,,False
graphrag_post2|ridgecrest_narrative|D6,graphrag_post2,ridgecrest,narrative,D6,D,75,full,0,,0,,,,,,False
graphrag_post2|ridgecrest_narrative|D7,graphrag_post2,ridgecrest,narrative,D7,D,494,partial,0,,0,,,,,,False
graphrag_post2|ridgecrest_narrative|D8,graphrag_post2,ridgecrest,narrative,D8,D,2565,none,2,,0,,,,,M7.1 mainshock misdated to 2019-07-05 (true: 2019-07-06 UTC),True
graphrag_post2|ridgecrest_narrative|D9,graphrag_post2,ridgecrest,narrative,D9,D,1123,none,0,,0,,,,,,False
graphrag_post2|ridgecrest_narrative|D10,graphrag_post2,ridgecrest,narrative,D10,D,75,full,0,,0,,,,,,False
graphrag_post2|ridgecrest_narrative|D11,graphrag_post2,ridgecrest,narrative,D11,D,75,full,0,,0,,,,,,False
graphrag_post2|ridgecrest_narrative|D12,graphrag_post2,ridgecrest,narrative,D12,D,684,none,0,,0,,,,,,False
graphrag_post2|ridgecrest_narrative|D13,graphrag_post2,ridgecrest,narrative,D13,D,2439,none,0,,0,,,,,,False
graphrag_post2|ridgecrest_narrative|D14,graphrag_post2,ridgecrest,narrative,D14,D,2544,none,1,,0,,,,,M7.1 mainshock misdated to 2019-07-05 (true: 2019-07-06 UTC),True
graphrag_post2|ridgecrest_narrative|D15,graphrag_post2,ridgecrest,narrative,D15,D,75,full,0,,0,,,,,,False
graphrag_post2|ridgecrest_narrative|D16,graphrag_post2,ridgecrest,narrative,D16,D,75,full,0,,0,,,,,,False
graphrag_post2|ridgecrest_narrative|D17,graphrag_post2,ridgecrest,narrative,D17,D,3186,none,4,0.5,0,,,,,M7.1 mainshock misdated to 2019-07-05 (true: 2019-07-06 UTC),True
graphrag_post2|ridgecrest_narrative|D18,graphrag_post2,ridgecrest,narrative,D18,D,75,full,0,,0,,,,,,False
graphrag_post2|ridgecrest_narrative|D19,graphrag_post2,ridgecrest,narrative,D19,D,2854,none,0,,0,,,,,,False
graphrag_post2|ridgecrest_narrative|D20,graphrag_post2,ridgecrest,narrative,D20,D,698,partial,0,,0,,,,,,False
graphrag_post2|ridgecrest_narrative|E1,graphrag_post2,ridgecrest,narrative,E1,E,3725,none,1,,0,,,,,M7.1 mainshock misdated to 2019-07-05 (true: 2019-07-06 UTC),True
graphrag_post2|ridgecrest_narrative|E2,graphrag_post2,ridgecrest,narrative,E2,E,2078,none,0,,0,,,,,,False
graphrag_post2|ridgecrest_narrative|E3,graphrag_post2,ridgecrest,narrative,E3,E,2396,none,1,,0,,,,,M7.1 mainshock misdated to 2019-07-05 (true: 2019-07-06 UTC),True
graphrag_post2|ridgecrest_narrative|E4,graphrag_post2,ridgecrest,narrative,E4,E,4172,none,11,,0,,,,,M7.1 mainshock misdated to 2019-07-05 (true: 2019-07-06 UTC),True
graphrag_post2|ridgecrest_narrative|E5,graphrag_post2,ridgecrest,narrative,E5,E,2590,none,10,,0,,,,,M7.1 mainshock misdated to 2019-07-05 (true: 2019-07-06 UTC),True
graphrag_post2|ridgecrest_narrative|E6,graphrag_post2,ridgecrest,narrative,E6,E,1531,none,0,,0,,,,,M7.1 mainshock misdated to 2019-07-05 (true: 2019-07-06 UTC),True
graphrag_post2|ridgecrest_narrative|E7,graphrag_post2,ridgecrest,narrative,E7,E,2459,none,0,,0,,,,,M7.1 mainshock misdated to 2019-07-05 (true: 2019-07-06 UTC),True
graphrag_post2|ridgecrest_narrative|E8,graphrag_post2,ridgecrest,narrative,E8,E,2712,none,8,,0,,,,,M7.1 mainshock misdated to 2019-07-05 (true: 2019-07-06 UTC),True
graphrag_post2|ridgecrest_narrative|E9,graphrag_post2,ridgecrest,narrative,E9,E,2279,none,8,,0,,,,,M7.1 mainshock misdated to 2019-07-05 (true: 2019-07-06 UTC),True
graphrag_post2|ridgecrest_narrative|E10,graphrag_post2,ridgecrest,narrative,E10,E,3352,none,6,,0,,,,,,False
graphrag_post2|ridgecrest_narrative|E11,graphrag_post2,ridgecrest,narrative,E11,E,2824,none,4,,0,,,,,,False
graphrag_post2|ridgecrest_narrative|E12,graphrag_post2,ridgecrest,narrative,E12,E,2068,partial,4,,0,,,,,M7.1 mainshock misdated to 2019-07-05 (true: 2019-07-06 UTC),True
graphrag_post2|ridgecrest_narrative|E13,graphrag_post2,ridgecrest,narrative,E13,E,2716,none,1,,0,,,,,M7.1 mainshock misdated to 2019-07-05 (true: 2019-07-06 UTC),True
graphrag_post2|ridgecrest_narrative|E14,graphrag_post2,ridgecrest,narrative,E14,E,3022,none,6,,0,,,,,M7.1 mainshock misdated to 2019-07-05 (true: 2019-07-06 UTC),True
graphrag_post2|ridgecrest_narrative|E15,graphrag_post2,ridgecrest,narrative,E15,E,469,partial,0,,0,,,,,,False
graphrag_post2|ridgecrest_narrative|E16,graphrag_post2,ridgecrest,narrative,E16,E,3715,none,5,,0,,,,,M7.1 mainshock misdated to 2019-07-05 (true: 2019-07-06 UTC),True
graphrag_post2|ridgecrest_narrative|E17,graphrag_post2,ridgecrest,narrative,E17,E,1531,none,0,,0,,,,,,False
graphrag_post2|ridgecrest_narrative|E18,graphrag_post2,ridgecrest,narrative,E18,E,3962,none,1,,0,,,,,,False
graphrag_post2|ridgecrest_narrative|E19,graphrag_post2,ridgecrest,narrative,E19,E,2965,none,6,,0,,,,,M7.1 mainshock misdated to 2019-07-05 (true: 2019-07-06 UTC),True
graphrag_post2|ridgecrest_narrative|E20,graphrag_post2,ridgecrest,narrative,E20,E,3828,none,10,0.2,0,,,,,M7.1 mainshock misdated to 2019-07-05 (true: 2019-07-06 UTC),True
graphrag_post2|maduo_only|A1,graphrag_post2,maduo,only,A1,A,3473,none,6,7.4,0,,,,,,True
graphrag_post2|maduo_only|A2,graphrag_post2,maduo,only,A2,A,75,full,0,,0,,,,,,False
graphrag_post2|maduo_only|A3,graphrag_post2,maduo,only,A3,A,75,full,0,,0,,,,,,False
graphrag_post2|maduo_only|A4,graphrag_post2,maduo,only,A4,A,75,full,0,,0,,,,,,False
graphrag_post2|maduo_only|A5,graphrag_post2,maduo,only,A5,A,1802,none,2,7.4,0,,,,,,True
graphrag_post2|maduo_only|A6,graphrag_post2,maduo,only,A6,A,75,full,0,,0,,,,,,False
graphrag_post2|maduo_only|A7,graphrag_post2,maduo,only,A7,A,1171,partial,1,7.4,0,,,,,,True
graphrag_post2|maduo_only|A8,graphrag_post2,maduo,only,A8,A,75,full,0,,0,,,,,,False
graphrag_post2|maduo_only|A9,graphrag_post2,maduo,only,A9,A,75,full,0,,0,,,,,,False
graphrag_post2|maduo_only|A10,graphrag_post2,maduo,only,A10,A,75,full,0,,0,,,,,,False
graphrag_post2|maduo_only|A11,graphrag_post2,maduo,only,A11,A,75,full,0,,0,,,,,,False
graphrag_post2|maduo_only|A12,graphrag_post2,maduo,only,A12,A,75,full,0,,0,,,,,,False
graphrag_post2|maduo_only|A13,graphrag_post2,maduo,only,A13,A,75,full,0,,0,,,,,,False
graphrag_post2|maduo_only|A14,graphrag_post2,maduo,only,A14,A,75,full,0,,0,,,,,,False
graphrag_post2|maduo_only|A15,graphrag_post2,maduo,only,A15,A,75,full,0,,0,,,,,,False
graphrag_post2|maduo_only|A16,graphrag_post2,maduo,only,A16,A,75,full,0,,0,,,,,,False
graphrag_post2|maduo_only|A17,graphrag_post2,maduo,only,A17,A,75,full,0,,0,,,,,,False
graphrag_post2|maduo_only|A18,graphrag_post2,maduo,only,A18,A,75,full,0,,0,,,,,,False
graphrag_post2|maduo_only|A19,graphrag_post2,maduo,only,A19,A,75,full,0,,0,,,,,,False
graphrag_post2|maduo_only|A20,graphrag_post2,maduo,only,A20,A,3515,none,5,7.4,0,,,,,,True
graphrag_post2|maduo_only|B1,graphrag_post2,maduo,only,B1,B,463,none,1,7.4,0,,,,,,True
graphrag_post2|maduo_only|B2,graphrag_post2,maduo,only,B2,B,1031,none,3,7.4,2,,,,,,True
graphrag_post2|maduo_only|B3,graphrag_post2,maduo,only,B3,B,802,none,3,6.4;7.4,0,,,,,Maduo Mw7.4 mainshock date (2021-05-22) lies before the catalog start,True
graphrag_post2|maduo_only|B4,graphrag_post2,maduo,only,B4,B,75,full,0,,0,,,,,,False
graphrag_post2|maduo_only|B5,graphrag_post2,maduo,only,B5,B,75,full,0,,0,,,,,,False
graphrag_post2|maduo_only|B6,graphrag_post2,maduo,only,B6,B,75,full,0,,0,,,,,,False
graphrag_post2|maduo_only|B7,graphrag_post2,maduo,only,B7,B,390,none,1,7.4,0,,,,,,True
graphrag_post2|maduo_only|B8,graphrag_post2,maduo,only,B8,B,1817,none,1,7.4,4,,,,,,True
graphrag_post2|maduo_only|B9,graphrag_post2,maduo,only,B9,B,75,full,0,,0,,,,,,False
graphrag_post2|maduo_only|B10,graphrag_post2,maduo,only,B10,B,75,full,0,,0,,,,,,False
graphrag_post2|maduo_only|B11,graphrag_post2,maduo,only,B11,B,75,full,0,,0,,,,,,False
graphrag_post2|maduo_only|B12,graphrag_post2,maduo,only,B12,B,916,none,8,7.4,0,,,,,,True
graphrag_post2|maduo_only|B13,graphrag_post2,maduo,only,B13,B,75,full,0,,0,,,,,,False
graphrag_post2|maduo_only|B14,graphrag_post2,maduo,only,B14,B,75,full,0,,0,,,,,,False
graphrag_post2|maduo_only|B15,graphrag_post2,maduo,only,B15,B,75,full,0,,0,,,,,,False
graphrag_post2|maduo_only|B16,graphrag_post2,maduo,only,B16,B,75,full,0,,0,,,,,,False
graphrag_post2|maduo_only|B17,graphrag_post2,maduo,only,B17,B,75,full,0,,0,,,,,,False
graphrag_post2|maduo_only|B18,graphrag_post2,maduo,only,B18,B,75,full,0,,0,,,,,,False
graphrag_post2|maduo_only|B19,graphrag_post2,maduo,only,B19,B,75,full,0,,0,,,,,,False
graphrag_post2|maduo_only|B20,graphrag_post2,maduo,only,B20,B,75,full,0,,0,,,,,,False
graphrag_post2|maduo_only|C1,graphrag_post2,maduo,only,C1,C,2520,none,5,7.4,2,,,,,,True
graphrag_post2|maduo_only|C2,graphrag_post2,maduo,only,C2,C,687,partial,3,7.4,0,,,,,,True
graphrag_post2|maduo_only|C3,graphrag_post2,maduo,only,C3,C,384,partial,1,7.4,0,,,,,,True
graphrag_post2|maduo_only|C4,graphrag_post2,maduo,only,C4,C,364,partial,1,7.4,0,,,,,,True
graphrag_post2|maduo_only|C5,graphrag_post2,maduo,only,C5,C,342,partial,1,7.4,0,,,,,,True
graphrag_post2|maduo_only|C6,graphrag_post2,maduo,only,C6,C,464,partial,1,7.4,0,,,,,,True
graphrag_post2|maduo_only|C7,graphrag_post2,maduo,only,C7,C,333,partial,1,7.4,0,,,,,,True
graphrag_post2|maduo_only|C8,graphrag_post2,maduo,only,C8,C,347,partial,1,7.4,0,,,,,,True
graphrag_post2|maduo_only|C9,graphrag_post2,maduo,only,C9,C,2938,none,1,7.4,3,,,,,,True
graphrag_post2|maduo_only|C10,graphrag_post2,maduo,only,C10,C,360,partial,1,7.4,0,,,,,,True
graphrag_post2|maduo_only|C11,graphrag_post2,maduo,only,C11,C,1684,partial,2,7.4,2,,,,,,True
graphrag_post2|maduo_only|C12,graphrag_post2,maduo,only,C12,C,623,partial,1,7.4,0,,,,,,True
graphrag_post2|maduo_only|C13,graphrag_post2,maduo,only,C13,C,346,partial,1,7.4,0,,,,,,True
graphrag_post2|maduo_only|C14,graphrag_post2,maduo,only,C14,C,517,partial,1,7.4,0,,,,,,True
graphrag_post2|maduo_only|C15,graphrag_post2,maduo,only,C15,C,327,partial,1,7.4,0,,,,,,True
graphrag_post2|maduo_only|C16,graphrag_post2,maduo,only,C16,C,286,partial,1,7.4,0,,,,,,True
graphrag_post2|maduo_only|C17,graphrag_post2,maduo,only,C17,C,353,partial,1,7.4,0,,,,,,True
graphrag_post2|maduo_only|C18,graphrag_post2,maduo,only,C18,C,376,partial,1,7.4,0,,,,,,True
graphrag_post2|maduo_only|C19,graphrag_post2,maduo,only,C19,C,1748,partial,3,7.4,2,,,,,,True
graphrag_post2|maduo_only|C20,graphrag_post2,maduo,only,C20,C,357,partial,1,7.4,0,,,,,,True
graphrag_post2|maduo_only|D1,graphrag_post2,maduo,only,D1,D,75,full,0,,0,,,,,,False
graphrag_post2|maduo_only|D2,graphrag_post2,maduo,only,D2,D,75,full,0,,0,,,,,,False
graphrag_post2|maduo_only|D3,graphrag_post2,maduo,only,D3,D,75,full,0,,0,,,,,,False
graphrag_post2|maduo_only|D4,graphrag_post2,maduo,only,D4,D,75,full,0,,0,,,,,,False
graphrag_post2|maduo_only|D5,graphrag_post2,maduo,only,D5,D,75,full,0,,0,,,,,,False
graphrag_post2|maduo_only|D6,graphrag_post2,maduo,only,D6,D,75,full,0,,0,,,,,,False
graphrag_post2|maduo_only|D7,graphrag_post2,maduo,only,D7,D,75,full,0,,0,,,,,,False
graphrag_post2|maduo_only|D8,graphrag_post2,maduo,only,D8,D,75,full,0,,0,,,,,,False
graphrag_post2|maduo_only|D9,graphrag_post2,maduo,only,D9,D,75,full,0,,0,,,,,,False
graphrag_post2|maduo_only|D10,graphrag_post2,maduo,only,D10,D,75,full,0,,0,,,,,,False
graphrag_post2|maduo_only|D11,graphrag_post2,maduo,only,D11,D,75,full,0,,0,,,,,,False
graphrag_post2|maduo_only|D12,graphrag_post2,maduo,only,D12,D,75,full,0,,0,,,,,,False
graphrag_post2|maduo_only|D13,graphrag_post2,maduo,only,D13,D,75,full,0,,0,,,,,,False
graphrag_post2|maduo_only|D14,graphrag_post2,maduo,only,D14,D,75,full,0,,0,,,,,,False
graphrag_post2|maduo_only|D15,graphrag_post2,maduo,only,D15,D,75,full,0,,0,,,,,,False
graphrag_post2|maduo_only|D16,graphrag_post2,maduo,only,D16,D,75,full,0,,0,,,,,,False
graphrag_post2|maduo_only|D17,graphrag_post2,maduo,only,D17,D,75,full,0,,0,,,,,,False
graphrag_post2|maduo_only|D18,graphrag_post2,maduo,only,D18,D,75,full,0,,0,,,,,,False
graphrag_post2|maduo_only|D19,graphrag_post2,maduo,only,D19,D,75,full,0,,0,,,,,,False
graphrag_post2|maduo_only|D20,graphrag_post2,maduo,only,D20,D,75,full,0,,0,,,,,,False
graphrag_post2|maduo_only|E1,graphrag_post2,maduo,only,E1,E,75,full,0,,0,,,,,,False
graphrag_post2|maduo_only|E2,graphrag_post2,maduo,only,E2,E,75,full,0,,0,,,,,,False
graphrag_post2|maduo_only|E3,graphrag_post2,maduo,only,E3,E,75,full,0,,0,,,,,,False
graphrag_post2|maduo_only|E4,graphrag_post2,maduo,only,E4,E,75,full,0,,0,,,,,,False
graphrag_post2|maduo_only|E5,graphrag_post2,maduo,only,E5,E,75,full,0,,0,,,,,,False
graphrag_post2|maduo_only|E6,graphrag_post2,maduo,only,E6,E,75,full,0,,0,,,,,,False
graphrag_post2|maduo_only|E7,graphrag_post2,maduo,only,E7,E,75,full,0,,0,,,,,,False
graphrag_post2|maduo_only|E8,graphrag_post2,maduo,only,E8,E,1685,none,4,7.4,0,,,,,,True
graphrag_post2|maduo_only|E9,graphrag_post2,maduo,only,E9,E,75,full,0,,0,,,,,,False
graphrag_post2|maduo_only|E10,graphrag_post2,maduo,only,E10,E,75,full,0,,0,,,,,,False
graphrag_post2|maduo_only|E11,graphrag_post2,maduo,only,E11,E,75,full,0,,0,,,,,,False
graphrag_post2|maduo_only|E12,graphrag_post2,maduo,only,E12,E,75,full,0,,0,,,,,,False
graphrag_post2|maduo_only|E13,graphrag_post2,maduo,only,E13,E,75,full,0,,0,,,,,,False
graphrag_post2|maduo_only|E14,graphrag_post2,maduo,only,E14,E,75,full,0,,0,,,,,,False
graphrag_post2|maduo_only|E15,graphrag_post2,maduo,only,E15,E,3735,none,14,7.4,0,,,,,,True
graphrag_post2|maduo_only|E16,graphrag_post2,maduo,only,E16,E,75,full,0,,0,,,,,,False
graphrag_post2|maduo_only|E17,graphrag_post2,maduo,only,E17,E,75,full,0,,0,,,,,,False
graphrag_post2|maduo_only|E18,graphrag_post2,maduo,only,E18,E,75,full,0,,0,,,,,,False
graphrag_post2|maduo_only|E19,graphrag_post2,maduo,only,E19,E,75,full,0,,0,,,,,,False
graphrag_post2|maduo_only|E20,graphrag_post2,maduo,only,E20,E,75,full,0,,0,,,,,,False
graphrag_post2|maduo_narrative|A1,graphrag_post2,maduo,narrative,A1,A,3022,none,6,7.4,0,,,,,,True
graphrag_post2|maduo_narrative|A2,graphrag_post2,maduo,narrative,A2,A,1328,partial,6,7.4,0,,,,,Maduo Mw7.4 mainshock date (2021-05-22) lies before the catalog start,True
graphrag_post2|maduo_narrative|A3,graphrag_post2,maduo,narrative,A3,A,2953,none,4,7.4,0,,,,,"event total from the Maduo paper, not the ingested catalog",True
graphrag_post2|maduo_narrative|A4,graphrag_post2,maduo,narrative,A4,A,3001,none,3,7.4,0,,,,,"event total from the Maduo paper, not the ingested catalog",True
graphrag_post2|maduo_narrative|A5,graphrag_post2,maduo,narrative,A5,A,2267,none,3,7.4,0,,,,,Maduo Mw7.4 mainshock date (2021-05-22) lies before the catalog start,True
graphrag_post2|maduo_narrative|A6,graphrag_post2,maduo,narrative,A6,A,2436,none,3,7.4,0,,,,,,True
graphrag_post2|maduo_narrative|A7,graphrag_post2,maduo,narrative,A7,A,2982,none,3,7.4,0,,,,,"Maduo Mw7.4 mainshock date (2021-05-22) lies before the catalog start | event total from the Maduo paper, not the ingested catalog",True
graphrag_post2|maduo_narrative|A8,graphrag_post2,maduo,narrative,A8,A,2461,none,3,7.4,0,,,,,"event total from the Maduo paper, not the ingested catalog",True
graphrag_post2|maduo_narrative|A9,graphrag_post2,maduo,narrative,A9,A,2136,none,2,7.4,0,,,,,"event total from the Maduo paper, not the ingested catalog",True
graphrag_post2|maduo_narrative|A10,graphrag_post2,maduo,narrative,A10,A,1264,none,3,7.4,0,,,,,Maduo Mw7.4 mainshock date (2021-05-22) lies before the catalog start,True
graphrag_post2|maduo_narrative|A11,graphrag_post2,maduo,narrative,A11,A,2743,none,5,7.4,0,,,,,,True
graphrag_post2|maduo_narrative|A12,graphrag_post2,maduo,narrative,A12,A,2658,none,3,7.4,0,,,,,,True
graphrag_post2|maduo_narrative|A13,graphrag_post2,maduo,narrative,A13,A,1088,partial,1,7.4,0,,,,,Maduo Mw7.4 mainshock date (2021-05-22) lies before the catalog start,True
graphrag_post2|maduo_narrative|A14,graphrag_post2,maduo,narrative,A14,A,1967,none,2,7.4,0,,,,,"Maduo Mw7.4 mainshock date (2021-05-22) lies before the catalog start | event total from the Maduo paper, not the ingested catalog",True
graphrag_post2|maduo_narrative|A15,graphrag_post2,maduo,narrative,A15,A,1966,none,3,7.4,0,,,,,,True
graphrag_post2|maduo_narrative|A16,graphrag_post2,maduo,narrative,A16,A,517,partial,3,7.4,0,,,,,,True
graphrag_post2|maduo_narrative|A17,graphrag_post2,maduo,narrative,A17,A,3249,none,2,7.4,0,,,,,"event total from the Maduo paper, not the ingested catalog",True
graphrag_post2|maduo_narrative|A18,graphrag_post2,maduo,narrative,A18,A,1906,none,2,7.4,0,,,,,Maduo Mw7.4 mainshock date (2021-05-22) lies before the catalog start,True
graphrag_post2|maduo_narrative|A19,graphrag_post2,maduo,narrative,A19,A,2326,partial,2,7.4,0,,,,,"Maduo Mw7.4 mainshock date (2021-05-22) lies before the catalog start | event total from the Maduo paper, not the ingested catalog",True
graphrag_post2|maduo_narrative|A20,graphrag_post2,maduo,narrative,A20,A,3645,none,5,7.4,0,,,,,"Maduo Mw7.4 mainshock date (2021-05-22) lies before the catalog start | event total from the Maduo paper, not the ingested catalog",True
graphrag_post2|maduo_narrative|B1,graphrag_post2,maduo,narrative,B1,B,831,none,1,7.4,0,,,,,,True
graphrag_post2|maduo_narrative|B2,graphrag_post2,maduo,narrative,B2,B,894,none,0,,0,,,,,Maduo Mw7.4 mainshock date (2021-05-22) lies before the catalog start,True
graphrag_post2|maduo_narrative|B3,graphrag_post2,maduo,narrative,B3,B,746,none,1,7.4,5,2021-05-22,,,,Maduo Mw7.4 mainshock date (2021-05-22) lies before the catalog start,True
graphrag_post2|maduo_narrative|B4,graphrag_post2,maduo,narrative,B4,B,1527,none,3,7.4,0,,,,,,True
graphrag_post2|maduo_narrative|B5,graphrag_post2,maduo,narrative,B5,B,75,full,0,,0,,,,,,False
graphrag_post2|maduo_narrative|B6,graphrag_post2,maduo,narrative,B6,B,1308,none,4,7.4,0,,,,,,True
graphrag_post2|maduo_narrative|B7,graphrag_post2,maduo,narrative,B7,B,1458,none,4,7.4,0,,,,,Maduo Mw7.4 mainshock date (2021-05-22) lies before the catalog start,True
graphrag_post2|maduo_narrative|B8,graphrag_post2,maduo,narrative,B8,B,1054,none,2,7.4,5,,,,,,True
graphrag_post2|maduo_narrative|B9,graphrag_post2,maduo,narrative,B9,B,75,full,0,,0,,,,,,False
graphrag_post2|maduo_narrative|B10,graphrag_post2,maduo,narrative,B10,B,75,full,0,,0,,,,,,False
graphrag_post2|maduo_narrative|B11,graphrag_post2,maduo,narrative,B11,B,75,full,0,,0,,,,,,False
graphrag_post2|maduo_narrative|B12,graphrag_post2,maduo,narrative,B12,B,918,none,5,7.4,0,,,,,Maduo Mw7.4 mainshock date (2021-05-22) lies before the catalog start,True
graphrag_post2|maduo_narrative|B13,graphrag_post2,maduo,narrative,B13,B,1211,partial,1,7.4,0,,,,,,True
graphrag_post2|maduo_narrative|B14,graphrag_post2,maduo,narrative,B14,B,598,partial,7,7.4,0,,,,,,True
graphrag_post2|maduo_narrative|B15,graphrag_post2,maduo,narrative,B15,B,380,none,1,7.4,0,,,,,,True
graphrag_post2|maduo_narrative|B16,graphrag_post2,maduo,narrative,B16,B,75,full,0,,0,,,,,,False
graphrag_post2|maduo_narrative|B17,graphrag_post2,maduo,narrative,B17,B,1123,none,0,,0,,,,,Maduo Mw7.4 mainshock date (2021-05-22) lies before the catalog start,True
graphrag_post2|maduo_narrative|B18,graphrag_post2,maduo,narrative,B18,B,1917,none,5,7.4,0,,,,,Maduo Mw7.4 mainshock date (2021-05-22) lies before the catalog start,True
graphrag_post2|maduo_narrative|B19,graphrag_post2,maduo,narrative,B19,B,75,full,0,,0,,,,,,False
graphrag_post2|maduo_narrative|B20,graphrag_post2,maduo,narrative,B20,B,883,partial,3,7.4,0,,,,,,True
graphrag_post2|maduo_narrative|C1,graphrag_post2,maduo,narrative,C1,C,2653,none,7,7.4,0,,,,,Maduo Mw7.4 mainshock date (2021-05-22) lies before the catalog start,True
graphrag_post2|maduo_narrative|C2,graphrag_post2,maduo,narrative,C2,C,1752,partial,13,7.4,0,,,,,Maduo Mw7.4 mainshock date (2021-05-22) lies before the catalog start,True
graphrag_post2|maduo_narrative|C3,graphrag_post2,maduo,narrative,C3,C,3054,none,1,,0,,,,,"Maduo Mw7.4 mainshock date (2021-05-22) lies before the catalog start | event total from the Maduo paper, not the ingested catalog",True
graphrag_post2|maduo_narrative|C4,graphrag_post2,maduo,narrative,C4,C,1688,none,2,7.4,0,,,,,Maduo Mw7.4 mainshock date (2021-05-22) lies before the catalog start,True
graphrag_post2|maduo_narrative|C5,graphrag_post2,maduo,narrative,C5,C,824,none,2,7.4,0,,,,,"Maduo Mw7.4 mainshock date (2021-05-22) lies before the catalog start | event total from the Maduo paper, not the ingested catalog",True
graphrag_post2|maduo_narrative|C6,graphrag_post2,maduo,narrative,C6,C,2558,none,2,7.4,0,,,,,"Maduo Mw7.4 mainshock date (2021-05-22) lies before the catalog start | event total from the Maduo paper, not the ingested catalog",True
graphrag_post2|maduo_narrative|C7,graphrag_post2,maduo,narrative,C7,C,1068,none,1,7.4,0,,,,,"Maduo Mw7.4 mainshock date (2021-05-22) lies before the catalog start | event total from the Maduo paper, not the ingested catalog",True
graphrag_post2|maduo_narrative|C8,graphrag_post2,maduo,narrative,C8,C,2355,none,3,7.4,0,,,,,Maduo Mw7.4 mainshock date (2021-05-22) lies before the catalog start,True
graphrag_post2|maduo_narrative|C9,graphrag_post2,maduo,narrative,C9,C,2756,none,3,7.4,0,,,,,Maduo Mw7.4 mainshock date (2021-05-22) lies before the catalog start,True
graphrag_post2|maduo_narrative|C10,graphrag_post2,maduo,narrative,C10,C,1942,none,3,7.4,1,2021-05-22,,,,"Maduo Mw7.4 mainshock date (2021-05-22) lies before the catalog start | event total from the Maduo paper, not the ingested catalog",True
graphrag_post2|maduo_narrative|C11,graphrag_post2,maduo,narrative,C11,C,2774,none,6,7.4,1,2021-05-22,,,,Maduo Mw7.4 mainshock date (2021-05-22) lies before the catalog start,True
graphrag_post2|maduo_narrative|C12,graphrag_post2,maduo,narrative,C12,C,2849,none,5,7.4,0,,,,,"Maduo Mw7.4 mainshock date (2021-05-22) lies before the catalog start | event total from the Maduo paper, not the ingested catalog",True
graphrag_post2|maduo_narrative|C13,graphrag_post2,maduo,narrative,C13,C,2490,none,7,7.4,0,,,,,Maduo Mw7.4 mainshock date (2021-05-22) lies before the catalog start,True
graphrag_post2|maduo_narrative|C14,graphrag_post2,maduo,narrative,C14,C,2668,none,4,7.4,1,2021-05-22,,,,Maduo Mw7.4 mainshock date (2021-05-22) lies before the catalog start,True
graphrag_post2|maduo_narrative|C15,graphrag_post2,maduo,narrative,C15,C,1204,partial,1,7.4,0,,,,,"Maduo Mw7.4 mainshock date (2021-05-22) lies before the catalog start | event total from the Maduo paper, not the ingested catalog",True
graphrag_post2|maduo_narrative|C16,graphrag_post2,maduo,narrative,C16,C,2345,none,2,7.4,0,,,,,Maduo Mw7.4 mainshock date (2021-05-22) lies before the catalog start,True
graphrag_post2|maduo_narrative|C17,graphrag_post2,maduo,narrative,C17,C,553,partial,1,7.4,0,,,,,,True
graphrag_post2|maduo_narrative|C18,graphrag_post2,maduo,narrative,C18,C,801,partial,1,7.4,0,,,,,,True
graphrag_post2|maduo_narrative|C19,graphrag_post2,maduo,narrative,C19,C,2778,none,4,7.4,1,2021-05-22,,,,"Maduo Mw7.4 mainshock date (2021-05-22) lies before the catalog start | event total from the Maduo paper, not the ingested catalog",True
graphrag_post2|maduo_narrative|C20,graphrag_post2,maduo,narrative,C20,C,2584,none,2,7.4,0,,,,,Maduo Mw7.4 mainshock date (2021-05-22) lies before the catalog start,True
graphrag_post2|maduo_narrative|D1,graphrag_post2,maduo,narrative,D1,D,75,full,0,,0,,,,,,False
graphrag_post2|maduo_narrative|D2,graphrag_post2,maduo,narrative,D2,D,75,full,0,,0,,,,,,False
graphrag_post2|maduo_narrative|D3,graphrag_post2,maduo,narrative,D3,D,1920,none,3,7.4,0,,,,,,True
graphrag_post2|maduo_narrative|D4,graphrag_post2,maduo,narrative,D4,D,2472,none,3,7.4,0,,,,,"Maduo Mw7.4 mainshock date (2021-05-22) lies before the catalog start | event total from the Maduo paper, not the ingested catalog",True
graphrag_post2|maduo_narrative|D5,graphrag_post2,maduo,narrative,D5,D,75,full,0,,0,,,,,,False
graphrag_post2|maduo_narrative|D6,graphrag_post2,maduo,narrative,D6,D,75,full,0,,0,,,,,,False
graphrag_post2|maduo_narrative|D7,graphrag_post2,maduo,narrative,D7,D,1210,none,1,7.4,0,,,,,,True
graphrag_post2|maduo_narrative|D8,graphrag_post2,maduo,narrative,D8,D,1430,partial,1,7.4,0,,,,,Maduo Mw7.4 mainshock date (2021-05-22) lies before the catalog start,True
graphrag_post2|maduo_narrative|D9,graphrag_post2,maduo,narrative,D9,D,1322,none,1,7.4,0,,,,,,True
graphrag_post2|maduo_narrative|D10,graphrag_post2,maduo,narrative,D10,D,75,full,0,,0,,,,,,False
graphrag_post2|maduo_narrative|D11,graphrag_post2,maduo,narrative,D11,D,75,full,0,,0,,,,,,False
graphrag_post2|maduo_narrative|D12,graphrag_post2,maduo,narrative,D12,D,1003,none,1,7.4,0,,,,,,True
graphrag_post2|maduo_narrative|D13,graphrag_post2,maduo,narrative,D13,D,809,none,1,7.4,0,,,,,,True
graphrag_post2|maduo_narrative|D14,graphrag_post2,maduo,narrative,D14,D,2588,none,2,7.4,0,,,,,Maduo Mw7.4 mainshock date (2021-05-22) lies before the catalog start,True
graphrag_post2|maduo_narrative|D15,graphrag_post2,maduo,narrative,D15,D,75,full,0,,0,,,,,,False
graphrag_post2|maduo_narrative|D16,graphrag_post2,maduo,narrative,D16,D,75,full,0,,0,,,,,,False
graphrag_post2|maduo_narrative|D17,graphrag_post2,maduo,narrative,D17,D,2767,none,1,7.4,0,,,,,Maduo Mw7.4 mainshock date (2021-05-22) lies before the catalog start,True
graphrag_post2|maduo_narrative|D18,graphrag_post2,maduo,narrative,D18,D,789,none,1,7.4,0,,,,,,True
graphrag_post2|maduo_narrative|D19,graphrag_post2,maduo,narrative,D19,D,2954,none,3,7.4,0,,,,,,True
graphrag_post2|maduo_narrative|D20,graphrag_post2,maduo,narrative,D20,D,2973,none,4,7.4,0,,,,,,True
graphrag_post2|maduo_narrative|E1,graphrag_post2,maduo,narrative,E1,E,3339,none,9,7.4,0,,,,,Maduo Mw7.4 mainshock date (2021-05-22) lies before the catalog start,True
graphrag_post2|maduo_narrative|E2,graphrag_post2,maduo,narrative,E2,E,75,full,0,,0,,,,,,False
graphrag_post2|maduo_narrative|E3,graphrag_post2,maduo,narrative,E3,E,1024,partial,1,7.4,0,,,,,,True
graphrag_post2|maduo_narrative|E4,graphrag_post2,maduo,narrative,E4,E,2772,none,4,7.4,0,,,,,Maduo Mw7.4 mainshock date (2021-05-22) lies before the catalog start,True
graphrag_post2|maduo_narrative|E5,graphrag_post2,maduo,narrative,E5,E,2422,none,4,7.4,0,,,,,Maduo Mw7.4 mainshock date (2021-05-22) lies before the catalog start,True
graphrag_post2|maduo_narrative|E6,graphrag_post2,maduo,narrative,E6,E,75,full,0,,0,,,,,,False
graphrag_post2|maduo_narrative|E7,graphrag_post2,maduo,narrative,E7,E,75,full,0,,0,,,,,,False
graphrag_post2|maduo_narrative|E8,graphrag_post2,maduo,narrative,E8,E,2247,none,3,7.4,0,,,,,"Maduo Mw7.4 mainshock date (2021-05-22) lies before the catalog start | event total from the Maduo paper, not the ingested catalog",True
graphrag_post2|maduo_narrative|E9,graphrag_post2,maduo,narrative,E9,E,1429,none,2,7.4,0,,,,,"Maduo Mw7.4 mainshock date (2021-05-22) lies before the catalog start | event total from the Maduo paper, not the ingested catalog",True
graphrag_post2|maduo_narrative|E10,graphrag_post2,maduo,narrative,E10,E,3114,none,1,7.4,0,,,,,"Maduo Mw7.4 mainshock date (2021-05-22) lies before the catalog start | event total from the Maduo paper, not the ingested catalog",True
graphrag_post2|maduo_narrative|E11,graphrag_post2,maduo,narrative,E11,E,1368,partial,1,7.4,0,,,,,,True
graphrag_post2|maduo_narrative|E12,graphrag_post2,maduo,narrative,E12,E,2593,none,5,7.4,0,,,,,Maduo Mw7.4 mainshock date (2021-05-22) lies before the catalog start,True
graphrag_post2|maduo_narrative|E13,graphrag_post2,maduo,narrative,E13,E,2388,none,1,7.4,0,,,,,,True
graphrag_post2|maduo_narrative|E14,graphrag_post2,maduo,narrative,E14,E,3083,none,3,7.4,0,,,,,Maduo Mw7.4 mainshock date (2021-05-22) lies before the catalog start,True
graphrag_post2|maduo_narrative|E15,graphrag_post2,maduo,narrative,E15,E,3833,none,11,7.4,0,,,,,Maduo Mw7.4 mainshock date (2021-05-22) lies before the catalog start,True
graphrag_post2|maduo_narrative|E16,graphrag_post2,maduo,narrative,E16,E,3097,none,4,7.4,0,,,,,"Maduo Mw7.4 mainshock date (2021-05-22) lies before the catalog start | event total from the Maduo paper, not the ingested catalog",True
graphrag_post2|maduo_narrative|E17,graphrag_post2,maduo,narrative,E17,E,2134,partial,1,7.4,0,,,,,"event total from the Maduo paper, not the ingested catalog",True
graphrag_post2|maduo_narrative|E18,graphrag_post2,maduo,narrative,E18,E,752,partial,1,7.4,0,,,,,,True
graphrag_post2|maduo_narrative|E19,graphrag_post2,maduo,narrative,E19,E,2759,none,1,7.4,0,,,,,"Maduo Mw7.4 mainshock date (2021-05-22) lies before the catalog start | event total from the Maduo paper, not the ingested catalog",True
graphrag_post2|maduo_narrative|E20,graphrag_post2,maduo,narrative,E20,E,3507,none,1,7.4,0,,,,,Maduo Mw7.4 mainshock date (2021-05-22) lies before the catalog start,True
graphrag_pre|luding_only|A1,graphrag_pre,luding,only,A1,A,3598,none,6,6.1;6.8,0,,,,,M6.8 mainshock value is not in the network catalog (largest record M4.5); the sequence name echoed from the question is excluded,True
graphrag_pre|luding_only|A2,graphrag_pre,luding,only,A2,A,2041,none,9,6.7;6.8;7.3,0,,,,,M6.8 mainshock value is not in the network catalog (largest record M4.5); the sequence name echoed from the question is excluded,True
graphrag_pre|luding_only|A3,graphrag_pre,luding,only,A3,A,3342,none,6,6.7;6.8;6.89,0,,,,,M6.8 mainshock value is not in the network catalog (largest record M4.5); the sequence name echoed from the question is excluded,True
graphrag_pre|luding_only|A4,graphrag_pre,luding,only,A4,A,3111,none,8,6.8,0,,,,,M6.8 mainshock value is not in the network catalog (largest record M4.5); the sequence name echoed from the question is excluded,True
graphrag_pre|luding_only|A5,graphrag_pre,luding,only,A5,A,2429,none,3,6.8,0,,,,,M6.8 mainshock value is not in the network catalog (largest record M4.5); the sequence name echoed from the question is excluded,True
graphrag_pre|luding_only|A6,graphrag_pre,luding,only,A6,A,2614,none,2,6.8,0,,,,,M6.8 mainshock value is not in the network catalog (largest record M4.5); the sequence name echoed from the question is excluded,True
graphrag_pre|luding_only|A7,graphrag_pre,luding,only,A7,A,3033,none,10,6.8,0,,,,,M6.8 mainshock value is not in the network catalog (largest record M4.5); the sequence name echoed from the question is excluded,True
graphrag_pre|luding_only|A8,graphrag_pre,luding,only,A8,A,3211,none,4,6.8,0,,,,,M6.8 mainshock value is not in the network catalog (largest record M4.5); the sequence name echoed from the question is excluded,True
graphrag_pre|luding_only|A9,graphrag_pre,luding,only,A9,A,2472,none,3,6.8,0,,,,,M6.8 mainshock value is not in the network catalog (largest record M4.5); the sequence name echoed from the question is excluded,True
graphrag_pre|luding_only|A10,graphrag_pre,luding,only,A10,A,2195,none,3,6.8,0,,,,,M6.8 mainshock value is not in the network catalog (largest record M4.5); the sequence name echoed from the question is excluded,True
graphrag_pre|luding_only|A11,graphrag_pre,luding,only,A11,A,2964,none,11,5.24;6.8;7.34,0,,,,,M6.8 mainshock value is not in the network catalog (largest record M4.5); the sequence name echoed from the question is excluded,True
graphrag_pre|luding_only|A12,graphrag_pre,luding,only,A12,A,3481,none,4,6.8,0,,,,,M6.8 mainshock value is not in the network catalog (largest record M4.5); the sequence name echoed from the question is excluded,True
graphrag_pre|luding_only|A13,graphrag_pre,luding,only,A13,A,1379,none,3,6.8,0,,,,,M6.8 mainshock value is not in the network catalog (largest record M4.5); the sequence name echoed from the question is excluded,True
graphrag_pre|luding_only|A14,graphrag_pre,luding,only,A14,A,2175,none,3,6.8,0,,,,,M6.8 mainshock value is not in the network catalog (largest record M4.5); the sequence name echoed from the question is excluded,True
graphrag_pre|luding_only|A15,graphrag_pre,luding,only,A15,A,2886,none,3,6.8,0,,,,,M6.8 mainshock value is not in the network catalog (largest record M4.5); the sequence name echoed from the question is excluded,True
graphrag_pre|luding_only|A16,graphrag_pre,luding,only,A16,A,2566,none,9,6.4;6.5;6.8,0,,,,,M6.8 mainshock value is not in the network catalog (largest record M4.5); the sequence name echoed from the question is excluded,True
graphrag_pre|luding_only|A17,graphrag_pre,luding,only,A17,A,2502,none,1,6.8,0,,,,,,True
graphrag_pre|luding_only|A18,graphrag_pre,luding,only,A18,A,3339,none,10,5.82;6.59;6.8,0,,,,,M6.8 mainshock value is not in the network catalog (largest record M4.5); the sequence name echoed from the question is excluded,True
graphrag_pre|luding_only|A19,graphrag_pre,luding,only,A19,A,2352,none,0,,0,,,,,,False
graphrag_pre|luding_only|A20,graphrag_pre,luding,only,A20,A,4104,none,6,6.8;7.3;8.8,0,,,,,M6.8 mainshock value is not in the network catalog (largest record M4.5); the sequence name echoed from the question is excluded,True
graphrag_pre|luding_only|B1,graphrag_pre,luding,only,B1,B,2562,none,3,6.8,0,,,,,M6.8 mainshock value is not in the network catalog (largest record M4.5); the sequence name echoed from the question is excluded,True
graphrag_pre|luding_only|B2,graphrag_pre,luding,only,B2,B,1367,none,0,,0,,,,,M6.8 mainshock value is not in the network catalog (largest record M4.5); the sequence name echoed from the question is excluded,True
graphrag_pre|luding_only|B3,graphrag_pre,luding,only,B3,B,1672,none,7,6.77;6.8;6.84;7.8;8.8,0,,,,6.77;6.84,M6.8 mainshock value is not in the network catalog (largest record M4.5); the sequence name echoed from the question is excluded,True
graphrag_pre|luding_only|B4,graphrag_pre,luding,only,B4,B,3531,none,4,6.8,0,,,,2.82,M6.8 mainshock value is not in the network catalog (largest record M4.5); the sequence name echoed from the question is excluded,True
graphrag_pre|luding_only|B5,graphrag_pre,luding,only,B5,B,1106,none,0,,0,,,,,M6.8 mainshock value is not in the network catalog (largest record M4.5); the sequence name echoed from the question is excluded,True
graphrag_pre|luding_only|B6,graphrag_pre,luding,only,B6,B,2675,none,5,6.8,0,,,,,M6.8 mainshock value is not in the network catalog (largest record M4.5); the sequence name echoed from the question is excluded,True
graphrag_pre|luding_only|B7,graphrag_pre,luding,only,B7,B,2790,none,3,6.8,0,,,,,M6.8 mainshock value is not in the network catalog (largest record M4.5); the sequence name echoed from the question is excluded,True
graphrag_pre|luding_only|B8,graphrag_pre,luding,only,B8,B,2008,none,2,6.8,0,,,,,M6.8 mainshock value is not in the network catalog (largest record M4.5); the sequence name echoed from the question is excluded,True
graphrag_pre|luding_only|B9,graphrag_pre,luding,only,B9,B,2602,none,6,6.8,0,,,,,M6.8 mainshock value is not in the network catalog (largest record M4.5); the sequence name echoed from the question is excluded,True
graphrag_pre|luding_only|B10,graphrag_pre,luding,only,B10,B,1390,none,7,6.8,0,,,,,M6.8 mainshock value is not in the network catalog (largest record M4.5); the sequence name echoed from the question is excluded,True
graphrag_pre|luding_only|B11,graphrag_pre,luding,only,B11,B,75,full,0,,0,,,,,,False
graphrag_pre|luding_only|B12,graphrag_pre,luding,only,B12,B,2517,none,3,6.8,0,,,,,M6.8 mainshock value is not in the network catalog (largest record M4.5); the sequence name echoed from the question is excluded,True
graphrag_pre|luding_only|B13,graphrag_pre,luding,only,B13,B,2663,none,11,5.85;6.1;6.2;6.59;6.77;6.8,0,,,,5.85;6.59;6.77,M6.8 mainshock value is not in the network catalog (largest record M4.5); the sequence name echoed from the question is excluded,True
graphrag_pre|luding_only|B14,graphrag_pre,luding,only,B14,B,2085,none,12,6.5;6.8;6.84;7.8;8.8,0,,,,,M6.8 mainshock value is not in the network catalog (largest record M4.5); the sequence name echoed from the question is excluded,True
graphrag_pre|luding_only|B15,graphrag_pre,luding,only,B15,B,2777,none,5,6.8,0,,,,,M6.8 mainshock value is not in the network catalog (largest record M4.5); the sequence name echoed from the question is excluded,True
graphrag_pre|luding_only|B16,graphrag_pre,luding,only,B16,B,75,full,0,,0,,,,,,False
graphrag_pre|luding_only|B17,graphrag_pre,luding,only,B17,B,2067,none,12,6.8;8.4;9.16,0,,,,,M6.8 mainshock value is not in the network catalog (largest record M4.5); the sequence name echoed from the question is excluded,True
graphrag_pre|luding_only|B18,graphrag_pre,luding,only,B18,B,2162,none,5,6.8,0,,,,,M6.8 mainshock value is not in the network catalog (largest record M4.5); the sequence name echoed from the question is excluded,True
graphrag_pre|luding_only|B19,graphrag_pre,luding,only,B19,B,75,full,0,,0,,,,,,False
graphrag_pre|luding_only|B20,graphrag_pre,luding,only,B20,B,1173,none,4,6.8,0,,,,,M6.8 mainshock value is not in the network catalog (largest record M4.5); the sequence name echoed from the question is excluded,True
graphrag_pre|luding_only|C1,graphrag_pre,luding,only,C1,C,3066,none,1,6.8,0,,,,5.11;8.99,M6.8 mainshock value is not in the network catalog (largest record M4.5); the sequence name echoed from the question is excluded,True
graphrag_pre|luding_only|C2,graphrag_pre,luding,only,C2,C,2806,none,20,4.6;6.8,0,,,,,M6.8 mainshock value is not in the network catalog (largest record M4.5); the sequence name echoed from the question is excluded,True
graphrag_pre|luding_only|C3,graphrag_pre,luding,only,C3,C,2800,none,7,4.6;6.4;6.8,0,,,,,M6.8 mainshock value is not in the network catalog (largest record M4.5); the sequence name echoed from the question is excluded,True
graphrag_pre|luding_only|C4,graphrag_pre,luding,only,C4,C,2383,none,8,6.8,0,,,,,M6.8 mainshock value is not in the network catalog (largest record M4.5); the sequence name echoed from the question is excluded,True
graphrag_pre|luding_only|C5,graphrag_pre,luding,only,C5,C,2167,none,1,6.8,0,,,,4.06;5.11;6.39;7.53;8.99,M6.8 mainshock value is not in the network catalog (largest record M4.5); the sequence name echoed from the question is excluded,True
graphrag_pre|luding_only|C6,graphrag_pre,luding,only,C6,C,2676,none,8,6.8,0,,,,,M6.8 mainshock value is not in the network catalog (largest record M4.5); the sequence name echoed from the question is excluded,True
graphrag_pre|luding_only|C7,graphrag_pre,luding,only,C7,C,2459,none,9,6.8,0,,,,,M6.8 mainshock value is not in the network catalog (largest record M4.5); the sequence name echoed from the question is excluded,True
graphrag_pre|luding_only|C8,graphrag_pre,luding,only,C8,C,2506,none,9,6.34;6.7;6.8,0,,,,,M6.8 mainshock value is not in the network catalog (largest record M4.5); the sequence name echoed from the question is excluded,True
graphrag_pre|luding_only|C9,graphrag_pre,luding,only,C9,C,2810,none,6,6.8,0,,,,,M6.8 mainshock value is not in the network catalog (largest record M4.5); the sequence name echoed from the question is excluded,True
graphrag_pre|luding_only|C10,graphrag_pre,luding,only,C10,C,2540,none,14,5.6;6.1;6.4;6.7;6.8,0,,,,,M6.8 mainshock value is not in the network catalog (largest record M4.5); the sequence name echoed from the question is excluded,True
graphrag_pre|luding_only|C11,graphrag_pre,luding,only,C11,C,2776,none,2,6.8,0,,,,,M6.8 mainshock value is not in the network catalog (largest record M4.5); the sequence name echoed from the question is excluded,True
graphrag_pre|luding_only|C12,graphrag_pre,luding,only,C12,C,2850,none,3,6.8,0,,,,,M6.8 mainshock value is not in the network catalog (largest record M4.5); the sequence name echoed from the question is excluded,True
graphrag_pre|luding_only|C13,graphrag_pre,luding,only,C13,C,2028,none,9,5.63;6.8,0,,,,4.06;4.12;5.63,M6.8 mainshock value is not in the network catalog (largest record M4.5); the sequence name echoed from the question is excluded,True
graphrag_pre|luding_only|C14,graphrag_pre,luding,only,C14,C,2265,partial,16,6.51;6.59;6.8;6.86,0,,,,6.51;6.59;6.86,M6.8 mainshock value is not in the network catalog (largest record M4.5); the sequence name echoed from the question is excluded,True
graphrag_pre|luding_only|C15,graphrag_pre,luding,only,C15,C,1711,none,1,6.8,0,,,,,M6.8 mainshock value is not in the network catalog (largest record M4.5); the sequence name echoed from the question is excluded,True
graphrag_pre|luding_only|C16,graphrag_pre,luding,only,C16,C,2610,none,6,6.8,0,,,,,M6.8 mainshock value is not in the network catalog (largest record M4.5); the sequence name echoed from the question is excluded,True
graphrag_pre|luding_only|C17,graphrag_pre,luding,only,C17,C,2852,none,3,6.8,0,,,,,M6.8 mainshock value is not in the network catalog (largest record M4.5); the sequence name echoed from the question is excluded,True
graphrag_pre|luding_only|C18,graphrag_pre,luding,only,C18,C,2600,none,5,6.37;6.8,0,,,,,M6.8 mainshock value is not in the network catalog (largest record M4.5); the sequence name echoed from the question is excluded,True
graphrag_pre|luding_only|C19,graphrag_pre,luding,only,C19,C,2818,none,2,6.8,0,,,,,M6.8 mainshock value is not in the network catalog (largest record M4.5); the sequence name echoed from the question is excluded,True
graphrag_pre|luding_only|C20,graphrag_pre,luding,only,C20,C,2456,none,4,6.8;7.53;8.99,0,,,,,M6.8 mainshock value is not in the network catalog (largest record M4.5); the sequence name echoed from the question is excluded,True
graphrag_pre|luding_only|D1,graphrag_pre,luding,only,D1,D,3964,none,6,6.8;8.8,0,,,,,M6.8 mainshock value is not in the network catalog (largest record M4.5); the sequence name echoed from the question is excluded,True
graphrag_pre|luding_only|D2,graphrag_pre,luding,only,D2,D,75,full,0,,0,,,,,,False
graphrag_pre|luding_only|D3,graphrag_pre,luding,only,D3,D,2653,none,4,6.8,0,,,,,M6.8 mainshock value is not in the network catalog (largest record M4.5); the sequence name echoed from the question is excluded,True
graphrag_pre|luding_only|D4,graphrag_pre,luding,only,D4,D,2615,none,4,6.8;8.8,0,,,,,M6.8 mainshock value is not in the network catalog (largest record M4.5); the sequence name echoed from the question is excluded,True
graphrag_pre|luding_only|D5,graphrag_pre,luding,only,D5,D,3075,none,14,5.85;6.8;6.89;7.3,0,,,,,M6.8 mainshock value is not in the network catalog (largest record M4.5); the sequence name echoed from the question is excluded,True
graphrag_pre|luding_only|D6,graphrag_pre,luding,only,D6,D,75,full,0,,0,,,,,,False
graphrag_pre|luding_only|D7,graphrag_pre,luding,only,D7,D,3587,none,8,6.8,0,,,,,M6.8 mainshock value is not in the network catalog (largest record M4.5); the sequence name echoed from the question is excluded,True
graphrag_pre|luding_only|D8,graphrag_pre,luding,only,D8,D,3604,none,8,5.3;6.1;6.8;7.3;8.4,0,,,,,M6.8 mainshock value is not in the network catalog (largest record M4.5); the sequence name echoed from the question is excluded,True
graphrag_pre|luding_only|D9,graphrag_pre,luding,only,D9,D,2168,none,4,6.8,0,,,,,M6.8 mainshock value is not in the network catalog (largest record M4.5); the sequence name echoed from the question is excluded,True
graphrag_pre|luding_only|D10,graphrag_pre,luding,only,D10,D,75,full,0,,0,,,,,,False
graphrag_pre|luding_only|D11,graphrag_pre,luding,only,D11,D,1874,none,2,6.8,0,,,,,M6.8 mainshock value is not in the network catalog (largest record M4.5); the sequence name echoed from the question is excluded,True
graphrag_pre|luding_only|D12,graphrag_pre,luding,only,D12,D,2920,none,4,6.8,0,,,,,M6.8 mainshock value is not in the network catalog (largest record M4.5); the sequence name echoed from the question is excluded,True
graphrag_pre|luding_only|D13,graphrag_pre,luding,only,D13,D,3330,none,16,5.85;6.59;6.8,0,,,,,M6.8 mainshock value is not in the network catalog (largest record M4.5); the sequence name echoed from the question is excluded,True
graphrag_pre|luding_only|D14,graphrag_pre,luding,only,D14,D,3044,none,8,5.3;6.1;6.8,0,,,,,M6.8 mainshock value is not in the network catalog (largest record M4.5); the sequence name echoed from the question is excluded,True
graphrag_pre|luding_only|D15,graphrag_pre,luding,only,D15,D,75,full,0,,0,,,,,,False
graphrag_pre|luding_only|D16,graphrag_pre,luding,only,D16,D,75,full,0,,0,,,,,,False
graphrag_pre|luding_only|D17,graphrag_pre,luding,only,D17,D,4070,none,3,6.8,0,,,,,M6.8 mainshock value is not in the network catalog (largest record M4.5); the sequence name echoed from the question is excluded,True
graphrag_pre|luding_only|D18,graphrag_pre,luding,only,D18,D,75,full,0,,0,,,,,,False
graphrag_pre|luding_only|D19,graphrag_pre,luding,only,D19,D,3438,none,4,6.8,0,,,,,M6.8 mainshock value is not in the network catalog (largest record M4.5); the sequence name echoed from the question is excluded,True
graphrag_pre|luding_only|D20,graphrag_pre,luding,only,D20,D,3862,none,3,6.8,0,,,,,M6.8 mainshock value is not in the network catalog (largest record M4.5); the sequence name echoed from the question is excluded,True
graphrag_pre|luding_only|E1,graphrag_pre,luding,only,E1,E,3710,none,14,6.24;6.8;6.9;7.3;8.12,0,,,,,M6.8 mainshock value is not in the network catalog (largest record M4.5); the sequence name echoed from the question is excluded,True
graphrag_pre|luding_only|E2,graphrag_pre,luding,only,E2,E,3233,none,4,6.8,0,,,,,M6.8 mainshock value is not in the network catalog (largest record M4.5); the sequence name echoed from the question is excluded,True
graphrag_pre|luding_only|E3,graphrag_pre,luding,only,E3,E,2627,none,5,6.8,0,,,,,M6.8 mainshock value is not in the network catalog (largest record M4.5); the sequence name echoed from the question is excluded,True
graphrag_pre|luding_only|E4,graphrag_pre,luding,only,E4,E,4264,none,9,6.8;7.3;7.34;8.53;8.8,0,,,,,M6.8 mainshock value is not in the network catalog (largest record M4.5); the sequence name echoed from the question is excluded,True
graphrag_pre|luding_only|E5,graphrag_pre,luding,only,E5,E,3303,none,3,6.8;7.53,0,,,,,M6.8 mainshock value is not in the network catalog (largest record M4.5); the sequence name echoed from the question is excluded,True
graphrag_pre|luding_only|E6,graphrag_pre,luding,only,E6,E,2995,none,4,6.8,0,,,,,M6.8 mainshock value is not in the network catalog (largest record M4.5); the sequence name echoed from the question is excluded,True
graphrag_pre|luding_only|E7,graphrag_pre,luding,only,E7,E,75,full,0,,0,,,,,,False
graphrag_pre|luding_only|E8,graphrag_pre,luding,only,E8,E,3072,none,4,6.8,0,,,,,M6.8 mainshock value is not in the network catalog (largest record M4.5); the sequence name echoed from the question is excluded,True
graphrag_pre|luding_only|E9,graphrag_pre,luding,only,E9,E,2933,none,6,6.8,0,,,,,M6.8 mainshock value is not in the network catalog (largest record M4.5); the sequence name echoed from the question is excluded,True
graphrag_pre|luding_only|E10,graphrag_pre,luding,only,E10,E,4129,none,5,6.8,0,,,,,M6.8 mainshock value is not in the network catalog (largest record M4.5); the sequence name echoed from the question is excluded,True
graphrag_pre|luding_only|E11,graphrag_pre,luding,only,E11,E,2981,none,8,6.18;6.8;7.3,0,,,,,M6.8 mainshock value is not in the network catalog (largest record M4.5); the sequence name echoed from the question is excluded,True
graphrag_pre|luding_only|E12,graphrag_pre,luding,only,E12,E,3320,none,7,6.71;6.77;6.84;6.9;7.34;7.41;7.8,0,,,,,M6.8 mainshock value is not in the network catalog (largest record M4.5); the sequence name echoed from the question is excluded,True
graphrag_pre|luding_only|E13,graphrag_pre,luding,only,E13,E,3129,none,9,6.59;6.8,0,,,,,M6.8 mainshock value is not in the network catalog (largest record M4.5); the sequence name echoed from the question is excluded,True
graphrag_pre|luding_only|E14,graphrag_pre,luding,only,E14,E,3412,none,6,6.8,0,,,,,M6.8 mainshock value is not in the network catalog (largest record M4.5); the sequence name echoed from the question is excluded,True
graphrag_pre|luding_only|E15,graphrag_pre,luding,only,E15,E,4114,none,11,6.8;7.3,0,,,,,M6.8 mainshock value is not in the network catalog (largest record M4.5); the sequence name echoed from the question is excluded,True
graphrag_pre|luding_only|E16,graphrag_pre,luding,only,E16,E,4024,none,10,6.8,0,,,,,M6.8 mainshock value is not in the network catalog (largest record M4.5); the sequence name echoed from the question is excluded,True
graphrag_pre|luding_only|E17,graphrag_pre,luding,only,E17,E,3090,none,4,6.8;7.3,0,,,,,M6.8 mainshock value is not in the network catalog (largest record M4.5); the sequence name echoed from the question is excluded,True
graphrag_pre|luding_only|E18,graphrag_pre,luding,only,E18,E,4574,none,4,6.8,0,,,,,M6.8 mainshock value is not in the network catalog (largest record M4.5); the sequence name echoed from the question is excluded,True
graphrag_pre|luding_only|E19,graphrag_pre,luding,only,E19,E,3516,none,6,6.8,0,,,,,M6.8 mainshock value is not in the network catalog (largest record M4.5); the sequence name echoed from the question is excluded,True
graphrag_pre|luding_only|E20,graphrag_pre,luding,only,E20,E,4236,none,10,6.8,0,,,,,M6.8 mainshock value is not in the network catalog (largest record M4.5); the sequence name echoed from the question is excluded,True
graphrag_post2|luding_only|A1,graphrag_post2,luding,only,A1,A,2764,none,6,6.8,0,,,,,,True
graphrag_post2|luding_only|A2,graphrag_post2,luding,only,A2,A,75,full,0,,0,,,,,,False
graphrag_post2|luding_only|A3,graphrag_post2,luding,only,A3,A,2782,none,11,,0,,,,,,False
graphrag_post2|luding_only|A4,graphrag_post2,luding,only,A4,A,1212,none,1,6.8,0,,,,,M6.8 mainshock value is not in the network catalog (largest record M4.5); the sequence name echoed from the question is excluded,True
graphrag_post2|luding_only|A5,graphrag_post2,luding,only,A5,A,2021,none,3,6.8,0,,,,,M6.8 mainshock value is not in the network catalog (largest record M4.5); the sequence name echoed from the question is excluded,True
graphrag_post2|luding_only|A6,graphrag_post2,luding,only,A6,A,1163,none,0,,0,,,,,,False
graphrag_post2|luding_only|A7,graphrag_post2,luding,only,A7,A,2726,none,9,6.8,0,,,,,M6.8 mainshock value is not in the network catalog (largest record M4.5); the sequence name echoed from the question is excluded,True
graphrag_post2|luding_only|A8,graphrag_post2,luding,only,A8,A,2730,none,1,6.8,0,,,,,,True
graphrag_post2|luding_only|A9,graphrag_post2,luding,only,A9,A,1252,none,2,6.8,0,,,,,,True
graphrag_post2|luding_only|A10,graphrag_post2,luding,only,A10,A,1501,none,2,6.8,0,,,,,,True
graphrag_post2|luding_only|A11,graphrag_post2,luding,only,A11,A,75,full,0,,0,,,,,,False
graphrag_post2|luding_only|A12,graphrag_post2,luding,only,A12,A,75,full,0,,0,,,,,,False
graphrag_post2|luding_only|A13,graphrag_post2,luding,only,A13,A,391,none,1,6.8,0,,,,,,True
graphrag_post2|luding_only|A14,graphrag_post2,luding,only,A14,A,75,full,0,,0,,,,,,False
graphrag_post2|luding_only|A15,graphrag_post2,luding,only,A15,A,2630,none,2,6.8,0,,,,,,True
graphrag_post2|luding_only|A16,graphrag_post2,luding,only,A16,A,1606,partial,6,6.8,0,,,,,,True
graphrag_post2|luding_only|A17,graphrag_post2,luding,only,A17,A,3286,none,0,,0,,,,,,False
graphrag_post2|luding_only|A18,graphrag_post2,luding,only,A18,A,75,full,0,,0,,,,,,False
graphrag_post2|luding_only|A19,graphrag_post2,luding,only,A19,A,1910,none,5,6.8,0,,,,,,True
graphrag_post2|luding_only|A20,graphrag_post2,luding,only,A20,A,3616,none,3,6.8,0,,,,,,True
graphrag_post2|luding_only|B1,graphrag_post2,luding,only,B1,B,587,none,1,6.8,0,,,,,,True
graphrag_post2|luding_only|B2,graphrag_post2,luding,only,B2,B,590,none,1,6.8,0,,,,,,True
graphrag_post2|luding_only|B3,graphrag_post2,luding,only,B3,B,1024,none,0,,3,,,,,,False
graphrag_post2|luding_only|B4,graphrag_post2,luding,only,B4,B,967,none,3,6.8,0,,,,,M6.8 mainshock value is not in the network catalog (largest record M4.5); the sequence name echoed from the question is excluded,True
graphrag_post2|luding_only|B5,graphrag_post2,luding,only,B5,B,75,full,0,,0,,,,,,False
graphrag_post2|luding_only|B6,graphrag_post2,luding,only,B6,B,970,none,5,6.8,0,,,,,,True
graphrag_post2|luding_only|B7,graphrag_post2,luding,only,B7,B,2163,none,7,6.8,0,,,,,,True
graphrag_post2|luding_only|B8,graphrag_post2,luding,only,B8,B,966,none,1,6.8,4,,,,,,True
graphrag_post2|luding_only|B9,graphrag_post2,luding,only,B9,B,75,full,0,,0,,,,,,False
graphrag_post2|luding_only|B10,graphrag_post2,luding,only,B10,B,75,full,0,,0,,,,,,False
graphrag_post2|luding_only|B11,graphrag_post2,luding,only,B11,B,75,full,0,,0,,,,,,False
graphrag_post2|luding_only|B12,graphrag_post2,luding,only,B12,B,1422,none,4,,0,,,,,,False
graphrag_post2|luding_only|B13,graphrag_post2,luding,only,B13,B,75,full,0,,0,,,,,,False
graphrag_post2|luding_only|B14,graphrag_post2,luding,only,B14,B,75,full,0,,0,,,,,,False
graphrag_post2|luding_only|B15,graphrag_post2,luding,only,B15,B,883,none,5,6.8,0,,,,,,True
graphrag_post2|luding_only|B16,graphrag_post2,luding,only,B16,B,75,full,0,,0,,,,,,False
graphrag_post2|luding_only|B17,graphrag_post2,luding,only,B17,B,75,full,0,,0,,,,,,False
graphrag_post2|luding_only|B18,graphrag_post2,luding,only,B18,B,1850,none,6,6.8,0,,,,,,True
graphrag_post2|luding_only|B19,graphrag_post2,luding,only,B19,B,75,full,0,,0,,,,,,False
graphrag_post2|luding_only|B20,graphrag_post2,luding,only,B20,B,75,full,0,,0,,,,,,False
graphrag_post2|luding_only|C1,graphrag_post2,luding,only,C1,C,2744,none,6,,1,,,,,,False
graphrag_post2|luding_only|C2,graphrag_post2,luding,only,C2,C,765,partial,9,6.8,0,,,,,,True
graphrag_post2|luding_only|C3,graphrag_post2,luding,only,C3,C,816,partial,1,6.8,0,,,,,,True
graphrag_post2|luding_only|C4,graphrag_post2,luding,only,C4,C,562,partial,1,6.8,0,,,,,,True
graphrag_post2|luding_only|C5,graphrag_post2,luding,only,C5,C,564,partial,1,6.8,0,,,,,,True
graphrag_post2|luding_only|C6,graphrag_post2,luding,only,C6,C,415,partial,1,6.8,0,,,,,,True
graphrag_post2|luding_only|C7,graphrag_post2,luding,only,C7,C,504,partial,1,6.8,0,,,,,,True
graphrag_post2|luding_only|C8,graphrag_post2,luding,only,C8,C,695,partial,1,6.8,0,,,,,,True
graphrag_post2|luding_only|C9,graphrag_post2,luding,only,C9,C,2490,none,14,6.8,2,,,,,M6.8 mainshock value is not in the network catalog (largest record M4.5); the sequence name echoed from the question is excluded,True
graphrag_post2|luding_only|C10,graphrag_post2,luding,only,C10,C,286,partial,1,6.8,0,,,,,,True
graphrag_post2|luding_only|C11,graphrag_post2,luding,only,C11,C,2536,none,9,6.8,1,,,,,M6.8 mainshock value is not in the network catalog (largest record M4.5); the sequence name echoed from the question is excluded,True
graphrag_post2|luding_only|C12,graphrag_post2,luding,only,C12,C,773,partial,1,6.8,0,,,,,,True
graphrag_post2|luding_only|C13,graphrag_post2,luding,only,C13,C,335,partial,1,6.8,0,,,,,,True
graphrag_post2|luding_only|C14,graphrag_post2,luding,only,C14,C,1876,none,3,6.8,1,,,,,,True
graphrag_post2|luding_only|C15,graphrag_post2,luding,only,C15,C,327,partial,1,6.8,0,,,,,,True
graphrag_post2|luding_only|C16,graphrag_post2,luding,only,C16,C,1765,partial,5,6.8,0,,,,,M6.8 mainshock value is not in the network catalog (largest record M4.5); the sequence name echoed from the question is excluded,True
graphrag_post2|luding_only|C17,graphrag_post2,luding,only,C17,C,569,partial,1,6.8,0,,,,,,True
graphrag_post2|luding_only|C18,graphrag_post2,luding,only,C18,C,407,partial,1,6.8,0,,,,,,True
graphrag_post2|luding_only|C19,graphrag_post2,luding,only,C19,C,2499,none,5,6.8,0,,,,,M6.8 mainshock value is not in the network catalog (largest record M4.5); the sequence name echoed from the question is excluded,True
graphrag_post2|luding_only|C20,graphrag_post2,luding,only,C20,C,1297,partial,2,6.8,0,,,,,,True
graphrag_post2|luding_only|D1,graphrag_post2,luding,only,D1,D,75,full,0,,0,,,,,,False
graphrag_post2|luding_only|D2,graphrag_post2,luding,only,D2,D,75,full,0,,0,,,,,,False
graphrag_post2|luding_only|D3,graphrag_post2,luding,only,D3,D,75,full,0,,0,,,,,,False
graphrag_post2|luding_only|D4,graphrag_post2,luding,only,D4,D,75,full,0,,0,,,,,,False
graphrag_post2|luding_only|D5,graphrag_post2,luding,only,D5,D,75,full,0,,0,,,,,,False
graphrag_post2|luding_only|D6,graphrag_post2,luding,only,D6,D,75,full,0,,0,,,,,,False
graphrag_post2|luding_only|D7,graphrag_post2,luding,only,D7,D,75,full,0,,0,,,,,,False
graphrag_post2|luding_only|D8,graphrag_post2,luding,only,D8,D,75,full,0,,0,,,,,,False
graphrag_post2|luding_only|D9,graphrag_post2,luding,only,D9,D,75,full,0,,0,,,,,,False
graphrag_post2|luding_only|D10,graphrag_post2,luding,only,D10,D,75,full,0,,0,,,,,,False
graphrag_post2|luding_only|D11,graphrag_post2,luding,only,D11,D,75,full,0,,0,,,,,,False
graphrag_post2|luding_only|D12,graphrag_post2,luding,only,D12,D,75,full,0,,0,,,,,,False
graphrag_post2|luding_only|D13,graphrag_post2,luding,only,D13,D,75,full,0,,0,,,,,,False
graphrag_post2|luding_only|D14,graphrag_post2,luding,only,D14,D,75,full,0,,0,,,,,,False
graphrag_post2|luding_only|D15,graphrag_post2,luding,only,D15,D,75,full,0,,0,,,,,,False
graphrag_post2|luding_only|D16,graphrag_post2,luding,only,D16,D,75,full,0,,0,,,,,,False
graphrag_post2|luding_only|D17,graphrag_post2,luding,only,D17,D,75,full,0,,0,,,,,,False
graphrag_post2|luding_only|D18,graphrag_post2,luding,only,D18,D,75,full,0,,0,,,,,,False
graphrag_post2|luding_only|D19,graphrag_post2,luding,only,D19,D,3771,none,2,6.8,0,,,,,,True
graphrag_post2|luding_only|D20,graphrag_post2,luding,only,D20,D,75,full,0,,0,,,,,,False
graphrag_post2|luding_only|E1,graphrag_post2,luding,only,E1,E,3057,none,12,6.8,0,,,,,M6.8 mainshock value is not in the network catalog (largest record M4.5); the sequence name echoed from the question is excluded,True
graphrag_post2|luding_only|E2,graphrag_post2,luding,only,E2,E,75,full,0,,0,,,,,,False
graphrag_post2|luding_only|E3,graphrag_post2,luding,only,E3,E,938,none,0,,0,,,,,,False
graphrag_post2|luding_only|E4,graphrag_post2,luding,only,E4,E,3283,none,11,6.8,0,,,,,M6.8 mainshock value is not in the network catalog (largest record M4.5); the sequence name echoed from the question is excluded,True
graphrag_post2|luding_only|E5,graphrag_post2,luding,only,E5,E,75,full,0,,0,,,,,,False
graphrag_post2|luding_only|E6,graphrag_post2,luding,only,E6,E,75,full,0,,0,,,,,,False
graphrag_post2|luding_only|E7,graphrag_post2,luding,only,E7,E,75,full,0,,0,,,,,,False
graphrag_post2|luding_only|E8,graphrag_post2,luding,only,E8,E,2537,none,11,6.8,0,,,,,M6.8 mainshock value is not in the network catalog (largest record M4.5); the sequence name echoed from the question is excluded,True
graphrag_post2|luding_only|E9,graphrag_post2,luding,only,E9,E,1373,none,2,6.8,0,,,,,,True
graphrag_post2|luding_only|E10,graphrag_post2,luding,only,E10,E,75,full,0,,0,,,,,,False
graphrag_post2|luding_only|E11,graphrag_post2,luding,only,E11,E,75,full,0,,0,,,,,,False
graphrag_post2|luding_only|E12,graphrag_post2,luding,only,E12,E,2771,none,7,6.8,0,,,,,,True
graphrag_post2|luding_only|E13,graphrag_post2,luding,only,E13,E,75,full,0,,0,,,,,,False
graphrag_post2|luding_only|E14,graphrag_post2,luding,only,E14,E,3013,none,10,6.8,0,,,,,M6.8 mainshock value is not in the network catalog (largest record M4.5); the sequence name echoed from the question is excluded,True
graphrag_post2|luding_only|E15,graphrag_post2,luding,only,E15,E,3388,none,8,6.8,0,,,,,M6.8 mainshock value is not in the network catalog (largest record M4.5); the sequence name echoed from the question is excluded,True
graphrag_post2|luding_only|E16,graphrag_post2,luding,only,E16,E,75,full,0,,0,,,,,,False
graphrag_post2|luding_only|E17,graphrag_post2,luding,only,E17,E,75,full,0,,0,,,,,,False
graphrag_post2|luding_only|E18,graphrag_post2,luding,only,E18,E,75,full,0,,0,,,,,,False
graphrag_post2|luding_only|E19,graphrag_post2,luding,only,E19,E,696,partial,1,6.8,0,,,,,M6.8 mainshock value is not in the network catalog (largest record M4.5); the sequence name echoed from the question is excluded,True
graphrag_post2|luding_only|E20,graphrag_post2,luding,only,E20,E,75,full,0,,0,,,,,,False
vector_rag|luding_only|A1,vector_rag,luding,only,A1,A,584,none,1,6.8,0,,,,,,True
vector_rag|luding_only|A2,vector_rag,luding,only,A2,A,226,partial,0,,0,,,,,,False
vector_rag|luding_only|A3,vector_rag,luding,only,A3,A,257,none,1,6.8,0,,,,,,True
vector_rag|luding_only|A4,vector_rag,luding,only,A4,A,439,none,1,6.8,0,,,,,M6.8 mainshock value is not in the network catalog (largest record M4.5); the sequence name echoed from the question is excluded,True
vector_rag|luding_only|A5,vector_rag,luding,only,A5,A,162,partial,1,6.8,0,,,,,,True
vector_rag|luding_only|A6,vector_rag,luding,only,A6,A,239,none,1,6.8,0,,,,,,True
vector_rag|luding_only|A7,vector_rag,luding,only,A7,A,528,partial,1,6.8,0,,,,,M6.8 mainshock value is not in the network catalog (largest record M4.5); the sequence name echoed from the question is excluded,True
vector_rag|luding_only|A8,vector_rag,luding,only,A8,A,144,partial,1,6.8,0,,,,,,True
vector_rag|luding_only|A9,vector_rag,luding,only,A9,A,294,partial,1,6.8,0,,,,,,True
vector_rag|luding_only|A10,vector_rag,luding,only,A10,A,228,none,1,6.8,0,,,,,,True
vector_rag|luding_only|A11,vector_rag,luding,only,A11,A,260,none,1,6.8,0,,,,,,True
vector_rag|luding_only|A12,vector_rag,luding,only,A12,A,242,none,1,6.8,0,,,,,,True
vector_rag|luding_only|A13,vector_rag,luding,only,A13,A,203,none,1,6.8,0,,,,,,True
vector_rag|luding_only|A14,vector_rag,luding,only,A14,A,242,partial,1,6.8,0,,,,,,True
vector_rag|luding_only|A15,vector_rag,luding,only,A15,A,166,partial,1,6.8,0,,,,,,True
vector_rag|luding_only|A16,vector_rag,luding,only,A16,A,164,partial,1,6.8,0,,,,,,True
vector_rag|luding_only|A17,vector_rag,luding,only,A17,A,234,partial,1,6.8,0,,,,,,True
vector_rag|luding_only|A18,vector_rag,luding,only,A18,A,271,partial,1,6.8,0,,,,,,True
vector_rag|luding_only|A19,vector_rag,luding,only,A19,A,156,partial,1,6.8,0,,,,,,True
vector_rag|luding_only|A20,vector_rag,luding,only,A20,A,214,none,1,6.8,0,,,,,,True
vector_rag|luding_only|B1,vector_rag,luding,only,B1,B,260,partial,1,6.8,0,,,,,,True
vector_rag|luding_only|B2,vector_rag,luding,only,B2,B,134,full,1,6.8,0,,,,,,True
vector_rag|luding_only|B3,vector_rag,luding,only,B3,B,189,partial,1,6.8,0,,,,,,True
vector_rag|luding_only|B4,vector_rag,luding,only,B4,B,230,partial,1,6.8,0,,,,,,True
vector_rag|luding_only|B5,vector_rag,luding,only,B5,B,196,none,1,6.8,0,,,,,,True
vector_rag|luding_only|B6,vector_rag,luding,only,B6,B,276,partial,1,6.8,0,,,,,,True
vector_rag|luding_only|B7,vector_rag,luding,only,B7,B,229,partial,1,6.8,0,,,,,,True
vector_rag|luding_only|B8,vector_rag,luding,only,B8,B,201,partial,1,6.8,0,,,,,,True
vector_rag|luding_only|B9,vector_rag,luding,only,B9,B,204,partial,1,6.8,0,,,,,,True
vector_rag|luding_only|B10,vector_rag,luding,only,B10,B,230,partial,3,6.8,0,,,,,,True
vector_rag|luding_only|B11,vector_rag,luding,only,B11,B,152,partial,1,6.8,0,,,,,,True
vector_rag|luding_only|B12,vector_rag,luding,only,B12,B,218,partial,1,6.8,0,,,,,,True
vector_rag|luding_only|B13,vector_rag,luding,only,B13,B,206,partial,1,6.8,0,,,,,,True
vector_rag|luding_only|B14,vector_rag,luding,only,B14,B,166,partial,1,6.8,0,,,,,,True
vector_rag|luding_only|B15,vector_rag,luding,only,B15,B,221,partial,1,6.8,0,,,,,,True
vector_rag|luding_only|B16,vector_rag,luding,only,B16,B,266,none,1,6.8,0,,,,,,True
vector_rag|luding_only|B17,vector_rag,luding,only,B17,B,201,partial,1,6.8,0,,,,,,True
vector_rag|luding_only|B18,vector_rag,luding,only,B18,B,388,partial,1,6.8,0,,,,,M6.8 mainshock value is not in the network catalog (largest record M4.5); the sequence name echoed from the question is excluded,True
vector_rag|luding_only|B19,vector_rag,luding,only,B19,B,257,partial,1,6.8,0,,,,,,True
vector_rag|luding_only|B20,vector_rag,luding,only,B20,B,266,none,1,6.8,0,,,,,,True
vector_rag|luding_only|C1,vector_rag,luding,only,C1,C,220,partial,1,6.8,0,,,,,,True
vector_rag|luding_only|C2,vector_rag,luding,only,C2,C,264,none,3,6.8,0,,,,,,True
vector_rag|luding_only|C3,vector_rag,luding,only,C3,C,201,partial,1,6.8,0,,,,,,True
vector_rag|luding_only|C4,vector_rag,luding,only,C4,C,250,partial,1,6.8,0,,,,,,True
vector_rag|luding_only|C5,vector_rag,luding,only,C5,C,165,partial,1,6.8,0,,,,,,True
vector_rag|luding_only|C6,vector_rag,luding,only,C6,C,197,partial,1,6.8,0,,,,,,True
vector_rag|luding_only|C7,vector_rag,luding,only,C7,C,178,partial,1,6.8,0,,,,,,True
vector_rag|luding_only|C8,vector_rag,luding,only,C8,C,175,partial,1,6.8,0,,,,,,True
vector_rag|luding_only|C9,vector_rag,luding,only,C9,C,238,none,1,6.8,0,,,,,,True
vector_rag|luding_only|C10,vector_rag,luding,only,C10,C,215,partial,1,6.8,0,,,,,,True
vector_rag|luding_only|C11,vector_rag,luding,only,C11,C,929,none,5,,1,,,,,,False
vector_rag|luding_only|C12,vector_rag,luding,only,C12,C,180,partial,1,6.8,0,,,,,,True
vector_rag|luding_only|C13,vector_rag,luding,only,C13,C,244,partial,0,,0,,,,,,False
vector_rag|luding_only|C14,vector_rag,luding,only,C14,C,229,partial,1,6.8,0,,,,,,True
vector_rag|luding_only|C15,vector_rag,luding,only,C15,C,140,full,1,6.8,0,,,,,,True
vector_rag|luding_only|C16,vector_rag,luding,only,C16,C,305,none,1,6.8,0,,,,,,True
vector_rag|luding_only|C17,vector_rag,luding,only,C17,C,248,partial,1,6.8,0,,,,,M6.8 mainshock value is not in the network catalog (largest record M4.5); the sequence name echoed from the question is excluded,True
vector_rag|luding_only|C18,vector_rag,luding,only,C18,C,177,partial,1,6.8,0,,,,,,True
vector_rag|luding_only|C19,vector_rag,luding,only,C19,C,240,partial,1,6.8,0,,,,,,True
vector_rag|luding_only|C20,vector_rag,luding,only,C20,C,173,partial,1,6.8,0,,,,,,True
vector_rag|luding_only|D1,vector_rag,luding,only,D1,D,366,partial,1,6.8,0,,,,,,True
vector_rag|luding_only|D2,vector_rag,luding,only,D2,D,334,partial,1,6.8,0,,,,,,True
vector_rag|luding_only|D3,vector_rag,luding,only,D3,D,167,partial,1,6.8,0,,,,,,True
vector_rag|luding_only|D4,vector_rag,luding,only,D4,D,243,partial,1,6.8,0,,,,,,True
vector_rag|luding_only|D5,vector_rag,luding,only,D5,D,200,partial,1,6.8,0,,,,,,True
vector_rag|luding_only|D6,vector_rag,luding,only,D6,D,172,partial,1,6.8,0,,,,,,True
vector_rag|luding_only|D7,vector_rag,luding,only,D7,D,147,partial,1,6.8,0,,,,,,True
vector_rag|luding_only|D8,vector_rag,luding,only,D8,D,260,partial,1,6.8,0,,,,,,True
vector_rag|luding_only|D9,vector_rag,luding,only,D9,D,195,partial,1,6.8,0,,,,,M6.8 mainshock value is not in the network catalog (largest record M4.5); the sequence name echoed from the question is excluded,True
vector_rag|luding_only|D10,vector_rag,luding,only,D10,D,148,partial,1,6.8,0,,,,,,True
vector_rag|luding_only|D11,vector_rag,luding,only,D11,D,162,partial,1,6.8,0,,,,,,True
vector_rag|luding_only|D12,vector_rag,luding,only,D12,D,223,partial,1,6.8,0,,,,,,True
vector_rag|luding_only|D13,vector_rag,luding,only,D13,D,189,partial,1,6.8,0,,,,,,True
vector_rag|luding_only|D14,vector_rag,luding,only,D14,D,200,partial,1,6.8,0,,,,,,True
vector_rag|luding_only|D15,vector_rag,luding,only,D15,D,228,partial,1,6.8,0,,,,,,True
vector_rag|luding_only|D16,vector_rag,luding,only,D16,D,181,partial,1,6.8,0,,,,,,True
vector_rag|luding_only|D17,vector_rag,luding,only,D17,D,185,partial,1,6.8,0,,,,,,True
vector_rag|luding_only|D18,vector_rag,luding,only,D18,D,53,full,0,,0,,,,,,False
vector_rag|luding_only|D19,vector_rag,luding,only,D19,D,215,partial,1,6.8,0,,,,,M6.8 mainshock value is not in the network catalog (largest record M4.5); the sequence name echoed from the question is excluded,True
vector_rag|luding_only|D20,vector_rag,luding,only,D20,D,153,partial,1,6.8,0,,,,,,True
vector_rag|luding_only|E1,vector_rag,luding,only,E1,E,265,none,1,6.8,0,,,,,,True
vector_rag|luding_only|E2,vector_rag,luding,only,E2,E,242,none,1,6.8,0,,,,,,True
vector_rag|luding_only|E3,vector_rag,luding,only,E3,E,345,none,1,6.8,0,,,,,,True
vector_rag|luding_only|E4,vector_rag,luding,only,E4,E,278,none,1,6.8,0,,,,,M6.8 mainshock value is not in the network catalog (largest record M4.5); the sequence name echoed from the question is excluded,True
vector_rag|luding_only|E5,vector_rag,luding,only,E5,E,290,none,0,,0,,,,,,False
vector_rag|luding_only|E6,vector_rag,luding,only,E6,E,258,partial,1,6.8,0,,,,,,True
vector_rag|luding_only|E7,vector_rag,luding,only,E7,E,274,partial,1,6.8,0,,,,,,True
vector_rag|luding_only|E8,vector_rag,luding,only,E8,E,541,none,1,6.8,0,,,,,M6.8 mainshock value is not in the network catalog (largest record M4.5); the sequence name echoed from the question is excluded,True
vector_rag|luding_only|E9,vector_rag,luding,only,E9,E,308,partial,1,6.8,0,,,,,,True
vector_rag|luding_only|E10,vector_rag,luding,only,E10,E,314,none,1,6.8,0,,,,,,True
vector_rag|luding_only|E11,vector_rag,luding,only,E11,E,283,partial,1,6.8,0,,,,,,True
vector_rag|luding_only|E12,vector_rag,luding,only,E12,E,221,partial,1,6.8,0,,,,,,True
vector_rag|luding_only|E13,vector_rag,luding,only,E13,E,197,partial,1,6.8,0,,,,,,True
vector_rag|luding_only|E14,vector_rag,luding,only,E14,E,272,none,1,6.8,0,,,,,,True
vector_rag|luding_only|E15,vector_rag,luding,only,E15,E,959,none,3,6.8,0,,,,,M6.8 mainshock value is not in the network catalog (largest record M4.5); the sequence name echoed from the question is excluded,True
vector_rag|luding_only|E16,vector_rag,luding,only,E16,E,305,none,1,6.8,0,,,,,,True
vector_rag|luding_only|E17,vector_rag,luding,only,E17,E,261,none,1,6.8,0,,,,,,True
vector_rag|luding_only|E18,vector_rag,luding,only,E18,E,303,none,1,6.8,0,,,,,,True
vector_rag|luding_only|E19,vector_rag,luding,only,E19,E,301,partial,1,6.8,0,,,,,M6.8 mainshock value is not in the network catalog (largest record M4.5); the sequence name echoed from the question is excluded,True
vector_rag|luding_only|E20,vector_rag,luding,only,E20,E,228,partial,1,6.8,0,,,,,,True
