98.423747 34.625041 0.5
98.474959 34.626562 0.5
98.603906 34.565186 1.2
98.480965 34.629513 1.1
98.491593 34.618107 0.9
98.494002 34.602515 2.0
98.416178 34.628003 1.1
98.473381 34.618807 1.3
98.53431 34.591113 1.5
98.461206 34.630819 3.2
98.461401 34.631262 1.0
98.462817 34.630725 0.8
98.460962 34.631177 0.7
98.50293 34.604224 1.7
98.40529 34.639986 0.5
98.462907 34.629057 1.5
98.511466 34.605754 0.8
98.249292 34.646297 1.3
98.506396 34.61663 0.6
98.506201 34.609481 1.3
98.535856 34.589705 1.1
98.365275 34.636711 0.7
98.466016 34.628898 1.4
98.462956 34.630404 2.2
98.463428 34.63077 0.5
98.613094 34.577885 2.1
98.516154 34.606653 0.7
98.318457 34.647811 1.1
98.386825 34.542786 0.8
98.548722 34.590503 1.2
98.458276 34.632499 0.6
98.537769 34.589237 0.7
98.534204 34.591146 3.2
98.312516 34.639022 0.6
98.534619 34.591435 0.9
98.382845 34.654952 1.3
98.506641 34.606856 1.1
98.488102 34.636837 1.0
98.533838 34.589966 1.4
98.459408 34.632487 2.3
98.604525 34.576436 1.3
98.518905 34.607288 0.5
98.55721 34.591024 1.7
98.465625 34.630505 0.6
98.375618 34.630363 0.5
98.458919 34.632442 0.5
98.633333 34.55564 0.5
98.529834 34.601632 1.1
98.495369 34.616455 1.7
98.510303 34.602596 1.0
98.463314 34.633577 1.7
98.571696 34.596293 0.9
98.603971 34.558736 1.0
98.906877 34.508183 0.6
98.460848 34.632674 1.7
98.802515 34.556531 0.9
98.482251 34.622514 0.6
98.760482 34.537972 0.5
98.294743 34.654773 0.8
98.8757 34.533398 0.6
98.313159 34.639217 0.8
98.492253 34.619653 2.2
98.889852 34.521094 0.6
98.873698 34.496794 0.7
98.310229 34.625037 1.3
98.468286 34.629041 0.8
99.021297 34.448979 1.6
99.021615 34.44906 1.3
98.538444 34.593616 0.8
98.744857 34.546541 0.7
98.190731 34.722583 0.8
98.501245 34.609892 0.6
97.917619 34.732414 0.7
98.356087 34.651261 0.6
98.624593 34.554858 0.9
98.412435 34.622717 1.0
98.694629 34.54353 0.7
98.607096 34.558297 1.6
98.459587 34.631706 1.0
98.497697 34.603345 0.8
98.451929 34.632426 1.2
98.865869 34.503455 2.2
98.505623 34.60203 0.8
98.421102 34.619271 0.8
98.659098 34.570451 1.0
98.478296 34.616695 0.6
98.476424 34.615527 0.7
98.412793 34.626253 0.7
98.471647 34.628446 0.7
98.546777 34.502535 1.0
98.562183 34.596073 0.9
98.460319 34.632621 0.7
98.541886 34.58116 1.9
98.457243 34.63197 1.0
98.51368 34.600366 0.7
98.431795 34.629582 2.4
98.417611 34.627958 1.0
98.429785 34.630473 0.5
98.578963 34.572074 0.8
98.516382 34.60509 0.8
98.703166 34.546977 0.8
98.582813 34.569006 1.1
98.522119 34.602625 1.8
98.49633 34.602686 1.9
97.947209 34.709538 2.1
97.898966 34.707792 0.7
98.496493 34.605042 0.6
98.008838 34.692114 0.9
97.976945 34.714958 0.5
98.014884 34.692476 0.7
98.843237 34.551192 0.7
98.48186 34.624894 1.3
98.589421 34.564734 1.1
98.342643 34.671619 0.9
98.685409 34.558683 0.6
98.506738 34.609485 0.8
98.465405 34.628337 0.6
97.946737 34.709611 1.8
98.454972 34.619979 0.7
98.402165 34.641715 1.3
98.575781 34.584054 0.8
98.461149 34.63116 1.8
98.489616 34.602681 0.7
98.417025 34.628589 1.2
98.459888 34.632959 1.4
98.416943 34.62854 0.5
98.579818 34.582426 0.6
98.474235 34.626449 0.6
98.179753 34.672628 0.8
98.490942 34.617647 0.6
99.054199 34.452466 0.9
98.541488 34.594149 0.7
98.184521 34.673437 0.6
98.549878 34.601925 2.6
98.560409 34.591097 0.9
98.559953 34.591284 1.5
98.549894 34.601518 1.4
98.551025 34.602327 0.7
98.766756 34.551506 1.1
98.315324 34.64753 2.4
98.850049 34.525696 1.1
98.472534 34.6276 0.6
98.045703 34.700488 0.5
98.524992 34.601095 1.8
99.061304 34.469674 0.5
98.008952 34.724007 1.0
98.480404 34.616829 0.5
98.505168 34.624597 1.3
99.081795 34.508736 1.1
98.460173 34.630098 0.6
98.464119 34.628137 2.0
98.051595 34.728829 0.8
98.506095 34.612252 0.6
98.606258 34.578878 0.8
98.682853 34.554358 1.1
98.504647 34.598678 1.4
98.377563 34.626147 1.4
98.58348 34.578711 0.5
98.529793 34.594694 1.0
98.849772 34.538737 0.5
98.693351 34.554028 0.7
98.531144 34.465531 0.6
98.599618 34.560579 0.6
98.153402 34.676322 0.5
98.583919 34.579822 0.7
98.51014 34.595658 2.0
98.499715 34.624231 0.5
98.003377 34.696472 0.5
98.48007 34.613896 0.9
99.066113 34.453101 0.6
98.498804 34.603918 0.5
98.539762 34.601107 1.5
98.504329 34.602393 1.5
98.596663 34.577938 1.4
97.893083 34.707572 4.3
97.888371 34.709676 2.1
97.897192 34.707524 2.7
97.889925 34.705839 2.0
97.882812 34.714787 0.7
97.890544 34.709562 1.2
97.889176 34.714583 1.1
97.898031 34.71154 0.8
98.560327 34.591121 0.5
97.896875 34.712162 0.6
98.564982 34.592554 1.4
98.520972 34.61488 0.5
98.003963 34.710229 2.4
98.504045 34.600061 1.1
98.523405 34.586243 0.5
98.464103 34.627763 1.1
97.898665 34.711182 0.6
98.529443 34.592855 1.9
98.006535 34.710315 1.6
97.911963 34.711271 0.6
98.902563 34.513525 0.7
98.794645 34.533398 0.5
97.92478 34.746696 0.7
98.551921 34.600753 1.0
98.461076 34.62891 0.8
98.95883 34.499202 1.6
98.017676 34.719889 0.6
99.021785 34.449504 1.8
98.61696 34.563826 0.5
97.887646 34.713806 1.4
98.58772 34.581649 1.1
98.156055 34.656388 0.5
98.495549 34.62738 0.5
98.726652 34.531177 0.8
98.348136 34.630416 0.8
98.466048 34.630607 1.0
98.459473 34.616715 0.9
98.438786 34.617183 0.6
98.496842 34.604032 0.8
98.337052 34.671204 1.0
98.479492 34.611414 1.8
98.479696 34.611499 1.2
98.495239 34.616524 0.5
97.914689 34.707865 0.6
99.05118 34.456372 2.7
98.335506 34.664709 1.1
98.224202 34.649365 1.2
98.793709 34.544039 2.0
98.504321 34.62441 0.6
97.981942 34.729093 1.4
98.917008 34.515763 1.2
98.47889 34.611686 1.0
98.749902 34.561625 0.6
97.889421 34.715865 1.5
98.409497 34.548145 0.6
98.57937 34.570081 0.8
98.615234 34.557601 0.5
97.980143 34.729272 2.0
98.478044 34.626375 0.5
98.463639 34.62887 1.4
98.416829 34.619812 0.6
98.875212 34.516992 0.9
98.454842 34.636011 0.5
98.498014 34.60155 0.7
98.903931 34.514343 1.6
98.507316 34.611405 1.3
98.693921 34.550716 0.9
98.525114 34.598401 0.5
98.528288 34.602389 1.2
98.48855 34.617619 0.9
98.499984 34.601526 0.5
98.045223 34.69928 0.5
98.474609 34.62642 0.7
98.891317 34.525517 0.5
98.473332 34.627246 1.1
98.396175 34.557642 1.0
98.010628 34.725264 0.6
98.532202 34.589339 0.8
97.848861 34.728105 0.9
98.124495 34.692078 3.0
98.462598 34.631002 1.5
98.494466 34.602425 0.9
98.933626 34.517505 2.5
98.635392 34.568376 0.8
98.748975 34.54224 1.7
98.603385 34.577763 0.8
98.030249 34.695337 0.5
98.466423 34.634058 0.9
98.533496 34.59598 0.6
98.832031 34.53363 0.5
98.581551 34.569112 0.6
98.47439 34.613033 0.8
98.55507 34.590454 1.1
99.062012 34.450708 0.7
99.025798 34.461027 0.8
98.504647 34.606848 1.1
99.058757 34.505721 1.6
98.472583 34.609489 1.0
98.051082 34.705888 0.5
98.49471 34.615885 2.0
98.348698 34.666394 1.0
98.142847 34.667631 1.2
98.491862 34.620089 0.9
98.306746 34.636694 0.8
98.109115 34.682731 0.5
98.012272 34.716305 0.6
98.338997 34.67133 0.6
98.50542 34.606449 1.3
98.029484 34.674577 0.5
98.679297 34.566927 0.5
98.521004 34.600016 0.7
99.025977 34.495369 1.9
98.561263 34.595361 0.5
98.467822 34.621301 0.5
98.501042 34.602441 0.6
98.476603 34.62596 1.0
98.556209 34.590145 0.5
98.508187 34.601082 0.6
98.500618 34.609111 0.6
98.315552 34.648092 0.6
98.583122 34.583134 0.6
98.526896 34.597078 1.2
98.225667 34.664579 1.2
99.014868 34.455233 1.4
98.492619 34.611145 2.4
98.461165 34.628776 0.6
98.493612 34.611564 0.7
98.540739 34.592082 0.6
98.492521 34.611271 1.2
98.550456 34.601794 0.5
98.505534 34.592468 0.5
98.658236 34.562638 0.5
98.538574 34.585299 0.6
98.410889 34.627437 1.2
98.542985 34.572856 0.9
98.592456 34.582202 1.1
98.535164 34.596143 0.6
98.790633 34.536873 1.0
98.361987 34.670231 0.7
98.959245 34.497961 1.0
98.527905 34.590865 1.0
97.987427 34.727926 0.8
98.313175 34.650297 1.6
98.545817 34.581873 0.6
99.07181 34.501473 2.0
98.516463 34.607267 1.1
98.503532 34.622725 0.6
98.597209 34.088999 2.0
98.008634 34.708956 1.4
98.685116 34.550916 1.1
98.610986 34.556421 0.7
98.536287 34.591243 1.5
98.520272 34.597729 1.0
98.426855 34.622648 0.5
97.983651 34.728369 0.6
98.494214 34.605314 0.6
98.575798 34.582764 0.6
98.480436 34.625505 0.7
98.415348 34.626733 0.5
98.317529 34.627226 0.5
98.167716 34.673295 0.5
99.037516 34.440552 0.7
98.478825 34.62583 1.5
98.247697 34.653646 1.1
99.0118 34.466846 1.0
98.001912 34.725244 2.2
98.506722 34.60179 0.9
98.47972 34.622099 1.0
98.585807 34.590129 1.2
98.633577 34.562935 0.5
98.976278 34.464905 0.6
98.501351 34.604525 1.1
98.491634 34.603971 1.5
98.003752 34.709306 2.0
98.899683 34.494055 0.9
98.392301 34.558671 0.7
97.977075 34.720365 1.1
98.73654 34.535307 0.6
98.580119 34.582926 0.7
98.957845 34.461751 0.5
98.49375 34.616321 0.8
98.681592 34.561877 1.2
98.54707 34.576546 1.7
98.203833 34.667749 2.0
98.672152 34.56274 1.8
99.006795 34.493156 0.5
98.766414 34.53835 0.6
98.83894 34.534285 0.6
98.897144 34.530046 1.2
98.683016 34.537223 1.0
98.483512 34.631779 1.1
98.882804 34.505896 0.5
98.00201 34.710592 0.7
98.464461 34.634127 0.7
98.621802 34.551025 0.9
98.495247 34.627283 0.8
98.494531 34.61759 0.6
98.785775 34.537903 0.5
98.347998 34.644979 1.4
98.632275 34.570536 0.6
98.709871 34.553349 0.5
99.050602 34.506559 1.2
98.550114 34.596041 1.0
98.56521 34.584123 0.9
98.53234 34.605135 1.3
97.973291 34.709924 0.6
98.008667 34.694539 0.6
98.50826 34.613745 1.2
98.510824 34.622392 1.6
98.622038 34.575061 0.8
98.55013 34.596118 2.2
98.509619 34.600142 0.7
98.486906 34.631022 0.7
98.415837 34.625964 1.2
98.502661 34.605387 1.0
98.476147 34.625387 0.5
98.249756 34.657316 0.7
99.005729 34.47253 2.0
98.617131 34.573848 1.9
98.692863 34.544014 0.5
98.974178 34.488196 0.7
98.926009 34.46932 1.9
98.054508 34.709359 1.0
99.019653 34.480672 1.1
98.013778 34.720536 0.6
98.756006 34.531173 0.5
98.554191 34.586898 0.5
98.311182 34.635771 0.7
97.890535 34.713118 1.2
98.415723 34.6262 0.9
98.926473 34.470768 1.2
97.979264 34.707662 0.7
98.532918 34.598706 1.9
98.52561 34.599748 0.7
98.506779 34.597961 0.6
98.627938 34.568193 1.6
98.303573 34.644507 0.7
98.581242 34.571318 1.3
98.456909 34.628691 2.4
98.464787 34.634265 0.6
98.572225 34.588159 1.7
98.456901 34.628739 0.6
98.556665 34.596692 0.5
99.063875 34.460551 0.6
98.476685 34.612231 0.7
98.587288 34.589152 0.9
98.219157 34.663875 0.6
98.462077 34.631885 0.6
98.110221 34.677677 1.4
98.504256 34.601599 0.7
98.84703 34.534143 0.8
98.188338 34.721627 0.5
98.495516 34.603015 1.3
98.600179 34.578398 1.9
98.52535 34.603044 1.7
98.463859 34.628963 0.7
98.221826 34.680534 0.5
97.995516 34.698551 1.4
98.927295 34.469527 0.9
98.510156 34.623043 0.6
98.496647 34.605505 0.9
98.80153 34.539274 0.5
98.463005 34.611206 0.5
98.223527 34.662394 0.5
98.157243 34.680143 0.6
98.537882 34.595398 0.5
98.535645 34.595308 0.5
97.983358 34.726343 0.5
98.307332 34.63953 0.6
97.92863 34.718339 1.9
98.299316 34.640328 0.6
98.679525 34.538338 1.0
98.521533 34.602022 0.8
98.490055 34.623722 0.9
98.508618 34.595581 0.7
98.498169 34.610132 0.5
98.754248 34.545789 0.7
98.424536 34.625594 0.6
98.493091 34.625842 1.0
98.501961 34.603206 1.1
98.601888 34.561629 0.7
98.303101 34.656209 0.5
98.701343 34.548132 2.5
98.526978 34.602991 0.5
98.086694 34.68123 0.5
98.465299 34.632625 2.9
98.464852 34.632731 0.5
98.366187 34.634489 1.0
98.38505 34.633838 1.0
98.944979 34.504712 1.3
98.528345 34.600769 2.2
98.497664 34.619344 0.5
98.492489 34.604419 0.7
98.628215 34.554618 0.5
98.586743 34.565881 0.6
98.476904 34.61217 0.5
98.340137 34.657454 0.5
98.933447 34.503158 1.5
98.503377 34.613444 0.5
98.5368 34.60988 1.2
98.232796 34.663839 1.0
97.954321 34.71877 2.3
98.295028 34.628634 0.7
98.584945 34.58193 0.7
98.582438 34.570695 1.8
98.454736 34.634224 1.0
98.306291 34.625631 0.7
98.27994 34.664742 0.6
98.370459 34.637093 1.0
98.672957 34.543811 0.8
98.544971 34.592737 0.7
98.477433 34.611365 3.8
98.481714 34.609843 2.9
98.618994 34.573804 1.5
98.477254 34.613924 1.5
98.580575 34.588082 1.0
97.803581 34.729248 0.6
98.515194 34.599638 0.6
98.50201 34.599101 1.6
98.475602 34.612805 0.9
98.481177 34.611328 1.0
98.629378 34.549976 0.9
97.887622 34.713066 0.9
98.464836 34.632674 0.9
98.209253 34.67135 0.9
98.477295 34.61901 0.9
98.482503 34.614596 0.7
98.763411 34.511117 0.7
98.55625 34.591215 1.3
98.23868 34.659932 0.9
99.119694 34.445597 2.1
98.670215 34.540149 0.6
98.474373 34.6132 0.9
98.54703 34.582361 0.9
98.507438 34.608244 0.7
98.46709 34.630164 1.3
98.793888 34.578341 1.1
98.502987 34.614323 0.5
98.486434 34.619922 0.9
97.83103 34.722253 1.0
98.626066 34.568258 0.5
98.631966 34.551343 0.6
98.100757 34.686768 0.5
98.668392 34.542265 1.3
98.250757 34.659469 0.5
98.066699 34.708187 0.6
98.47085 34.617554 0.9
97.969873 34.707776 2.1
99.038794 34.489014 0.5
98.531364 34.599333 1.3
98.780688 34.545357 0.7
98.466764 34.630229 1.2
98.679948 34.554256 0.6
98.515234 34.595732 1.9
98.036068 34.701208 2.4
98.582967 34.572913 0.6
98.229875 34.660901 1.1
98.562557 34.594796 0.5
97.886735 34.714132 1.2
98.931453 34.503963 1.3
98.506356 34.604667 1.3
98.499064 34.616142 0.7
98.604883 34.555054 0.5
98.536247 34.586755 1.4
98.360075 34.639026 1.4
98.122371 34.691097 0.6
98.182357 34.673051 1.7
98.653174 34.564319 0.5
98.252319 34.660262 0.6
98.52439 34.602987 1.5
98.437964 34.627209 0.8
98.359131 34.638879 1.2
98.46381 34.628837 0.6
97.949162 34.713928 0.7
98.000293 34.704818 1.4
98.505452 34.625114 0.7
98.459627 34.633232 0.8
98.152604 34.678491 0.8
98.226286 34.647176 0.7
98.524089 34.599715 0.7
98.490324 34.620011 2.2
98.490942 34.619775 1.3
98.370817 34.631234 2.0
98.921037 34.540719 2.8
98.468278 34.629915 0.8
98.86626 34.536845 1.0
99.190096 34.452214 0.6
98.501847 34.603719 0.8
99.287394 34.508704 0.8
98.855225 34.531042 1.0
98.6 34.561039 1.9
98.69187 34.547782 0.5
98.863477 34.537646 0.7
98.474414 34.612655 0.9
98.869165 34.536076 1.6
98.464062 34.633386 1.9
98.464453 34.634159 0.8
98.501473 34.604061 1.3
98.312533 34.641915 1.4
98.31783 34.625354 0.7
98.453947 34.634387 0.7
98.422583 34.62262 1.6
97.889168 34.718803 0.8
98.642668 34.556299 1.2
97.91416 34.721741 1.4
98.054712 34.696448 0.8
98.464315 34.633993 0.5
99.171175 34.346403 0.9
97.907023 34.707271 0.8
98.585872 34.581632 1.5
97.94908 34.70769 1.2
98.506144 34.595166 0.5
99.011271 34.497359 0.6
98.664518 34.552128 1.1
98.865641 34.537154 0.5
98.47443 34.609444 2.0
98.148714 34.679773 0.6
99.115055 34.455457 0.5
98.589209 34.560876 1.1
98.686759 34.559115 1.5
99.1212 34.502657 1.0
97.913835 34.721501 1.9
98.478573 34.617822 0.5
98.726286 34.531539 1.4
98.725342 34.531698 0.7
98.604557 34.565002 1.2
98.019377 34.690007 1.3
98.836597 34.53949 1.4
98.586727 34.570345 2.2
98.505396 34.593542 0.7
98.776123 34.538387 0.9
98.518856 34.597306 0.8
98.467879 34.629879 0.8
97.997721 34.722184 0.5
98.590373 34.580843 1.6
97.949609 34.707817 0.6
98.723161 34.530782 1.1
98.516618 34.602848 0.7
99.015275 34.472457 0.8
97.951449 34.70682 0.9
97.97701 34.719316 0.6
99.169434 34.496362 1.7
98.354199 34.640601 0.7
98.91993 34.524532 1.0
98.571322 34.587423 0.5
98.560002 34.587109 0.8
98.908268 34.492871 1.4
98.547982 34.585372 1.1
98.962085 34.496322 1.2
98.52644 34.601567 0.7
98.426847 34.624679 1.0
98.473958 34.612565 0.5
98.434814 34.617704 0.6
98.870817 34.531165 0.5
98.570605 34.591903 0.5
99.022599 34.462756 0.5
98.496216 34.601969 0.6
98.773275 34.532715 0.5
97.898739 34.716833 0.8
98.794686 34.551204 0.5
99.152775 34.502437 0.8
97.904085 34.71318 0.6
98.480241 34.624927 1.0
99.058903 34.476355 0.8
98.787622 34.53798 1.3
98.512524 34.59351 0.7
98.30647 34.640145 0.6
98.185189 34.673702 0.8
98.627083 34.561739 0.6
98.68903 34.557869 0.7
98.48951 34.620231 1.3
98.489176 34.620329 1.8
98.489616 34.620239 0.5
98.574544 34.589632 0.5
97.894482 34.713778 1.1
98.397201 34.62041 0.5
98.506405 34.690365 1.6
98.364608 34.636092 1.2
98.667603 34.534013 1.2
98.605843 34.578898 2.1
98.710938 34.549797 1.9
98.487671 34.608313 0.5
98.518848 34.598718 0.9
98.409961 34.627002 0.7
99.074064 34.454435 0.8
98.475155 34.60944 1.8
98.492741 34.605054 1.6
98.530778 34.597705 0.5
98.237541 34.647852 1.3
98.27854 34.664364 1.1
99.01377 34.467509 0.9
98.759017 34.504496 0.7
99.172632 34.510189 1.0
98.863607 34.536629 0.7
98.520988 34.588086 0.5
98.493359 34.615975 0.5
98.821452 34.554488 0.6
98.651823 34.568119 2.0
99.204696 34.50059 0.5
98.867928 34.530636 0.8
99.072241 34.502478 1.0
97.926489 34.721191 0.8
98.483586 34.615389 2.0
98.873812 34.530485 0.8
98.496086 34.600643 1.8
99.083862 34.460099 0.7
98.572078 34.579549 2.2
98.57146 34.579272 0.8
97.957324 34.722664 1.5
99.028662 34.467753 1.1
98.66141 34.560392 0.6
98.948918 34.521952 0.5
98.528532 34.599951 0.8
99.006038 34.482764 1.1
98.488778 34.620642 2.7
98.488468 34.621236 2.0
98.488118 34.621049 1.1
98.487948 34.621057 1.4
98.490186 34.620483 1.6
98.95861 34.494613 0.9
99.196151 34.51084 0.8
98.488672 34.620658 0.5
98.944377 34.502539 0.8
98.502954 34.604419 1.3
97.815641 34.725098 0.5
98.488118 34.620858 1.4
98.935913 34.465247 0.9
98.060181 34.681921 2.5
98.061629 34.681555 1.6
98.059367 34.682646 0.7
99.163411 34.347176 0.7
99.024023 34.456995 1.8
99.109896 34.488334 0.9
98.777091 34.545561 0.8
98.634017 34.567985 0.5
98.0059 34.700968 1.1
98.472428 34.62747 0.6
98.490877 34.603292 0.8
98.14506 34.685498 1.5
98.935441 34.511088 0.5
99.005672 34.498535 0.6
98.336336 34.579671 0.5
99.025798 34.501709 0.7
98.4889 34.620577 0.8
98.535075 34.601676 0.9
98.55105 34.595569 0.5
98.003507 34.710181 1.7
98.022607 34.720085 0.7
98.502799 34.596912 0.5
98.49432 34.612944 0.6
98.770825 34.51744 2.2
99.155542 34.493579 1.0
98.002873 34.725122 0.5
99.025871 34.496061 0.9
99.010213 34.478617 2.4
98.874837 34.519641 0.6
98.875317 34.519401 0.6
98.609001 34.579915 0.5
98.508407 34.599955 0.6
98.53125 34.588822 1.2
98.456958 34.631486 0.6
99.091528 34.503475 0.9
98.515397 34.599573 0.8
98.495483 34.602743 0.9
99.220052 34.254675 0.5
99.198006 34.512935 0.7
99.221265 34.507166 1.0
98.964616 34.50389 1.8
98.366138 34.641089 0.5
99.120443 34.504598 1.1
98.505037 34.613184 0.5
98.416691 34.626428 0.5
98.513501 34.591007 0.8
97.97797 34.722709 2.1
98.393766 34.559485 0.7
97.977572 34.724141 0.7
98.49515 34.610868 0.5
97.983057 34.73313 0.7
98.005794 34.727588 0.6
98.860889 34.541325 1.0
97.937899 34.715125 3.4
98.470752 34.628109 0.7
99.02548 34.4566 0.9
99.193595 34.515271 0.7
99.026546 34.472933 1.1
98.854517 34.525399 2.2
98.477124 34.635372 0.9
99.193978 34.515267 0.5
98.043123 34.702694 2.0
97.797087 34.729085 0.8
99.050399 34.457088 0.7
98.773926 34.551363 0.5
98.147331 34.67863 1.2
98.64519 34.565735 0.6
98.004867 34.709904 1.9
98.493197 34.620797 0.8
98.563843 34.590344 1.2
98.506323 34.600671 0.8
98.483854 34.632145 0.6
98.72347 34.53455 0.5
98.824137 34.549292 0.9
99.129395 34.498059 0.9
98.776082 34.553471 0.6
98.581852 34.570894 0.9
98.62924 34.55179 1.2
97.939836 34.713798 0.9
98.466585 34.631694 0.9
98.362777 34.635604 1.6
99.03182 34.459021 0.5
98.247428 34.650753 0.6
98.510498 34.601066 0.8
99.296631 34.505961 0.6
97.76652 34.753748 0.9
98.687712 34.557357 1.7
98.729598 34.526575 0.7
99.024854 34.501237 0.7
98.053857 34.680538 0.5
98.559774 34.595898 0.6
97.744539 34.750199 0.7
98.529663 34.592244 1.0
98.392904 34.627291 0.7
98.503328 34.623523 0.9
97.751506 34.726347 0.8
98.486833 34.617749 0.7
98.501538 34.616614 1.1
97.77373 34.750997 0.5
97.765926 34.75037 0.5
97.773307 34.749207 0.7
97.639998 34.734993 0.5
98.50883 34.601656 0.6
97.733846 34.752612 0.5
98.433529 34.619604 1.0
98.76687 34.515422 0.8
98.977913 34.487614 0.9
97.729989 34.753434 0.6
98.071151 34.675505 0.6
97.771663 34.744295 2.5
97.530745 34.770426 0.7
99.154753 34.494877 1.0
98.42557 34.625562 0.5
99.155688 34.501754 0.9
97.567505 34.74742 1.6
97.817057 34.742607 0.5
97.567627 34.747091 1.1
97.833529 34.682894 0.5
98.040511 34.700785 1.7
97.770313 34.743762 0.7
97.75293 34.734924 0.5
98.511646 34.597729 1.4
98.995972 34.477722 3.2
97.763957 34.744759 0.5
97.618237 34.748816 1.0
98.597176 34.56132 0.5
98.07063 34.707646 1.9
97.759066 34.741406 0.6
97.524357 34.768188 0.5
98.760791 34.511259 0.6
97.776082 34.736475 0.8
98.725488 34.530204 0.6
98.410083 34.627218 0.5
97.622298 34.749373 0.8
97.734521 34.751583 1.1
98.237671 34.64248 0.6
99.026424 34.496834 0.8
97.7625 34.751689 0.9
98.358805 34.639128 1.6
98.500521 34.600732 0.5
98.902466 34.520353 0.6
98.476164 34.61285 0.6
97.606494 34.745418 0.5
97.783732 34.745394 0.8
97.727759 34.756657 0.6
97.677873 34.749296 0.6
97.66888 34.753914 0.8
98.72793 34.533561 1.0
97.523136 34.786678 0.5
98.210246 34.658191 1.2
97.558081 34.745048 0.6
97.765983 34.745292 0.6
98.877588 34.524666 0.7
97.753857 34.749829 0.8
98.74458 34.533931 0.8
97.70708 34.752946 0.7
98.984123 34.480806 0.6
97.974097 34.72124 1.9
98.580379 34.560352 0.7
99.215869 34.447583 0.6
98.146908 34.677437 0.8
98.113151 34.679875 1.1
98.753328 34.500033 0.5
98.820736 34.546627 0.5
97.681559 34.735921 0.9
97.740031 34.756986 1.0
97.61027 34.771049 1.0
98.983114 34.480094 1.8
97.75026 34.757979 0.9
97.708577 34.730798 0.6
99.155729 34.492301 0.9
97.687386 34.747457 1.1
98.275098 34.649341 2.0
98.57238 34.571643 0.6
99.199072 34.497156 1.2
97.606063 34.746415 0.6
98.503101 34.597038 0.5
98.466911 34.627315 1.2
97.928963 34.713314 0.5
98.064917 34.685201 0.7
97.977254 34.721273 0.6
98.899585 34.529777 0.7
97.765503 34.740881 0.5
98.315226 34.622217 0.7
97.763574 34.745707 1.4
97.724544 34.756494 0.5
98.451717 34.616813 0.6
98.381632 34.630933 0.9
97.625122 34.74823 1.4
99.162085 34.494377 0.8
99.057194 34.500118 2.2
97.598584 34.840491 0.8
98.51241 34.595882 0.6
97.58488 34.768473 0.6
98.883789 34.52393 0.7
97.75319 34.732446 0.6
98.191488 34.703927 1.6
97.560042 34.762642 0.5
98.939567 34.508142 0.6
98.529395 34.597729 0.8
97.601611 34.84137 0.7
98.233691 34.666829 1.1
98.505208 34.600981 0.6
98.531193 34.586698 0.8
97.764176 34.740808 1.4
97.839388 34.739067 0.6
99.223527 34.449662 2.5
98.624341 34.565922 0.8
98.023218 34.70435 0.8
97.661027 34.792269 1.0
97.496574 34.78868 0.6
98.659399 34.541793 0.8
98.411694 34.624198 0.6
97.524764 34.784631 0.7
98.233838 34.666638 0.5
99.369352 34.573653 0.5
98.497957 34.597843 0.5
98.516895 34.576204 0.7
98.467334 34.626896 0.6
97.479289 34.879529 0.6
97.760758 34.743616 0.7
97.726066 34.756185 0.5
97.76578 34.746411 0.8
97.66534 34.767867 0.8
98.589624 34.572302 0.9
98.036759 34.715963 0.7
98.905054 34.52937 0.5
98.742871 34.546179 1.3
97.759635 34.746655 0.6
97.75953 34.746635 0.6
98.007926 34.694462 1.5
98.378825 34.663627 0.7
97.669059 34.748446 0.6
98.4361 34.626363 0.6
97.974504 34.715417 0.5
97.668213 34.745471 1.2
97.678866 34.735982 1.6
97.603914 34.842155 0.6
97.773584 34.744808 0.6
98.083846 34.699194 1.6
97.967399 34.712101 2.3
98.764103 34.510347 0.5
98.508488 34.591947 0.6
97.795117 34.723543 1.0
98.897241 34.493473 1.0
98.540055 34.586662 1.8
98.925496 34.530404 0.6
97.716219 34.757674 0.5
98.897249 34.493469 0.5
97.900098 34.713521 0.6
97.686955 34.74294 0.7
99.181755 34.500732 0.7
97.651676 34.749988 0.7
97.82286 34.74469 1.7
98.477148 34.619141 0.8
98.090072 34.694438 0.9
97.951872 34.718355 3.2
98.257918 34.708765 0.6
97.991048 34.710445 2.2
97.788534 34.693905 0.5
97.78877 34.693628 0.8
98.680282 34.538411 0.5
97.717529 34.757601 0.5
97.807056 34.74679 0.8
97.807121 34.746773 0.8
98.502913 34.617082 0.5
97.776392 34.747363 0.6
98.92911 34.526611 0.5
98.557601 34.597831 0.7
99.023682 34.467676 0.5
98.131527 34.679533 0.9
98.880257 34.521082 0.5
97.551034 34.779138 0.6
99.030322 34.496936 0.5
99.010807 34.499044 1.1
99.110986 34.449495 0.5
98.488835 34.620768 1.8
97.803597 34.700525 0.5
97.801969 34.701595 0.5
98.61862 34.572343 1.2
97.993978 34.713672 0.6
98.405688 34.62935 0.8
97.765186 34.740678 0.7
97.726082 34.756051 0.6
97.879557 34.714176 0.7
98.559269 34.595748 0.5
98.172274 34.67832 3.2
98.50424 34.607308 0.7
97.602035 34.841398 1.2
98.993791 34.494324 0.5
97.568034 34.751424 1.0
98.993823 34.494613 3.0
97.8788 34.711654 0.5
97.539665 34.778605 3.5
97.540251 34.778178 1.7
97.566838 34.751636 0.8
97.561857 34.746944 0.6
98.258651 34.656624 0.9
98.399463 34.62806 0.5
97.575675 34.823714 0.6
98.734611 34.548584 0.5
97.559513 34.764665 0.6
98.512606 34.595719 0.6
97.865169 34.715837 0.5
98.652824 34.550293 0.6
98.605908 34.560905 1.8
97.779215 34.75341 0.5
98.766097 34.511031 0.8
98.490446 34.621729 1.8
99.223307 34.450578 0.6
98.579232 34.570898 0.6
98.311434 34.622852 0.6
99.112549 34.437012 0.7
97.726986 34.756258 0.5
99.084725 34.505562 1.9
98.80223 34.542 0.6
97.666886 34.755021 0.5
98.491097 34.614864 0.7
98.135701 34.689473 1.4
98.593701 34.581734 0.7
97.718018 34.75415 0.5
97.725171 34.74683 0.9
98.510962 34.622445 0.6
97.765942 34.743274 0.5
97.778955 34.748621 1.9
97.607992 34.747351 0.5
98.521533 34.603992 1.6
97.53737 34.768274 1.1
98.524137 34.605253 0.5
97.764445 34.746273 0.5
97.738704 34.75107 0.5
98.604232 34.554154 0.8
98.776131 34.531519 1.0
98.356812 34.630164 1.4
98.356624 34.630086 0.6
97.62242 34.766207 0.5
99.095915 34.502881 0.5
97.666211 34.731632 0.7
97.821818 34.745056 1.3
98.488249 34.621053 0.6
97.822965 34.745056 0.5
98.234595 34.666809 0.8
98.003149 34.696301 0.5
98.000977 34.71204 0.5
98.604932 34.563375 1.7
98.5698 34.579598 0.7
97.613997 34.729289 0.6
98.890234 34.529309 0.6
98.374935 34.634599 0.8
97.744499 34.747319 0.7
98.872282 34.52454 1.0
98.395475 34.629867 0.7
97.668449 34.75778 0.6
97.754858 34.74436 0.8
97.538029 34.768689 0.8
97.756234 34.747717 0.6
97.722664 34.756702 0.8
98.459839 34.62863 0.7
97.77911 34.736759 1.6
97.833993 34.746004 0.8
99.398421 34.514966 0.8
97.676392 34.754049 0.7
99.189412 34.443408 0.8
98.367505 34.635238 1.4
97.738949 34.75815 0.6
99.11132 34.449613 0.5
98.886019 34.549255 0.8
98.257723 34.648132 1.1
97.605794 34.740259 0.5
97.993669 34.722213 0.6
99.095679 34.505481 0.9
98.972339 34.497314 2.6
97.655208 34.751249 0.7
98.416471 34.623132 0.6
98.495809 34.601762 0.5
98.076066 34.707178 0.8
99.098942 34.338664 0.6
97.551685 34.764689 0.7
98.596769 34.563253 0.9
97.994613 34.712712 1.7
97.734871 34.751506 0.5
97.671167 34.75791 0.7
97.741919 34.75745 0.9
99.064738 34.503292 0.8
98.546541 34.584249 2.1
98.869979 34.527873 2.1
99.099438 34.338733 0.8
97.553263 34.768665 0.5
98.758504 34.509965 0.6
98.507601 34.623116 0.5
98.941699 34.50269 0.5
97.729565 34.753963 0.7
98.776245 34.538615 0.6
98.493221 34.616455 1.3
97.689038 34.750618 0.5
98.501465 34.602409 1.1
99.110636 34.449345 1.2
98.784839 34.551575 0.7
98.049731 34.701453 1.1
97.810099 34.744202 0.6
98.445345 34.617843 0.5
98.242562 34.649801 2.0
98.530363 34.591927 2.0
98.531494 34.591667 1.5
97.723275 34.757373 0.9
97.776481 34.74349 0.7
99.123551 34.498905 0.5
98.546663 34.583691 1.5
98.059847 34.69598 1.5
99.110189 34.326103 0.8
98.583521 34.581514 0.8
97.87653 34.712085 0.6
97.725724 34.756401 0.6
97.857235 34.739242 0.6
97.764616 34.732467 0.7
98.60328 34.555212 0.9
99.008285 34.46853 0.6
99.295907 34.519515 0.9
98.31578 34.642814 2.1
99.068335 34.497616 0.5
98.829793 34.541862 0.8
98.767513 34.510693 3.0
98.483105 34.63079 2.1
97.745125 34.74906 0.7
98.180127 34.687712 0.7
98.777751 34.536552 1.8
98.770874 34.516138 3.0
98.48488 34.623938 1.4
98.940511 34.550069 0.6
99.108439 34.325928 1.0
98.771427 34.516496 1.0
98.771159 34.516455 2.0
98.535254 34.582955 0.5
97.503841 34.769918 1.2
98.146631 34.676152 0.8
99.011613 34.478438 2.1
97.75284 34.756181 2.0
98.56875 34.587447 2.5
99.184115 34.499113 0.5
97.523218 34.78667 0.5
97.994279 34.730546 1.7
98.493245 34.602116 1.6
98.465283 34.627091 1.9
98.470833 34.616073 0.7
98.703564 34.533822 0.9
98.459782 34.628646 1.0
99.291496 34.694295 0.6
98.460124 34.628512 0.5
98.5295 34.592253 0.7
98.541943 34.58866 0.6
97.384806 34.78667 0.9
98.770939 34.516292 1.2
97.549748 34.763757 0.6
97.607292 34.747599 1.5
97.756958 34.741203 0.5
98.647827 34.558582 0.8
97.72408 34.756502 0.5
98.484985 34.612895 0.5
99.265275 34.453113 1.1
97.557992 34.762362 0.5
97.689388 34.741427 0.5
98.535645 34.582947 0.6
97.724894 34.756649 0.8
97.561686 34.749683 1.5
97.561776 34.749495 0.6
97.765275 34.740401 0.6
97.724845 34.752543 0.7
97.558325 34.747437 2.5
97.553613 34.750696 1.9
98.836816 34.539034 1.0
97.561719 34.749638 1.1
97.556047 34.749797 1.0
98.504793 34.593111 0.6
97.550448 34.749756 0.8
98.291048 34.637724 1.5
98.682153 34.550826 0.5
97.743245 34.74408 0.5
97.700692 34.733512 0.5
97.770557 34.742419 0.7
98.506584 34.600745 0.7
97.665991 34.753939 0.9
99.110278 34.449361 0.7
97.744743 34.738236 0.8
97.742082 34.745577 0.6
97.761458 34.75658 1.6
98.603524 34.578162 0.6
97.602148 34.841467 1.0
98.496159 34.618083 1.4
98.896566 34.530058 2.1
98.836963 34.538932 1.1
97.878768 34.713672 0.7
97.725659 34.756734 1.1
98.020858 34.697384 2.2
98.938542 34.51425 2.0
97.716138 34.757878 0.5
98.338371 34.670618 0.8
97.717961 34.757548 1.1
98.498503 34.604842 0.7
97.55909 34.759688 1.3
99.121981 34.444438 0.7
97.724992 34.756612 0.7
99.056177 34.498063 1.1
98.318498 34.622099 0.6
99.326904 34.536987 0.7
97.549479 34.749866 0.9
99.20778 34.498523 0.6
98.032935 34.699032 0.7
98.526807 34.596175 0.6
98.673584 34.547408 0.5
98.467977 34.62526 0.6
97.623519 34.733781 0.5
99.183162 34.503357 0.6
97.609375 34.755339 0.5
97.717855 34.750106 0.8
98.534937 34.583195 0.7
97.7337 34.747404 0.6
97.720858 34.757015 0.5
99.021688 34.470854 1.6
98.523348 34.585864 0.6
98.76875 34.511218 1.5
97.85813 34.739396 0.5
98.505461 34.62183 0.8
97.752116 34.749683 0.9
97.77334 34.749361 0.6
97.728271 34.746777 0.6
97.754777 34.744983 0.9
97.731274 34.755986 0.5
97.726953 34.759526 1.0
98.904395 34.486804 0.9
98.286418 34.594865 1.4
97.721745 34.756966 0.6
97.550765 34.749634 0.7
98.006763 34.697823 0.5
98.47255 34.613949 0.7
97.832121 34.74624 1.1
97.725944 34.756144 0.6
98.47356 34.626603 0.6
99.188379 34.514465 0.6
98.501213 34.602136 1.0
97.725732 34.756181 0.8
98.72876 34.536515 1.4
97.644279 34.757336 0.5
98.950732 34.54679 0.8
98.571655 34.588965 1.4
98.609717 34.562044 2.4
97.824227 34.744779 0.5
97.725342 34.756242 0.6
98.617326 34.557532 0.9
99.094865 34.505469 0.5
97.979631 34.719088 1.0
97.765389 34.742436 0.5
97.757324 34.746167 0.7
98.528451 34.60778 0.9
98.021403 34.69731 2.1
98.513037 34.611886 0.7
99.220288 34.50647 0.7
97.723397 34.756722 0.7
98.450529 34.624398 0.5
99.108317 34.336601 0.7
97.725781 34.752625 0.7
98.493791 34.625932 0.5
98.502775 34.622921 0.7
99.329093 34.523612 0.6
97.978556 34.717993 2.8
98.764152 34.510311 2.0
97.979321 34.717737 0.8
98.524137 34.600159 0.5
98.010775 34.709611 0.7
99.101172 34.50293 0.7
97.755037 34.747139 0.5
99.042448 34.476217 1.9
97.763949 34.740906 1.3
98.655615 34.505782 0.6
98.655648 34.505778 1.2
97.778353 34.770577 0.5
97.522664 34.745854 3.6
97.982715 34.730688 1.6
98.485612 34.609208 0.5
97.721842 34.756909 0.8
97.531755 34.745951 2.0
97.764632 34.740592 1.1
97.520703 34.743254 0.8
97.724162 34.75634 0.5
98.527604 34.600045 1.5
97.628231 34.752344 1.2
97.533569 34.744535 1.2
97.719539 34.75697 0.5
97.717472 34.757483 0.5
97.770451 34.746501 0.7
98.50105 34.60697 0.8
97.726896 34.756075 1.1
97.527726 34.744385 2.7
97.725952 34.756266 0.9
98.081714 34.685966 0.6
98.777205 34.543408 0.5
97.745776 34.744861 1.1
97.715332 34.758097 0.5
97.756877 34.746716 0.5
98.893034 34.532613 0.8
97.878963 34.713273 0.5
97.723893 34.756307 1.1
97.71731 34.757406 1.1
97.984269 34.699788 1.7
97.604167 34.738143 0.6
97.534155 34.794234 1.3
98.25918 34.656665 1.7
97.702051 34.740922 0.5
98.230941 34.66639 0.6
98.667692 34.566138 1.1
98.404183 34.624048 2.3
98.532633 34.594694 0.6
97.618441 34.747913 0.8
98.468555 34.630522 0.5
98.471729 34.622184 0.6
98.50446 34.598328 0.8
97.726742 34.755953 0.6
97.761605 34.744865 0.5
97.524837 34.763566 0.8
97.991154 34.713888 0.7
98.50389 34.623478 0.9
98.477482 34.618571 0.5
97.753247 34.745679 0.5
98.060343 34.709233 0.7
98.383105 34.635018 0.5
99.191292 34.458907 0.8
98.35695 34.627669 0.6
98.720931 34.590141 0.5
98.377018 34.637309 0.6
97.770557 34.755302 0.9
99.087956 34.504667 1.1
98.48645 34.614473 1.9
97.685091 34.734639 1.6
99.3295 34.540955 0.6
98.419613 34.633553 1.3
98.77159 34.516614 1.3
97.699552 34.751685 0.5
97.630688 34.734591 0.7
99.192985 34.391174 0.6
99.072713 34.451371 0.5
98.470532 34.609424 1.3
97.723519 34.746395 0.5
97.754753 34.745886 0.7
98.833895 34.528023 1.2
98.30931 34.639909 1.0
97.530257 34.744633 0.8
97.564429 34.740238 0.5
98.488965 34.619686 1.7
99.34196 34.543026 0.6
99.067725 34.50411 0.5
98.488615 34.619869 0.8
98.768416 34.557292 0.8
98.619401 34.553695 0.8
98.30363 34.641488 0.5
97.766187 34.745357 0.7
98.918905 34.507845 0.8
98.868066 34.54366 1.1
97.976286 34.716089 3.1
97.667367 34.756022 0.8
99.20048 34.502922 1.5
97.528898 34.789746 0.9
98.595117 34.564587 0.8
97.8257 34.740702 2.1
97.976733 34.716378 1.0
99.19432 34.459318 0.7
99.191333 34.458964 0.5
98.835148 34.525903 1.1
97.763232 34.745764 0.6
97.979272 34.71757 1.1
97.640641 34.772054 0.5
97.746859 34.731775 0.5
98.873006 34.522945 1.6
98.486589 34.614974 0.6
97.975944 34.714962 0.6
97.755257 34.746391 0.5
97.716089 34.757967 0.6
97.84812 34.701176 0.8
97.546126 34.75424 1.6
97.771094 34.769165 0.6
98.982422 34.487244 0.7
98.413843 34.635706 0.8
97.981917 34.717944 0.5
97.733154 34.755684 0.5
97.540186 34.756034 1.1
98.681771 34.557389 0.5
97.769808 34.74541 0.6
97.755737 34.745854 1.1
97.903979 34.722144 3.4
98.616683 34.573771 0.7
97.905949 34.721379 0.7
97.911808 34.724512 3.0
98.524292 34.593241 0.9
97.908854 34.725313 0.5
97.909131 34.725354 0.8
97.760335 34.748747 0.5
97.770304 34.745032 1.3
98.602726 34.563387 0.9
98.54672 34.583337 0.6
97.723625 34.756718 1.3
97.766048 34.740894 0.6
97.726099 34.763151 0.8
97.904248 34.726208 0.6
98.586532 34.568929 0.9
98.678499 34.538538 0.7
97.99707 34.713595 0.5
97.5993 34.842371 0.5
97.731128 34.758057 2.0
97.723478 34.755876 2.0
99.012101 34.496122 1.4
98.188118 34.726933 1.4
98.627189 34.563708 1.0
98.5066 34.597526 1.0
97.728361 34.741125 0.8
98.477669 34.626188 0.6
97.700081 34.752161 0.7
98.688525 34.546484 0.6
97.8729 34.72769 0.5
97.717611 34.751241 0.7
97.614469 34.754472 0.5
98.522477 34.603833 0.5
98.522119 34.633358 1.6
97.912207 34.727116 0.7
97.923275 34.719002 0.6
99.022469 34.472091 1.0
98.434668 34.667013 0.6
97.754663 34.755709 0.7
99.346305 34.521244 0.5
97.77854 34.744727 0.7
97.983154 34.731755 2.3
99.205623 34.513448 1.6
97.765715 34.741353 0.8
97.556152 34.765731 0.9
97.76534 34.74517 0.5
98.756934 34.59198 0.5
98.523421 34.588749 0.8
98.47395 34.626799 1.2
97.72373 34.75297 0.5
98.906746 34.52391 0.8
99.153719 34.499605 1.0
98.47863 34.625623 1.2
97.986515 34.728247 0.9
97.9038 34.723128 0.5
97.742285 34.746045 0.6
97.848836 34.701424 0.5
98.567212 34.587785 1.9
97.751261 34.753605 0.9
97.738916 34.747725 0.8
98.365959 34.644295 0.5
97.764616 34.752417 0.7
97.639762 34.761263 0.7
98.876595 34.508866 0.6
99.218644 34.494999 0.5
98.599463 34.565527 0.8
98.419971 34.633732 0.5
98.8073 34.539612 1.2
97.642204 34.771338 0.6
97.741699 34.738839 1.2
97.754118 34.747042 0.6
97.624276 34.750985 0.6
97.857658 34.734945 1.0
97.528491 34.794202 0.8
98.887882 34.534428 0.9
97.768237 34.746143 0.5
99.14375 34.491634 0.7
97.596159 34.755758 0.8
98.963656 34.493595 0.8
98.682129 34.538037 0.5
97.980591 34.701021 0.5
98.507585 34.60977 0.5
98.387524 34.632654 1.2
97.733594 34.745605 0.5
97.79624 34.730802 0.8
97.71049 34.753866 0.5
98.804175 34.558203 1.7
97.729753 34.744657 0.6
97.822266 34.743445 0.7
98.478638 34.626005 0.9
99.25376 34.455684 0.8
97.768978 34.741248 0.7
97.538639 34.755558 1.1
97.536702 34.75553 1.0
97.99362 34.703145 0.7
98.781755 34.543595 0.6
97.79279 34.728691 0.6
97.902856 34.723608 0.7
97.902808 34.723295 0.7
98.536149 34.589754 0.9
98.641675 34.566984 1.6
98.30966 34.657528 0.5
97.52063 34.74727 0.6
97.533016 34.77465 0.5
97.701945 34.755155 0.8
98.663143 34.556836 0.7
99.234945 34.453516 1.0
97.965308 34.71368 1.4
98.428581 34.625545 0.8
98.461426 34.632284 0.6
97.7257 34.756681 0.5
98.337614 34.622713 0.6
97.536654 34.760783 0.6
98.604883 34.57817 1.2
98.493945 34.603035 1.9
98.659237 34.565946 1.2
99.278687 34.681921 0.5
99.077214 34.498067 0.6
97.795549 34.723161 0.5
98.884611 34.523641 0.6
97.559831 34.765934 0.8
98.546997 34.595964 0.6
98.499048 34.614132 0.7
97.684383 34.754712 2.3
98.531283 34.586995 1.2
98.309538 34.640161 0.5
97.765503 34.740934 0.6
98.493335 34.602026 1.3
97.910514 34.72428 0.7
97.537858 34.755741 1.1
97.697241 35.011007 1.4
97.457056 34.806213 1.6
98.524797 34.600297 0.8
98.531706 34.586528 0.7
98.459351 34.61259 1.4
99.026978 34.50026 0.6
98.965837 34.497774 0.8
97.749878 34.744718 0.6
98.555461 34.594779 0.5
98.474056 34.611951 1.1
98.241992 34.645748 0.6
97.694458 34.732288 0.6
97.539429 34.811104 3.1
98.684619 34.561702 0.9
98.468481 34.631474 1.2
98.464673 34.630497 1.1
97.727995 34.753247 0.6
98.670654 34.547302 0.9
99.037378 34.501888 1.2
98.477417 34.619641 0.5
99.022062 34.474414 1.2
97.541366 34.811235 0.5
97.538387 34.811943 0.9
97.537451 34.813155 0.6
98.464233 34.63057 1.0
99.067033 34.475151 0.9
98.031974 34.698629 0.7
98.585734 34.558757 0.7
98.080363 34.691626 1.1
98.894694 34.543396 0.8
97.690104 34.733207 1.0
98.436475 34.626644 0.7
97.699756 35.012781 1.2
97.97618 34.717232 0.5
97.765934 34.746204 0.5
99.072957 34.497933 0.5
99.021794 34.474666 0.8
98.504028 34.612524 0.6
98.602824 34.557756 0.5
98.502743 34.601286 0.5
98.48868 34.604439 0.5
98.368132 34.635413 0.6
99.16473 34.362325 0.5
97.651766 34.744503 0.5
98.54484 34.59209 0.5
98.643514 34.564852 0.6
98.419889 34.633537 0.5
97.914062 34.723311 0.9
97.912752 34.727087 1.8
97.686564 34.753788 1.9
98.481519 34.626721 0.6
97.913802 34.723409 0.9
97.728133 34.755448 1.2
97.75105 34.735592 1.3
97.526034 34.813949 0.7
98.603158 34.565458 0.8
98.141121 34.689762 0.5
98.823389 34.532361 0.8
97.546069 34.813053 0.5
97.603052 34.840983 0.5
98.798617 34.528971 0.8
97.979915 34.727389 0.5
97.983073 34.730538 0.6
97.759489 34.752303 0.5
97.720475 34.73241 1.5
98.53571 34.596973 2.6
97.781185 34.737406 0.6
98.495793 34.602799 0.5
97.77513 34.7474 0.6
97.680135 34.761084 0.5
98.021598 34.695988 1.1
97.726799 34.756571 0.5
97.726562 34.756909 0.6
99.242448 34.506372 0.5
97.75979 34.745707 0.5
98.038273 34.716341 0.6
98.372502 34.636491 1.1
98.468376 34.629545 1.1
98.719124 34.530766 0.7
97.507707 34.764286 0.5
98.506079 34.592049 0.5
98.493856 34.602763 0.5
99.182511 34.503532 1.0
98.007454 34.69563 0.6
97.768945 34.741142 1.4
98.862817 34.541166 1.7
99.185986 34.501689 1.2
97.726147 34.756616 0.8
97.599544 34.841394 0.7
99.071932 34.450102 1.6
97.684245 34.74515 1.0
97.910392 34.715218 0.6
97.76901 34.743201 0.5
97.534668 34.812081 0.7
98.603776 34.560234 0.5
97.527425 34.798157 2.2
98.771631 34.548938 0.6
97.584497 34.844694 0.6
97.588322 34.82393 1.4
98.242594 34.657694 2.0
98.616748 34.575216 0.6
97.607104 34.776208 0.6
97.76993 34.742513 0.5
97.537573 34.811698 0.7
98.212956 34.666927 1.2
97.747892 34.757621 0.9
98.47998 34.624894 0.7
98.059928 34.698861 0.6
97.616333 34.558321 0.7
98.495361 34.610132 1.6
97.576156 34.767651 0.7
98.013192 34.69281 0.8
98.05293 34.7021 0.6
99.11818 34.497892 0.7
97.576579 34.767456 0.6
97.607031 34.745011 1.2
98.502686 34.623022 1.6
98.728589 34.553158 1.2
98.913892 34.510465 0.8
98.939258 34.516162 0.6
98.842228 34.542208 0.6
98.424015 34.626164 0.9
98.478979 34.625407 0.8
98.477327 34.618612 1.7
98.954012 34.505998 1.2
98.855868 34.520959 1.4
98.914095 34.510396 0.7
98.936426 34.503023 0.5
97.803727 34.747734 0.8
97.599601 34.84115 0.8
97.725618 34.756384 0.5
98.33807 34.577551 0.9
98.473527 34.627185 0.8
98.477547 34.618966 1.9
98.486361 34.613448 0.5
98.242407 34.658248 1.8
98.479826 34.61897 0.6
98.503735 34.62063 0.5
99.18763 34.446903 0.5
97.728361 34.755046 0.5
97.726676 34.755485 1.0
98.503231 34.623214 0.6
97.657422 34.750155 0.7
98.581641 34.583337 0.6
97.726978 34.753035 0.8
97.744076 34.74825 0.6
97.976799 34.715507 1.0
97.732812 34.746358 0.5
99.209806 34.50223 1.8
98.539966 34.588643 0.7
97.918636 34.718005 1.5
97.547493 34.750146 0.5
99.329126 34.522144 0.5
98.791333 34.540393 0.7
97.722396 34.756995 0.7
97.775081 34.748975 0.6
98.447095 34.641012 1.2
98.447371 34.640926 0.8
97.992301 34.731181 0.6
97.978271 34.728467 1.1
97.766398 34.744808 1.1
98.764355 34.511511 1.8
98.04484 34.70271 0.5
98.953076 34.504386 0.6
98.482886 34.630892 0.5
97.733854 34.759778 0.8
98.011711 34.692049 0.6
98.873169 34.516113 1.8
97.739893 34.737638 0.5
98.255127 34.657072 0.9
98.685531 34.548551 0.5
98.423324 34.620882 0.6
97.453809 34.806401 1.8
99.186955 34.509375 2.8
98.3729 34.633256 0.7
97.843368 34.740759 0.8
98.838013 34.542468 0.8
97.769482 34.742285 0.7
98.49471 34.605546 1.4
98.466903 34.614303 1.7
97.726693 34.756384 1.0
98.713753 34.568624 1.1
98.305412 34.637264 0.8
97.925122 34.733561 1.0
98.494792 34.626518 0.6
97.981283 34.705237 1.8
97.504476 34.766553 0.7
99.150553 34.499972 1.1
98.558244 34.593258 1.4
99.116357 34.329333 0.5
99.223535 34.504256 0.6
97.910661 34.721838 0.7
98.552743 34.593705 1.3
97.949854 34.709229 0.5
99.329712 34.541007 0.6
98.901628 34.529871 0.7
97.724837 34.75634 0.6
99.153035 34.472896 0.6
98.501229 34.6212 3.1
98.070272 34.708862 0.6
97.764673 34.741117 0.5
98.87535 34.526554 0.6
97.769377 34.734212 0.7
98.96971 34.501485 1.0
97.848022 34.736007 0.5
98.480575 34.626233 1.1
97.563167 34.749308 1.4
98.896785 34.530278 1.1
98.055656 34.69327 0.5
99.191968 34.304541 0.8
97.723136 34.756803 0.7
98.515511 34.591899 0.9
97.824186 34.744417 0.5
98.438794 34.623328 2.3
98.049666 34.680094 0.8
98.890503 34.53468 0.8
97.752531 34.749365 2.5
97.757593 34.747201 1.0
97.507178 34.818486 0.5
97.724797 34.756177 0.6
99.197664 34.450675 0.7
97.661548 34.753255 1.4
98.143058 34.728414 1.1
97.762215 34.74196 0.6
98.855461 34.525248 1.1
98.525187 34.589111 0.6
97.967285 34.711336 1.2
97.970752 34.734607 0.5
99.025789 34.465027 0.7
97.618823 34.7512 0.7
98.465487 34.610807 0.7
97.751571 34.74482 0.5
98.616821 34.549239 0.5
98.48549 34.623763 0.7
97.94908 34.710938 0.6
97.670426 34.743913 0.7
97.753109 34.74495 1.2
98.481136 34.614319 0.5
98.50542 34.601335 1.3
98.164445 34.675659 0.7
98.303703 34.639986 1.1
98.304126 34.640076 0.6
97.72653 34.756405 1.8
98.500171 34.624821 0.7
98.443368 34.617358 0.5
98.38326 34.628894 0.6
97.725309 34.756445 0.6
97.667448 34.762663 1.6
98.73147 34.534591 2.1
97.9059 34.683073 0.7
98.256779 34.648376 0.5
97.755623 34.747343 0.6
97.646891 34.758293 0.8
98.537866 34.588578 0.7
98.519954 34.601013 0.5
97.827669 34.737927 0.5
99.106217 34.489762 0.5
97.602686 34.841357 0.9
99.037557 34.474276 0.8
99.193099 34.510575 0.9
98.248324 34.665458 0.6
99.179777 34.505094 0.6
98.970671 34.49078 1.2
98.505208 34.601302 0.7
97.562004 34.748299 2.0
98.503654 34.624308 0.5
97.705843 34.752694 0.6
97.726497 34.74069 0.7
98.313916 34.635933 0.7
97.60105 34.841296 0.7
98.471541 34.61475 2.0
98.492961 34.608183 1.4
99.150879 34.497526 0.7
98.346224 34.167574 0.8
98.870817 34.521537 0.7
97.738013 34.746997 1.4
98.136906 34.679903 0.5
97.63894 34.750094 0.5
98.040088 34.711369 0.5
97.99611 34.702148 0.7
98.87592 34.514697 0.5
97.723519 34.756571 0.5
97.563387 34.747811 0.7
98.714022 34.547807 0.7
98.083879 34.714034 0.6
98.490535 34.603556 0.6
97.522388 34.750102 0.6
98.351766 34.665434 0.5
97.769751 34.740613 0.7
98.647599 34.553621 0.6
97.670549 34.736515 0.7
97.698853 34.753935 0.6
97.701709 34.752966 0.5
98.796533 34.52797 0.5
98.92688 34.473633 0.5
97.850968 34.739726 0.6
97.623486 34.749805 0.5
98.31696 34.656694 0.6
98.4389 34.62841 0.6
98.71722 34.546814 0.5
98.502799 34.62548 0.5
97.579704 34.742639 0.8
98.601066 34.559745 0.7
99.256844 34.732943 0.5
99.073128 34.501774 0.5
97.992448 34.729683 0.8
97.692562 34.75046 0.5
99.078516 34.504692 1.2
98.003377 34.724972 0.6
97.764103 34.742391 0.9
98.050016 34.700541 0.5
97.673169 34.750867 0.5
98.491886 34.608061 0.5
98.558781 34.59246 0.8
98.022957 34.720654 0.6
98.500277 34.624813 0.6
98.392749 34.63044 2.3
98.224512 34.654521 0.6
98.136198 34.679024 0.6
98.505884 34.618062 1.4
98.575277 34.574556 0.8
97.671932 34.753341 0.9
97.726416 34.756209 1.2
97.726823 34.756152 0.5
98.498291 34.596997 0.7
97.726554 34.756254 0.6
97.503394 34.766101 1.9
97.497152 34.764063 0.7
97.531519 34.76641 0.6
97.509155 34.787236 0.5
97.84764 34.72734 0.9
97.747176 34.7448 0.6
97.76932 34.74707 0.8
98.944588 34.500875 0.5
98.372909 34.632882 1.0
98.01512 34.692627 0.6
98.748511 34.502299 0.5
97.559831 34.763127 1.1
98.623592 34.56794 0.6
97.535872 34.745288 1.5
99.329622 34.54067 0.6
98.981608 34.488957 1.2
98.498193 34.602958 1.6
98.637085 34.567578 1.3
98.636882 34.567025 2.3
97.758887 34.748698 0.5
99.123739 34.299992 0.7
99.160628 34.493571 0.6
97.766105 34.741081 0.9
98.004907 34.698507 2.0
98.886621 34.504744 0.6
97.768831 34.741003 0.7
98.900439 34.520011 1.1
97.717521 34.745886 0.7
98.078426 34.678064 0.8
97.897713 34.707507 0.9
97.502677 34.764697 0.5
99.063062 34.49467 0.8
97.757479 34.745064 1.2
97.725952 34.755396 0.6
98.766276 34.565234 0.8
97.601945 34.841325 0.6
97.983504 34.728825 0.5
97.600789 34.840857 1.2
97.916211 34.717371 0.6
98.604801 34.559408 0.9
98.481519 34.626685 1.2
97.764128 34.74115 1.4
98.534318 34.603503 0.5
98.717155 34.546785 0.5
97.732975 34.751713 0.5
98.712606 34.546513 0.6
97.758716 34.739018 1.0
97.500163 34.771879 3.2
97.501188 34.772978 1.1
97.770459 34.740312 0.7
98.562378 34.595219 1.3
98.41495 34.626847 0.8
97.523177 34.784074 2.4
97.509806 34.772823 1.8
98.941577 34.507678 0.8
97.976725 34.715519 0.8
98.404199 34.626367 2.5
98.515804 34.630505 1.7
98.873576 34.516036 0.7
97.732829 34.750798 0.7
97.499015 34.774121 0.7
99.213021 34.502816 0.9
98.529248 34.599491 0.5
98.373519 34.632125 1.7
98.903011 34.52585 1.3
97.973438 34.734086 0.5
97.923096 34.267192 0.5
97.537402 34.784416 0.8
97.730998 34.75295 0.5
98.803003 34.537915 0.7
97.73453 34.745496 0.5
97.78763 34.765613 1.2
97.75848 34.742655 1.2
97.822664 34.741626 0.5
98.477962 34.624247 0.5
99.337793 34.519108 0.7
98.998633 34.494336 0.9
97.667993 34.749052 0.6
97.761759 34.735645 1.0
98.006934 34.68929 0.6
98.456576 34.612504 1.2
97.766683 34.751501 0.7
98.958773 34.506706 1.5
98.420939 34.625159 0.5
99.410319 34.541178 0.8
97.522111 34.786528 0.7
98.375057 34.634688 0.6
97.785457 34.740914 1.6
98.435254 34.623942 0.5
98.458944 34.631824 0.5
99.416911 34.516223 0.8
97.726904 34.753068 1.0
98.755721 34.508285 0.8
97.822632 34.742399 1.0
97.501351 34.773853 0.6
97.977588 34.71556 0.5
98.019132 34.693555 1.0
97.826628 34.746647 0.6
97.50791 34.773096 0.6
98.51036 34.622632 1.5
98.467741 34.630977 0.7
97.986182 34.727441 0.8
98.70791 34.553284 0.9
97.606527 34.727812 0.5
97.571574 34.767521 0.5
97.687158 34.744645 0.5
98.486613 34.613786 0.5
97.584619 34.741813 1.3
97.72526 34.756645 0.5
98.279777 34.664294 1.2
98.510384 34.622778 0.7
98.56652 34.588973 0.6
97.680754 34.74502 2.1
97.764811 34.719666 0.7
97.559587 34.750863 0.7
98.459937 34.612138 1.3
99.121973 34.496541 0.7
97.737606 34.755123 0.5
98.595329 34.559733 0.7
98.907951 34.525285 0.5
97.549504 34.744454 0.7
97.517049 34.764351 3.1
97.747721 34.757528 1.3
97.510758 34.765011 1.8
97.839714 34.694397 0.5
97.899504 34.725391 0.5
97.975854 34.741028 0.6
97.639006 34.737801 0.6
99.329036 34.540645 0.7
98.507886 34.592277 0.6
97.517456 34.764811 1.9
97.515853 34.764636 0.6
97.742521 34.74751 0.5
97.519759 34.766821 1.0
97.95979 34.738582 0.7
97.762256 34.75059 0.7
98.477116 34.617151 2.3
98.766333 34.565051 0.7
97.622786 34.759745 0.6
98.80306 34.538025 1.1
98.592554 34.564469 0.6
98.602051 34.57981 0.6
97.692635 34.754985 0.6
98.476774 34.616602 0.6
97.602205 34.841187 1.9
97.595939 34.843083 0.6
99.079671 34.495207 1.3
97.82015 34.752665 0.5
98.891366 34.622518 1.0
97.726335 34.755815 1.2
98.112777 34.700012 0.5
97.672957 34.753088 0.6
97.601115 34.842017 0.7
97.602816 34.841951 0.8
99.186125 34.506307 1.6
98.148584 34.684074 2.3
97.582308 34.772465 0.8
97.764714 34.74703 0.5
97.76936 34.745142 0.6
98.49908 34.623637 0.8
97.739242 34.732104 0.8
98.441146 34.627779 0.8
97.707072 34.752124 0.5
97.891414 34.703153 1.5
98.310327 34.639913 1.1
97.703369 34.75295 0.5
98.312728 34.639596 0.5
98.935075 34.512337 0.7
97.612817 34.745418 0.5
97.730981 34.744519 0.9
98.327962 34.626782 0.9
99.207959 34.506873 0.5
97.725252 34.757764 0.5
97.705078 34.753231 0.7
97.722111 34.752409 1.5
98.751172 34.542513 0.8
97.826994 34.740784 2.6
97.50909 34.784147 0.7
97.672616 34.75992 1.1
98.766097 34.540641 1.1
97.753198 34.744784 0.5
98.940267 34.503377 0.5
99.08536 34.499581 0.8
98.30769 34.640267 0.8
97.767969 34.740955 0.8
98.827759 34.540047 1.4
97.747298 34.747331 1.2
97.558464 34.883516 0.9
97.772933 34.75151 0.5
98.303215 34.638464 2.3
97.543644 34.768087 0.8
97.518376 34.765491 0.7
97.599357 34.841272 1.0
99.033228 34.495341 0.9
98.510189 34.593465 0.7
97.708993 34.731592 0.8
97.600505 34.840873 2.4
97.501733 34.766162 0.9
98.352148 34.638582 0.6
97.601375 34.841748 2.0
97.603857 34.841951 0.8
97.601359 34.841622 0.6
99.192773 34.511035 0.7
98.480208 34.614144 0.5
97.727165 34.756653 1.6
97.724561 34.756738 1.0
97.590999 34.844092 0.5
97.981169 34.728503 0.6
97.576506 34.846822 0.7
98.496712 34.626648 1.6
97.64672 34.751587 0.6
97.931356 34.758464 1.4
98.069865 34.709029 0.7
97.727303 34.755229 0.8
97.724316 34.756449 0.5
98.499829 34.613204 0.8
98.492326 34.606665 1.3
99.148617 34.490967 0.7
97.767277 34.743522 0.5
97.753288 34.738505 0.7
97.714933 34.758341 0.6
99.176001 34.49873 1.7
97.820272 34.745422 0.6
97.7479 34.74425 1.1
98.20179 34.712179 1.1
97.723771 34.756608 0.7
98.760734 34.565739 0.5
97.724854 34.756795 1.2
97.765063 34.742957 0.7
98.712728 34.546476 0.8
97.568726 34.844316 0.5
98.559424 34.592558 1.4
98.747404 34.54174 1.5
97.624495 34.759176 0.8
98.604199 34.560335 2.5
97.684757 34.753597 0.7
98.712785 34.546354 0.5
97.724976 34.756311 0.7
97.742912 34.744161 0.6
98.415063 34.635315 0.6
97.602344 34.841134 1.0
97.924194 34.711487 0.9
98.184603 34.673641 0.8
97.706047 34.752205 0.6
97.749422 34.757182 1.0
97.510775 34.827568 0.8
99.329476 34.525924 0.7
98.292065 34.628023 0.7
98.60424 34.560738 1.0
99.06696 34.454964 0.5
99.216113 34.502226 1.2
99.211637 34.49504 0.9
98.603678 34.558232 1.5
98.603206 34.557731 0.7
98.993156 34.495142 1.4
97.725562 34.756551 0.7
97.515462 34.765495 0.9
97.722689 34.7571 1.3
97.59939 34.842004 0.7
98.473747 34.614807 0.5
97.761849 34.746948 0.7
98.49082 34.61156 0.5
98.522176 34.599084 1.5
97.819889 34.74401 2.4
97.668872 34.759753 0.5
97.768864 34.745146 0.6
99.027043 34.472477 1.8
99.295215 34.516044 0.6
97.668311 34.729594 1.4
98.770882 34.554513 0.5
97.638127 34.737638 0.7
97.585986 34.756311 0.6
98.241829 34.645805 0.5
98.242204 34.645854 0.6
98.504948 34.60142 0.5
98.503613 34.596948 0.5
97.637354 34.737594 0.5
99.274194 34.575846 0.7
98.073608 34.686544 0.8
97.696924 34.809993 1.0
98.874259 34.525749 0.8
98.019458 34.719112 1.3
97.784318 34.740999 0.7
97.781274 34.736922 0.5
97.723185 34.746513 0.9
99.258455 34.695553 0.6
97.512964 34.769413 1.2
97.646126 34.74106 0.8
97.573039 34.772437 0.8
97.694653 34.750488 0.9
98.503377 34.614046 0.5
97.753564 34.731877 1.0
97.731893 34.751493 0.5
97.629036 34.751912 0.5
97.728687 34.755383 0.7
98.475081 34.618868 1.1
98.501473 34.601392 1.0
99.077596 34.502144 1.0
98.565739 34.582682 0.5
97.759058 34.743762 0.5
98.528035 34.60258 1.7
97.763631 34.741182 0.8
98.06814 34.70933 1.0
99.107104 34.540515 0.9
97.725407 34.756445 0.8
97.547274 34.87808 0.6
97.94248 34.707458 1.7
98.0007 34.704081 0.6
97.640129 34.759367 1.2
98.534294 34.610844 0.7
97.757674 34.746004 0.9
98.505843 34.597945 0.9
99.322103 34.500911 0.7
97.682259 34.748735 0.6
98.351213 34.630444 0.5
97.67487 34.754826 0.6
97.675317 34.754749 0.5
98.840243 34.525167 0.9
97.675252 34.754854 1.3
98.478019 34.624292 0.5
98.486621 34.623584 0.8
97.675562 34.754919 1.5
97.724845 34.757117 0.9
97.610319 34.792594 0.8
98.371916 34.635181 1.8
98.897201 34.528377 0.7
99.006217 34.496944 1.7
98.371924 34.635217 2.1
97.808691 34.745182 1.1
97.68409 34.751872 0.9
97.769434 34.730245 0.5
97.560457 34.766337 0.5
99.318123 34.535771 0.9
99.104834 34.335335 0.8
98.886849 34.530762 0.6
97.95048 34.721891 0.9
98.586393 34.566667 1.6
97.766032 34.741341 1.0
97.724935 34.757064 0.5
98.355819 34.67568 0.6
98.416764 34.62391 1.4
97.608105 34.793717 1.2
98.253768 34.709819 2.4
98.502669 34.600517 0.9
97.768864 34.741146 0.6
98.407406 34.626953 0.5
98.96416 34.548299 0.7
98.47347 34.60981 0.5
99.346598 34.521944 0.7
98.319149 34.123185 0.5
98.614657 34.57111 0.5
99.121574 34.445471 0.8
97.853597 34.736637 0.5
98.460506 34.629244 0.7
98.944702 34.502437 0.6
98.870874 34.528914 0.5
97.54471 34.895646 0.6
99.084399 34.502417 0.8
98.439868 34.629435 0.5
97.705013 34.752209 0.6
98.532373 34.591508 1.1
97.728979 34.755497 0.7
98.603743 34.55977 2.9
98.603735 34.560148 1.7
97.490112 34.798311 1.9
97.506299 34.796611 1.7
98.776668 34.538656 0.8
97.698641 34.751917 0.8
97.762752 34.741801 1.6
99.208651 34.374691 0.7
97.549023 34.807434 0.6
98.9611 34.493746 1.2
97.510034 34.796029 0.6
97.804036 34.749821 0.7
98.60507 34.559196 1.6
97.532585 34.743477 2.4
99.09467 34.499544 0.8
98.614421 34.56534 0.7
98.500635 34.604846 0.6
97.506364 34.796794 0.9
98.273869 34.654891 0.5
97.541805 34.765194 0.6
99.19318 34.511182 0.6
97.780306 34.769621 0.6
98.189616 34.729879 0.6
98.189567 34.729924 1.2
98.733822 34.530151 0.7
98.608659 34.574007 0.8
98.911377 34.495866 0.8
97.620532 34.748295 0.5
97.700789 34.744572 0.6
98.683862 34.536589 0.6
97.680347 34.758069 0.5
98.572217 34.580497 0.6
98.237549 34.665198 0.5
97.674699 34.755713 1.4
97.635954 34.806222 1.4
98.588615 34.580461 0.7
97.724609 34.756791 1.3
97.723283 34.756946 1.2
98.171126 34.716846 0.8
98.170931 34.716703 0.6
97.756022 34.74646 0.5
98.712199 34.55363 2.2
97.598934 34.840271 2.3
97.70306 34.749365 0.5
97.605778 34.837345 0.7
97.894466 34.710291 0.9
97.728524 34.755363 0.5
99.243783 34.504028 0.7
97.983911 34.725085 0.7
99.202498 34.450069 1.1
97.972583 34.706938 0.6
99.150586 34.488725 0.6
97.918652 34.713733 1.0
97.723145 34.747095 0.9
97.723226 34.747168 1.0
97.555322 34.762032 1.1
98.536995 34.594157 2.2
97.703874 34.729386 0.5
97.703556 34.72935 1.2
98.480688 34.609639 0.7
97.764876 34.740751 0.5
98.866089 34.541268 1.2
98.346932 34.675142 0.7
98.823299 34.531181 0.7
98.776506 34.538676 0.8
97.703931 34.72974 1.0
98.603581 34.560254 1.2
98.916325 34.5217 2.4
97.637061 34.805929 0.5
97.525537 34.743831 2.5
98.772005 34.540291 0.6
98.75472 34.532426 0.9
98.529793 34.60439 0.5
98.373193 34.633569 1.7
98.37334 34.633346 2.0
98.373617 34.633736 1.5
97.602783 34.841777 1.0
98.374162 34.635763 1.6
98.227653 34.66145 0.6
98.590731 34.58267 1.2
97.548104 34.750163 0.9
97.764998 34.740702 0.6
97.979972 34.721297 2.8
98.988062 34.490194 0.5
97.650911 34.740625 0.8
98.049373 34.70802 0.7
97.547314 34.750004 0.8
97.704891 34.752519 0.5
99.237826 34.451265 0.7
97.497013 34.798873 1.1
99.184652 34.496252 1.8
99.184497 34.502767 0.8
99.315861 34.50599 0.7
97.512736 34.765279 0.5
97.641561 34.76143 0.5
98.410783 34.626469 0.6
97.543579 34.768347 0.5
97.98396 34.730778 0.8
97.563086 34.76427 0.5
98.435213 34.614681 0.5
97.534334 34.748641 1.0
97.55931 34.528206 0.5
98.574951 34.588342 1.3
99.150781 34.489026 0.5
97.654517 34.758984 0.6
99.23326 34.454032 0.5
98.56805 34.584102 1.2
98.885571 34.520174 0.6
99.153548 34.735384 0.5
97.638184 34.76084 0.7
97.970996 34.706506 0.5
97.739299 34.757182 0.5
97.558488 34.767891 0.5
99.328719 34.525517 0.8
99.105452 34.452474 0.8
97.545915 34.808097 0.8
97.922477 34.716292 0.6
98.496737 34.626619 0.6
98.581217 34.575505 1.8
97.723901 34.747774 0.9
98.581274 34.575146 0.5
98.581283 34.575321 0.5
99.162313 34.34692 1.8
98.536377 34.592086 0.7
97.539062 34.766581 1.2
97.539632 34.766797 0.7
98.283561 34.62666 0.6
98.624495 34.552612 0.6
97.774463 34.7462 0.5
97.767464 34.740894 1.0
98.617725 34.570976 0.9
98.911995 34.486772 0.7
99.160653 34.494405 0.5
98.962142 34.49401 0.7
97.626408 34.749015 2.1
98.986068 34.495276 0.5
99.027026 34.473535 2.2
97.705257 34.748861 0.7
98.60332 34.560388 1.3
98.235669 34.652368 1.6
97.674113 34.754777 0.5
98.480371 34.605754 1.6
98.412248 34.628011 0.5
97.786051 34.766874 0.6
98.286768 34.597599 1.4
98.907357 34.524642 0.6
98.51285 34.604525 0.7
99.259456 34.339522 1.0
97.654582 34.757625 1.4
98.501815 34.595614 0.9
97.635612 34.806002 0.6
98.513826 34.594413 0.5
97.707674 34.74991 0.6
97.756616 34.746525 0.5
97.706429 34.752596 1.1
99.076294 34.434102 0.5
98.337769 34.646594 1.9
98.554118 34.594755 1.0
97.545972 34.756954 0.7
98.789364 34.537187 1.4
97.547404 34.88324 1.1
97.92137 34.732198 1.7
98.603345 34.560726 1.4
98.753792 34.568705 2.1
98.754061 34.569275 0.7
97.745776 34.743225 0.7
97.78501 34.767493 0.5
98.823381 34.531283 0.5
97.555705 34.761589 0.9
98.490991 34.616585 0.5
98.008219 34.694328 0.6
98.935205 34.503536 0.8
98.35839 34.623604 0.6
99.067131 34.498535 0.5
97.739103 34.747005 0.6
98.371826 34.638912 0.8
98.017798 34.695459 0.6
99.104443 34.489172 0.7
98.523503 34.602995 0.7
98.712459 34.553564 1.2
97.598299 34.774744 0.5
97.753158 34.742639 0.6
99.193937 34.497152 0.5
97.827897 34.73783 0.5
98.948844 34.500163 2.4
97.776025 34.749239 0.5
98.511369 34.592948 2.2
97.98007 34.751286 1.8
99.148283 34.493559 0.5
97.980086 34.751261 1.1
98.510465 34.593286 0.6
97.726099 34.753243 1.0
97.72356 34.756909 1.2
98.495353 34.601685 2.3
98.495972 34.601388 1.1
98.317122 34.6573 1.1
98.94856 34.500399 0.7
98.508252 34.604708 0.7
98.455444 34.619889 0.7
97.636182 34.741451 0.7
97.630078 34.751969 1.0
98.75459 34.568673 1.0
97.777409 34.725102 0.6
97.634115 34.744067 1.4
99.33597 34.528324 0.6
98.578475 34.586312 0.6
97.778223 34.724642 0.9
97.550496 34.765771 1.0
97.769124 34.731645 0.5
97.773836 34.732292 0.5
99.095361 34.500407 1.1
98.970988 34.491772 0.8
98.231999 34.665983 0.6
97.633569 34.744173 0.5
97.549235 34.752287 0.5
98.546631 34.597087 0.5
97.734082 34.759115 0.7
99.10848 34.336768 0.5
97.726831 34.757296 0.6
97.47819 34.851717 1.5
97.623218 34.759961 1.9
97.599211 34.760779 0.8
97.801318 34.730815 1.1
97.760229 34.757825 0.5
97.995329 34.729154 0.7
97.767017 34.740942 0.6
98.578735 34.58822 1.0
97.742472 34.746167 0.5
97.766528 34.774691 0.6
98.422274 34.62098 1.0
98.721997 34.532585 0.5
97.726278 34.755855 0.5
97.59825 34.747534 0.5
97.67509 34.758203 0.8
98.981746 34.481779 2.3
97.653841 34.790413 0.8
99.415259 34.530204 0.6
97.765446 34.745479 0.5
99.035254 34.497298 1.5
97.724129 34.756543 1.4
97.730591 34.741524 1.0
98.59991 34.565149 0.7
99.036239 34.500126 0.7
97.753931 34.746456 0.6
98.033081 34.718656 0.6
99.194214 34.498531 0.5
97.766089 34.882039 0.7
97.769198 34.749101 0.6
98.731576 34.536031 0.6
98.537533 34.587085 1.6
97.542668 34.743709 0.5
97.777018 34.726542 0.7
97.768376 34.74113 0.5
97.604679 34.735213 0.5
98.548136 34.598698 3.0
98.775024 34.539091 0.5
98.273193 34.733236 1.1
97.461833 34.817428 0.8
98.547526 34.598096 0.5
97.749919 34.736715 0.6
97.71993 34.730847 1.8
98.519499 34.587512 0.5
97.623844 34.759896 1.4
97.623787 34.759892 0.7
97.622705 34.760006 0.9
98.049064 34.700057 1.4
98.049243 34.699833 1.6
99.311076 34.503027 0.8
99.024902 34.501322 0.6
97.774829 34.749011 0.9
99.220614 34.524398 1.4
97.711711 34.751705 0.8
98.772917 34.516964 2.8
98.772974 34.516895 0.6
98.773014 34.516919 0.9
98.771427 34.516423 0.9
97.765218 34.7328 0.5
98.795378 34.545162 0.5
99.157674 34.490169 0.7
98.771802 34.516597 0.6
98.771631 34.51652 1.6
99.066268 34.453369 0.5
98.864185 34.534041 1.4
97.659497 34.752458 0.5
97.611108 34.740446 0.6
98.504159 34.600248 0.5
99.242627 34.503996 0.9
98.451367 34.639136 0.7
98.468831 34.625968 0.5
98.564233 34.57738 0.8
97.680648 34.753552 0.7
97.773267 34.749394 0.6
97.61342 34.774658 0.5
97.728532 34.757178 0.5
98.485547 34.619645 0.6
99.038623 34.458341 1.9
97.668538 34.753556 0.6
98.602059 34.580216 1.6
98.997957 34.493762 2.1
98.927165 34.522982 0.5
98.998641 34.493604 1.0
97.769857 34.726929 1.3
98.997013 34.494128 3.2
97.922314 34.732621 2.0
97.922013 34.732491 0.7
97.91923 34.731934 0.8
98.551253 34.592301 0.6
97.982617 34.729944 0.8
97.917782 34.730924 1.6
97.918343 34.731848 0.7
99.095793 34.499516 0.6
97.760148 34.743823 0.6
97.761222 34.723116 0.5
97.753182 34.746289 0.5
98.654826 34.541427 1.0
97.98016 34.72006 1.1
98.215739 34.662655 0.5
98.516178 34.600085 0.8
98.840763 34.542716 0.5
99.032023 34.46665 1.2
98.586279 34.572563 0.7
99.328743 34.521903 1.6
99.328182 34.521533 0.8
97.9073 34.712561 0.5
99.106258 34.452279 1.1
99.023169 34.454395 0.8
98.424325 34.623987 1.4
97.687288 34.752197 0.5
97.747965 34.750118 1.2
98.757072 34.510787 0.8
98.456274 34.635409 2.1
97.555379 34.868892 0.9
97.548983 34.75245 1.3
99.153825 34.499231 0.9
97.654517 34.75269 0.5
98.779191 34.545955 0.7
97.710319 34.748702 0.5
98.753857 34.509627 0.8
98.316178 34.627954 0.6
97.864299 34.739315 0.8
97.651912 34.747786 1.0
99.138696 34.491109 0.5
97.753044 34.745036 0.5
97.897168 34.715605 3.4
97.898617 34.715344 1.3
97.725594 34.756779 0.5
98.685018 34.551925 0.6
97.56722 34.883927 0.8
97.75682 34.745142 0.6
98.522746 34.598405 0.9
97.904362 34.701322 1.0
98.870093 34.528451 0.5
97.718359 34.732869 0.5
99.01818 34.474508 1.8
99.073787 34.458142 0.7
98.871883 34.525118 0.6
99.043669 34.463424 0.5
99.208675 34.334363 0.5
98.356258 34.638916 1.9
98.870304 34.527987 1.2
97.706706 34.752352 0.5
97.914469 34.722485 0.6
98.216268 34.667281 0.5
98.934741 34.503813 0.7
97.520329 34.76783 0.7
98.503491 34.612097 1.0
98.307048 34.638717 0.5
98.87793 34.527047 1.9
97.666781 34.760449 1.7
98.410059 34.630522 1.0
97.747404 34.75754 0.7
98.248861 34.656616 0.7
97.647835 34.744539 0.7
98.785026 34.604761 0.6
98.249243 34.656425 0.5
97.54821 34.756669 0.8
97.548071 34.756844 0.9
99.096126 34.486584 1.0
97.742944 34.737561 1.0
99.202303 34.495801 0.6
97.67085 34.757056 0.8
97.824959 34.738241 0.9
98.772762 34.516813 0.8
97.779663 34.745886 0.6
99.012459 34.466288 1.8
99.01237 34.466768 1.3
98.068132 34.687996 0.7
98.017863 34.692533 0.6
98.659766 34.542249 1.2
98.729687 34.534017 0.7
98.290658 34.712622 0.5
97.64349 34.754081 0.9
99.340381 34.528308 0.5
99.195516 34.51025 0.8
99.193376 34.505806 0.5
98.783879 34.552673 0.8
99.134668 34.334696 1.4
98.550366 34.581596 0.7
97.621126 34.760055 0.6
98.656063 34.53973 0.5
98.630404 34.55175 1.8
97.624691 34.759591 0.6
98.550098 34.581685 0.5
97.603589 34.84126 0.5
97.724943 34.75671 0.9
98.313599 34.629586 0.6
98.440226 34.629248 0.5
98.500993 34.605029 0.6
97.703174 34.752592 0.6
97.982259 34.73066 0.5
98.903695 34.513741 0.5
99.11805 34.447807 0.7
97.704622 34.752332 0.8
97.677694 34.749699 0.7
97.704688 34.75236 0.5
97.686947 34.750326 0.5
97.978263 34.71866 1.0
97.75297 34.737362 0.6
97.671908 34.75614 0.5
97.748828 34.738765 1.2
98.538192 34.588159 0.6
98.688306 34.559094 0.5
97.744287 34.731746 0.5
98.586353 34.572847 0.9
98.470174 34.607808 0.6
97.725944 34.746236 0.5
98.783748 34.552747 1.2
98.783488 34.552901 0.5
97.700041 34.744775 0.5
99.335303 34.528719 0.5
97.530941 34.743958 1.4
97.704598 34.752364 0.8
99.188647 34.506205 1.4
97.727165 34.757324 0.8
97.543587 34.771883 0.5
97.756706 34.73455 0.5
98.766634 34.515279 1.8
97.522453 34.769368 0.5
98.831486 34.539071 0.6
99.001782 34.491903 1.0
98.482365 34.624398 0.6
98.505941 34.622156 1.0
97.739909 34.744609 0.9
99.192122 34.392362 1.5
97.691423 34.750806 0.6
97.973926 34.786023 0.7
98.085002 34.723201 1.3
98.488053 34.612317 0.9
98.479126 34.624565 0.7
97.543392 34.746342 0.5
98.416146 34.630994 0.8
97.658757 34.753853 0.6
97.758797 34.746924 0.7
97.753882 34.736149 0.5
97.667033 34.759485 0.5
99.190967 34.497253 0.7
99.030461 34.501697 0.6
97.532642 34.743823 1.1
97.547656 34.780522 0.7
97.725757 34.757585 0.6
98.018774 34.696549 0.6
97.849601 34.74056 0.7
97.531047 34.768087 1.2
98.059123 34.711226 0.6
98.541227 34.592265 1.8
97.915837 34.717729 0.6
97.916187 34.71781 0.8
99.253809 34.696688 0.5
98.26783 34.66687 4.2
98.870239 34.544397 0.9
98.457739 34.613025 1.0
97.545101 34.780802 0.8
98.77653 34.552698 0.6
98.021086 34.720068 0.7
97.847965 34.738497 0.5
97.543286 34.780924 0.8
97.986458 34.697172 0.7
98.504989 34.598417 0.6
98.47854 34.624296 0.5
98.478817 34.624455 1.5
99.205314 34.512097 0.7
98.469564 34.615157 0.6
98.337231 34.670825 0.5
97.51027 34.823047 0.5
98.467179 34.629997 0.7
98.844645 34.53807 0.9
98.52299 34.633081 0.5
98.494914 34.612056 1.1
98.753906 34.544454 0.6
98.524976 34.602055 0.8
97.91355 34.724544 1.3
98.780623 34.548971 0.7
97.746289 34.741589 0.8
98.479769 34.62561 0.5
98.013322 34.697465 1.9
97.750586 34.74502 2.4
98.511947 34.605009 1.1
99.091951 34.501526 0.8
97.76617 34.746061 0.8
99.083895 34.455249 1.3
97.597111 34.742778 0.5
97.727002 34.757141 0.6
98.603353 34.557756 0.5
98.199854 34.713147 0.5
97.752498 34.737504 0.5
98.240731 34.659871 0.6
97.986523 34.730025 0.8
99.023796 34.503007 0.8
98.938184 34.502441 0.9
97.82828 34.74587 0.7
98.480941 34.626457 1.7
98.953475 34.550244 0.9
98.96342 34.550594 0.6
98.538127 34.586845 0.6
97.859855 34.734566 0.6
98.663997 34.565145 0.9
97.516789 34.798031 1.1
98.126457 34.692863 0.5
98.874463 34.525334 0.7
97.769548 34.754867 1.5
97.97828 34.72124 0.7
97.64047 34.751135 0.6
97.647656 34.771838 0.7
98.390251 34.630859 0.5
98.770589 34.53785 0.8
99.093978 34.494889 1.3
98.995199 34.493306 4.2
98.99978 34.491854 2.2
98.996484 34.493184 1.0
98.998739 34.492326 0.9
99.002051 34.492126 1.4
98.994507 34.494938 0.6
98.237248 34.660758 0.9
98.921802 34.506254 3.9
98.921362 34.505575 1.7
98.921737 34.505375 0.9
98.922428 34.505334 1.2
97.785409 34.779049 0.7
98.477881 34.618205 1.5
98.964795 34.494071 0.7
98.435335 34.604097 0.5
97.72124 34.749613 0.7
97.755615 34.735364 0.7
98.921777 34.505835 0.5
98.753369 34.541899 0.5
98.497607 34.611292 0.8
98.940218 34.50343 0.5
97.723796 34.744491 0.8
97.989974 34.702515 0.5
97.623641 34.759635 0.7
97.520646 34.766931 0.7
97.706755 34.75201 1.1
97.752645 34.74895 0.5
98.684619 34.537325 0.7
97.726497 34.757377 1.2
97.72644 34.757804 0.6
98.930078 34.506661 0.9
98.5066 34.592985 0.5
97.978483 34.721379 0.8
98.501318 34.594979 0.7
98.50931 34.598995 0.5
97.975 34.703129 1.1
98.500773 34.614185 1.0
97.702555 34.749288 1.1
99.216113 34.38304 1.2
97.92675 34.7224 0.5
97.816423 34.751986 0.9
98.546655 34.581771 1.2
97.656445 34.747628 1.2
97.659774 34.748006 0.8
98.501546 34.616288 1.7
97.606323 34.743742 1.1
97.980924 34.706034 0.6
97.767399 34.740934 1.2
97.702222 34.752466 1.2
98.877189 34.52618 0.5
97.966162 34.711377 1.1
99.109456 34.338468 0.5
97.761589 34.746252 1.5
97.752409 34.737223 0.6
99.103312 34.491907 0.6
98.317725 34.648197 0.6
98.300326 34.641475 0.5
98.483887 34.632056 0.7
97.738371 34.744694 0.7
98.493441 34.610193 0.6
97.558968 34.764966 1.1
99.116317 34.33151 0.5
98.469889 34.625964 0.6
98.58444 34.571171 0.6
98.680094 34.537899 0.5
97.749601 34.729407 0.6
98.492391 34.603438 0.6
99.087142 34.505078 3.0
99.087052 34.501326 0.6
99.087199 34.50367 0.7
98.532145 34.596252 0.7
97.632601 34.754199 0.5
98.410213 34.628365 2.9
98.896655 34.532503 0.8
98.922355 34.505021 0.9
98.492277 34.59952 1.0
98.479972 34.624772 0.6
97.983602 34.71696 4.7
97.992285 34.717676 2.4
97.977962 34.719027 1.7
97.976408 34.724284 1.1
97.973551 34.724597 1.3
97.980745 34.721602 1.4
97.971916 34.724658 1.5
97.97762 34.717712 0.9
97.992716 34.718384 1.1
97.98562 34.72089 0.9
97.980664 34.720846 1.1
97.984945 34.723466 1.0
97.981047 34.727279 0.9
97.974609 34.722713 0.5
97.987142 34.717993 1.3
97.985653 34.720894 2.7
97.978662 34.720451 1.8
97.974544 34.719141 0.6
97.97325 34.724573 1.2
97.978296 34.719568 1.2
97.967179 34.714982 0.5
97.987565 34.73018 1.4
97.98335 34.723043 1.2
97.990047 34.719238 0.9
97.983976 34.717721 0.7
99.147616 34.310453 0.6
98.236271 34.713615 1.6
97.975269 34.719458 0.5
97.980892 34.720797 0.6
97.977466 34.718437 0.6
97.967293 34.715181 0.5
97.967033 34.715186 1.0
97.953296 34.722461 0.8
97.97513 34.722278 1.2
97.532821 34.74635 0.5
97.970369 34.718262 2.4
98.003662 34.712317 2.2
98.004712 34.712732 0.5
97.983732 34.723356 1.9
98.409408 34.646887 1.0
97.981071 34.720382 0.8
97.984049 34.721195 1.0
97.980396 34.719466 0.6
97.980542 34.72428 0.7
98.061255 34.699939 1.4
97.980656 34.719234 1.1
97.99362 34.714535 0.6
97.741463 34.741142 1.8
97.98374 34.721366 0.9
97.761019 34.744348 0.5
97.599585 34.792175 0.5
97.980656 34.719397 0.7
97.980046 34.719564 0.9
98.76617 34.564958 0.6
97.98536 34.720764 0.6
97.627376 34.736995 0.6
97.726424 34.756746 0.6
98.780745 34.545675 1.0
98.712956 34.553817 0.6
97.976945 34.720089 1.4
97.977531 34.721456 1.1
97.98396 34.723153 0.6
97.722233 34.746672 0.7
98.546387 34.581616 0.8
97.896981 34.725073 0.6
97.75363 34.737512 0.7
98.116846 34.69576 0.6
99.062386 34.50234 0.8
99.318302 34.543905 0.5
97.973397 34.724272 0.6
97.976001 34.718005 0.6
97.992131 34.71252 0.7
98.50284 34.612756 1.7
97.975798 34.720414 1.8
97.981413 34.705778 0.6
97.977238 34.721179 0.5
97.983927 34.717993 1.1
97.605924 34.733907 0.8
99.017098 34.471908 0.6
98.405981 34.627197 0.6
98.755526 34.532581 1.5
97.767204 34.747701 0.5
97.754801 34.746187 0.7
98.405542 34.62699 1.6
97.940039 34.720964 0.6
98.569865 34.584424 1.1
98.56971 34.585055 0.6
97.7684 34.740979 0.8
98.01381 34.697477 1.6
98.534749 34.596574 0.5
98.477604 34.610604 0.8
98.512329 34.589457 0.5
97.724552 34.757133 1.1
97.725838 34.756637 1.1
97.714014 34.758215 0.5
98.953434 34.550655 0.5
97.959627 34.714876 0.7
97.725065 34.756962 0.5
97.684961 34.759497 0.5
98.748747 34.48269 0.7
97.752368 34.74456 1.8
97.985262 34.718726 1.2
98.584839 34.583114 0.6
98.697559 34.544796 0.8
97.973771 34.717415 3.5
98.502637 34.612565 0.7
97.975065 34.71851 0.6
97.975724 34.719401 0.5
97.980233 34.718164 2.4
97.979663 34.72347 2.5
97.981437 34.718014 0.9
97.989746 34.713806 0.6
98.002393 34.698234 0.5
98.65577 34.505876 0.6
98.411239 34.628894 0.5
98.823031 34.531287 0.5
97.984676 34.723499 1.5
97.97784 34.716593 0.5
97.977238 34.71757 1.9
97.971045 34.724198 1.9
97.977116 34.718551 2.8
97.725716 34.75776 0.7
99.017407 34.473645 0.8
97.97793 34.717676 1.0
97.977401 34.718559 0.5
97.977441 34.7184 0.5
98.754769 34.532129 0.5
97.977376 34.717896 0.8
98.518962 34.603837 0.7
97.546541 34.751603 0.6
97.757015 34.7462 0.6
97.706722 34.75236 1.1
97.980884 34.717261 0.5
97.675212 34.756494 1.8
97.674902 34.756571 0.5
99.084635 34.502974 2.0
97.975602 34.717131 0.9
97.698641 34.751965 0.8
97.981136 34.717851 0.6
97.98173 34.718852 0.5
97.977515 34.718433 0.6
97.757121 34.735193 0.6
99.148332 34.493559 0.6
97.987004 34.718746 2.0
97.969141 34.707353 1.1
97.891659 34.714136 2.8
97.550749 34.764583 0.5
97.96945 34.707633 0.8
97.725293 34.757361 0.7
97.725114 34.756799 0.5
97.763395 34.746965 0.5
97.754215 34.745142 0.8
98.703312 34.533887 0.5
97.600895 34.757361 0.6
97.792122 34.780868 1.2
97.98147 34.718416 0.9
97.84987 34.735836 0.6
97.805542 34.746082 0.8
97.537687 34.773267 0.8
97.983415 34.721545 0.7
97.89187 34.712349 1.6
97.687231 34.756144 1.0
97.889738 34.712809 1.8
97.97793 34.718579 0.6
99.246012 34.6946 0.7
97.790527 34.751143 0.9
97.720573 34.756775 1.7
97.98527 34.71908 1.4
99.332731 34.527425 1.7
97.726807 34.75741 1.5
97.976587 34.718799 1.1
97.990194 34.709155 0.7
97.635612 34.758008 0.5
98.506063 34.593018 1.9
98.505924 34.593164 1.7
98.506746 34.592908 0.6
97.779451 34.744784 1.6
97.980811 34.727189 2.9
97.982186 34.726831 2.8
97.988395 34.718034 3.1
97.982121 34.726961 0.8
97.54209 34.755168 0.5
97.9882 34.717383 1.9
97.979004 34.727401 1.3
98.547078 34.596847 0.5
98.791561 34.535836 1.0
98.791756 34.536096 0.6
97.981063 34.726851 0.6
99.035343 34.498714 1.1
97.723177 34.754159 0.8
98.538045 34.595732 1.3
97.878101 34.713302 1.7
97.878369 34.713188 0.8
98.429069 34.622213 0.7
98.491423 34.61956 1.6
97.753963 34.737455 0.5
98.932772 34.505986 1.3
97.776326 34.746505 0.5
97.982585 34.730672 1.1
97.975667 34.718311 1.6
98.506803 34.593103 0.5
98.554777 34.590816 1.0
97.538623 34.74786 0.7
97.826017 34.714799 0.5
97.783447 34.753072 1.2
97.759969 34.742159 0.7
98.500277 34.624874 0.9
97.724943 34.756364 0.5
97.973267 34.721916 1.0
99.068994 34.500338 1.4
97.786434 34.744836 0.7
99.03479 34.451904 2.4
98.442952 34.63621 2.1
98.554842 34.588599 2.2
97.975472 34.721309 0.6
98.555452 34.588798 0.8
98.556079 34.587826 0.5
97.975391 34.71687 1.5
98.55437 34.588851 0.5
98.480607 34.614823 1.8
98.554598 34.588892 0.6
99.152824 34.494141 1.6
97.788607 34.749666 0.5
98.953882 34.550492 0.7
98.574235 34.576172 0.5
97.824577 34.744088 1.3
97.976676 34.718616 1.5
99.329329 34.528434 1.0
99.108211 34.336491 0.8
99.107788 34.337028 1.9
98.670182 34.552881 1.8
98.196891 34.660767 0.6
99.108244 34.337614 0.6
97.976229 34.71818 0.8
98.504061 34.590088 0.5
97.981543 34.717603 0.5
97.981396 34.717834 0.7
97.976261 34.717521 0.5
98.439673 34.627307 0.8
98.381315 34.617318 2.4
97.981144 34.720589 1.1
98.581812 34.58422 1.4
97.651668 34.75389 1.2
97.98033 34.731978 1.5
97.74834 34.735437 0.6
97.979321 34.716606 0.6
97.750732 34.73835 0.8
97.755273 34.737313 0.8
97.965169 34.713395 0.8
97.981209 34.716943 2.9
98.483944 34.632153 0.7
98.500317 34.624906 1.0
97.980176 34.716288 0.8
97.781746 34.747363 0.6
97.97998 34.71685 0.6
99.198934 34.497949 0.9
97.518937 34.814461 0.9
97.748104 34.746647 0.5
97.603752 34.841288 0.5
99.088241 34.493502 0.5
98.718424 34.546639 0.7
97.718213 34.757935 0.7
97.716634 34.758126 0.5
98.538062 34.587541 0.9
98.83313 34.530798 0.6
98.310368 34.644942 1.0
97.98304 34.719641 1.9
98.936776 34.547249 2.1
97.740804 34.744849 0.6
97.773966 34.749988 0.9
98.528662 34.602136 0.5
97.480941 34.770015 0.6
97.903597 34.714307 0.5
97.522168 34.772001 0.5
98.977995 34.487085 1.0
98.228914 34.665348 0.7
97.690088 34.737866 0.6
98.525024 34.586202 0.7
98.303263 34.632361 0.7
98.469263 34.631266 0.7
98.667537 34.543087 0.6
97.966081 34.712451 0.5
97.978874 34.717232 1.6
97.986792 34.729374 1.2
99.18632 34.499679 0.6
98.513835 34.60363 0.6
97.753402 34.738041 0.8
97.762288 34.741724 0.5
98.991789 34.495365 0.8
98.873918 34.522701 1.4
97.544295 34.76687 0.5
97.977799 34.721118 1.9
99.153385 34.495646 0.6
97.976652 34.719722 0.5
97.725594 34.74672 1.1
97.707617 34.752246 0.5
98.581746 34.58422 0.5
97.977726 34.719047 0.6
97.725342 34.757043 2.6
97.726123 34.757092 1.1
97.726204 34.756551 0.5
98.835343 34.535559 1.4
97.726473 34.757373 0.6
98.693083 34.552938 0.6
97.724731 34.756576 0.8
97.744255 34.743347 1.0
97.657096 34.760636 0.7
97.743514 34.760649 0.5
97.723503 34.757235 0.9
98.486833 34.619531 0.9
97.686353 34.756087 0.5
97.976156 34.720809 0.5
98.959489 34.498206 0.6
98.986751 34.486076 0.8
97.5816 34.747294 1.6
98.50328 34.604508 2.1
98.503833 34.604195 1.9
99.330868 34.52981 0.6
98.601058 34.578662 1.0
98.223975 34.651188 0.5
98.505485 34.591858 0.9
97.981657 34.725171 0.7
98.500228 34.612032 0.9
98.500366 34.611963 1.1
97.980737 34.716589 1.5
97.517472 34.784627 1.6
98.908569 34.520829 1.1
97.753963 34.737301 0.6
97.976872 34.717778 0.7
98.374154 34.636361 2.2
97.993506 34.713184 0.6
97.830241 34.741305 1.4
97.645695 34.745251 1.2
98.588582 34.579956 1.2
97.76276 34.755587 0.6
98.995589 34.491305 0.6
98.47679 34.637793 0.6
98.483732 34.631942 0.8
97.648958 34.735787 0.8
97.91508 34.728621 0.8
97.909163 34.727539 0.5
97.819775 34.745142 1.1
98.804468 34.539388 0.5
98.531217 34.587821 0.8
97.667293 34.779602 0.5
98.628963 34.571549 0.5
99.204256 34.451375 0.7
97.975456 34.7165 0.6
99.15284 34.494132 1.9
97.992887 34.711641 0.5
97.767993 34.753491 0.5
99.111702 34.4552 0.5
97.745947 34.743095 1.2
97.975586 34.716524 0.6
98.507373 34.595272 0.8
97.849691 34.740479 0.8
98.412931 34.624976 1.9
97.598177 34.744613 0.6
98.940715 34.503398 0.7
97.592367 34.785482 1.2
99.152702 34.495723 0.5
98.345516 34.659757 0.8
99.335034 34.528267 0.5
98.481673 34.617086 0.9
97.670622 34.759538 1.2
97.974748 34.718368 1.8
97.985889 34.729228 1.1
98.660417 34.541756 0.5
98.019808 34.693734 0.5
99.263737 34.548104 0.6
97.976294 34.714852 0.8
97.844198 34.736377 0.5
97.987858 34.718022 0.7
97.764233 34.740422 0.6
97.705412 34.798303 1.0
97.675269 34.754626 0.6
98.018433 34.691829 0.8
98.585295 34.582511 0.8
98.867065 34.537028 2.6
98.531706 34.587264 1.4
97.720882 34.748376 0.5
97.707072 34.751933 0.5
97.707788 34.752132 0.5
99.028556 34.473124 3.0
97.763973 34.7488 0.6
97.540023 34.803451 0.9
98.232967 34.653235 0.8
98.288916 34.656222 2.6
99.024186 34.492338 0.7
98.897721 34.527722 0.8
97.797103 34.723173 0.6
97.977319 34.71781 0.6
99.091846 34.500305 2.6
97.98929 34.714327 1.0
97.982292 34.727002 0.5
98.410319 34.627275 0.8
99.183244 34.523669 0.5
97.764665 34.733842 1.3
97.977881 34.718803 0.9
97.977694 34.717786 1.2
99.091325 34.49963 0.9
97.725374 34.75673 0.7
97.725374 34.756885 0.6
97.72688 34.756852 0.5
98.478955 34.624736 0.6
98.554207 34.58916 2.2
98.530591 34.59683 1.1
98.500863 34.598747 1.3
97.976636 34.718941 0.9
98.939087 34.511141 0.5
98.548283 34.596493 0.5
97.708944 34.751933 0.6
98.523853 34.598568 1.3
98.943685 34.521269 0.6
98.523478 34.599369 0.5
98.531234 34.591602 1.2
98.126497 34.683687 0.8
98.010677 34.697673 0.8
98.553874 34.589677 0.7
98.509245 34.596248 1.1
98.477637 34.625765 1.1
98.20791 34.721586 0.9
98.374023 34.6361 0.7
98.374072 34.636259 0.5
98.523617 34.599036 1.2
99.110295 34.427661 1.4
97.747176 34.746232 0.5
97.480933 34.80837 0.5
98.504753 34.614408 0.9
97.812712 34.746391 0.6
98.832837 34.535596 1.3
97.984546 34.705603 1.0
97.74528 34.742672 0.8
97.701603 34.752474 0.6
98.515063 34.594189 0.8
97.982145 34.728125 0.9
98.901823 34.514897 0.6
98.507812 34.596187 0.8
98.414233 34.627246 2.1
97.914217 34.716211 0.9
97.653939 34.758057 0.5
98.429232 34.625106 1.5
97.994198 34.712317 0.6
99.099438 34.334509 0.6
98.608838 34.558883 0.6
98.020858 34.721159 2.3
97.847314 34.737773 0.8
98.465853 34.614364 0.5
97.978459 34.713932 2.6
97.994295 34.717126 0.6
98.479248 34.62019 1.3
97.811882 34.748877 1.2
98.417944 34.634416 0.9
97.749023 34.739734 0.7
97.53903 34.772473 0.6
98.233919 34.656653 1.0
99.073193 34.462179 1.1
97.705648 34.730558 0.5
97.558439 34.748462 0.8
98.607487 34.559074 0.5
97.745174 34.742745 0.7
98.939103 34.503605 0.5
97.763721 34.722363 0.6
98.001888 34.72572 0.6
97.658276 34.740299 0.6
97.743441 34.745479 0.5
97.987134 34.729297 0.8
97.974699 34.718734 0.7
97.589852 34.765731 1.0
98.360197 34.639054 1.6
97.673283 34.758077 0.6
98.934481 34.503788 0.9
97.822542 34.747074 0.6
97.743075 34.757345 0.5
97.559644 34.748397 0.8
97.977165 34.720231 1.2
98.116683 34.695626 0.9
97.978394 34.733484 0.6
98.477645 34.622396 1.3
97.513216 34.795341 0.8
97.645304 34.734595 0.8
97.977108 34.715198 0.8
97.977441 34.715116 2.6
97.97959 34.727421 0.5
97.835913 34.737406 1.1
97.837183 34.737008 0.7
97.772184 34.745431 0.5
97.769173 34.775985 0.6
97.748014 34.743286 0.5
99.030306 34.499373 0.8
99.123226 34.498971 0.9
97.573641 34.767712 1.0
99.372721 34.576213 0.5
97.643856 34.737614 0.5
98.428621 34.625419 2.4
99.363599 34.569031 0.6
97.978206 34.720654 1.6
97.992684 34.713753 0.9
97.707528 34.752087 0.6
97.753947 34.735006 0.5
99.371354 34.574776 0.8
98.48877 34.615373 0.6
97.751099 34.754749 0.5
97.501351 34.755774 0.5
99.204753 34.452966 0.9
98.409717 34.647058 0.5
99.311523 34.515527 0.5
97.540926 34.787337 0.7
97.977051 34.720028 1.7
97.689404 34.755509 1.5
97.982707 34.702018 0.5
98.39078 34.551355 0.5
98.506681 34.59294 0.7
97.89244 34.728853 0.5
98.41062 34.629134 1.0
98.599943 34.560278 0.6
98.405168 34.627311 1.9
97.98099 34.724695 0.5
97.723698 34.75719 0.5
97.987085 34.719023 0.6
98.410889 34.62902 0.5
98.485962 34.608997 0.8
98.522689 34.596313 0.6
97.771916 34.744804 0.6
97.988485 34.715572 3.1
97.975496 34.720194 0.6
97.976481 34.720365 1.3
98.512394 34.596912 0.8
97.975928 34.715287 3.0
97.977344 34.716366 0.7
97.957422 34.720284 3.1
97.843018 34.736613 1.8
98.601131 34.559013 0.5
97.901619 34.724695 0.6
97.975993 34.714986 0.5
97.77443 34.745658 0.6
98.765837 34.535445 0.9
97.813118 34.746847 0.6
97.851367 34.735746 0.8
99.20249 34.511405 2.3
99.099609 34.325085 0.8
97.980591 34.716252 1.6
97.746737 34.74043 0.7
97.991536 34.715426 0.5
98.125602 34.684578 0.5
98.459229 34.62229 2.2
97.817065 34.746737 1.8
97.758919 34.747917 0.6
98.664388 34.541496 0.5
97.606942 34.78171 0.5
98.465096 34.609615 0.8
97.711125 34.746529 1.5
97.755599 34.74668 0.9
97.766488 34.740649 1.2
97.984261 34.723767 0.8
97.539307 34.767977 1.0
97.977433 34.716309 1.6
97.916886 34.728666 2.2
98.477523 34.633146 0.5
97.825692 34.74519 0.5
97.638981 34.756539 2.2
98.54729 34.598979 1.0
97.538224 34.79904 0.7
99.030249 34.472579 0.7
97.771859 34.745101 0.8
98.594222 34.558752 0.9
97.756763 34.730676 0.6
97.748584 34.72769 0.5
97.725049 34.757397 1.4
97.763184 34.747424 0.7
97.772266 34.74731 1.1
97.977083 34.715894 1.3
98.569816 34.571501 0.5
98.977759 34.49021 1.4
99.372957 34.576522 0.6
99.309359 34.504346 0.5
97.815397 34.747432 0.5
97.991325 34.729598 0.7
98.534237 34.593083 0.6
98.310213 34.650444 1.0
97.975879 34.719954 1.3
97.822827 34.745382 0.6
97.979102 34.718278 0.5
98.430257 34.632621 0.8
97.913981 34.732231 0.5
98.488908 34.622542 1.5
99.02395 34.49873 0.9
98.613997 34.571659 0.8
98.712443 34.529293 0.5
98.909806 34.523653 1.0
98.489176 34.615389 0.7
97.745597 34.743778 1.0
97.493742 34.823755 0.6
98.530558 34.591882 0.5
98.761654 34.582772 0.5
97.752677 34.745638 0.8
98.761157 34.503674 1.8
98.410343 34.627132 1.3
98.410604 34.627148 0.6
98.410026 34.627091 0.6
97.729069 34.754338 0.5
98.943245 34.5026 0.6
98.505599 34.593701 1.2
98.483244 34.616809 0.5
97.764038 34.74152 0.5
98.595247 34.580965 0.6
97.757723 34.733236 0.7
99.198608 34.506958 1.0
99.128271 34.323417 1.2
97.539282 34.768294 0.8
98.601864 34.56038 0.9
98.504142 34.610864 0.6
97.561865 34.759188 1.1
97.617896 34.773885 0.5
98.924561 34.504732 0.9
97.734823 34.75378 0.5
98.536344 34.596082 0.5
98.499512 34.624398 0.6
97.728719 34.740385 0.7
99.090845 34.497485 0.9
98.46617 34.618266 0.6
99.093774 34.486532 0.5
98.924414 34.505062 1.6
98.506095 34.592855 0.6
99.096126 34.484147 0.6
97.556803 34.765548 0.5
97.8479 34.743758 0.5
97.772437 34.745044 0.6
98.421533 34.632906 0.6
98.705273 34.531335 0.6
98.742839 34.546582 1.3
97.748079 34.72723 0.5
98.26578 34.67264 0.8
97.550529 34.764962 0.5
99.109831 34.424353 1.7
99.109098 34.427315 0.6
99.108944 34.427958 0.6
98.494368 34.607723 0.5
98.139095 34.688399 1.3
98.965698 34.496948 0.5
97.606494 34.759416 0.7
97.7538 34.737215 0.8
97.992635 34.717436 1.5
98.054443 34.68527 1.9
99.198169 34.506262 1.1
97.535685 34.745553 0.7
97.490023 34.824666 0.5
97.541675 34.756893 0.9
97.491764 34.796175 0.9
98.505013 34.607467 0.7
97.749992 34.749833 0.5
97.727311 34.757296 0.7
97.753573 34.735152 0.5
97.975806 34.720589 0.6
97.975911 34.720585 0.6
97.54423 34.775439 1.6
97.74012 34.747652 0.6
97.676335 34.735022 1.3
97.977295 34.720036 0.6
98.06792 34.709904 0.5
97.545076 34.775899 1.0
98.496297 34.601286 0.5
98.515422 34.605261 0.6
97.994792 34.73088 0.6
97.843001 34.739539 0.7
98.929045 34.498942 1.1
98.768075 34.539998 0.6
98.479663 34.624845 0.5
97.777254 34.747766 0.5
97.771411 34.747253 0.6
97.540413 34.768262 0.5
98.594987 34.58398 0.7
98.433748 34.604187 0.5
97.557048 34.765885 0.5
97.707739 34.752018 0.7
98.395931 34.629993 0.5
98.961117 34.497917 0.7
98.480729 34.613627 1.0
98.761393 34.542403 0.8
97.7271 34.756991 0.5
98.865837 34.544336 0.7
99.155143 34.495312 0.8
98.633716 34.56519 0.5
97.623079 34.737305 0.6
97.771037 34.744775 0.5
98.564632 34.582613 0.6
97.745858 34.759212 0.8
98.528361 34.59904 0.6
98.470915 34.611202 0.9
97.55988 34.762569 0.5
98.471175 34.611104 0.7
98.521875 34.599158 0.6
98.831844 34.52592 1.0
97.634294 34.8092 1.8
98.486694 34.611487 0.5
99.044718 34.496187 0.5
99.096533 34.493644 0.6
99.206421 34.445943 0.7
99.074341 34.501355 0.5
98.25778 34.70883 0.5
98.07063 34.683256 0.6
99.023633 34.4696 1.6
97.974121 34.713888 1.7
98.50599 34.602006 1.0
98.562476 34.578369 0.6
98.441561 34.624613 0.6
97.767025 34.745862 0.6
99.021989 34.456498 0.7
98.457454 34.620475 0.7
98.493864 34.605863 1.9
97.75332 34.748258 0.6
97.505135 34.78759 0.6
97.769751 34.745487 0.5
97.729053 34.757157 0.7
97.675472 34.742367 0.6
97.746297 34.73245 0.5
99.090959 34.501534 1.8
98.490967 34.602035 0.5
98.301522 34.626595 0.9
98.107804 34.680249 0.5
98.38785 34.550277 0.7
97.823576 34.744963 0.7
98.766292 34.564787 0.9
99.108854 34.460779 0.7
97.84659 34.742843 0.8
98.956551 34.498279 0.7
97.567114 34.748535 0.9
97.531877 34.791618 0.5
98.284969 34.691581 0.5
97.659635 34.736027 0.5
97.767562 34.740987 0.8
98.583683 34.580359 1.5
98.072054 34.706848 0.7
97.658887 34.760242 0.6
97.927214 34.742517 0.5
97.565088 34.763883 0.5
99.085132 34.456917 0.8
98.745719 34.550285 0.5
97.767049 34.74576 0.9
98.480184 34.602437 1.1
98.062777 34.711719 0.5
97.859961 34.733313 0.8
98.368563 34.635559 1.1
97.976229 34.720732 0.7
97.664274 34.759521 0.5
98.03361 34.707601 0.5
99.154663 34.495219 2.1
98.542529 34.59294 0.7
97.776522 34.743091 0.5
97.722144 34.748059 0.5
97.772925 34.745296 0.8
97.843636 34.740523 0.6
97.998169 34.707674 0.5
99.285929 34.69482 1.2
97.771932 34.745142 0.5
98.501831 34.622221 0.6
97.751685 34.748503 0.9
99.186483 34.315645 0.5
97.945492 34.710681 2.1
97.947266 34.710368 1.2
97.632259 34.733301 1.3
98.253044 34.710197 0.8
97.977393 34.717843 0.8
97.704631 34.752401 0.6
98.542399 34.590735 1.1
97.945337 34.710413 1.0
98.546631 34.594942 0.6
98.470272 34.609611 1.0
97.757715 34.746842 1.2
98.603923 34.558223 0.5
97.603857 34.776652 0.6
97.813013 34.746899 0.8
98.60367 34.558761 1.1
97.61582 34.772697 0.6
97.540666 34.745683 0.7
99.181104 34.664197 1.0
98.603988 34.559131 0.5
97.734644 34.747607 0.5
98.04519 34.696082 0.6
97.965169 34.71333 0.6
98.533822 34.58372 0.6
99.286279 34.694486 0.8
97.528206 34.743294 0.8
98.650073 34.565291 0.5
97.766951 34.74705 0.6
98.305965 34.646326 0.5
98.888354 34.552527 1.3
98.499731 34.626086 0.5
98.623332 34.556901 0.8
97.744613 34.737097 2.4
97.707926 34.698482 1.7
98.859302 34.541142 0.5
97.706348 34.751937 0.8
97.755119 34.735982 1.2
97.733586 34.759639 0.8
97.70922 34.751994 0.5
97.775122 34.745361 0.5
97.551058 34.786772 0.8
98.720199 34.530839 0.8
98.719971 34.530717 0.8
97.709603 34.747933 0.5
98.615869 34.574609 0.7
97.739884 34.745044 0.5
97.709587 34.751815 0.5
97.753524 34.746733 0.5
97.767676 34.752592 0.6
98.4962 34.616825 0.9
97.766675 34.741329 0.6
97.762264 34.748759 1.5
97.760848 34.748421 0.5
99.288143 34.693327 0.7
97.528809 34.757434 0.6
97.559831 34.75625 0.5
97.604443 34.751546 0.8
97.75778 34.74456 0.5
99.105241 34.336967 0.5
97.560693 34.762797 0.5
97.555778 34.762789 1.0
97.791455 34.724105 0.5
97.821069 34.747738 0.5
97.72736 34.793266 0.5
99.163534 34.738009 0.6
97.610018 34.786271 0.5
97.752604 34.746195 0.5
97.893221 34.728784 0.5
97.777165 34.747196 0.5
97.508285 34.761658 0.8
98.735799 34.530412 0.5
97.748429 34.742375 0.8
99.330436 34.526217 0.6
97.73737 34.742436 0.6
98.500863 34.621346 0.5
97.489884 34.760453 0.5
98.616032 34.579321 0.6
98.399064 34.622807 1.1
97.506893 34.761263 0.6
97.905884 34.724886 0.9
97.977987 34.718486 0.6
97.579321 34.561967 0.9
97.957137 34.707678 1.1
98.933073 34.503585 2.1
98.475301 34.626493 0.5
97.670386 34.756433 0.5
97.706494 34.752096 0.5
98.568734 34.590816 1.1
97.724683 34.757149 0.9
97.566862 34.850293 0.5
97.658968 34.737488 1.4
97.753312 34.737337 1.0
97.754622 34.745711 1.0
98.758146 34.531352 2.0
98.504728 34.600793 0.6
97.773096 34.744674 0.6
97.554842 34.764925 0.7
97.532365 34.76807 1.1
98.753735 34.547135 0.6
98.370801 34.628011 0.5
99.329883 34.524854 1.7
98.821273 34.537024 0.7
99.279671 34.681584 0.8
97.54056 34.767607 0.7
97.643848 34.747095 0.7
98.501579 34.603459 1.1
98.940454 34.503308 0.5
98.759375 34.531254 1.3
98.484709 34.613253 0.8
97.745394 34.739689 0.5
97.751001 34.733289 0.6
98.064665 34.710689 0.5
98.620817 34.554716 0.6
97.599251 34.840743 1.2
97.961548 34.710311 0.5
98.504598 34.596025 0.6
97.557642 34.76497 0.5
98.755347 34.546814 0.6
97.598771 34.841581 0.7
97.599349 34.841602 0.7
99.026172 34.467069 0.5
98.503125 34.604342 0.7
97.8139 34.742623 0.7
98.971729 34.497021 0.5
97.70874 34.800525 0.5
97.741707 34.737126 0.5
98.556242 34.596989 0.5
98.597559 34.581775 0.5
98.764396 34.532243 1.7
98.06276 34.686202 0.6
98.76495 34.532182 0.5
97.977645 34.720561 0.8
97.992619 34.705054 0.5
98.930518 34.470304 0.5
98.654915 34.562248 0.6
97.540535 34.753768 0.6
99.328182 34.521924 0.5
97.965063 34.710242 0.5
98.86853 34.523755 0.8
98.915967 34.528711 0.5
97.74777 34.757572 0.8
97.566911 34.742973 0.7
99.357479 34.513595 0.8
97.56805 34.743018 0.7
97.727881 34.757751 1.5
97.825472 34.739612 0.5
98.758057 34.532121 1.7
98.243034 34.645837 0.7
98.590926 34.582345 1.5
98.7295 34.529549 0.5
98.534505 34.577734 0.7
98.757487 34.531726 0.8
99.177507 34.506401 0.7
97.738216 34.731242 0.5
98.874072 34.527315 0.6
98.712891 34.546436 0.6
98.754614 34.569857 0.6
97.653491 34.74991 0.5
97.840918 34.737769 0.5
97.747526 34.75778 1.1
97.752954 34.738448 0.6
97.752799 34.738359 0.6
97.726855 34.756807 0.6
97.623014 34.774589 0.6
97.639412 34.843339 0.5
98.51604 34.593433 0.5
98.008594 34.698661 1.1
98.025773 34.712069 0.5
98.766553 34.556909 0.8
98.311711 34.628617 1.4
97.750871 34.740112 1.7
98.508073 34.596139 1.3
97.650399 34.739791 1.1
97.744556 34.741597 1.7
98.738428 34.54644 1.0
98.999023 34.483712 0.8
98.532056 34.591821 0.6
98.702181 34.531856 0.6
98.004468 34.722835 0.7
98.524618 34.583207 0.6
98.571086 34.589461 0.7
98.895662 34.527002 0.7
97.985091 34.760543 0.6
97.748543 34.747725 0.6
97.56696 34.765649 0.7
97.780632 34.745752 0.6
97.847192 34.738892 0.5
98.565869 34.588761 0.5
97.755884 34.738037 0.5
97.755216 34.743628 0.5
98.837313 34.547717 0.5
97.52041 34.786698 0.5
98.577881 34.573022 0.9
99.208317 34.374491 0.5
97.736922 34.761873 0.6
97.629028 34.77784 0.6
97.9125 34.712061 2.0
97.582935 34.737781 0.7
98.56543 34.583321 0.8
99.156291 34.501709 0.6
97.821208 34.745105 1.3
97.833936 34.744572 0.6
98.498836 34.598604 0.7
98.952059 34.499935 0.5
97.765951 34.750061 0.5
97.547697 34.876803 0.7
97.612769 34.743953 0.6
97.752686 34.73936 2.6
97.735189 34.737512 0.5
97.631812 34.740771 0.5
97.758105 34.744613 0.5
97.630656 34.732922 0.5
97.777482 34.741992 0.5
97.754972 34.735506 1.0
97.52063 34.785038 0.5
97.811515 34.74932 0.6
99.034432 34.455033 0.7
98.473267 34.639266 0.5
98.565934 34.591732 0.6
99.058415 34.455143 0.6
98.754451 34.569893 0.6
99.331543 34.528662 0.6
99.338639 34.52843 0.7
97.564152 34.750773 0.8
97.756315 34.753682 0.8
98.343408 34.580078 1.5
97.513241 34.758138 0.9
97.688892 34.757076 0.5
97.852734 34.737447 0.6
97.980387 34.731844 0.5
98.53597 34.590112 0.5
97.519482 34.75909 0.6
97.745841 34.741919 0.5
98.587956 34.581506 0.8
99.024666 34.50022 0.5
97.769173 34.745809 0.7
98.588005 34.58149 0.5
99.019523 34.496549 0.6
97.746558 34.732971 0.5
97.775537 34.745068 0.5
98.962166 34.492192 0.5
98.476579 34.625488 0.8
99.125871 34.507422 0.5
97.692521 34.742249 0.7
98.470467 34.61012 0.5
98.501522 34.59775 0.5
98.440007 34.635815 0.6
98.410701 34.627393 0.6
98.410677 34.627384 0.6
98.477702 34.625798 0.6
98.501644 34.621143 0.6
97.656388 34.743681 0.6
98.957886 34.49845 0.6
98.686548 34.544767 0.5
98.965007 34.497034 0.6
97.759977 34.743604 0.7
98.641528 34.569824 0.5
97.764445 34.746952 1.4
98.198747 34.740694 0.5
97.735376 34.747998 0.7
98.868075 34.52467 0.5
99.110636 34.33691 1.5
97.981982 34.721745 0.6
97.676074 34.758895 0.6
98.729989 34.534778 0.5
98.603841 34.555412 0.8
98.603654 34.555701 0.6
98.635799 34.548177 0.5
98.495654 34.601298 0.6
98.682365 34.53763 0.6
98.566211 34.568266 0.6
98.970947 34.49069 0.6
98.338501 34.579338 0.5
98.603784 34.554919 1.3
98.981616 34.485958 0.7
97.587988 34.769539 1.0
97.800741 34.751941 0.5
97.727433 34.757548 0.6
98.46097 34.631669 0.8
97.673031 34.752022 0.7
98.818351 34.541642 0.5
98.510791 34.593099 0.5
97.546387 34.750525 0.6
98.501473 34.60118 0.5
97.812004 34.755575 0.7
98.689868 34.544084 0.6
98.769914 34.546033 1.4
97.754338 34.738831 0.8
98.695337 34.532279 0.5
98.52627 34.635291 0.6
97.759253 34.75341 0.7
97.546908 34.750663 0.9
98.513713 34.589876 0.6
97.762126 34.747192 0.7
98.618001 34.559265 0.5
98.76451 34.572302 0.5
98.723218 34.53656 0.5
99.285897 34.694914 0.7
97.680143 34.754407 0.6
98.982096 34.486031 0.7
98.545264 34.592493 0.7
97.599015 34.562065 0.8
98.500675 34.606327 0.5
98.9021 34.527177 0.5
97.84126 34.731209 0.8
98.952563 34.499609 0.6
98.516504 34.596008 0.7
98.542741 34.592603 0.6
98.476864 34.615617 0.9
99.120679 34.452307 0.7
98.962443 34.494356 0.6
97.83383 34.738212 0.7
98.516512 34.595984 0.8
98.522038 34.601086 0.5
98.506185 34.613493 0.6
98.580037 34.575232 0.6
97.819417 34.743323 0.7
97.781722 34.742989 0.8
97.72526 34.756755 0.6
97.568018 34.748763 0.8
98.502279 34.611088 0.5
99.073136 34.499858 0.6
97.473739 34.809041 0.8
98.479875 34.626371 0.6
97.769678 34.74471 0.6
98.466073 34.6106 1.2
97.701668 34.753121 0.5
97.750545 34.747152 0.5
98.631006 34.551042 0.5
97.981559 34.719031 0.7
98.728573 34.53525 0.5
99.114852 34.30968 0.6
98.488558 34.606547 0.5
97.981616 34.719425 0.6
97.793986 34.728731 1.2
97.826497 34.742037 0.5
97.688151 34.755461 0.7
97.717391 34.754024 0.7
98.416732 34.620898 0.7
99.072233 34.501127 0.9
99.315063 34.513741 0.5
99.08186 34.496187 0.8
98.577881 34.571667 0.8
97.777262 34.751184 0.6
98.72758 34.534334 0.7
98.410815 34.627547 0.7
97.754989 34.725399 1.2
98.683203 34.544609 0.6
99.028971 34.428328 0.6
97.642912 34.756954 0.5
97.709578 34.731441 0.7
97.974715 34.716911 1.6
98.832674 34.546069 0.7
98.23269 34.656787 0.5
97.63999 34.757943 0.6
97.975212 34.716931 0.6
97.981429 34.718616 0.7
97.633179 34.809383 1.3
97.768856 34.746073 0.6
97.768709 34.746073 0.8
97.777409 34.742362 0.6
97.753182 34.74576 0.7
98.506201 34.600183 1.1
98.68418 34.55675 0.5
98.490837 34.603646 0.6
97.547746 34.87725 0.9
99.112785 34.503735 0.5
97.778011 34.744865 0.7
99.081299 34.497432 0.8
97.752132 34.741121 0.5
97.980005 34.725688 0.6
97.746606 34.741093 0.5
98.686841 34.546704 1.9
98.502246 34.622611 0.5
97.891943 34.708488 0.6
98.418441 34.627295 0.8
98.084334 34.698759 0.7
97.724349 34.744161 0.5
98.05835 34.683223 0.9
98.310604 34.658956 1.1
97.978752 34.717847 1.0
97.909294 34.732015 0.5
97.978971 34.717786 0.7
97.513892 34.78682 0.7
97.981584 34.718823 0.5
97.717041 34.733679 0.6
97.811051 34.802885 0.5
98.727734 34.53418 0.5
97.74222 34.737073 0.6
97.761979 34.736515 0.8
98.663818 34.541577 0.7
98.744523 34.568514 0.6
97.951693 34.710868 0.5
98.398682 34.630851 0.9
97.791276 34.731661 0.5
97.981494 34.718921 0.6
97.829875 34.746106 0.8
97.723519 34.746366 0.8
98.489168 34.617985 0.6
98.903035 34.493827 0.5
97.740788 34.744454 0.7
97.745589 34.743311 0.9
98.896574 34.531779 0.5
97.519198 34.772616 1.2
98.481258 34.618164 0.7
97.722583 34.746179 0.6
98.305802 34.646509 1.1
98.459847 34.63265 0.5
99.219686 34.449898 0.7
98.268644 34.665601 3.3
98.290983 34.656254 1.4
97.709318 34.752218 0.6
98.793018 34.549984 0.6
97.793547 34.728422 0.5
97.599023 34.841573 1.2
98.347347 34.674736 0.9
97.773486 34.746305 1.2
97.760994 34.736389 0.6
98.946411 34.500163 1.1
98.539722 34.574976 0.7
97.697689 34.753544 0.5
98.237044 34.661076 0.6
97.626896 34.771615 1.3
98.505591 34.61073 0.5
98.61875 34.553459 0.7
98.350928 34.575598 0.5
98.887882 34.58466 0.7
97.599463 34.840694 0.6
99.153337 34.442147 1.1
99.122656 34.743982 0.5
98.507503 34.592879 1.5
99.275968 34.683675 1.1
97.983586 34.782174 0.9
98.284774 34.691724 0.5
97.599976 34.74314 0.8
97.746427 34.740519 0.5
97.749007 34.739006 0.5
97.558748 34.791801 0.6
97.750545 34.738546 0.5
97.751335 34.738314 0.5
98.019702 34.719637 0.6
98.201367 34.667607 0.6
99.336995 34.514522 0.7
99.200057 34.298226 0.9
97.950041 34.737764 0.5
98.252555 34.710494 2.1
98.252035 34.710685 0.9
97.687809 34.746139 0.6
97.830648 34.737793 0.5
97.854818 34.7401 0.5
98.253206 34.710116 0.5
98.191333 34.646952 0.7
97.849235 34.740499 0.5
98.440153 34.61877 0.5
98.712638 34.55365 0.7
97.979964 34.725643 0.5
98.604199 34.555432 0.7
97.709334 34.751941 0.6
97.820166 34.744067 0.8
97.871021 34.734989 0.6
97.523486 34.764958 0.6
97.553979 34.749788 1.7
98.315698 34.622168 0.7
97.536613 34.772424 0.5
97.771582 34.746586 0.5
97.960352 34.723735 0.5
97.555973 34.765405 0.5
97.803402 34.746708 0.5
97.616121 34.772913 0.6
97.516325 34.753719 0.8
97.751204 34.745565 0.5
97.60887 34.758875 0.6
97.822965 34.914929 0.7
98.787272 34.531425 0.8
99.022721 34.468494 1.8
97.590576 34.739632 0.6
98.591447 34.562504 2.6
98.804484 34.558069 0.6
97.747819 34.757377 1.7
97.980168 34.731506 0.6
97.608651 34.759074 0.8
97.734058 34.75614 0.6
98.252368 34.710392 0.5
98.252181 34.710457 0.5
97.8073 34.742139 0.5
98.492472 34.615039 0.5
97.527238 34.795178 0.6
97.751058 34.746521 0.6
98.499072 34.599723 1.0
98.498747 34.599849 0.6
98.544873 34.601082 0.6
98.491577 34.625395 0.6
97.761865 34.741418 0.6
98.490812 34.603569 0.9
99.02994 34.501062 0.7
97.726335 34.756547 0.5
98.618416 34.562349 0.8
98.146444 34.677568 0.8
98.480558 34.625362 0.6
98.897567 34.531669 0.6
97.728206 34.757007 0.6
98.25332 34.709998 0.6
97.619548 34.797603 0.5
97.768294 34.753731 0.5
99.09244 34.505461 1.3
97.766105 34.740666 1.3
97.627563 34.77109 0.6
97.985555 34.704806 0.7
99.363037 34.514246 0.7
98.001969 34.693351 1.5
98.083675 34.698796 1.1
99.056299 34.500712 2.2
99.232699 34.497127 0.5
98.575488 34.582633 1.0
97.623096 34.743522 0.5
97.95752 34.707601 0.7
98.697518 34.536328 0.7
97.762557 34.74425 0.6
98.452189 34.635392 0.5
97.505192 34.765776 0.5
97.716243 34.760775 0.5
98.49248 34.603528 0.6
97.67797 34.758647 0.6
98.132324 34.687248 0.5
99.023966 34.45295 0.7
98.914022 34.498743 0.6
99.094246 34.332475 0.5
97.977303 34.717855 0.6
98.68645 34.555855 0.6
98.67981 34.550692 0.7
97.628076 34.771008 0.5
98.251587 34.710942 0.6
98.035628 34.688737 1.2
98.859342 34.539001 1.0
98.716764 34.550476 0.7
98.499683 34.62474 0.7
98.764111 34.512968 0.8
97.921606 34.719364 0.5
98.497266 34.627572 0.5
99.094434 34.495947 1.1
97.772314 34.745085 1.4
98.824797 34.549854 1.7
98.891935 34.51287 0.6
98.49891 34.599837 1.4
99.094629 34.488204 1.0
97.847201 34.740735 0.5
98.498568 34.615116 0.5
97.730998 34.79067 0.6
98.504907 34.601542 0.5
98.069173 34.717362 0.5
98.336776 34.672941 0.7
98.509253 34.609753 0.9
98.438965 34.600614 0.5
97.869466 34.711015 0.7
98.490828 34.604513 2.1
98.502425 34.612777 2.7
97.686271 34.745504 1.9
97.854858 34.738717 1.9
97.605892 34.788619 2.0
99.150659 34.492017 1.0
98.497412 34.597611 1.3
97.817928 34.746936 1.6
98.50651 34.593038 1.6
99.072819 34.457426 1.1
98.508577 34.597111 1.3
98.427043 34.62253 1.3
97.700496 34.752311 1.3
98.702026 34.534831 1.4
98.02981 34.717826 1.3
98.510799 34.606405 1.3
99.154777 34.49008 0.7
98.23536 34.713831 1.0
98.253206 34.710246 1.0
97.735758 34.744035 1.1
98.620638 34.573873 1.4
98.432406 34.626412 0.8
97.723104 34.745455 1.0
98.617651 34.553813 0.7
98.946411 34.502344 0.9
97.813444 34.746916 1.0
97.746965 34.757735 0.8
98.700431 34.53206 0.5
98.254346 34.711023 0.7
99.239071 34.506018 0.6
97.873926 34.707357 0.7
97.617765 34.733557 0.8
98.502629 34.596822 0.8
98.49694 34.600618 0.8
97.904582 34.726599 0.5
98.577824 34.583447 0.7
98.517236 34.587756 0.6
98.52806 34.58385 0.5
97.706104 34.73328 1.2
98.511947 34.599654 2.8
97.567017 34.763839 0.6
97.819694 34.752462 0.8
99.181502 34.663505 0.7
97.546029 34.798079 0.8
99.089323 34.491048 0.5
99.087524 34.492448 1.5
98.702563 34.554643 0.5
97.772111 34.745638 0.8
97.561759 34.764945 0.8
98.633879 34.549788 0.8
98.608993 34.55828 0.6
98.015072 34.693119 0.6
99.197567 34.504549 0.5
97.622632 34.752897 0.6
97.630916 34.732365 0.5
98.481388 34.613863 1.3
98.583626 34.580473 1.1
97.620036 34.747852 0.5
97.625448 34.748914 1.3
99.017554 34.498779 1.8
98.754883 34.501843 0.8
97.997453 34.728605 0.5
98.454574 34.615804 0.6
98.508895 34.597131 0.6
99.329541 34.540934 0.9
98.763802 34.513652 0.6
99.035563 34.498185 0.7
98.509733 34.600366 0.9
98.830021 34.60332 0.7
97.928109 34.733085 0.5
97.645711 34.756689 0.6
99.187801 34.51005 0.5
97.736971 34.749646 0.7
99.346948 34.512174 0.6
97.725415 34.756856 0.6
97.720516 34.74539 0.6
97.722811 34.744853 0.6
99.329614 34.529777 0.5
98.542871 34.592578 0.7
97.709196 34.753048 0.7
98.487785 34.626367 0.9
98.607601 34.575081 0.7
97.748145 34.757418 1.1
97.89139 34.730046 0.8
97.773657 34.744263 1.5
97.591227 34.759155 0.6
97.981632 34.71873 0.8
97.554525 34.750464 0.5
98.010148 34.699406 0.8
97.82491 34.742131 0.7
98.009928 34.699239 1.1
97.860107 34.73549 0.5
99.094173 34.459762 0.6
98.490511 34.602759 1.0
98.444352 34.618225 0.5
98.022974 34.695378 0.5
97.614176 34.774158 1.0
99.119149 34.530717 0.9
97.761759 34.729565 1.0
97.614632 34.774451 1.4
97.613029 34.774166 1.4
98.768156 34.515942 1.7
99.161914 34.490055 0.8
97.413753 34.81547 2.0
98.834025 34.540019 0.5
97.761247 34.743823 0.8
98.00179 34.712866 1.1
97.662899 34.762061 0.6
97.743945 34.746366 1.0
97.974992 34.733114 2.7
97.977108 34.721134 1.0
97.785872 34.741878 1.2
98.353451 34.629106 0.7
97.735571 34.737504 0.8
97.670565 34.74541 2.3
98.60297 34.576701 0.7
98.934505 34.534526 0.6
98.484969 34.614571 1.5
98.932739 34.503821 1.4
98.924072 34.546497 1.2
97.990617 34.720097 0.5
97.674349 34.74963 1.0
97.78667 34.766878 0.5
98.781372 34.543681 0.8
98.219132 34.545862 1.0
98.674007 34.549259 1.1
98.460815 34.620394 0.7
98.060677 34.686202 0.6
98.377702 34.632784 0.6
98.251213 34.645874 0.6
98.251636 34.645874 0.8
97.761597 34.751469 0.8
98.347347 34.674723 0.5
97.416317 34.815137 1.2
97.586751 34.742863 0.5
97.768319 34.719735 0.6
97.778499 34.736316 1.3
99.089095 34.492879 0.7
99.045312 34.453796 0.6
97.832137 34.74091 0.5
98.974097 34.490833 1.2
97.981112 34.726949 1.4
98.50354 34.59506 0.5
98.343107 34.671143 1.1
98.819368 34.538448 0.5
99.125326 34.446513 1.0
98.346297 34.644824 1.6
98.792163 34.539535 0.9
98.057528 34.683297 0.6
98.068123 34.682499 1.7
98.68112 34.537219 0.7
97.744377 34.748946 0.6
97.564803 34.76322 0.6
97.8177 34.745312 0.8
97.980924 34.72179 0.5
97.563566 34.786515 0.6
98.526449 34.600045 0.7
98.25498 34.650464 0.6
98.964014 34.506266 1.4
98.033358 34.705945 0.6
97.643896 34.824674 0.6
99.308032 34.683952 0.6
98.496338 34.602893 1.2
98.540015 34.596012 1.2
97.74742 34.727169 0.9
98.603809 34.557247 0.6
98.53505 34.579692 1.1
98.661621 34.542021 0.5
97.821257 34.739473 0.8
98.942131 34.509314 0.8
97.61141 34.740283 0.9
97.907389 34.732951 0.5
98.977905 34.48737 0.9
98.885164 34.521379 0.9
98.603711 34.557869 1.3
97.635026 34.756824 0.5
97.792147 34.752926 0.5
97.791911 34.752913 0.8
98.471045 34.612435 0.5
97.593335 34.788888 0.5
97.772119 34.74351 0.5
97.869832 34.738265 1.2
97.565275 34.780644 0.6
97.568498 34.783752 0.8
97.568538 34.783663 1.3
98.315959 34.621989 0.5
98.898503 34.52336 0.7
97.744417 34.740051 0.5
97.709611 34.755514 0.6
97.800846 34.74613 0.8
98.686483 34.545508 1.4
97.747021 34.746989 1.8
97.593831 34.770431 1.1
97.580965 34.757874 0.8
99.137378 34.486316 0.6
97.506201 34.7646 1.1
98.493481 34.61602 0.5
98.493522 34.615975 0.5
98.506714 34.601217 0.5
98.160303 34.678914 2.3
97.959139 34.72168 0.5
97.749455 34.733081 0.8
97.752173 34.744999 0.7
98.241667 34.649634 0.8
98.401872 34.63088 0.5
98.372477 34.634338 0.5
97.733813 34.742969 0.7
99.058732 34.455404 0.6
97.74751 34.74919 0.8
98.555029 34.448442 1.1
98.619735 34.556132 0.6
98.994368 34.472563 0.8
98.718831 34.54801 1.4
97.856087 34.739636 0.6
98.413094 34.628918 0.5
98.716992 34.6118 0.9
98.717065 34.611804 0.5
97.686825 34.752515 0.5
98.243742 34.66012 0.5
99.153271 34.494556 2.4
99.153337 34.494779 0.8
97.990804 34.716451 1.0
98.945117 34.502128 0.6
98.605534 34.563603 2.3
98.406836 34.627006 2.4
98.406063 34.626868 0.8
98.524756 34.602014 0.7
98.652425 34.506746 0.7
98.941545 34.505037 1.7
98.250065 34.711064 0.5
97.630493 34.743404 0.5
98.8771 34.528353 0.7
98.517399 34.58796 0.5
97.823657 34.736462 0.5
98.55533 34.448397 0.8
98.508333 34.600537 1.7
97.562467 34.782528 0.7
97.978402 34.720398 2.9
97.978638 34.720081 0.5
97.832137 34.743457 0.6
97.978809 34.719857 0.5
97.785563 34.753874 0.8
97.979167 34.72028 0.7
98.603743 34.560681 0.7
97.61119 34.72891 0.6
97.989762 34.713757 0.8
97.989819 34.713749 0.5
98.515592 34.605094 0.7
97.624333 34.754134 0.8
97.721924 34.747201 0.6
97.492782 34.835433 1.3
97.550244 34.765503 2.7
98.386507 34.634485 0.9
98.514827 34.60186 0.8
99.11298 34.42804 0.6
97.989819 34.713371 1.1
98.116439 34.69541 1.9
98.944889 34.502124 0.5
97.741683 34.728495 0.5
97.633577 34.738208 0.6
97.97653 34.720414 0.5
97.705827 34.75236 0.5
97.707576 34.752112 1.2
97.530811 34.75175 0.9
97.482039 34.817672 0.7
99.211353 34.4486 0.8
98.726025 34.533093 1.3
98.953768 34.503434 1.2
98.211507 34.668538 0.8
97.976457 34.720272 0.9
98.887915 34.625956 0.7
98.891536 34.623348 0.8
98.709237 34.552808 0.6
98.355786 34.648653 1.6
97.619637 34.746366 0.6
98.879118 34.541158 0.6
99.164046 34.436951 1.0
97.646639 34.756588 0.9
98.48339 34.614897 0.8
97.483016 34.806694 0.7
98.064811 34.711137 0.7
97.493115 34.795699 0.5
98.547135 34.584969 0.5
97.750684 34.739543 0.5
97.541813 34.750659 0.6
98.411646 34.65321 0.5
97.45332 34.845158 0.8
98.946053 34.501542 0.5
97.495435 34.818107 0.8
97.676522 34.761389 0.5
99.095614 34.499679 1.1
98.53964 34.601562 0.9
98.356453 34.648881 1.0
97.767529 34.745382 1.6
97.451302 34.845581 0.5
98.953434 34.548918 0.5
98.045272 34.713708 0.5
98.494263 34.615731 0.6
97.725659 34.753882 0.6
98.941105 34.505245 1.1
98.878695 34.521745 2.1
97.918587 34.731014 0.5
97.977466 34.719198 0.5
97.658081 34.761979 0.7
98.835286 34.546985 0.7
97.749862 34.749068 1.2
98.356673 34.630819 0.7
99.087671 34.498405 0.6
97.580583 34.753939 0.5
97.770785 34.745703 0.6
99.197477 34.212126 1.6
99.132861 34.490222 0.5
99.153231 34.495492 1.0
98.500106 34.60059 1.2
97.527035 34.793461 0.6
98.058545 34.711877 0.5
97.772632 34.745524 0.8
98.247477 34.646667 0.5
97.789543 34.733643 0.6
98.179842 34.716309 0.7
98.490698 34.616321 0.5
98.762858 34.53206 1.4
97.733455 34.750244 0.7
97.710612 34.805204 1.1
98.537077 34.580286 0.8
98.35258 34.630514 1.1
97.555428 34.781873 1.4
98.56556 34.582418 0.8
99.196867 34.502856 0.6
98.603849 34.555977 0.7
98.016195 34.700509 0.6
97.533643 34.768815 0.6
97.753524 34.749316 0.6
98.03798 34.70734 0.6
97.994271 34.701884 0.6
98.241715 34.655261 0.5
98.614136 34.560482 1.0
97.612476 34.768722 0.6
99.045988 34.457853 0.9
98.374813 34.625854 0.9
98.848462 34.552775 0.5
97.738704 34.732532 1.4
97.7455 34.73339 0.8
99.06958 34.502645 0.5
97.675643 34.742192 0.5
97.77264 34.744071 0.7
98.606429 34.557898 2.2
97.881681 34.708789 1.4
97.812744 34.729313 0.7
98.794466 34.52734 0.5
97.574723 34.764498 0.7
97.681405 34.759725 0.5
98.496484 34.627979 1.0
97.842806 34.739872 0.5
97.678369 34.757845 0.5
98.521387 34.598458 0.5
98.354346 34.629545 0.6
99.130265 34.488509 0.5
99.097941 34.334969 1.4
97.759993 34.726831 1.2
98.583122 34.588509 1.3
98.913346 34.495825 0.6
97.911971 34.720353 0.6
97.915495 34.720569 1.4
97.705908 34.752108 0.6
98.789803 34.540027 0.8
97.529386 34.777547 0.8
97.533626 34.814351 1.8
99.32985 34.527555 0.6
98.557821 34.588631 0.6
98.625968 34.664648 1.9
97.759513 34.727144 0.5
98.626253 34.663737 0.7
97.818807 34.745862 0.8
98.489006 34.627966 0.5
98.566813 34.590218 1.8
98.160213 34.678646 1.1
98.520776 34.605522 0.5
97.541984 34.755758 0.5
97.709115 34.805526 0.6
98.672835 34.566386 0.6
98.626855 34.553304 0.7
97.767871 34.745593 0.6
98.626131 34.665076 0.5
97.783049 34.731177 1.0
98.789925 34.540283 0.5
99.199211 34.298499 1.8
97.964087 34.711084 0.5
97.963859 34.71097 0.8
97.609855 34.745996 0.5
97.751701 34.739164 0.8
99.199967 34.298885 0.6
98.215055 34.681189 0.6
98.051156 34.679537 2.8
97.748226 34.739103 0.7
98.479793 34.625618 0.5
97.91473 34.720125 1.8
97.815348 34.741162 0.6
97.632088 34.782507 0.6
97.984399 34.712614 0.7
97.562492 34.762842 0.9
97.644995 34.82487 0.7
99.202743 34.448726 1.0
97.772306 34.744613 0.5
98.584245 34.581075 0.7
98.3573 34.659542 1.1
99.02561 34.500053 1.7
99.202979 34.448783 0.5
97.632479 34.748218 0.5
99.047575 34.458118 0.8
98.526204 34.60002 0.6
98.683545 34.553426 0.5
99.422843 34.522384 0.6
97.750928 34.739042 1.1
98.046549 34.6946 1.0
99.026416 34.496899 1.0
98.558553 34.587781 1.0
97.654256 34.740776 0.9
97.97373 34.722139 0.5
98.533732 34.583708 0.8
98.047681 34.71331 1.0
97.734709 34.760266 0.5
99.206087 34.49338 0.5
97.761442 34.741777 0.5
99.021606 34.498364 0.9
98.539119 34.601819 0.6
97.990316 34.719922 0.9
97.650033 34.73739 1.2
99.183228 34.498132 0.7
98.533545 34.583761 1.3
97.698779 34.751603 0.6
97.977799 34.725382 0.5
97.762598 34.741683 0.5
98.767236 34.582015 0.5
98.659269 34.542297 1.7
97.633309 34.772449 0.6
97.632739 34.772428 0.8
98.160539 34.678695 0.7
98.097217 34.691349 0.5
99.203109 34.498853 0.5
97.536369 34.755847 0.6
97.733488 34.737524 0.5
98.453516 34.628666 0.6
97.911369 34.732625 1.2
97.613094 34.769539 0.8
97.622974 34.746969 0.5
97.682438 34.749618 0.9
97.513428 34.786694 1.6
97.649178 34.743123 0.5
97.932495 34.660636 0.6
98.050651 34.704993 1.1
97.76307 34.741781 0.6
97.980216 34.724345 0.6
97.667008 34.737992 0.5
98.499382 34.599829 0.6
97.56639 34.764087 1.1
97.741195 34.747705 0.5
97.527539 34.785352 1.0
98.898413 34.51414 1.0
97.746175 34.741671 1.5
97.585986 34.759163 0.7
98.503499 34.602177 0.5
98.524259 34.598877 1.2
98.840788 34.545646 0.5
97.727539 34.754415 0.7
97.66936 34.754513 1.0
98.624268 34.552641 1.2
97.979468 34.720138 0.6
97.727279 34.751335 0.5
97.667708 34.756543 0.8
98.505737 34.622095 1.6
97.821932 34.746077 1.8
97.820321 34.746179 0.5
97.761222 34.742008 0.5
97.545841 34.768103 0.8
97.66272 34.756864 0.5
98.352726 34.633797 0.5
98.533521 34.583724 0.8
98.691382 34.54443 0.6
98.312663 34.635205 4.7
98.311401 34.634607 2.2
98.454753 34.614221 1.1
98.040975 34.69316 1.0
98.303003 34.635701 0.8
98.312598 34.637976 0.6
98.309294 34.634705 0.5
98.309001 34.634611 0.7
98.312077 34.637996 0.5
98.312174 34.635901 1.2
99.074333 34.500741 0.7
99.233512 34.511731 0.6
98.312492 34.638049 0.6
99.107308 34.444649 2.7
97.823682 34.746488 0.5
98.30848 34.639872 0.8
99.236719 34.450647 0.5
98.527075 34.59104 0.5
98.306445 34.629374 1.1
97.738843 34.75741 0.7
98.109261 34.6875 0.7
97.77238 34.745675 0.9
97.768042 34.745992 1.0
98.605208 34.574357 2.2
98.88737 34.520194 0.5
98.78859 34.539994 1.1
97.611426 34.869763 0.7
99.097664 34.497872 0.5
98.860335 34.536572 0.5
98.957373 34.504366 0.6
98.480127 34.615633 0.9
98.666756 34.562838 1.5
98.524308 34.605208 0.8
97.566325 34.883801 1.7
98.754785 34.498417 0.8
98.662077 34.542236 0.9
98.787712 34.540027 1.2
98.004012 34.705131 1.8
98.312728 34.635982 0.6
98.58846 34.560901 0.6
97.746004 34.742362 1.2
98.352588 34.646493 0.7
98.309652 34.636702 0.7
98.532837 34.583972 0.6
97.640007 34.750753 1.2
97.845866 34.738859 0.7
97.9816 34.724963 1.7
98.307161 34.639022 1.1
98.815332 34.539067 0.5
99.070622 34.499658 1.2
98.163981 34.68256 1.6
98.587826 34.578015 0.5
98.088013 34.689905 0.6
97.754712 34.745439 0.7
97.985278 34.72076 0.5
98.607129 34.557336 0.9
97.979565 34.72618 0.5
98.31901 34.628739 0.5
97.745483 34.744316 0.9
98.823218 34.532324 0.7
97.820809 34.748226 0.7
97.412476 34.825903 0.6
98.309123 34.634717 1.5
97.685042 34.758358 1.6
98.138973 34.691642 1.5
97.701164 34.749296 2.0
99.314616 34.514242 1.3
99.312484 34.502747 1.3
97.981925 34.729806 1.7
98.039575 34.695894 1.1
98.886637 34.503137 1.4
98.88064 34.53536 0.8
97.633122 34.734562 1.6
98.501278 34.598429 1.2
98.886646 34.502987 1.3
98.65922 34.564864 1.0
97.975513 34.777348 0.8
98.346069 34.633557 0.6
98.381722 34.614067 0.6
98.445646 34.615617 0.6
97.817546 34.74729 0.6
98.500195 34.609953 0.6
97.831258 34.738554 0.6
98.505705 34.61908 0.5
98.927799 34.523551 2.3
97.84266 34.740674 1.3
97.844442 34.740727 0.5
97.547323 34.766801 0.5
97.77924 34.736739 0.7
98.52207 34.60474 0.7
97.575911 34.530188 3.1
97.536385 34.536515 2.6
97.563566 34.531604 2.5
97.542896 34.536096 2.4
97.557707 34.533301 2.7
97.585905 34.542704 2.2
97.552002 34.536768 1.9
97.576595 34.544682 1.8
97.52723 34.533659 1.9
97.573861 34.529667 2.8
97.578271 34.527974 1.9
97.571322 34.527181 1.4
99.188411 34.499296 1.2
97.552409 34.533952 1.5
97.558879 34.530025 1.6
97.58855 34.529968 1.2
97.577376 34.531877 1.0
97.576335 34.527551 1.4
97.580233 34.530147 1.2
97.549471 34.545528 1.1
97.567342 34.530115 2.0
97.579329 34.530876 1.1
97.576839 34.52922 1.9
97.522013 34.541064 1.1
97.567546 34.527372 0.9
97.563468 34.533093 1.6
97.522396 34.540356 1.1
97.565438 34.535502 1.7
97.551774 34.534583 0.7
97.573153 34.529814 0.5
97.583138 34.533386 0.5
97.510571 34.533948 0.5
97.570288 34.530037 0.8
97.586841 34.529936 2.2
97.526489 34.537048 1.2
97.540389 34.53713 0.8
97.529883 34.536316 0.8
97.580469 34.529932 0.6
97.574154 34.526733 2.1
97.575309 34.527494 0.8
97.667041 34.816606 0.5
97.574585 34.52041 0.5
97.540788 34.535201 0.5
97.577938 34.529378 0.7
97.502238 34.796818 0.9
97.564266 34.523271 0.9
97.574438 34.527799 1.0
97.572127 34.526396 0.5
97.556543 34.533931 0.6
97.577417 34.532841 1.0
97.574194 34.527478 1.2
97.585392 34.528638 0.6
97.76709 34.740877 0.5
97.580835 34.525716 1.2
97.54694 34.53573 0.5
97.673405 34.761023 0.6
97.602384 34.744975 0.5
97.560856 34.536418 1.2
97.562402 34.5283 0.6
97.56696 34.524821 0.6
97.572876 34.530164 1.7
97.576343 34.529626 0.5
97.575016 34.528719 0.7
97.567863 34.534342 0.5
97.531974 34.534867 0.9
97.825464 34.745215 2.5
97.537899 34.537516 1.3
97.585295 34.531156 0.8
97.573234 34.529635 0.5
97.587801 34.532312 0.5
97.566707 34.533911 0.5
97.575399 34.528479 3.7
97.570841 34.525557 0.7
97.560872 34.524243 0.5
97.545711 34.536039 0.9
97.554004 34.523458 0.7
97.58667 34.533484 1.2
97.56901 34.534375 1.5
99.034163 34.496977 1.9
97.573625 34.528569 1.9
97.58374 34.527706 0.9
99.20415 34.450932 0.5
97.584814 34.532804 0.5
98.558008 34.588472 1.2
97.572339 34.524504 0.7
97.568644 34.529858 0.9
97.598128 34.531783 0.7
98.574162 34.584562 0.7
98.422127 34.627157 1.2
97.572542 34.529683 0.5
97.693929 34.751807 0.6
98.499585 34.61495 0.6
97.541195 34.535661 0.7
98.603459 34.554366 0.7
98.419263 34.619678 0.8
97.835946 34.732292 0.6
98.768351 34.581616 0.7
97.767139 34.740747 0.6
98.635482 34.541191 0.7
97.824032 34.743925 0.6
97.84126 34.737248 0.5
99.390161 34.543884 1.5
99.188045 34.515446 0.5
97.983512 34.726689 0.7
99.021501 34.498088 0.9
98.765153 34.580001 0.7
98.406681 34.628056 1.0
99.021216 34.497953 1.0
97.706022 34.749194 1.3
98.120866 34.695964 1.2
98.120719 34.696045 0.8
97.676017 34.733834 1.5
99.007975 34.480591 0.5
97.56897 34.528149 0.5
98.30647 34.629378 2.2
97.521501 34.532471 0.9
97.975155 34.729545 1.3
98.162126 34.678955 0.5
99.388135 34.542546 1.1
97.584668 34.532475 1.5
98.30791 34.630188 0.5
98.612036 34.551457 0.6
99.029671 34.496676 1.2
99.028898 34.501335 1.7
98.885506 34.520223 0.8
97.565007 34.884766 0.9
97.539168 34.537394 1.1
97.563143 34.763778 0.5
98.606331 34.558126 1.1
97.775537 34.749597 0.6
97.509424 34.789197 0.5
98.654622 34.545369 0.9
99.010482 34.500618 0.6
98.944954 34.502519 0.9
98.630933 34.550891 0.5
97.735661 34.744421 1.6
98.309806 34.644942 1.3
97.615967 34.787561 1.9
97.763753 34.745789 1.7
98.478035 34.624894 1.1
99.075586 34.50446 0.9
98.760734 34.543795 1.3
98.811686 34.526835 1.3
97.832129 34.738509 1.7
97.99078 34.713562 1.8
98.606185 34.556726 1.7
97.65166 34.727283 1.5
98.503369 34.595312 0.9
97.990658 34.713696 1.4
97.565413 34.884949 1.4
98.60293 34.578011 0.9
98.449642 34.61792 0.8
98.010872 34.689412 0.8
98.530143 34.593799 0.6
98.502995 34.594645 1.0
97.700716 34.799752 0.7
97.714608 34.758757 0.7
99.064168 34.504651 0.5
99.071118 34.49338 1.3
98.492863 34.60474 2.3
98.612695 34.5677 0.9
97.553239 34.764299 0.5
97.765633 34.746012 0.7
97.734521 34.734497 0.5
97.633748 34.739766 0.9
98.505965 34.621041 0.7
98.900871 34.522034 0.6
99.121688 34.446407 0.7
99.344222 34.528247 0.5
98.606462 34.552425 0.8
98.590479 34.581185 0.7
97.578027 34.530656 0.8
98.14528 34.687866 0.8
98.233187 34.653101 0.5
98.546012 34.595056 0.6
98.724349 34.536202 0.5
98.572648 34.589441 0.5
97.750057 34.749512 1.2
98.175798 34.702201 0.5
97.673031 34.781685 1.4
98.120955 34.696289 1.7
98.121696 34.696065 0.6
98.121802 34.695968 0.6
97.581071 34.530363 0.7
97.889876 34.713456 0.6
97.754622 34.738794 0.6
98.718774 34.534277 0.7
99.046183 34.456319 0.5
98.93147 34.504325 0.6
98.479215 34.624833 1.5
99.153931 34.495955 0.6
98.496289 34.642753 0.5
97.769954 34.74495 0.5
98.839746 34.548914 0.7
97.659562 34.793339 0.8
98.484123 34.618205 1.7
97.736621 34.745235 1.3
98.56333 34.590007 1.3
97.796932 34.714323 0.5
98.76272 34.543514 0.7
98.563753 34.589958 0.6
97.993066 34.730526 0.6
97.676587 34.75946 0.7
98.767122 34.515409 1.4
98.562842 34.594747 1.8
99.19847 34.29766 0.8
99.061393 34.45011 1.3
98.936418 34.504736 0.6
98.478971 34.616874 0.6
98.520166 34.605135 0.7
97.781812 34.746627 1.1
98.490592 34.603935 0.7
97.747729 34.741536 1.9
97.671794 34.760872 0.9
97.731445 34.759379 1.1
99.153866 34.497852 0.9
98.042961 34.715263 0.5
97.810311 34.74008 0.9
98.465682 34.610657 0.5
97.588192 34.530046 1.0
98.033301 34.718636 0.6
97.755184 34.735527 0.9
98.003996 34.692839 1.1
97.615072 34.780676 0.6
98.557503 34.588477 1.0
98.762744 34.543347 0.7
98.767269 34.570439 0.5
98.25026 34.711137 1.2
98.526717 34.58549 1.0
97.980851 34.730876 0.9
97.727547 34.757019 0.9
97.751318 34.731734 0.7
97.527531 34.545878 0.7
98.629631 34.551355 0.5
99.329964 34.529647 0.5
98.233846 34.653304 1.0
98.507495 34.619637 0.7
98.470207 34.610229 0.8
97.758537 34.743803 0.5
98.308822 34.636654 1.0
98.308862 34.636776 1.0
99.330542 34.52983 0.9
97.718075 34.741239 0.5
98.962256 34.497473 0.7
97.970451 34.701526 0.6
98.391398 34.629834 1.2
98.492513 34.599333 1.2
97.609676 34.743372 1.5
98.22526 34.662508 0.5
98.59436 34.572888 0.7
98.594368 34.572628 0.8
97.72203 34.755042 0.5
98.503385 34.59836 0.7
97.673275 34.75282 1.1
98.465519 34.61075 1.3
97.490479 34.790828 0.7
97.757324 34.72972 0.5
98.792 34.540385 0.5
97.615755 34.760429 0.7
97.745247 34.734631 1.1
98.501156 34.621391 1.8
97.746566 34.733354 0.5
98.525114 34.601571 0.5
97.62216 34.736202 0.8
98.021745 34.695231 1.1
98.003695 34.692867 0.5
97.787785 34.694084 0.6
98.508252 34.608419 0.6
98.38383 34.632678 0.6
98.584253 34.583431 0.5
98.607642 34.555863 1.3
98.512394 34.594568 1.5
97.752637 34.744649 1.2
97.908537 34.733492 0.9
97.745817 34.754618 0.7
98.70446 34.562268 1.0
98.508146 34.596395 1.0
98.375024 34.625533 2.0
98.766414 34.515328 0.5
97.508936 34.818083 1.3
97.746419 34.741789 0.7
98.508049 34.608374 1.6
99.328385 34.521448 1.1
98.429053 34.628507 0.5
98.023153 34.720638 0.6
99.00131 34.483191 0.6
97.537337 34.765812 0.5
99.121785 34.439958 1.5
97.762679 34.74871 0.6
97.753084 34.746851 1.4
98.455672 34.613192 0.8
97.673641 34.753121 1.8
97.767961 34.744739 0.7
98.926855 34.473246 1.2
97.851774 34.740181 0.5
97.818538 34.746969 0.8
99.160441 34.494389 0.6
98.544572 34.583167 1.5
97.623055 34.786495 0.7
98.01123 34.698096 0.6
98.87286 34.527201 0.9
97.745573 34.742013 0.5
98.603149 34.558223 0.7
98.620386 34.570028 1.7
98.090446 34.682064 0.5
97.997428 34.714714 0.5
98.443929 34.617212 0.6
97.753516 34.747335 0.8
97.557837 34.529317 0.5
98.507243 34.60933 0.8
98.525326 34.598234 0.8
98.525741 34.5981 0.9
97.673055 34.757267 0.8
97.788135 34.723987 0.6
98.503678 34.594706 0.5
97.741341 34.735531 0.5
97.660986 34.76106 1.0
98.464941 34.62723 1.0
97.807015 34.714644 1.2
97.728109 34.755709 0.6
97.548828 34.78835 2.0
97.549821 34.788627 0.8
98.267912 34.654541 1.0
99.250033 34.699357 0.7
98.603052 34.557951 0.5
97.6736 34.748999 1.1
99.169019 34.508065 1.5
98.237874 34.666248 1.1
97.753491 34.724443 0.6
98.798291 34.529061 0.5
98.243335 34.661308 0.6
99.037044 34.462752 1.6
98.509701 34.592513 0.6
97.977344 34.719458 0.7
97.555705 34.52533 0.5
97.822648 34.745174 0.8
98.465788 34.624817 0.5
97.575366 34.828813 0.9
97.51626 34.76875 0.5
98.979183 34.488595 1.9
97.676481 34.758451 0.7
97.603141 34.841565 0.8
97.759505 34.723604 0.8
98.991089 34.484745 0.6
97.476147 34.828064 0.7
97.670174 34.754643 0.6
98.1257 34.679264 0.6
97.72631 34.755969 1.7
97.754867 34.747168 0.6
98.863623 34.528137 1.2
99.109953 34.423954 2.9
99.109432 34.42522 2.0
97.747583 34.728528 0.5
97.677555 34.746261 1.5
97.732788 34.744714 1.1
98.471322 34.623588 0.6
97.727913 34.747306 0.5
97.727873 34.74637 0.7
97.730518 34.745723 0.6
98.60105 34.561426 0.6
98.474284 34.622957 0.6
98.542733 34.57747 1.1
98.735246 34.615165 0.5
97.744157 34.743018 0.6
98.598958 34.576876 0.5
97.552091 34.880688 0.5
98.523836 34.58623 0.9
97.812866 34.747099 0.5
98.945728 34.501949 3.0
98.944661 34.502437 1.8
97.557121 34.764905 0.6
98.766097 34.515287 0.5
98.603752 34.577909 1.4
98.664665 34.539897 0.9
98.420076 34.633655 2.9
98.867529 34.52415 1.3
97.61936 34.788554 1.0
98.526994 34.53669 0.8
97.991048 34.719983 0.7
97.748136 34.740727 1.0
98.476449 34.609229 1.0
97.545345 34.766036 1.4
97.748031 34.757585 0.8
98.702507 34.561129 0.8
98.509668 34.618713 0.8
98.76984 34.546106 0.7
97.660026 34.754622 0.9
98.32229 34.647961 1.1
98.321802 34.647001 0.6
97.706047 34.734985 0.6
99.08138 34.497384 2.2
99.082406 34.497465 1.8
99.081868 34.496033 0.5
97.519019 34.756767 0.5
98.360303 34.631665 0.5
98.148999 34.685547 0.5
97.545345 34.765649 0.9
98.87478 34.502311 0.7
97.835181 34.733228 0.5
98.366878 34.636039 0.8
99.068319 34.50494 0.5
97.54939 34.764901 0.7
97.803768 34.747253 1.1
99.097371 34.499272 1.9
97.522803 34.757434 1.2
98.911808 34.524154 0.7
97.522607 34.757475 0.7
97.766618 34.740454 0.7
98.432821 34.598092 0.9
97.616854 34.766968 1.3
98.424585 34.624044 0.6
97.983073 34.718872 1.8
97.982414 34.719035 0.9
97.68724 34.752718 0.9
98.490771 34.604277 1.0
98.433659 34.597795 1.2
98.799251 34.540747 1.0
98.311825 34.637569 1.8
98.97618 34.488005 0.7
97.704102 34.729647 1.1
99.02959 34.457979 0.5
98.315275 34.637557 0.8
97.659041 34.759729 1.4
97.747314 34.727653 0.6
97.641463 34.771427 0.9
98.137752 34.690417 1.0
97.627759 34.771895 0.6
97.752995 34.736165 0.7
98.973535 34.494983 0.6
99.217765 34.447111 0.6
97.748193 34.739522 0.5
97.657756 34.742769 0.5
97.524121 34.54423 0.7
98.486475 34.630632 0.8
97.590975 34.528288 0.5
98.678923 34.538831 0.5
98.078589 34.70555 1.1
97.573836 34.746326 1.9
98.766341 34.55094 0.6
97.987915 34.717729 0.5
97.770646 34.74539 1.1
97.521647 34.542415 0.7
97.839648 34.74233 0.6
97.99161 34.724386 0.7
98.426123 34.624272 0.5
98.531974 34.602075 0.6
97.743107 34.747945 0.5
99.425635 34.546582 0.6
99.153638 34.49528 1.0
98.495296 34.620422 0.5
97.910921 34.733024 0.7
97.77334 34.744926 0.5
98.608618 34.557422 1.5
99.054134 34.494804 0.7
98.942912 34.55144 0.8
97.733122 34.750728 0.5
98.911938 34.523836 1.9
98.911955 34.52391 0.5
97.739038 34.730412 0.7
99.007031 34.497091 0.8
98.042041 34.705062 1.1
97.55896 34.762154 0.8
98.041968 34.704692 0.6
97.554557 34.76766 1.4
98.76193 34.543457 0.6
97.725065 34.757865 0.6
98.46923 34.628796 0.8
97.527279 34.822278 0.7
99.330241 34.531104 0.6
97.991642 34.730424 0.7
98.313281 34.647017 1.3
98.460913 34.618595 1.0
97.580583 34.55837 0.5
97.970264 34.720626 0.7
98.772941 34.546965 1.1
97.776961 34.735917 1.1
97.781942 34.730233 0.5
97.743929 34.73099 0.5
98.418465 34.629708 0.5
98.465796 34.610876 0.6
97.772111 34.744165 0.5
98.629395 34.570288 0.6
97.530094 34.774113 0.6
97.617627 34.74495 0.8
99.100171 34.325684 1.1
99.106966 34.492981 0.5
99.109188 34.54032 1.6
97.765967 34.739962 0.6
98.041105 34.704 1.1
97.753849 34.738753 1.3
98.041235 34.704073 0.6
97.530591 34.793864 0.7
97.595939 34.741907 0.7
98.945288 34.508838 0.5
97.548828 34.789168 0.8
97.974284 34.734005 3.3
98.788159 34.54019 0.9
97.65306 34.789827 0.6
97.770142 34.744442 0.8
98.680037 34.546082 0.5
98.690316 34.537219 1.1
99.405859 34.55175 1.2
97.894442 34.719527 0.8
97.77312 34.744084 0.5
97.783781 34.744763 0.8
98.501489 34.614758 1.2
98.014771 34.714762 0.6
99.427254 34.546216 0.5
98.059855 34.699247 1.0
97.740194 34.731006 0.7
98.304614 34.641211 1.1
98.507861 34.604191 1.6
97.631917 34.758765 1.3
97.546566 34.543608 0.5
97.858179 34.733984 0.9
98.509163 34.610994 0.6
97.584619 34.562984 0.5
98.49672 34.598865 0.6
97.619132 34.757434 0.8
98.602694 34.556702 0.8
97.577124 34.527588 0.7
98.791536 34.531799 1.1
97.981755 34.725354 1.1
98.13042 34.686967 0.8
98.31757 34.633049 0.5
98.760246 34.504643 1.3
97.570076 34.749329 0.5
97.538753 34.767957 0.6
97.749268 34.746521 2.4
98.498494 34.595133 0.5
97.884025 34.709391 0.5
99.350814 34.526729 0.9
98.974268 34.490747 1.7
98.595622 34.560152 1.1
98.556852 34.576672 0.7
98.78807 34.542456 0.8
97.738371 34.760014 0.5
98.576383 34.587817 1.2
99.209904 34.494234 1.7
98.537516 34.602999 0.5
98.106087 34.685059 1.9
98.556584 34.59399 0.6
97.914551 34.719674 2.1
97.977303 34.709163 0.6
98.536149 34.579679 0.9
98.421989 34.640116 0.6
98.518368 34.605794 0.5
98.014185 34.721151 0.7
98.556893 34.576632 0.7
98.875692 34.502291 0.6
98.611702 34.571973 0.8
99.309521 34.52629 0.6
97.864893 34.732886 0.5
98.517863 34.596293 0.6
97.981706 34.724801 0.7
97.625269 34.737646 0.5
99.329631 34.529504 1.8
97.767196 34.740763 1.7
98.961304 34.502681 2.4
98.292261 34.659635 1.2
98.869149 34.507617 0.5
99.259033 34.507316 1.1
98.252694 34.71001 0.8
97.725382 34.757166 0.9
97.544499 34.749544 1.1
98.883252 34.529985 1.1
97.747396 34.73407 1.1
97.744344 34.744324 1.2
98.009245 34.696155 1.5
99.105615 34.330969 0.7
97.575618 34.747648 1.4
97.983333 34.731921 1.3
97.779631 34.744771 0.5
97.551774 34.769792 0.6
98.503483 34.595418 0.7
98.495044 34.611129 0.5
99.048893 34.458508 1.4
97.568441 34.76049 0.5
98.154378 34.682039 0.7
98.300439 34.629488 0.6
98.615837 34.561702 1.0
99.209635 34.493852 1.6
97.769808 34.745435 0.5
97.523055 34.865776 0.5
97.51748 34.764766 0.7
98.875049 34.502246 1.8
99.335099 34.536853 1.0
99.024072 34.454024 0.8
98.975073 34.490295 0.5
98.568799 34.584969 1.1
98.947062 34.500187 1.1
97.545288 34.765967 1.1
97.644279 34.743888 1.5
98.815226 34.540959 0.8
98.516113 34.604879 0.5
97.803638 34.7486 0.7
98.427051 34.625822 2.0
97.758276 34.747506 0.8
98.687354 34.55061 1.4
98.92522 34.519625 0.6
98.502148 34.620886 2.3
98.877083 34.502303 1.0
98.48951 34.602055 0.6
97.497266 34.764567 0.5
98.960571 34.49786 1.1
98.76534 34.512154 0.9
97.772559 34.744157 0.6
97.755892 34.747892 1.0
98.603385 34.557597 1.3
97.762061 34.754814 0.8
97.761092 34.754606 0.7
98.041089 34.704679 0.6
97.729679 34.75651 0.7
97.721696 34.755961 0.5
97.651074 34.750753 1.1
98.942521 34.50284 0.6
99.063452 34.322904 1.6
98.019995 34.693974 0.5
97.985319 34.753052 0.9
98.58116 34.584119 0.8
97.634611 34.741842 0.6
97.661556 34.847502 0.7
98.529875 34.587427 0.5
98.013411 34.698714 1.0
97.774268 34.745186 0.5
97.627214 34.779574 0.9
97.974406 34.734005 0.5
97.745028 34.736198 0.5
97.661239 34.84753 0.6
97.595728 34.528198 0.7
98.357381 34.644462 0.7
98.5014 34.595239 1.3
98.697957 34.533398 0.5
98.743058 34.532865 1.1
97.992033 34.71993 0.5
98.937492 34.504285 0.8
97.603125 34.758895 0.8
97.552791 34.76394 1.0
97.603931 34.79456 0.9
99.022632 34.46746 1.1
99.022917 34.467265 0.6
98.963892 34.549569 1.0
97.704289 34.751461 0.5
98.267733 34.649247 1.2
98.469336 34.616125 0.8
97.74869 34.747123 0.6
97.494271 34.815409 0.6
98.49633 34.599727 0.6
98.192928 34.696704 0.6
98.438232 34.621134 0.7
97.57854 34.759277 0.7
98.207731 34.65804 0.5
97.743726 34.746204 0.5
98.391715 34.626978 0.5
98.881844 34.527596 0.6
98.437923 34.620968 1.4
97.561711 34.765922 0.6
97.615186 34.75459 0.5
99.221916 34.500277 0.6
98.196631 34.748808 0.5
97.761174 34.745707 0.6
97.982186 34.730933 0.7
97.646061 34.844112 0.6
98.079541 34.705469 0.6
98.43859 34.621082 1.6
98.4382 34.621139 0.8
99.03217 34.498027 1.2
98.973991 34.491138 0.6
97.751888 34.752913 0.7
98.944002 34.5212 0.8
98.29978 34.644157 0.7
98.972705 34.493823 0.8
97.685815 34.752478 0.7
98.037817 34.706299 0.6
98.406079 34.627352 1.1
98.480387 34.62607 0.6
98.792432 34.605245 0.6
97.976001 34.720487 0.6
98.970841 34.490584 0.5
97.74681 34.740047 0.7
97.673438 34.755489 0.9
97.611222 34.775028 0.9
97.916691 34.722233 1.5
98.789111 34.526876 0.8
97.563257 34.75057 0.9
98.316854 34.635844 0.5
97.851766 34.741252 0.5
97.61731 34.739657 0.5
97.989559 34.720032 0.9
98.080103 34.694767 0.7
97.977799 34.705135 1.1
98.537256 34.603491 0.8
97.849845 34.740255 0.6
97.853581 34.739339 0.9
97.776546 34.886601 0.5
99.02137 34.496204 1.1
97.697445 34.756828 0.7
98.98007 34.491593 0.6
98.074357 34.710868 0.9
98.826799 34.549084 0.6
98.522648 34.601493 0.5
97.535848 34.767102 1.0
98.930648 34.522876 0.8
98.548901 34.590271 0.8
97.936589 34.747835 0.7
98.941073 34.503048 1.4
98.549276 34.597599 1.3
98.877287 34.524829 0.7
98.64196 34.545211 1.0
98.114535 34.694149 0.7
98.666056 34.55509 0.6
98.458317 34.615503 0.9
99.312541 34.517379 0.6
98.131746 34.684957 1.1
97.875212 34.726371 0.8
98.607316 34.567285 0.5
98.809465 34.527413 0.5
98.478166 34.604484 1.1
98.875334 34.502136 0.8
98.875822 34.502254 1.8
97.729606 34.744165 0.7
97.786019 34.778052 0.5
97.963501 34.714433 1.0
98.487166 34.619507 1.1
97.739738 34.743168 0.5
97.793514 34.779447 1.4
97.548478 34.840458 0.6
98.075269 34.704932 1.1
97.813216 34.74679 0.8
98.472111 34.610681 1.3
98.831787 34.542175 1.1
97.659676 34.761662 0.8
97.627515 34.749805 1.0
98.509725 34.622078 0.6
97.975854 34.718958 0.7
97.683122 34.745524 0.5
97.547103 34.755469 0.5
97.709334 34.751835 0.5
97.824984 34.74434 0.8
97.983822 34.705461 1.3
97.53339 34.770854 0.9
98.30485 34.653231 0.7
97.973088 34.718311 0.5
97.82133 34.744584 0.9
98.627832 34.553597 0.7
98.490601 34.619535 0.8
97.929696 34.730518 1.1
97.603426 34.841272 1.1
97.544328 34.781925 0.5
97.773535 34.744987 0.5
98.50131 34.608907 1.0
98.810132 34.527242 0.6
98.53007 34.5842 0.8
97.546745 34.882983 0.6
97.726392 34.752824 1.1
97.65743 34.817489 0.6
97.74694 34.752218 0.6
98.431274 34.615304 0.5
97.646574 34.745683 0.5
98.299105 34.643522 0.5
98.458382 34.621879 0.6
99.034888 34.455554 1.0
97.841479 34.739791 0.5
97.432593 34.746167 0.5
97.705802 34.753512 0.5
99.320516 34.513822 0.5
98.759115 34.551583 2.5
98.099227 34.685982 0.6
97.666846 34.757275 0.8
97.751392 34.7321 0.5
97.562337 34.76429 0.6
98.871973 34.526152 0.7
99.218278 34.50802 1.1
98.507113 34.600728 0.9
98.759839 34.551408 1.6
98.916838 34.524121 1.2
97.616138 34.782023 0.5
97.540007 34.758431 1.7
98.489494 34.611552 1.0
99.334367 34.518136 0.5
98.280347 34.662805 3.1
98.28016 34.663017 0.5
97.725911 34.756673 0.5
97.615381 34.75072 0.6
97.811296 34.714018 0.5
97.738965 34.74093 0.5
97.918278 34.743966 0.7
98.034961 34.710315 0.6
99.33007 34.530566 0.9
99.032837 34.470955 0.6
97.773267 34.744198 0.6
99.329606 34.526807 0.8
97.918669 34.732308 0.6
98.480485 34.62533 0.6
98.626644 34.664998 0.5
97.831274 34.736678 0.5
98.504012 34.600203 0.7
98.943498 34.503564 0.8
98.868872 34.528088 0.6
98.867171 34.528634 0.5
97.547298 34.754899 0.7
97.756413 34.743945 0.5
97.821436 34.739473 0.8
97.726034 34.754167 0.9
98.79436 34.541675 0.6
99.335319 34.518449 0.6
97.630054 34.747131 0.6
97.746167 34.741309 0.5
98.131388 34.694523 0.5
97.920679 34.700033 0.5
97.512882 34.783492 0.7
98.788298 34.577743 0.5
97.657544 34.761739 0.9
97.568604 34.883472 0.8
98.590601 34.576001 0.5
98.019531 34.699357 0.5
98.886393 34.50391 0.5
98.896126 34.530558 0.5
97.743245 34.728202 0.6
98.533765 34.594295 0.5
99.151961 34.49266 1.1
97.775122 34.743742 0.6
99.198104 34.296794 1.8
99.154036 34.495369 0.5
98.881592 34.528483 0.8
97.861841 34.732202 0.6
97.550936 34.765068 0.7
97.588062 34.565458 0.6
97.539909 34.765487 0.7
97.774284 34.744413 0.5
97.685352 34.742708 0.5
97.563794 34.764596 1.2
99.153451 34.487577 0.5
97.774618 34.745369 0.6
98.570288 34.57356 0.5
98.031917 34.69388 1.5
97.983008 34.729911 0.6
97.845833 34.740694 0.5
98.139152 34.681759 0.7
98.523397 34.585441 0.5
99.15223 34.492749 0.6
97.757332 34.744218 0.6
97.756209 34.744564 0.7
98.877026 34.502307 2.7
98.876172 34.502177 0.7
97.681868 34.745044 0.6
98.397909 34.658268 0.5
97.832894 34.744963 1.0
97.990747 34.719425 0.5
98.43881 34.600859 1.6
97.570964 34.761015 0.6
97.588859 34.833386 0.6
98.376636 34.637541 0.6
99.315129 34.514404 0.5
98.411711 34.629854 1.0
98.03396 34.717826 1.4
97.743156 34.737492 0.5
99.133447 34.334932 0.9
97.626514 34.759762 0.8
98.008252 34.716064 0.7
98.205143 34.738131 0.8
98.654012 34.564111 1.0
98.502604 34.611536 0.5
98.771167 34.549272 0.5
98.111198 34.680066 0.5
97.740934 34.731274 1.1
97.771899 34.744572 0.5
97.979525 34.705872 1.1
98.884448 34.637431 0.5
98.405933 34.631421 0.6
97.821639 34.744604 0.9
98.110905 34.679919 2.0
97.596916 34.829838 0.5
99.052856 34.475362 1.7
98.11071 34.679887 0.7
98.872445 34.532316 0.5
98.490812 34.603809 0.5
98.59113 34.57887 1.7
97.680518 34.750106 0.8
97.659839 34.823836 1.0
98.494425 34.617082 0.5
97.737288 34.743396 0.7
98.056234 34.686462 0.6
97.810588 34.757166 0.5
97.532926 34.815926 0.9
99.216602 34.383403 0.6
98.493587 34.597734 0.5
97.744417 34.736397 0.6
98.667456 34.551831 0.5
97.739795 34.729789 0.6
97.539844 34.773857 0.6
98.522998 34.616333 0.6
97.773771 34.745841 0.7
98.364494 34.637826 2.4
97.681535 34.756433 0.5
99.089152 34.494885 1.4
97.752718 34.739408 0.9
98.974365 34.496977 0.8
97.683285 34.772201 0.5
97.775415 34.750891 1.0
98.939421 34.540889 2.3
97.752979 34.745455 0.5
97.768766 34.746216 0.5
97.742611 34.731844 0.5
97.48409 34.812402 0.6
97.98501 34.727861 0.8
97.603589 34.759578 0.5
98.249788 34.659644 0.7
98.375163 34.628788 0.5
99.10175 34.338013 0.5
99.10127 34.33761 0.5
97.527694 34.81512 0.6
97.819857 34.739795 0.5
99.137354 34.317765 0.5
97.557585 34.804944 1.0
98.428402 34.628943 0.7
98.957666 34.50002 0.7
98.497843 34.608663 0.5
97.775155 34.784285 0.7
99.185091 34.732019 0.8
98.526554 34.590035 2.0
99.161296 34.494413 0.5
98.761051 34.530745 1.5
98.06259 34.686125 0.6
99.031315 34.471635 2.3
98.764779 34.533577 1.0
98.626156 34.555278 0.6
98.308651 34.642952 0.6
97.744702 34.744938 0.8
98.61984 34.558512 1.0
98.242725 34.645874 1.8
97.536287 34.792936 0.8
97.709399 34.752775 1.0
98.532446 34.590938 0.5
99.329093 34.529195 0.8
97.724121 34.756079 0.6
99.32911 34.528402 0.8
97.62994 34.778739 0.8
97.772729 34.74526 0.6
97.61285 34.756018 1.1
99.351164 34.23007 0.7
99.102279 34.491911 0.5
97.817098 34.743583 0.7
97.630054 34.752315 0.7
98.934823 34.503833 1.3
97.69908 34.752421 0.8
98.687329 34.551054 0.8
97.746501 34.743518 0.7
97.599373 34.755172 1.0
99.146086 34.447091 1.3
97.894857 34.721672 0.8
97.557064 34.522864 2.1
97.559668 34.52356 2.1
97.562085 34.528772 1.1
97.572209 34.527926 0.6
97.585026 34.534819 0.6
97.562533 34.524349 2.6
97.559546 34.518644 0.8
97.682381 34.82124 0.7
97.573063 34.532589 0.8
98.767261 34.496232 0.9
98.561735 34.585413 1.1
98.424455 34.665076 2.5
98.424357 34.664323 0.6
99.103768 34.487793 1.1
97.679793 34.753353 0.9
99.155005 34.494576 1.2
99.019051 34.469238 1.4
98.301253 34.639636 0.9
98.612646 34.575606 0.5
99.06049 34.495451 1.0
97.973055 34.73383 0.7
97.671313 34.761914 0.5
97.740723 34.751363 0.7
97.775464 34.745959 0.6
97.546436 34.753792 0.7
98.05717 34.696558 0.7
98.686882 34.561926 0.6
98.614917 34.501697 0.5
98.495703 34.600277 1.0
97.567879 34.526998 0.6
99.023747 34.501815 0.9
98.602954 34.552893 0.6
98.311027 34.649666 1.1
99.08064 34.503756 0.5
97.825374 34.742891 0.6
98.658952 34.542794 0.5
98.490942 34.628805 0.6
99.340503 34.523621 0.5
98.580192 34.576298 0.5
97.760449 34.74443 0.9
97.639884 34.750871 0.7
97.771704 34.745854 0.5
97.746973 34.732715 1.2
98.003491 34.697274 0.7
98.782422 34.542444 1.0
97.774276 34.745459 0.8
98.539754 34.586499 0.8
97.720394 34.744804 0.9
98.554338 34.583602 2.0
97.770085 34.74517 0.5
98.501245 34.59895 0.5
98.755583 34.542712 0.5
98.511938 34.611149 0.5
98.378076 34.631596 0.5
97.770011 34.745166 0.6
98.190169 34.722945 0.9
98.502303 34.612866 1.3
97.566089 34.524508 0.5
98.502254 34.612573 0.5
97.773617 34.744071 0.5
97.745907 34.743844 0.6
97.731543 34.741715 0.7
98.456055 34.614628 0.5
97.515129 34.535579 1.6
98.873446 34.528324 0.8
98.479093 34.623071 1.0
97.988208 34.72902 0.7
97.734123 34.759562 0.6
97.774691 34.745129 0.7
99.333919 34.529736 0.6
97.652319 34.761894 0.5
98.502173 34.625712 0.5
97.585132 34.833927 0.6
99.156689 34.492208 0.7
97.746191 34.74342 0.6
99.106559 34.339783 0.8
97.777653 34.735124 0.6
98.622371 34.561161 0.7
98.486759 34.613216 1.0
97.983838 34.723844 1.0
97.536963 34.814681 0.5
98.480127 34.626029 1.7
97.757308 34.727104 0.5
98.496729 34.601449 0.9
97.417285 34.843302 0.5
99.114168 34.333805 0.6
98.508366 34.594295 1.6
98.190015 34.722917 0.8
97.727482 34.745317 0.6
97.428597 34.840483 0.6
98.455876 34.618278 1.4
97.590837 34.739685 0.6
98.610099 34.557222 2.3
98.611475 34.559538 1.3
98.479378 34.6257 0.8
98.502132 34.595528 0.6
98.458341 34.629203 2.3
97.747469 34.74342 0.6
99.114657 34.333907 1.6
98.611092 34.561955 0.5
97.75105 34.73818 0.6
98.196436 34.739709 0.6
97.503825 34.82395 0.7
97.73116 34.746021 0.9
97.933903 34.753853 0.5
99.278044 34.500736 0.6
97.726676 34.726261 0.5
99.115332 34.332996 2.0
97.615243 34.7705 0.5
99.024479 34.471224 1.9
98.336662 34.575464 0.7
97.979793 34.721623 0.7
97.610954 34.792582 0.8
98.216162 34.731482 0.5
97.584985 34.742778 0.7
97.749308 34.748604 0.6
97.777108 34.742314 0.5
98.288232 34.637744 0.5
98.509766 34.610754 2.1
97.655355 34.78516 0.8
98.301644 34.626933 0.6
99.093075 34.726945 0.7
98.460246 34.630526 0.7
97.630965 34.750981 0.6
97.689478 34.755477 1.0
99.232023 34.498014 0.6
98.907992 34.524561 0.8
97.752214 34.734578 0.7
98.502653 34.599654 0.8
97.768758 34.752885 0.6
99.151831 34.495113 0.8
97.550716 34.802852 0.8
97.761133 34.747148 0.5
97.718058 34.741142 0.6
98.903605 34.524906 0.5
98.457389 34.620492 0.5
98.654134 34.541777 0.8
97.748592 34.743819 0.6
97.640202 34.759224 1.2
98.875122 34.502157 1.0
97.522144 34.764559 0.5
97.523315 34.764726 1.0
97.769515 34.744417 0.8
97.769076 34.744661 1.2
97.758073 34.747506 2.1
97.688468 34.75542 0.6
97.975342 34.702983 0.9
97.468408 34.827507 0.6
97.768677 34.744938 1.0
98.43925 34.636829 0.5
97.759839 34.746745 1.2
98.99174 34.487455 2.2
97.990674 34.705676 0.5
97.843481 34.742977 0.5
98.509489 34.59696 0.7
97.556966 34.765068 0.7
98.509847 34.596692 2.7
97.718742 34.73103 1.7
97.674316 34.759151 0.6
99.097233 34.499084 0.7
99.334432 34.530273 0.6
97.744206 34.743376 0.8
98.493294 34.603267 0.5
97.743758 34.734688 0.5
99.072437 34.452047 0.5
98.538159 34.601139 1.0
97.687752 34.754834 0.6
99.317562 34.525724 0.5
97.745557 34.74185 0.6
98.832837 34.545752 1.2
97.769409 34.744845 0.5
97.755632 34.745984 0.5
98.572249 34.588883 0.5
98.532796 34.598702 0.6
98.005461 34.68877 0.5
98.019564 34.69871 0.5
98.511328 34.59482 0.5
97.552661 34.763778 0.8
97.639665 34.759403 1.2
97.482682 34.808598 0.8
97.715088 34.752478 0.6
98.876717 34.503072 1.1
97.510067 34.780819 1.1
98.509896 34.597347 0.6
97.746224 34.743363 1.0
98.848267 34.526095 1.2
97.573421 34.531425 0.6
98.531836 34.608712 0.5
98.568807 34.582043 1.3
97.990373 34.715723 0.5
97.623999 34.773368 1.1
97.739168 34.736918 0.5
98.661906 34.542224 0.5
97.980859 34.718404 1.5
97.98116 34.718481 1.8
97.766309 34.746838 0.5
97.744434 34.74517 0.7
99.133504 34.771395 1.3
99.100789 34.501359 2.3
99.099593 34.501131 0.9
97.742326 34.738184 0.5
99.099325 34.501261 0.6
99.099544 34.498572 0.7
98.604077 34.558569 0.5
98.37592 34.6321 1.0
99.100553 34.500989 1.8
99.100203 34.501062 1.6
99.068913 34.507483 1.0
97.748706 34.7394 0.7
97.505949 34.786873 0.5
97.665861 34.756836 0.5
97.919491 34.699988 0.6
97.585994 34.519242 0.7
97.820695 34.74421 0.7
97.727433 34.756213 0.8
97.747493 34.743298 0.6
97.763607 34.748376 0.5
98.48033 34.626082 1.1
97.980957 34.705074 0.6
97.572493 34.565584 1.4
99.285563 34.697481 0.5
98.492782 34.616565 1.1
99.257796 34.696187 0.7
98.574268 34.579382 0.6
98.464119 34.622388 0.9
97.568286 34.565328 0.7
98.565999 34.574764 1.1
97.965462 34.71497 0.6
98.501139 34.602368 1.4
97.707007 34.751554 0.6
97.575781 34.562785 0.8
98.686076 34.548027 0.8
97.772681 34.750985 0.5
97.589347 34.532397 0.9
97.583732 34.531738 2.1
97.707446 34.751514 0.5
97.620402 34.744816 0.5
97.544165 34.752677 0.7
97.754932 34.723523 0.6
97.74139 34.741976 0.5
97.744995 34.743669 0.5
98.3 34.639893 0.5
98.845915 34.553044 0.5
98.257104 34.656474 0.8
99.156405 34.485588 0.8
99.081486 34.500334 1.2
98.69834 34.534147 0.7
97.727669 34.726221 0.8
98.031901 34.717647 0.6
97.551978 34.80743 0.6
98.135799 34.668563 0.5
97.668123 34.755123 1.2
97.606649 34.838139 0.6
97.607015 34.838228 0.7
97.60437 34.838733 0.7
98.87535 34.502136 0.9
97.61215 34.838831 0.7
97.745378 34.743892 0.6
97.743457 34.745272 0.5
97.54502 34.796745 0.7
97.383529 34.784684 0.5
99.410994 34.539124 0.5
97.842725 34.738159 0.5
97.821273 34.743982 1.0
97.752889 34.744051 0.5
97.58724 34.770923 0.5
97.925024 34.732532 1.2
97.659025 34.757056 0.6
98.502189 34.600667 0.5
97.522233 34.768644 0.7
99.023918 34.498234 0.8
98.657576 34.566069 0.7
98.245052 34.649048 1.0
98.303719 34.64349 0.7
97.546785 34.761804 0.8
97.546305 34.761593 0.8
98.29847 34.631185 1.4
98.285173 34.691545 0.7
97.774438 34.746643 0.9
97.616593 34.743018 0.8
97.752718 34.748816 0.6
98.546566 34.602755 0.5
98.859497 34.519893 0.6
97.980387 34.708521 0.7
97.610425 34.728886 0.6
97.773893 34.746305 0.6
97.552865 34.8137 1.0
98.059521 34.708118 0.7
98.488989 34.620219 1.2
97.706934 34.797628 0.6
98.602987 34.555233 0.5
99.10835 34.337565 0.5
97.98208 34.718514 2.4
97.981698 34.718852 0.5
97.612183 34.565369 0.5
97.818099 34.743925 0.8
97.773991 34.722746 0.8
97.726953 34.74707 0.5
97.553475 34.749744 1.8
97.982145 34.718254 1.0
99.020247 34.475269 1.2
98.663778 34.552555 1.0
97.565454 34.517395 0.6
98.677775 34.542126 0.5
99.168408 34.49362 0.5
97.688127 34.754191 0.8
98.709049 34.553235 0.8
99.075008 34.464693 2.7
98.606657 34.558171 0.6
98.635604 34.567778 1.5
97.552702 34.813399 0.5
97.637476 34.759041 0.5
99.066162 34.503068 0.6
97.749821 34.739217 0.5
97.849479 34.739978 0.6
98.465153 34.627291 0.7
98.917879 34.524915 1.3
98.80498 34.544409 0.8
97.758903 34.747961 1.0
97.757015 34.748381 1.0
97.756396 34.748547 1.2
97.977108 34.728406 2.2
98.701335 34.534701 0.7
97.561637 34.763818 0.9
98.795565 34.526782 0.7
98.613005 34.556083 0.6
98.465299 34.629382 0.6
97.845166 34.698914 0.5
97.748014 34.733325 0.5
97.748039 34.732694 0.8
97.776204 34.745479 0.6
97.460563 34.870194 0.5
98.680876 34.554163 0.8
98.501335 34.59812 1.2
98.763753 34.530245 0.7
98.948454 34.50024 0.8
97.5986 34.780143 0.9
98.821631 34.538257 1.1
98.337972 34.664087 0.5
98.391545 34.550252 1.2
99.348934 34.527283 0.5
98.003638 34.698796 0.8
99.269971 34.667342 0.6
97.818823 34.745329 0.5
99.078442 34.495243 1.3
98.865145 34.537423 0.7
97.772559 34.745475 1.1
98.537956 34.6099 1.1
98.665129 34.55769 1.2
98.832227 34.545544 1.1
98.231356 34.662887 0.6
98.608398 34.582235 0.5
97.746265 34.742765 0.5
99.00634 34.497982 0.7
97.507682 34.863118 0.7
97.596151 34.775944 3.3
98.496444 34.604215 0.9
97.611255 34.77959 1.0
97.67054 34.756234 1.2
98.904199 34.48975 0.5
98.759261 34.542464 1.0
97.669946 34.750614 0.8
98.407918 34.629411 1.6
97.615731 34.773132 0.6
97.76377 34.746212 0.5
98.929883 34.505501 0.6
97.676131 34.759896 1.6
98.888338 34.552327 0.9
97.828027 34.742944 0.6
98.472363 34.627197 1.0
98.511271 34.594462 3.0
98.562231 34.589514 0.6
97.506242 34.765898 1.0
97.958952 34.71416 0.6
97.442513 34.853381 0.5
97.762695 34.748283 1.2
97.604199 34.841272 0.8
97.468164 34.83186 0.7
98.571167 34.584668 1.1
97.668929 34.762842 1.0
97.75791 34.746724 0.6
97.770166 34.740039 0.5
97.820451 34.746322 0.6
99.331348 34.530603 0.5
97.768685 34.740312 1.1
97.730143 34.739128 0.5
97.822998 34.748421 0.5
97.714022 34.747624 0.5
97.532511 34.767749 0.5
98.736296 34.535278 1.2
97.742993 34.746965 0.5
98.932804 34.501192 0.7
98.669572 34.669234 0.7
97.773991 34.745793 0.7
97.560783 34.752433 1.1
97.601302 34.780005 1.0
99.154826 34.494421 0.8
98.570207 34.574438 0.5
97.746655 34.733667 0.5
98.502433 34.595679 0.7
98.954053 34.500883 1.0
98.807853 34.527177 0.5
98.76154 34.511271 0.6
97.842977 34.741394 0.5
98.430086 34.620337 0.5
98.329297 34.660071 0.5
97.784212 34.717558 0.5
98.471891 34.604504 0.6
98.496558 34.600777 1.4
97.52985 34.747648 0.6
97.64681 34.773499 1.2
98.502913 34.596175 0.5
97.622493 34.778422 0.9
98.513306 34.618014 0.6
97.649674 34.772693 0.5
97.549129 34.749483 0.8
98.770654 34.539738 0.5
97.548853 34.749593 0.8
97.570239 34.771379 0.6
98.771248 34.551888 0.6
98.51049 34.623641 0.5
97.59751 34.779435 0.5
97.791374 34.728703 0.6
97.640104 34.774264 0.5
98.503613 34.603296 1.6
98.975496 34.49386 0.8
98.763997 34.555233 0.8
98.764461 34.55507 1.8
98.815454 34.540621 1.6
97.854891 34.739913 0.9
99.180452 34.504456 0.5
98.383976 34.645386 1.1
97.742033 34.739189 0.7
97.73007 34.736845 0.5
98.815576 34.540767 0.8
98.949772 34.516227 0.6
97.608984 34.77712 0.6
98.982992 34.487699 1.6
97.779867 34.747103 0.6
98.466781 34.626945 0.5
98.528524 34.598018 0.5
98.050415 34.710962 0.6
97.756535 34.731681 0.6
97.803654 34.7507 0.6
97.732617 34.758305 0.5
99.022811 34.502641 0.5
97.979321 34.703247 0.8
97.548918 34.748336 0.8
98.806689 34.564551 0.7
98.773991 34.51685 0.5
98.806706 34.564518 0.8
98.53501 34.590845 0.7
98.523966 34.624219 0.7
97.595622 34.779578 0.9
98.534603 34.5835 0.5
98.515771 34.589132 0.5
98.139079 34.690666 0.5
98.758285 34.538859 0.6
97.843774 34.735706 0.5
97.90874 34.732393 0.6
97.667961 34.762659 0.9
98.6191 34.55422 0.5
98.205819 34.725793 0.5
98.205485 34.738163 1.0
97.746834 34.735441 2.1
97.679704 34.734298 0.5
98.749992 34.504439 0.5
98.08291 34.698592 1.9
98.510531 34.597416 1.2
98.625464 34.556632 0.7
97.753442 34.744629 0.6
98.02889 34.707275 0.6
97.487207 34.798722 0.9
98.554736 34.594747 0.6
98.74576 34.549695 0.6
97.745158 34.756478 0.5
97.864128 34.736235 0.9
99.039681 34.460205 0.7
98.501831 34.597652 0.6
99.196257 34.509823 0.8
98.466805 34.626917 1.4
99.093701 34.504602 1.3
97.728092 34.744556 0.6
97.668799 34.760291 0.6
98.458561 34.632015 0.6
97.514209 34.76464 0.6
98.504525 34.59696 0.5
98.275399 34.619897 0.6
97.861987 34.731649 1.5
98.500635 34.587077 0.6
98.496631 34.599841 0.6
98.976164 34.486922 0.6
98.754631 34.553975 0.5
97.749626 34.741911 0.6
97.745207 34.742391 0.7
98.270833 34.664978 0.7
97.861271 34.73186 0.5
97.671899 34.753345 0.6
98.000138 34.705054 0.8
98.243254 34.662329 1.3
98.5271 34.585579 0.6
97.791829 34.728328 0.5
98.263623 34.658594 0.7
97.861768 34.731783 0.5
97.751465 34.748637 0.8
98.831201 34.546151 0.5
98.529508 34.60673 0.5
98.513647 34.597469 0.5
98.436727 34.594552 0.5
98.022477 34.718937 0.6
99.072021 34.45518 0.6
98.755013 34.553943 0.5
97.539014 34.786719 0.8
97.746436 34.746326 0.7
98.456299 34.615649 0.5
98.868856 34.550875 0.5
98.619352 34.558028 0.7
98.535205 34.579321 0.5
98.619792 34.558085 0.7
97.651953 34.782231 0.8
97.775293 34.745939 0.7
97.68147 34.735828 0.5
97.724414 34.759257 0.7
97.528931 34.774463 0.6
97.707227 34.749255 0.5
97.529207 34.750423 0.7
98.273926 34.649699 0.8
97.539941 34.53879 1.8
99.210132 34.311137 0.5
98.873698 34.522347 0.8
97.981681 34.706287 0.5
98.227637 34.653979 0.5
97.706388 34.731539 0.7
97.736035 34.756714 0.6
98.574878 34.589449 0.8
97.573893 34.86012 0.7
97.730257 34.74683 0.6
97.745573 34.747762 0.6
98.510929 34.595691 1.7
98.692603 34.533675 0.5
98.485531 34.620361 1.0
97.968099 34.711528 0.7
99.088558 34.509151 0.7
97.969238 34.713798 0.6
98.511613 34.595638 0.8
97.541618 34.770186 2.5
97.725537 34.776152 0.5
98.24375 34.649947 0.8
98.163582 34.681254 0.5
97.543457 34.770422 1.6
98.582153 34.585913 0.7
98.372681 34.628662 1.2
98.721338 34.551501 0.5
97.687931 34.746615 0.5
97.774878 34.745646 0.6
98.932821 34.501794 0.5
97.84869 34.740259 0.7
98.786434 34.536271 0.5
97.744181 34.738757 0.5
97.5375 34.751807 0.8
97.790568 34.719153 0.6
97.74751 34.733573 0.6
97.779378 34.74694 0.7
98.534928 34.589209 1.3
98.532275 34.583708 0.5
98.662134 34.542249 0.5
98.527222 34.583679 0.5
98.975944 34.48842 0.5
98.019344 34.719873 0.6
97.963289 34.715556 2.2
99.098112 34.496875 0.5
99.073153 34.451359 0.5
99.191895 34.390613 0.6
97.766911 34.746358 1.1
97.682943 34.736735 0.5
98.265316 34.672738 0.5
98.75446 34.553979 0.7
98.730542 34.585571 1.6
97.992334 34.726925 0.6
97.764315 34.739718 1.0
99.025545 34.465995 0.7
98.91075 34.497131 1.7
98.041496 34.692594 1.2
97.878914 34.724398 0.8
97.709985 34.748446 0.5
98.537712 34.600517 0.9
98.911247 34.479395 0.6
97.760742 34.754268 0.7
97.656364 34.759342 0.5
97.727116 34.751579 0.8
97.8361 34.735238 0.6
99.009969 34.477869 2.6
97.748153 34.732955 0.7
98.474382 34.60981 1.1
99.190788 34.497782 1.1
99.186686 34.487219 1.0
99.190942 34.497656 1.2
98.288005 34.654521 0.5
99.028939 34.495125 1.9
97.740047 34.737882 0.6
98.974463 34.488546 0.8
97.714909 34.728479 0.6
98.584611 34.570117 0.5
98.879549 34.532931 0.6
97.593302 34.759119 0.5
97.541309 34.767647 0.9
97.645988 34.759538 0.5
98.947917 34.50024 0.5
97.680371 34.759993 0.5
97.527384 34.767037 0.8
98.394165 34.631185 0.5
98.464331 34.609745 0.6
99.122827 34.300944 0.5
97.601131 34.589823 0.9
98.286035 34.650012 1.3
97.765641 34.740104 1.3
97.748893 34.713521 0.9
98.807682 34.527344 0.6
97.775586 34.745211 0.5
98.952677 34.501839 0.8
97.982292 34.798779 0.5
97.750741 34.74482 0.9
97.773617 34.750452 0.5
97.528068 34.767814 0.6
97.759562 34.748739 0.6
97.704159 34.730591 0.5
97.780827 34.746175 0.6
98.466374 34.630754 1.1
98.466455 34.630884 1.0
98.466634 34.630868 0.6
97.766838 34.741007 0.5
97.81381 34.747831 0.9
97.964014 34.711361 0.6
97.686255 34.754525 0.8
98.790088 34.575944 0.5
97.777238 34.74303 0.7
97.656047 34.787378 1.1
97.80953 34.746342 0.5
99.022485 34.505249 1.1
98.527612 34.583557 0.6
98.012264 34.698889 0.9
97.715495 34.726103 0.5
97.599202 34.74047 0.5
99.184806 34.501359 0.6
98.477979 34.623499 0.7
98.110881 34.699638 0.5
97.769564 34.745524 0.9
98.981755 34.487537 1.1
98.41215 34.629862 0.8
99.281185 34.673751 0.6
98.25057 34.646777 0.7
99.157381 34.49266 0.5
97.772038 34.744576 0.5
98.367269 34.615751 0.5
97.895435 34.724699 0.6
97.723592 34.739775 0.6
99.081087 34.497062 0.5
99.088818 34.496834 0.7
97.754826 34.745821 0.6
97.701017 35.011755 0.7
98.530444 34.589343 1.0
98.509513 34.606767 0.5
97.840194 34.731266 0.6
98.423763 34.620813 1.6
97.823804 34.745268 1.4
98.873315 34.52404 1.1
99.077881 34.489506 0.7
97.862703 34.701078 0.6
97.862484 34.701021 0.8
99.065251 34.457251 0.5
98.037557 34.699231 1.1
98.509033 34.610063 0.7
97.608675 34.564303 0.5
98.123364 34.684066 1.4
97.771021 34.74506 0.5
98.720687 34.531099 0.6
98.762972 34.511711 0.5
97.798381 34.747441 0.7
97.745378 34.734843 0.5
97.501799 34.766052 0.6
97.855827 34.737227 0.8
97.739933 34.738078 1.3
97.538761 34.533789 1.1
97.977531 34.721802 1.6
97.745955 34.73433 0.7
97.507113 34.818575 0.6
98.421191 34.621086 1.9
97.611279 34.564754 1.4
97.609033 34.564876 0.7
97.614315 34.564355 0.6
97.736662 34.739038 0.8
97.550301 34.754431 0.6
97.832503 34.745732 0.5
97.771598 34.745459 0.6
97.771818 34.745508 0.5
98.458439 34.620382 2.7
97.705737 34.734875 1.0
97.75634 34.746704 1.2
98.406315 34.626628 2.2
98.49502 34.62002 0.5
97.535246 34.772302 0.5
99.099007 34.498844 0.6
99.270378 34.66735 1.0
98.00415 34.69067 0.5
98.501156 34.597913 1.4
97.730957 34.757796 1.3
97.824243 34.744621 0.5
98.945768 34.501546 0.9
98.504321 34.595996 0.5
98.504378 34.595882 0.8
98.004069 34.690816 0.9
97.749544 34.746114 0.5
99.114274 34.323466 0.5
98.60319 34.560437 1.1
98.773185 34.516899 1.5
99.114583 34.323645 0.5
98.521859 34.615698 0.5
99.018278 34.502389 1.0
98.521842 34.615816 1.1
98.526025 34.585514 2.2
99.231624 34.499422 2.3
98.460783 34.624162 0.6
97.523201 34.786393 0.7
99.029696 34.494796 2.2
98.505827 34.609359 0.5
98.111304 34.337899 0.9
98.466097 34.629354 0.7
97.748641 34.752987 0.9
98.772933 34.516549 1.0
98.497591 34.599447 0.8
98.654915 34.55859 0.8
98.852303 34.543111 2.2
97.541382 34.769718 0.7
97.620964 34.759998 1.3
98.972038 34.49679 1.2
98.507568 34.619625 0.5
98.972038 34.496326 0.5
97.730819 34.74294 0.6
97.822257 34.744889 2.2
98.017904 34.697408 0.8
98.241577 34.737887 0.6
97.73291 34.750875 1.1
97.542472 34.759233 0.5
98.599007 34.562541 0.6
97.554159 34.763326 0.7
99.33007 34.530404 0.5
98.77277 34.516642 0.6
98.92758 34.473185 1.3
97.65424 34.813399 1.5
98.486458 34.611214 1.4
99.155599 34.491752 0.6
97.533813 34.750985 0.6
98.954451 34.50142 0.6
98.934977 34.503963 1.4
97.689982 34.738977 0.7
97.792537 34.780196 1.1
98.716056 34.552507 0.5
97.771818 34.744214 0.8
99.120418 34.499365 0.7
98.930436 34.511995 0.8
97.738745 34.739526 0.5
97.6066 34.759941 0.6
99.108634 34.541882 1.2
98.930737 34.511877 1.6
98.515169 34.603247 0.6
97.754834 34.744132 0.5
99.093579 34.453296 0.8
99.04047 34.46897 0.6
98.938053 34.544063 1.0
98.50293 34.599715 1.3
98.976855 34.487988 0.8
97.595044 34.560958 0.7
98.510327 34.623551 0.5
97.557764 34.543311 0.7
98.567017 34.571493 0.5
97.702962 34.745162 0.8
99.028394 34.494735 0.5
98.237736 34.671859 0.5
98.578597 34.576961 0.5
97.759172 34.746102 0.8
97.733252 34.742131 0.5
98.521623 34.599438 1.0
97.719377 34.756551 0.5
98.531462 34.583862 0.6
98.934416 34.50516 0.5
97.756396 34.746936 0.5
98.567212 34.575354 0.6
98.720288 34.531177 0.5
98.49716 34.60223 0.5
98.196346 34.739746 0.8
97.744865 34.734896 1.2
98.455599 34.627246 1.2
98.364518 34.629183 0.9
97.820711 34.742448 0.7
97.527197 34.796688 0.9
99.02255 34.471871 1.7
99.330029 34.530404 0.5
98.933496 34.512708 1.6
98.871305 34.507878 0.8
97.750163 34.744999 1.0
97.822721 34.745312 0.5
97.665609 34.814535 0.8
97.734106 34.759794 0.5
98.518774 34.596549 0.9
97.821419 34.744755 0.8
99.142147 34.444796 0.5
97.439518 34.775692 2.1
97.440812 34.775899 1.3
98.871395 34.525623 1.7
97.440869 34.77526 1.9
98.619368 34.556726 2.3
98.387337 34.634281 0.7
98.476904 34.614551 0.5
98.502889 34.596187 1.0
97.708187 34.748726 0.5
97.770768 34.749508 1.1
99.023958 34.457865 0.6
97.799137 34.73079 0.5
98.637012 34.567273 0.5
97.75988 34.726497 0.6
97.746208 34.72841 0.5
97.960921 34.723421 0.7
98.512809 34.595626 0.6
98.392708 34.634766 0.5
97.718555 34.800997 0.8
97.636955 34.758752 1.9
97.972689 34.722058 0.6
98.520125 34.600114 0.9
97.741675 34.740133 0.5
97.775871 34.749569 0.5
97.753711 34.747172 0.5
97.748356 34.745113 1.2
97.740291 34.744503 1.8
99.230347 34.525793 0.7
97.982251 34.730151 0.8
98.40555 34.626705 2.2
97.821956 34.744893 1.5
97.821761 34.742973 0.8
97.704744 34.730359 0.5
97.749544 34.747396 0.6
97.742244 34.74965 0.5
98.422257 34.625146 0.5
97.558993 34.753918 0.7
98.623983 34.570479 0.8
97.552661 34.754362 0.5
99.210571 34.502885 1.0
97.719661 34.731991 0.7
97.549455 34.765043 0.6
97.627588 34.752543 0.8
97.615999 34.76628 0.5
97.412606 34.818359 0.7
97.460018 34.738647 1.2
98.899121 34.500313 0.8
99.009359 34.498816 0.6
98.476156 34.613236 0.6
98.869157 34.527942 0.5
98.627417 34.576558 0.5
98.501644 34.600911 0.6
97.745223 34.742745 0.5
97.60293 34.778137 0.5
98.529875 34.585254 0.6
97.539575 34.796488 0.7
97.536882 34.797563 1.7
98.966976 34.49742 0.5
97.753898 34.748161 0.5
97.852555 34.738102 0.8
98.515658 34.595964 0.5
97.7111 34.749573 0.5
98.548096 34.576921 0.8
99.145166 34.497506 0.7
97.777051 34.745549 0.5
97.775903 34.745772 0.6
97.808708 34.757149 0.6
99.103817 34.327087 0.6
98.50494 34.595939 0.6
97.992627 34.731116 0.6
99.097868 34.49222 0.7
98.970264 34.496712 0.6
97.890007 34.731441 0.5
97.612492 34.5651 0.5
98.328784 34.130971 0.8
98.288826 34.656913 1.7
97.889201 34.717008 1.8
97.582161 34.531958 0.7
98.609009 34.57417 0.9
99.193392 34.3913 0.5
97.53527 34.770471 1.0
97.660246 34.824471 0.7
98.833936 34.539962 0.5
98.497184 34.610628 0.6
98.904451 34.528593 1.6
98.54563 34.579529 1.7
98.348682 34.673771 0.7
98.348649 34.673674 0.6
97.815243 34.746297 0.7
97.988387 34.7203 0.6
97.705151 34.734851 1.0
98.503996 34.60142 0.5
97.772111 34.745215 1.6
97.772453 34.74447 1.0
99.311239 34.515222 0.5
99.099243 34.336174 0.6
97.712476 34.752445 0.7
98.39222 34.63492 0.6
99.330485 34.530713 0.6
98.96971 34.50009 0.6
97.61027 34.761263 1.7
97.692847 34.754036 0.5
97.605908 34.757088 1.2
98.5493 34.599304 0.8
97.749528 34.746525 0.5
97.726961 34.759139 0.5
98.970687 34.494934 0.5
97.602214 34.757312 1.1
97.776473 34.747331 1.4
98.62863 34.569316 1.4
97.778141 34.746977 0.5
98.13182 34.684106 1.3
98.517033 34.60304 0.5
97.76014 34.743058 0.8
97.757389 34.726261 0.9
97.767692 34.752429 0.5
98.49283 34.60282 0.6
97.997811 34.70649 0.6
97.817188 34.75448 0.7
98.424422 34.621651 0.6
97.704948 34.753271 1.1
97.97277 34.706055 0.5
98.053654 34.686759 0.8
98.563436 34.595243 0.7
98.950944 34.468693 1.8
98.003402 34.701652 0.8
97.713192 34.749479 0.6
98.661743 34.541504 0.8
97.688794 34.755334 0.9
97.660645 34.76132 1.4
97.740072 34.729057 0.6
97.75236 34.745862 0.8
98.787826 34.598958 0.7
98.053215 34.686759 0.8
97.990804 34.78044 0.7
98.526506 34.598641 1.8
98.5545 34.59104 1.2
97.922583 34.704643 1.4
98.873893 34.522673 0.8
99.084082 34.428756 0.5
97.82443 34.744629 0.5
97.691838 34.754696 1.5
99.036523 34.499947 0.9
98.253475 34.650358 0.5
97.659766 34.761483 0.5
97.603451 34.757662 0.5
97.750521 34.741813 0.5
97.83623 34.73505 1.5
97.630282 34.772856 0.5
99.133773 34.447099 1.0
99.11783 34.324288 1.5
97.782349 34.718567 0.6
99.084041 34.428743 0.5
99.117033 34.323946 0.8
99.117855 34.324972 0.6
97.680591 34.756319 0.6
98.873006 34.527625 1.2
97.894482 34.712992 0.5
97.777181 34.749959 0.5
98.938664 34.510201 2.4
98.927222 34.473035 1.1
98.535002 34.610624 0.5
97.768701 34.739746 0.5
97.741838 34.727246 0.7
98.522965 34.60002 1.7
97.835872 34.734981 0.5
97.771769 34.746562 0.8
99.143009 34.324886 1.7
98.478231 34.618551 0.9
98.799487 34.52821 1.1
98.886361 34.503174 0.6
97.749463 34.745329 0.7
97.946021 34.721806 0.5
98.622274 34.556433 3.6
98.621029 34.55745 3.4
97.526636 34.799052 0.7
97.922933 34.70439 0.9
98.628133 34.555042 0.6
98.621257 34.556816 0.7
98.886214 34.50317 0.6
98.621053 34.557072 0.5
97.534774 34.766553 0.6
97.546606 34.77207 0.8
99.164722 34.308146 1.2
97.6309 34.768384 0.5
98.509871 34.61016 0.5
97.460474 34.871163 1.4
97.824406 34.74443 0.5
97.920288 34.699182 1.1
98.506991 34.606527 0.6
98.601367 34.576705 0.5
97.775309 34.745146 0.5
97.670028 34.763501 1.1
97.822103 34.745679 1.1
97.740365 34.742578 0.5
98.523543 34.604325 0.8
98.423006 34.60872 0.5
97.822917 34.738428 0.5
97.820549 34.748177 0.7
98.501522 34.599593 0.5
98.886523 34.503097 0.7
99.341268 34.526314 0.6
98.377026 34.634375 1.3
98.007642 34.688936 0.8
97.777148 34.746777 0.5
98.503003 34.595264 0.6
97.731982 34.743433 0.9
98.436206 34.597481 0.5
97.772339 34.744893 0.7
98.471924 34.583053 1.0
98.437451 34.597599 0.5
97.464893 34.870227 0.6
98.84991 34.559867 0.5
98.164372 34.683728 0.6
97.741048 34.735535 0.5
97.548104 34.771139 1.0
99.067196 34.470577 0.5
99.154232 34.490027 0.9
97.507406 34.812565 0.6
98.191935 34.703451 1.1
98.104826 34.691178 0.5
97.524927 34.798722 0.6
97.824121 34.744499 0.6
97.631193 34.752661 0.6
99.007365 34.495959 1.1
97.872469 34.726388 1.0
99.00708 34.49587 0.8
99.34904 34.527087 0.7
97.673161 34.743579 0.6
97.973234 34.721293 0.5
99.274007 34.548983 1.6
97.559619 34.764368 1.1
97.557292 34.764889 1.1
97.442529 34.810177 0.5
97.804484 34.745646 0.5
97.976945 34.729016 0.8
98.52981 34.587443 1.5
97.764437 34.740287 0.6
97.633757 34.743306 0.6
97.757837 34.750159 0.7
98.530037 34.587374 1.4
98.673942 34.554325 1.0
98.504533 34.597563 0.5
98.848796 34.535893 1.3
97.561361 34.764152 0.9
97.645036 34.778044 0.9
97.558822 34.530579 0.9
98.523031 34.602445 0.5
97.680884 34.756392 0.8
97.592961 34.756226 0.5
99.089648 34.505306 2.4
98.556649 34.596073 0.6
97.803841 34.745772 0.7
97.81381 34.74764 0.8
97.897339 34.724394 0.8
97.520736 34.768575 0.5
97.685116 34.745178 0.6
98.491423 34.622103 0.5
98.537183 34.589697 0.5
97.753304 34.800224 1.2
98.691569 34.544861 0.5
97.776611 34.746908 0.5
98.497762 34.608138 0.7
97.912427 34.728483 0.9
97.797127 34.75186 0.5
97.780013 34.744902 0.6
98.528418 34.597103 0.5
97.739673 34.736621 1.5
97.811971 34.742261 0.9
97.740869 34.73066 0.5
97.857397 34.734583 1.1
98.981551 34.4863 0.5
98.587044 34.567586 0.5
98.586149 34.567399 1.1
99.014038 34.495626 0.6
97.814893 34.744185 0.5
99.030949 34.503573 1.0
97.793481 34.749622 0.6
98.885775 34.530302 0.5
97.65918 34.75977 0.5
97.983757 34.728166 0.5
97.762801 34.748625 0.5
97.514884 34.770614 0.5
97.980697 34.72432 0.9
97.752856 34.73995 1.1
97.744352 34.742285 1.4
98.886499 34.503174 0.5
98.504118 34.625195 0.7
97.718481 34.750684 0.5
98.507015 34.606917 0.6
99.128947 34.325033 0.6
99.127645 34.439604 1.4
99.074683 34.503849 0.7
97.889754 34.726587 0.7
97.861719 34.715613 0.7
97.749146 34.747721 0.5
98.504036 34.613761 0.5
99.103516 34.449329 0.6
97.574504 34.742179 0.5
97.650358 34.747904 0.5
97.496094 34.763501 0.6
99.071208 34.500208 1.5
98.536263 34.602625 0.5
98.503597 34.599361 0.8
98.310872 34.651717 0.5
97.816797 34.743311 0.7
97.980615 34.718852 0.5
97.751383 34.738656 0.7
99.105143 34.326322 0.7
98.538647 34.58232 1.1
98.787777 34.537398 0.7
97.765487 34.746932 0.9
97.980477 34.704956 1.3
97.842716 34.741695 0.5
97.817065 34.74294 0.6
97.981283 34.704484 0.5
97.562736 34.763135 0.6
97.626058 34.745878 0.5
99.459709 34.166703 0.8
98.498958 34.609953 0.7
98.947306 34.464868 0.6
97.730461 34.74751 0.7
98.678174 34.554985 1.0
98.684684 34.555387 1.3
98.341732 34.638041 0.6
97.737834 34.744682 0.8
98.473665 34.713774 0.5
97.708667 34.735075 0.6
97.853084 34.736446 0.6
98.503589 34.600342 0.5
97.613818 34.816748 0.5
98.720475 34.530363 0.5
98.524829 34.602974 1.7
97.770223 34.745671 0.5
97.690584 34.754732 0.9
97.507959 34.760624 0.6
98.503491 34.595345 0.5
97.436434 34.842265 1.2
98.301563 34.627205 0.5
97.985229 34.728186 0.6
97.753076 34.738 0.5
97.540861 34.811214 0.5
97.615438 34.755782 1.1
97.556763 34.767814 0.6
97.591724 34.778101 0.7
98.492196 34.598828 0.5
97.567155 34.759932 0.6
98.766683 34.628894 1.2
98.504378 34.596899 1.3
98.595492 34.578613 1.0
98.502702 34.597107 0.8
97.771509 34.744491 0.6
98.558643 34.58608 0.6
98.607259 34.561133 0.5
98.252173 34.650195 0.5
97.698128 34.753682 0.5
99.18326 34.509774 0.6
97.50695 34.770711 0.5
97.535254 34.836837 1.1
97.758114 34.751786 1.0
97.413989 34.842944 1.2
99.269328 34.667436 0.6
97.788623 34.714889 0.5
97.587321 34.742843 0.7
99.154085 34.440161 0.8
99.270003 34.667546 0.9
97.794824 34.716508 0.5
97.754142 34.74563 0.9
98.787508 34.550948 1.4
98.551424 34.592664 0.7
97.742928 34.748828 1.4
97.816667 34.745968 0.8
98.454932 34.61652 1.0
98.454671 34.616418 1.1
97.709635 34.751982 0.5
99.10651 34.339372 0.5
98.503874 34.596395 0.7
97.548063 34.813452 0.6
98.575106 34.587561 0.7
98.935563 34.542354 0.5
98.77793 34.550724 1.0
97.50931 34.79189 0.6
98.943726 34.542187 1.3
98.531144 34.584652 0.8
98.602181 34.578202 0.5
97.734391 34.744653 0.7
98.467334 34.615841 0.6
97.737622 34.739417 0.6
97.978117 34.719043 0.5
98.045085 34.69718 0.5
98.504085 34.596456 0.5
98.720882 34.531063 0.5
97.546875 34.760429 0.8
97.738151 34.743937 0.5
98.711678 34.54635 0.7
98.799113 34.559566 0.6
98.437663 34.616732 1.8
97.948999 34.722856 1.4
98.494678 34.600427 1.2
97.962817 34.711674 0.7
97.744572 34.734696 0.6
99.189299 34.515645 0.5
97.824032 34.744979 0.5
99.112264 34.332646 0.6
97.733748 34.738981 0.5
98.39366 34.632817 2.1
97.983317 34.717525 0.7
99.026758 34.498604 0.5
98.510384 34.623283 2.2
98.510213 34.623438 0.6
97.743994 34.734176 1.0
97.744132 34.734416 0.5
97.749382 34.739486 0.5
97.769971 34.745203 0.5
98.277661 34.146476 0.8
98.90599 34.520581 0.5
99.276717 34.49989 0.7
97.590218 34.78066 0.6
98.806885 34.539974 0.5
97.818831 34.743258 0.5
97.879565 34.72535 0.7
97.923307 34.722518 2.0
98.952401 34.498608 0.5
99.329061 34.530286 0.7
99.337638 34.49797 0.7
99.105029 34.427368 0.5
98.355094 34.633761 0.6
98.511751 34.599264 0.8
98.355249 34.633716 0.8
97.756486 34.736145 1.0
97.812402 34.74681 1.0
98.313078 34.641988 0.5
97.759334 34.74338 0.8
97.978833 34.725505 0.5
97.827279 34.745467 1.2
98.626522 34.552384 0.5
97.728573 34.744739 0.6
99.311206 34.510974 0.6
98.782682 34.589364 1.1
98.502905 34.597135 0.8
97.556372 34.775163 1.0
97.869425 34.731283 0.8
98.466024 34.610498 0.9
97.77408 34.748796 0.8
98.877881 34.502576 0.7
98.966927 34.501876 0.5
97.573275 34.552201 0.5
98.074878 34.704716 0.6
98.722184 34.529761 0.7
98.901204 34.512524 0.6
97.970915 34.722225 0.9
97.768083 34.740715 0.5
98.936466 34.501664 0.6
99.102466 34.427563 3.5
99.098608 34.437012 0.7
99.103979 34.428752 0.6
99.101538 34.423051 0.8
99.105469 34.425431 0.7
99.084855 34.508167 0.7
98.559139 34.591146 0.8
98.463664 34.609705 1.2
97.532642 34.769031 0.5
97.82216 34.74528 0.5
98.491854 34.603573 1.2
98.441789 34.623104 0.8
98.36792 34.636837 0.7
97.515129 34.74847 0.5
97.611629 34.766732 0.5
98.554679 34.591195 1.6
98.554224 34.591215 0.9
98.051367 34.711584 0.6
98.051514 34.711682 1.6
98.770711 34.569051 1.1
98.608773 34.561654 0.8
97.572925 34.554134 0.7
97.771037 34.745557 0.5
97.774097 34.772144 0.8
97.699642 34.754476 1.7
98.504329 34.595931 1.4
97.717293 34.749695 1.0
98.500749 34.598201 0.5
98.495353 34.609033 0.5
98.554972 34.590987 1.1
98.526335 34.603333 0.6
97.616634 34.736666 0.5
97.497388 34.764201 0.5
97.803247 34.760551 0.5
97.543237 34.752323 0.5
97.495394 34.762805 0.5
98.553849 34.591357 0.9
98.873014 34.522937 0.6
97.727409 34.760356 0.5
98.786523 34.536027 0.5
98.25105 34.762199 0.5
97.693465 34.752458 0.7
97.73938 34.737394 1.8
97.735002 34.741374 0.6
97.81276 34.746855 0.6
98.491602 34.621257 1.1
99.309595 34.512215 0.6
98.336165 34.671619 0.6
98.496362 34.602104 0.7
97.434375 34.859644 0.6
97.659074 34.759729 0.5
97.519897 34.742676 0.5
99.074365 34.449634 0.9
97.577336 34.74443 0.5
97.814982 34.743689 0.5
97.660897 34.759717 0.6
97.747567 34.724634 0.5
97.746257 34.724947 0.7
97.744417 34.725224 0.7
97.743555 34.726717 0.5
97.745939 34.724841 0.5
97.744824 34.741626 0.6
97.601164 34.738725 0.8
97.592798 34.769556 0.7
97.619914 34.785018 0.5
98.792155 34.547738 0.5
97.547192 34.756388 0.6
97.85721 34.734802 0.6
97.823617 34.739653 0.7
97.494832 34.828695 0.8
97.987248 34.727616 0.5
98.876595 34.502254 0.9
97.752881 34.732939 0.7
97.824699 34.745337 0.5
98.437524 34.616313 0.5
97.741838 34.746106 0.6
98.689014 34.621346 0.6
97.584945 34.773201 0.5
97.54904 34.782617 1.0
99.426628 34.545903 0.6
98.505322 34.602568 0.5
98.034554 34.695646 0.6
97.72828 34.740784 0.5
97.98313 34.730131 1.4
97.541398 34.772245 0.8
98.511483 34.634668 0.7
97.590999 34.739803 0.8
97.660563 34.759436 0.8
98.553564 34.602779 0.5
99.066325 34.454777 1.1
97.824276 34.744397 0.5
97.821257 34.747884 0.6
98.615926 34.559481 0.7
97.700822 34.752311 0.5
97.602441 34.74469 0.5
97.775317 34.74598 0.5
98.588794 34.545304 1.0
97.753442 34.748836 0.5
98.583431 34.560384 1.1
97.776929 34.781893 1.2
97.754403 34.73466 0.6
97.748242 34.737472 0.6
98.525513 34.630949 0.6
97.735718 34.756144 0.6
97.773169 34.745959 0.8
97.414119 34.815955 0.5
98.356453 34.629268 0.7
97.965251 34.717151 0.9
99.126807 34.439657 2.2
98.77915 34.549719 0.9
98.355965 34.629041 1.1
98.500732 34.621232 1.8
98.814591 34.540133 0.5
98.955265 34.558232 0.5
99.328166 34.542428 1.3
97.960132 34.764213 0.5
98.510539 34.623088 0.7
98.573022 34.580339 0.5
97.742114 34.729728 0.7
98.794108 34.527677 0.5
97.740365 34.731417 0.5
98.960384 34.859574 0.5
99.11613 34.323568 1.3
97.704598 34.753129 0.5
99.295907 34.519478 0.9
97.611051 34.747571 0.7
98.05092 34.702018 0.7
97.622754 34.755042 0.5
97.62137 34.756173 0.5
97.754443 34.747603 0.8
97.922054 34.732996 0.7
98.788932 34.537398 1.0
97.65262 34.75262 0.5
98.467098 34.618119 1.9
97.568148 34.781197 0.7
99.096851 34.487174 1.2
98.011206 34.690226 0.5
99.104704 34.421456 1.3
97.531917 34.783289 0.5
98.717676 34.530949 0.8
99.424837 34.545231 0.5
98.491772 34.603662 1.1
98.311035 34.645329 0.5
97.663062 34.748478 0.5
98.792529 34.52782 0.6
98.473381 34.612891 2.7
98.471346 34.613196 2.2
98.471143 34.613647 1.2
97.775513 34.745011 0.5
97.665039 34.733268 0.8
97.702246 34.798905 0.5
97.731494 34.739278 0.7
98.08418 34.677795 0.7
97.766602 34.745736 0.5
97.744434 34.745426 0.6
98.446663 34.613664 1.0
97.980379 34.801196 0.5
97.751839 34.744954 0.5
98.092472 34.681791 0.7
98.058504 34.69906 0.7
97.673307 34.752783 0.5
99.356372 34.515015 0.6
97.737907 34.744177 1.6
98.530778 34.587472 1.0
97.959904 34.712691 0.5
97.798503 34.746875 0.8
97.752417 34.744702 0.5
98.954574 34.502922 0.5
97.977734 34.72015 1.1
97.758016 34.742432 0.5
97.551782 34.766101 0.8
97.829411 34.738273 0.8
97.508407 34.795964 0.6
99.010913 34.499797 0.6
98.138298 34.681543 0.5
99.09458 34.495593 0.5
98.524333 34.6033 1.0
98.035197 34.689014 1.5
97.681128 34.750562 2.5
97.586621 34.757833 0.5
97.754272 34.734627 0.9
97.724341 34.746802 0.5
98.014982 34.692708 0.5
97.679761 34.751762 0.5
97.772583 34.75212 0.6
97.988696 34.728894 1.4
97.849032 34.738713 0.5
98.778312 34.550826 0.5
98.996916 34.472929 1.0
97.684326 34.736194 0.6
98.297673 34.62994 0.8
98.504354 34.597135 0.5
97.908252 34.726978 1.5
97.773088 34.754073 0.5
97.907739 34.727515 0.5
98.605306 34.553528 1.0
97.535343 34.751078 0.5
97.744303 34.734424 1.1
97.775928 34.781539 0.5
97.747127 34.724992 0.7
97.580957 34.528719 0.6
99.182926 34.50341 0.9
98.566317 34.586072 0.8
98.529004 34.587748 0.8
98.331746 34.64078 3.1
98.327881 34.643229 1.2
98.070068 34.689535 0.5
98.542244 34.602401 0.5
98.90367 34.524487 0.6
97.9861 34.728076 0.6
98.375041 34.634985 0.9
98.487703 34.63149 1.1
98.502661 34.595858 0.7
97.647087 34.751473 1.0
97.72627 34.760498 0.5
98.287866 34.637541 0.5
97.613346 34.746924 0.6
98.339559 34.673161 0.5
98.415023 34.625423 0.5
97.746289 34.725317 0.8
97.747616 34.724976 0.7
97.564063 34.751196 0.9
97.74882 34.72487 1.2
98.636401 34.549544 2.9
97.750505 34.740751 1.7
97.747233 34.725224 0.8
97.685417 34.742875 0.6
97.746509 34.724801 0.7
98.241951 34.618461 0.5
98.549308 34.583179 0.6
97.757446 34.748014 0.5
97.572054 34.86438 0.8
98.476229 34.612687 1.2
98.875195 34.50247 0.8
98.874455 34.502401 3.2
98.878133 34.502804 1.6
97.474902 34.803064 1.2
97.47474 34.803084 1.0
97.474821 34.80271 0.7
97.563118 34.858602 0.5
98.441699 34.626664 0.8
98.304395 34.653215 1.5
97.74707 34.724756 0.7
97.607161 34.775553 0.7
97.69161 34.740641 0.6
98.512052 34.592594 0.7
99.00376 34.483838 0.7
97.748275 34.724666 0.9
98.334733 34.658028 1.8
99.329541 34.530444 0.9
98.05354 34.693168 0.9
98.587044 34.569922 0.7
99.020841 34.452734 0.5
99.091349 34.325057 0.8
99.403101 34.54071 1.0
99.243058 34.503979 1.5
98.380013 34.630184 0.8
97.747689 34.724927 0.5
98.240617 34.663049 0.5
98.971908 34.490243 1.0
99.424202 34.544698 1.0
99.423584 34.544503 0.9
97.74401 34.739181 0.6
97.74611 34.724744 0.5
97.754232 34.737651 0.6
97.759611 34.724219 0.5
97.563875 34.751001 0.5
99.423885 34.544454 0.7
97.548869 34.759908 0.8
99.4236 34.544405 1.3
97.988647 34.729028 0.5
99.423494 34.544507 0.6
97.68304 34.744507 0.5
99.112842 34.436768 0.6
97.747282 34.724923 1.3
97.536898 34.78453 0.6
97.866349 34.712708 0.8
97.680745 34.747697 0.7
97.665299 34.757284 0.5
97.752091 34.74836 1.1
97.674325 34.745878 0.6
98.540324 34.595858 0.5
97.61311 34.771883 0.5
97.610335 34.77242 0.7
97.563639 34.765116 0.6
98.53383 34.592289 0.8
97.751025 34.745101 0.6
98.462834 34.627653 0.7
98.010596 34.694002 0.7
97.710669 34.752108 0.7
97.845671 34.740776 0.5
97.706071 34.74751 0.7
97.728011 34.739958 0.5
97.984912 34.714095 0.5
97.730257 34.738989 0.5
97.539738 34.750606 0.6
98.961027 34.499744 0.5
97.725008 34.751567 0.6
97.745858 34.74176 0.5
97.680884 34.747502 0.5
98.97535 34.494023 0.8
97.752913 34.746688 0.5
97.758919 34.745642 0.5
98.339453 34.673145 0.5
98.828597 34.527091 0.5
97.55695 34.764986 0.5
98.382129 34.644914 0.5
98.544214 34.590621 0.5
98.954224 34.494645 0.5
98.86512 34.533773 0.5
98.882975 34.529508 0.5
97.75363 34.746057 0.5
97.825008 34.744979 1.2
97.74375 34.725354 0.5
99.141406 34.325273 0.5
97.746712 34.724878 1.0
98.792554 34.552653 0.6
98.700195 34.590564 0.5
97.919238 34.699235 0.9
98.764771 34.537695 0.5
99.077181 34.507707 0.9
98.773527 34.532642 0.5
98.511499 34.606303 0.6
97.789046 34.724113 0.5
98.537972 34.60533 0.5
97.60118 34.775911 0.7
97.974854 34.715881 0.6
98.337964 34.673661 0.6
97.420695 34.814498 1.2
98.871387 34.531099 0.5
99.077604 34.507731 0.9
99.418433 34.539136 0.6
97.706372 34.749044 0.5
97.747184 34.733146 0.5
98.428231 34.62533 0.5
97.609969 34.73962 0.8
98.22028 34.661739 1.3
97.94869 34.721053 1.0
99.306079 34.50778 0.5
97.583879 34.754765 0.5
97.738843 34.745256 0.5
97.748926 34.744442 0.7
97.754907 34.747949 0.7
97.755737 34.748124 0.6
97.595492 34.807723 0.5
97.848112 34.741569 0.5
97.951001 34.721842 0.5
98.985238 34.486532 0.5
98.338102 34.673556 0.5
98.726383 34.52974 0.6
98.353556 34.629167 0.6
98.145833 34.675065 0.5
98.041309 34.692391 0.7
97.75262 34.746692 0.7
98.590601 34.593245 0.5
97.613908 34.73678 0.5
97.976139 34.716956 0.5
98.951156 34.502848 2.3
97.879313 34.727808 0.5
97.518709 34.852165 0.5
98.694889 34.532479 0.7
98.835807 34.545703 0.6
98.556014 34.593709 0.7
97.543229 34.764006 0.5
98.51499 34.603674 0.5
98.502336 34.603349 0.5
97.704012 34.74908 0.5
98.57841 34.572017 0.5
97.790405 34.734143 0.5
98.506486 34.623002 0.5
97.976432 34.712687 0.5
98.555827 34.593734 0.5
98.663534 34.541154 0.7
97.619694 34.747847 0.7
97.672795 34.755933 0.8
99.085083 34.506299 0.7
97.744368 34.731104 0.7
97.744271 34.730835 0.5
97.731266 34.760136 0.6
97.704989 34.753345 0.6
97.521476 34.768795 0.6
98.618213 34.555033 0.7
97.546045 34.808223 0.6
99.06967 34.499723 1.0
97.495085 34.825631 0.6
99.328963 34.526827 0.6
97.584399 34.569645 0.5
97.738159 34.739303 0.5
97.706193 34.753031 0.5
97.575911 34.52557 0.5
99.180615 34.503406 0.6
99.080298 34.498332 0.5
99.080021 34.498336 0.5
97.567969 34.745748 0.5
98.553573 34.591418 0.5
97.820833 34.745072 0.6
97.433016 34.846281 0.8
98.507243 34.595976 2.4
98.924618 34.43833 0.9
98.478263 34.613424 0.5
97.548486 34.771716 0.8
97.554289 34.764372 0.5
97.534066 34.752059 0.5
99.227026 34.322083 1.2
99.164404 34.744263 0.5
99.227474 34.322005 0.9
98.506364 34.597237 0.5
99.345841 34.521615 0.6
97.603809 34.749227 0.5
98.948641 34.506901 1.6
99.040096 34.524186 0.8
98.433846 34.61984 1.1
97.460897 34.870593 0.5
97.729777 34.745455 0.5
97.983228 34.729024 1.4
97.960905 34.758354 2.2
97.983187 34.728943 0.5
97.566105 34.764421 0.5
97.746289 34.74399 2.0
97.746216 34.737443 0.6
97.56224 34.761829 1.5
97.836605 34.734049 0.6
98.878792 34.527332 0.8
97.738053 34.730664 1.3
97.739225 34.730208 1.1
97.816154 34.747034 0.6
97.982845 34.727393 0.8
98.936955 34.529643 0.5
99.370426 34.573971 0.5
97.747054 34.742358 0.5
97.988013 34.69801 0.7
97.739185 34.730123 0.6
98.505933 34.597367 0.5
99.007039 34.496631 0.6
97.821077 34.744853 0.5
97.638859 34.73984 0.5
97.893815 34.718831 0.6
97.702132 34.7474 0.7
97.722909 34.74692 0.5
97.581836 34.560636 0.5
97.741536 34.734469 0.6
98.351343 34.635872 0.8
97.813354 34.745809 0.6
97.821965 34.743197 0.7
99.353133 34.526432 1.1
97.581478 34.560205 0.8
97.827588 34.737545 0.6
98.30708 34.63881 0.6
97.399398 34.847201 0.8
97.919946 34.699451 0.8
97.773454 34.742635 0.8
97.40048 34.847441 0.7
97.690259 34.747913 0.6
97.821159 34.743298 0.5
97.401261 34.847607 0.8
99.022559 34.494047 0.5
98.730111 34.532666 1.1
97.730469 34.748287 1.4
97.852979 34.736755 1.0
97.694132 34.749923 0.5
97.77006 34.745431 0.6
97.986792 34.702384 0.8
97.524373 34.869861 0.5
98.497599 34.602197 0.5
98.692065 34.534635 0.5
97.665039 34.76429 0.5
97.667342 34.763505 0.5
98.768864 34.58252 0.5
97.480143 34.824679 0.5
97.567367 34.771195 0.5
97.636564 34.81912 0.5
97.467546 34.799829 0.5
97.465747 34.847245 0.5
97.822298 34.745797 0.9
97.824886 34.744629 0.7
97.863794 34.733903 0.5
99.157617 34.49891 0.5
98.529924 34.607422 0.7
98.34139 34.638102 0.8
97.735661 34.732813 0.5
97.738102 34.732153 0.6
98.900138 34.526253 0.6
98.503068 34.596863 1.7
97.675041 34.741764 0.5
98.602466 34.580082 1.2
99.300464 34.697599 0.5
97.836279 34.735201 0.6
97.739282 34.731706 0.7
97.747201 34.732471 0.7
98.590015 34.582699 3.1
97.750326 34.724463 0.6
98.396053 34.634298 0.5
97.67972 34.759163 0.6
97.616292 34.785933 0.5
99.042782 34.459591 0.5
98.594312 34.585685 0.8
97.759229 34.75422 1.1
97.820158 34.747416 0.6
98.234562 34.653442 1.8
98.710701 34.545894 1.1
97.735539 34.736039 1.1
99.47019 34.158667 0.7
97.977214 34.725631 0.7
98.792391 34.548291 0.5
98.792114 34.54836 0.5
98.774398 34.517143 0.5
97.684985 34.738908 0.5
97.412419 34.838554 1.5
98.498014 34.600163 0.5
99.325146 34.543245 0.6
99.422599 34.544019 0.7
98.795964 34.527808 0.6
98.503556 34.595585 0.5
97.600724 34.756836 1.2
97.977783 34.716089 0.7
98.951725 34.542501 2.6
98.85105 34.523844 1.6
97.761353 34.720455 0.6
97.778621 34.746472 0.6
99.114583 34.490531 1.1
98.488867 34.617863 0.9
98.353345 34.631942 1.2
98.503548 34.600932 0.8
97.621859 34.752315 0.6
97.74738 34.744055 0.6
97.738932 34.732336 0.6
97.751383 34.744861 0.5
97.768457 34.745516 1.2
97.691764 34.754936 0.6
99.026164 34.459269 0.9
97.728898 34.743286 0.5
97.472046 34.80446 0.6
97.768197 34.745455 1.4
97.767057 34.745699 0.5
99.26735 34.65516 0.5
97.470833 34.841447 0.5
99.326131 34.543811 0.8
97.767798 34.745211 0.5
97.659611 34.735807 0.6
97.577816 34.562236 1.5
97.575895 34.561589 0.5
97.573617 34.561601 0.7
97.621631 34.778967 0.5
98.503931 34.613741 0.5
97.770296 34.745406 0.8
97.57063 34.561438 0.6
97.766007 34.745569 0.7
97.717049 34.751705 0.8
97.846541 34.738957 0.5
97.769499 34.745813 0.5
97.771102 34.744682 0.5
97.787305 34.748458 0.7
97.771273 34.744409 0.5
97.768831 34.745512 1.6
97.772371 34.744503 0.5
97.391748 34.850655 1.0
98.520907 34.602291 0.5
99.076831 34.494413 0.6
97.755282 34.735665 0.6
97.347795 34.839042 0.7
97.549015 34.782971 0.5
98.245809 34.6184 0.5
98.506071 34.597831 0.5
97.82216 34.744438 1.5
98.88693 34.505351 0.5
99.070125 34.50212 1.5
98.886792 34.505505 0.7
99.242065 34.50719 1.2
98.887231 34.50575 0.5
99.120557 34.446126 1.5
97.39257 34.851237 0.7
98.50686 34.598201 0.5
97.803857 34.740405 0.5
97.733293 34.738159 0.7
97.487297 34.815674 0.6
97.733594 34.738005 0.5
97.442904 34.737069 0.7
97.753011 34.738135 1.0
97.767871 34.74541 1.4
97.674259 34.758211 0.7
97.905306 34.665597 0.6
98.50389 34.595671 0.8
97.412622 34.838395 0.8
97.550944 34.781738 0.5
99.042619 34.471143 1.2
98.790584 34.528532 1.1
97.969946 34.719401 1.4
97.984204 34.718502 0.5
97.770679 34.744958 0.9
97.385579 34.840348 0.7
97.815535 34.746468 0.9
98.57089 34.58116 0.5
97.574813 34.561743 0.6
97.756982 34.745862 0.6
97.763241 34.734786 0.6
97.760645 34.752397 0.8
98.542733 34.582796 0.8
98.982007 34.488102 0.7
97.783016 34.74023 0.5
97.789819 34.714823 0.5
98.427336 34.62686 0.5
97.791642 34.737651 0.5
97.737354 34.757955 0.9
98.514144 34.590548 0.5
97.982373 34.798596 0.6
97.755664 34.726758 0.5
98.499601 34.61285 0.6
99.327645 34.526603 1.1
97.727311 34.745186 0.7
97.578581 34.559949 0.6
98.519499 34.595768 0.8
97.899642 34.684355 1.2
97.778385 34.770496 0.8
97.62915 34.823279 0.5
98.52203 34.615898 1.8
98.769849 34.550159 1.2
97.97325 34.714213 1.1
98.506372 34.59032 1.0
97.855973 34.738151 1.2
97.391398 34.850297 1.6
99.347021 34.526904 1.0
98.870662 34.531986 0.5
98.539136 34.582658 0.7
99.328646 34.526599 0.5
97.816528 34.747412 1.1
97.75201 34.745264 0.6
98.882259 34.531832 0.5
97.762256 34.746729 0.5
99.329012 34.528597 0.6
97.756144 34.74694 0.5
98.517139 34.587374 1.1
97.694141 34.737325 0.6
99.128117 34.442395 0.7
98.533952 34.580306 0.9
98.456917 34.615287 0.7
97.580957 34.560234 0.5
97.845239 34.703316 0.6
98.457576 34.625761 0.9
99.057137 34.469714 0.5
97.925309 34.73363 0.6
97.49624 34.823946 0.6
97.460343 34.872054 0.5
98.487305 34.621277 1.6
97.773682 34.745654 0.5
98.499202 34.598966 0.7
98.530973 34.604028 0.5
99.106616 34.450395 0.5
99.213354 34.448344 0.8
98.462158 34.610002 0.7
97.818913 34.744149 0.8
97.795508 34.718595 1.3
97.442879 34.84891 0.9
97.442065 34.849056 0.7
97.442407 34.849105 0.6
97.443058 34.848905 0.6
98.504932 34.592183 0.9
98.529574 34.598169 0.6
97.729077 34.745374 0.5
97.742196 34.735559 0.5
98.502905 34.59777 0.6
97.750618 34.740833 1.4
99.423169 34.544307 0.9
99.427856 34.53103 1.0
98.627962 34.564742 1.6
99.428312 34.531409 1.4
99.421346 34.543913 1.4
99.406535 34.541565 0.8
97.759033 34.728853 0.8
98.214022 34.667338 0.9
98.118327 34.679956 0.6
98.810327 34.596163 0.9
98.494954 34.603027 0.7
97.418034 34.808651 1.9
98.536654 34.582532 0.5
97.777205 34.743559 0.8
98.487598 34.621086 0.6
97.710946 34.752979 0.5
98.648258 34.566223 1.2
98.619718 34.550382 0.7
97.490194 34.810742 0.5
98.114714 34.683838 0.9
99.066626 34.502869 0.5
98.536833 34.582288 0.7
99.312101 34.50612 0.7
98.651807 34.544666 0.5
98.773047 34.532576 1.0
98.787158 34.550956 0.7
98.336702 34.199019 1.2
98.337834 34.200264 0.6
97.597095 34.763843 0.5
98.280054 34.703857 1.0
97.570256 34.762297 0.6
98.892554 34.529785 0.7
97.560433 34.764844 0.8
98.492342 34.617318 0.5
98.042122 34.701648 1.1
98.042887 34.700952 3.6
98.042196 34.70238 0.6
98.48007 34.623975 0.6
99.093132 34.489697 0.7
97.736206 34.731331 0.5
98.039665 34.700618 0.5
98.049707 34.701184 0.6
98.041488 34.700883 0.9
97.51425 34.866772 0.5
98.279028 34.664185 0.9
97.518506 34.853235 0.5
97.517643 34.853316 0.5
98.501074 34.615625 0.6
97.978003 34.710038 1.1
97.539787 34.767411 0.9
98.059546 34.691907 0.6
97.584945 34.743384 0.5
98.588761 34.58339 0.8
98.773381 34.532694 0.5
98.504281 34.615548 0.7
97.970036 34.737126 0.7
97.615015 34.772766 0.8
97.752718 34.747526 0.7
98.574691 34.577214 0.8
99.333618 34.522909 1.2
98.464673 34.611214 0.6
97.789201 34.779594 1.2
98.119792 34.694906 0.8
98.009757 34.706038 0.6
99.201506 34.50708 1.8
97.580745 34.556112 0.6
98.538338 34.603646 0.6
97.47098 34.814604 1.4
97.747168 34.724679 1.2
97.746639 34.725399 0.7
99.288216 34.509037 3.0
99.288802 34.503857 1.4
97.701628 34.753719 0.8
97.705379 34.753092 0.9
97.746859 34.725167 0.6
97.745581 34.725411 0.5
98.043669 34.702303 0.7
97.74484 34.756307 0.5
97.710677 34.750997 0.5
99.201978 34.50684 1.2
97.655827 34.761169 0.7
97.517025 34.738538 0.5
97.746151 34.72526 0.6
97.707878 34.753219 0.5
98.752767 34.475378 0.6
97.75258 34.74469 0.6
98.752686 34.475399 0.5
97.768449 34.745121 0.5
97.680322 34.75625 0.5
97.745785 34.744279 0.5
97.773185 34.749076 0.6
97.673617 34.758781 0.9
98.623088 34.556718 0.5
97.581714 34.556091 1.2
97.669759 34.761222 0.6
97.672681 34.760925 0.6
97.748153 34.739722 0.8
97.749129 34.738936 0.5
97.747461 34.739254 0.6
97.562004 34.748527 0.7
97.75092 34.738566 1.1
98.478149 34.62699 0.6
98.831917 34.538562 1.1
97.621899 34.767285 1.3
97.626449 34.783228 0.9
97.54703 34.754073 0.5
97.683952 34.743298 0.6
97.851074 34.736418 0.5
97.920646 34.699528 0.5
97.977303 34.7177 1.8
97.976652 34.718193 0.5
97.540804 34.766439 0.5
98.401042 34.628414 1.1
97.615568 34.787553 0.5
99.065153 34.45732 1.9
98.45612 34.611918 0.6
98.977035 34.493799 1.7
97.702051 34.75155 0.8
98.378345 34.63689 0.5
97.81652 34.724398 0.8
97.773999 34.746484 0.5
97.805794 34.738745 0.6
98.569035 34.567757 0.8
97.81661 34.747445 1.2
98.4979 34.613607 0.8
98.976465 34.493884 0.7
97.84847 34.737919 0.6
97.566634 34.513619 0.8
97.538379 34.787325 0.6
98.030924 34.702706 0.9
99.308439 34.512467 0.8
98.533675 34.592981 0.5
97.745573 34.742957 0.5
98.176994 34.714734 0.6
97.74716 34.743913 0.5
98.041919 34.700911 0.6
97.554435 34.779447 0.5
98.414689 34.627519 0.7
97.738306 34.732332 0.5
97.519914 34.763916 0.5
98.41451 34.627498 0.5
98.147428 34.675228 0.9
97.554053 34.779582 1.0
97.816659 34.747021 0.5
97.391968 34.850545 1.1
97.612467 34.767025 0.5
99.121842 34.445882 2.0
98.496436 34.599906 1.5
97.848299 34.737838 0.5
97.545679 34.769755 0.5
97.778573 34.746606 1.3
97.74467 34.730481 0.5
98.503548 34.616341 0.6
97.623918 34.791024 0.5
97.832145 34.745911 0.6
97.803589 34.744613 0.5
99.081144 34.500321 1.5
97.987044 34.728971 1.3
99.092651 34.488513 0.5
97.807129 34.700651 0.6
97.553174 34.528117 0.9
98.504126 34.596773 0.5
97.543587 34.78953 0.6
97.757349 34.733232 0.5
97.757121 34.736584 0.5
99.186141 34.510718 1.0
97.59978 34.77821 0.5
97.67701 34.759408 0.5
97.614941 34.753825 1.4
98.030461 34.688725 1.2
98.607804 34.560445 0.6
99.185929 34.504598 1.1
98.042619 34.700899 1.1
97.914225 34.724284 2.5
98.648966 34.548645 0.9
98.504663 34.596814 1.2
97.916463 34.725435 1.0
99.137524 34.445398 0.6
97.979248 34.725228 1.2
97.978215 34.72533 0.9
99.197298 34.490625 0.5
97.605697 34.73387 0.5
98.502303 34.595711 0.7
98.425936 34.632324 0.7
97.777686 34.744523 0.5
99.143156 34.494836 0.5
99.0927 34.488489 1.5
97.814233 34.747441 0.5
97.741789 34.74849 0.5
98.723413 34.530872 0.8
97.459855 34.869759 1.0
98.738013 34.55378 0.5
97.670117 34.729032 0.5
97.819051 34.745964 0.5
99.14362 34.491846 0.9
97.901815 34.723954 0.8
97.5802 34.553829 0.5
98.630762 34.572717 0.5
98.771493 34.510217 0.5
98.626603 34.55282 1.8
98.935352 34.501807 0.7
97.960726 34.714319 0.8
97.769043 34.745797 0.5
97.823576 34.745951 0.6
97.751375 34.734408 0.6
98.867204 34.543311 1.2
97.754126 34.748507 0.5
99.346794 34.52703 0.5
98.461149 34.611247 0.8
99.1993 34.515466 0.9
98.460848 34.611255 0.5
97.725244 34.758748 0.9
97.772762 34.748934 0.5
97.762077 34.720394 1.8
98.886719 34.504708 0.5
97.559098 34.770492 0.9
97.565503 34.75096 0.7
99.265951 34.66665 0.5
98.436515 34.62666 1.1
97.620117 34.753597 0.6
98.69327 34.535897 0.6
98.69375 34.535742 0.6
97.758081 34.733146 0.6
97.790283 34.808309 0.5
97.976823 34.709684 1.2
97.746403 34.725704 0.5
97.746322 34.725708 0.5
98.26158 34.673421 0.6
99.193058 34.391357 1.7
98.307064 34.638953 0.6
98.40638 34.648779 0.6
97.634147 34.715751 0.5
97.907682 34.724943 0.5
97.775431 34.748844 0.5
97.614771 34.634676 0.5
98.667546 34.546069 0.6
98.420426 34.634823 0.7
97.546362 34.770199 0.5
97.981396 34.703284 0.6
98.969889 34.501461 0.7
97.62028 34.759839 0.5
99.115438 34.323971 0.9
99.160832 34.493542 0.6
97.537801 34.766813 0.6
98.434717 34.599736 0.7
97.691406 34.734432 0.5
98.228255 34.663826 0.7
97.779476 34.748169 1.1
99.347355 34.529399 0.5
97.829574 34.741166 1.1
98.575586 34.587349 0.5
97.676563 34.745996 0.5
99.338989 34.49224 0.5
97.6507 34.75153 2.1
97.438558 34.868441 0.7
97.687866 34.755554 0.5
97.618473 34.768359 0.5
97.717098 34.729325 0.6
98.622217 34.572697 1.9
98.882007 34.532332 0.6
97.749626 34.748511 0.5
99.083748 34.506596 0.6
97.730436 34.743795 0.6
97.641496 34.75188 0.7
97.743726 34.732011 0.5
97.516292 34.852885 0.6
98.503678 34.595325 0.6
99.077075 34.458504 0.5
97.581787 34.746118 1.2
97.737492 34.732092 0.8
97.792204 34.74812 0.6
98.65756 34.567537 0.6
99.335457 34.533643 0.5
98.268408 34.649133 0.6
98.26862 34.649141 0.7
98.466724 34.630741 0.7
98.484351 34.602714 1.0
98.253776 34.649727 1.8
97.670923 34.757117 0.6
99.024683 34.472091 0.5
98.554443 34.589217 0.5
97.699479 34.760144 0.7
97.699829 34.76016 0.6
97.69987 34.760299 0.8
97.699357 34.760303 0.5
97.999235 34.702417 1.0
98.504321 34.597428 0.6
98.500366 34.60072 0.5
98.765894 34.5158 1.1
99.348267 34.521606 1.1
97.535295 34.792143 0.7
97.781893 34.720943 0.6
97.781893 34.720996 0.7
97.622998 34.754338 0.6
97.805151 34.740889 0.7
99.109945 34.490776 0.6
97.730664 34.757332 0.5
97.737101 34.732182 0.5
97.736491 34.731938 0.5
97.9625 34.756828 0.7
97.730192 34.745443 0.6
98.604826 34.564766 0.5
97.690828 34.756824 1.3
98.604281 34.57797 0.7
98.897819 34.528255 0.6
97.613802 34.774129 0.5
98.555298 34.588363 0.6
99.112207 34.337516 0.6
98.806527 34.593201 1.4
97.682764 34.758085 0.5
99.013379 34.473792 0.9
97.806063 34.741024 0.7
98.554533 34.588037 1.2
97.555908 34.764185 1.0
97.710498 34.751803 0.6
97.768091 34.745882 0.5
97.615666 34.773128 0.5
97.98029 34.725639 0.6
98.667619 34.563184 0.7
97.746794 34.725151 0.8
97.672266 34.743526 0.8
98.48418 34.617395 0.9
97.594401 34.76602 0.5
97.553963 34.748706 0.7
97.53007 34.785929 0.6
99.243807 34.503739 0.9
97.82911 34.741138 0.5
98.352718 34.65048 1.0
97.692619 34.755001 0.5
98.80651 34.539775 1.0
97.487492 34.812992 0.8
98.850692 34.538106 0.5
97.782349 34.718819 0.5
98.605428 34.562756 0.9
97.544629 34.807463 1.0
98.546004 34.593888 1.4
98.795516 34.541622 0.7
97.751831 34.748299 0.8
97.780387 34.721061 0.7
97.683903 34.740312 0.7
97.852173 34.74117 0.5
98.766146 34.515645 0.9
97.65131 34.751672 1.2
98.27054 34.665173 0.6
98.589347 34.561239 0.7
98.536751 34.578943 1.2
97.655241 34.744914 0.8
97.851929 34.74211 0.7
99.328809 34.524939 0.5
97.728605 34.747046 0.6
97.58256 34.740674 1.2
99.254167 34.689421 0.5
98.509245 34.598783 0.9
97.691667 35.011247 0.6
97.452262 34.87111 0.9
97.73339 34.744873 0.5
97.835547 34.739445 0.8
97.56241 34.74871 0.5
97.68042 34.760885 0.5
97.929093 34.702917 1.3
97.676611 34.752303 1.2
98.484587 34.603654 1.5
98.26875 34.649805 0.6
97.765031 34.734049 0.5
98.034147 34.710962 0.5
98.503914 34.597498 0.5
97.769124 34.745654 0.5
98.162557 34.680347 0.5
99.190438 34.507385 1.0
97.819238 34.743176 1.0
99.191073 34.501322 0.9
98.466715 34.627547 0.5
97.684237 34.759245 0.9
97.764966 34.748865 0.5
98.615283 34.559928 1.6
97.744556 34.740125 0.5
97.741471 34.731311 0.6
98.939315 34.515926 1.1
97.814152 34.74823 0.6
98.610417 34.558215 1.3
97.688363 34.752791 0.5
98.610449 34.557792 0.6
98.870052 34.524264 0.6
99.003198 34.800741 0.5
97.819987 34.742765 0.6
98.870264 34.524312 0.5
97.761947 34.720011 1.7
98.394173 34.633797 1.1
97.740666 34.745056 0.5
97.746476 34.724902 0.6
99.36228 34.520508 0.7
97.703809 34.751554 0.5
97.727946 34.760518 0.8
97.745972 34.724491 0.7
97.686768 34.758988 1.6
97.684489 34.759399 1.2
97.685059 34.759672 0.8
97.855461 34.738428 1.1
97.684806 34.760954 0.7
98.502083 34.596285 0.5
98.353011 34.650708 0.5
97.743994 34.741842 0.8
98.676904 34.551778 0.8
98.67749 34.55109 0.5
98.03877 34.714014 0.5
97.683105 34.760539 1.0
98.728743 34.533427 0.7
98.65931 34.626717 0.6
97.681584 34.758211 0.6
97.64611 34.75693 0.6
97.761483 34.748629 0.6
99.150911 34.491195 0.5
99.098828 34.498751 0.9
99.338965 34.521204 0.5
99.09882 34.49882 0.8
97.747876 34.743136 0.9
97.74777 34.736015 0.5
97.682935 34.783191 0.5
97.746159 34.727201 0.5
97.478654 34.800651 0.6
98.502555 34.600525 1.1
98.495825 34.601908 1.6
97.995589 34.730554 0.5
98.502702 34.596114 0.5
97.981095 34.70675 1.3
97.977002 34.721505 0.5
97.853158 34.740141 0.5
97.613062 34.742859 0.7
98.619922 34.573547 0.6
97.684383 34.760327 0.5
97.995687 34.73053 1.7
97.735824 34.737142 0.5
98.659554 34.542655 0.6
97.547697 34.74561 0.5
98.179403 34.720984 0.5
98.504655 34.59786 0.5
97.748877 34.739937 0.6
97.616463 34.758683 0.7
97.81416 34.748132 0.5
98.005558 34.692212 1.3
97.738477 34.731624 0.8
98.474414 34.609644 0.6
99.088908 34.503097 0.8
98.518799 34.596269 0.6
97.752108 34.7335 0.5
98.290975 34.657247 0.8
97.623608 34.760205 0.7
98.290918 34.657214 0.5
98.604736 34.577869 1.8
97.749129 34.724243 0.5
97.753955 34.73418 0.5
98.80883 34.527368 0.5
97.438127 34.859123 0.8
97.750065 34.752983 0.6
98.762581 34.511043 1.0
98.496525 34.601794 0.5
97.748478 34.740263 0.7
98.872811 34.531356 0.5
98.762663 34.51123 0.9
99.069002 34.503145 0.5
97.780339 34.748197 0.5
98.64974 34.552572 1.0
99.024032 34.473836 0.5
97.381274 34.851107 2.0
99.092627 34.335156 1.0
97.849992 34.737939 0.6
98.764551 34.513163 1.7
97.92443 34.721851 0.7
97.651302 34.750948 0.5
98.764176 34.51318 0.8
97.750155 34.746773 0.5
97.742863 34.747542 0.8
99.09895 34.501436 0.6
97.753564 34.740051 0.5
97.75262 34.740137 0.9
98.283154 34.691984 0.5
97.990308 34.713615 0.5
97.692529 34.750114 0.7
97.518294 34.769474 0.8
98.975309 34.495898 0.7
97.995443 34.730794 0.8
97.742985 34.758724 0.5
97.84506 34.738822 0.5
97.387166 34.849841 0.9
97.782048 34.729919 0.5
99.02557 34.455538 4.1
99.020133 34.451778 1.5
99.020719 34.455294 0.7
99.025024 34.450199 1.3
98.513241 34.592253 0.5
98.033887 34.708317 0.5
97.731551 34.735681 0.5
97.585848 34.558708 0.7
97.702067 34.751192 0.6
98.762988 34.51086 1.0
97.845703 34.739494 0.5
97.750798 34.735579 0.5
97.616862 34.75732 0.5
97.77605 34.744995 0.6
98.296126 34.64047 1.2
97.742131 34.747729 0.5
97.648893 34.745207 0.5
97.771305 34.745223 0.5
97.557007 34.765011 0.5
97.782259 34.730013 0.5
98.501652 34.59541 0.5
98.502596 34.596281 2.2
97.799121 34.750476 0.7
97.706812 34.734737 0.7
97.740462 34.757426 0.5
97.817383 34.746977 0.5
99.028906 34.452169 0.8
97.755648 34.755334 0.6
97.911816 34.722945 0.5
99.024504 34.456832 0.9
97.442122 34.849011 0.5
97.835701 34.737065 0.6
97.780404 34.751799 0.7
97.480379 34.841862 0.6
99.043685 34.506014 0.6
98.502686 34.596094 0.5
98.458862 34.625476 0.6
97.454045 34.817179 0.5
97.676937 34.751111 0.5
97.615934 34.765002 0.7
97.74266 34.733321 0.5
98.800814 34.527661 1.4
97.477661 34.810689 0.6
97.760864 34.754789 0.9
97.626546 34.782658 1.2
97.618522 34.765458 0.9
97.75472 34.726322 1.0
97.537948 34.848214 0.6
99.077441 34.77148 0.5
97.824137 34.739864 0.5
97.677498 34.747131 0.5
98.53326 34.608879 1.1
97.763151 34.720813 0.5
98.476294 34.627071 0.6
97.762874 34.720667 1.2
98.150781 34.674902 0.6
99.111304 34.333769 0.5
98.104264 34.717708 1.4
97.573218 34.56532 0.5
97.556917 34.766878 0.5
98.036825 34.714823 0.6
97.535482 34.752616 0.6
98.872347 34.507849 0.7
98.872396 34.507849 0.5
98.420646 34.634741 0.5
98.527336 34.600777 0.8
98.497469 34.601367 1.1
97.753263 34.725037 0.7
98.479622 34.624634 1.1
98.419759 34.653455 0.6
97.744556 34.744934 0.5
97.826676 34.745426 1.8
97.77238 34.745707 0.5
97.475749 34.823368 0.6
99.273039 34.454183 1.0
97.41355 34.839042 0.6
97.550488 34.768579 1.4
97.797038 34.740592 0.8
98.42771 34.625057 0.5
97.727409 34.757967 1.2
97.677376 34.735567 0.5
98.8045 34.594889 0.6
98.463924 34.622961 0.6
97.748397 34.739563 1.3
97.482894 34.844161 0.5
97.583268 34.756262 0.5
98.767725 34.533411 0.5
98.807642 34.596529 0.7
97.863086 34.731209 0.5
98.519482 34.604281 1.1
98.651359 34.563855 0.5
97.756079 34.733512 0.6
97.547949 34.746269 1.3
97.847965 34.739543 0.7
99.107633 34.327393 0.6
97.360986 34.841752 1.4
98.564355 34.538513 0.6
97.97688 34.729305 1.0
97.744588 34.739246 0.8
98.512834 34.600004 0.5
97.759774 34.748832 0.7
97.491382 34.833431 0.8
97.980054 34.708549 2.1
98.58186 34.589046 1.2
99.327018 34.524605 1.6
98.581852 34.589054 0.5
97.774699 34.747795 0.7
97.675521 34.788257 0.8
97.553149 34.76711 1.0
98.56783 34.56814 0.6
97.61259 34.757987 2.0
97.556323 34.76637 1.6
97.677653 34.751135 1.2
98.834725 34.54908 0.5
97.850871 34.737467 0.6
97.70966 34.749394 0.7
97.418636 34.824577 0.8
98.7854 34.527124 1.3
98.473177 34.619377 0.8
97.60459 34.746663 0.5
97.606624 34.759098 0.5
98.354663 34.633708 0.5
98.26285 34.628853 0.6
97.811808 34.746912 0.8
97.797087 34.720215 0.7
99.402531 34.54071 0.9
98.535059 34.594751 0.6
97.544792 34.752307 0.5
98.195671 34.739644 0.9
97.507422 34.785026 1.3
97.842977 34.730888 1.7
97.980908 34.730859 2.3
97.980632 34.730827 0.6
97.981519 34.731022 0.9
97.979907 34.730994 0.7
97.605029 34.758842 1.3
98.5795 34.582874 0.9
97.743815 34.739404 0.7
97.979753 34.730851 0.5
98.506323 34.612467 1.0
97.676009 34.788432 0.7
97.727035 34.759583 0.7
98.001986 34.726534 0.9
97.766707 34.73953 1.7
97.777051 34.744759 0.5
98.876782 34.503133 0.9
99.081022 34.509119 0.9
99.328507 34.519177 1.2
98.810596 34.594938 0.8
97.427303 34.85929 0.5
97.846639 34.739958 0.5
97.475456 34.778166 0.6
97.737516 34.732336 0.5
97.403857 34.784424 0.8
98.480005 34.623942 1.2
97.662988 34.761882 1.0
98.507373 34.608305 0.5
99.239209 34.51943 0.5
98.517204 34.58776 0.8
98.777523 34.54519 0.5
98.502189 34.59598 0.6
98.777295 34.545239 3.5
98.776937 34.545451 0.5
98.778442 34.54554 0.8
97.745719 34.725582 0.5
97.65109 34.845549 0.5
97.747713 34.726506 1.6
97.904696 34.664176 0.8
98.504313 34.59762 1.1
99.117896 34.333012 0.9
97.981242 34.706458 1.1
97.760783 34.720605 0.6
98.811125 34.594588 0.7
97.703483 34.753174 0.7
98.810311 34.598031 0.7
99.117847 34.332796 0.7
99.42548 34.545239 0.7
99.408301 34.541874 1.0
97.763688 34.740894 0.5
97.822306 34.743766 1.0
99.117651 34.332503 0.9
97.964738 34.702214 0.6
97.749561 34.739441 1.0
97.750179 34.738688 0.8
97.702734 34.751375 0.7
97.783919 34.717814 0.5
98.652596 34.542175 0.5
97.739429 34.730212 0.6
98.514396 34.58855 1.7
98.765519 34.515434 1.1
97.773877 34.745642 1.3
99.066968 34.50037 1.0
98.265519 34.672644 0.7
98.515479 34.588342 0.6
98.496094 34.599695 0.7
97.818709 34.746594 0.5
99.123568 34.500028 0.8
99.123682 34.499776 0.5
99.078548 34.502649 1.6
98.496265 34.601176 0.6
97.960067 34.738428 0.5
97.502816 34.820618 0.8
97.544824 34.739697 1.0
97.755298 34.747701 0.5
98.606584 34.561857 0.5
98.872762 34.508053 1.1
98.811873 34.599182 0.5
98.811971 34.5993 0.5
99.02203 34.455636 0.7
98.738232 34.54563 0.5
98.769328 34.548792 1.5
99.362126 34.462724 1.1
99.32793 34.519043 1.1
97.82194 34.74342 1.2
98.658016 34.542546 1.0
99.2014 34.452161 1.4
98.910059 34.519153 0.8
97.734416 34.732227 1.1
98.062996 34.705961 0.8
97.735099 34.73492 0.6
99.32937 34.526619 1.8
97.765999 34.746025 0.9
97.580078 34.527083 1.8
98.502856 34.598494 0.5
99.196395 34.494849 0.5
97.865381 34.735738 0.5
98.014372 34.691923 0.8
98.498503 34.629476 0.6
98.872909 34.507992 0.8
98.8729 34.508118 0.7
98.062158 34.696122 1.5
97.61591 34.784867 0.5
97.742407 34.730192 0.6
98.872974 34.508142 0.9
97.730876 34.744425 0.6
97.551107 34.779289 0.5
99.342285 34.525521 0.7
97.57797 34.525171 0.5
97.971932 34.70166 0.7
98.728019 34.534013 0.5
98.462077 34.620544 0.5
98.39978 34.62651 0.8
98.357747 34.634359 0.7
99.425985 34.545658 0.6
98.872852 34.50804 0.7
97.713314 34.748161 0.5
99.252295 34.50634 0.7
98.734131 34.56783 0.5
98.628027 34.569954 0.8
97.506038 34.820219 0.5
97.624219 34.788086 0.5
98.833341 34.538912 0.7
97.877889 34.724695 0.6
97.769482 34.746802 1.0
97.730062 34.758 0.6
97.552002 34.763896 0.5
98.422559 34.623946 0.5
97.682357 34.734603 1.0
98.810335 34.598002 0.9
97.6816 34.734806 1.0
98.76241 34.547375 0.5
98.492969 34.608431 0.5
98.357975 34.637541 1.1
98.809806 34.597746 1.5
99.453849 34.513656 1.2
97.563257 34.759399 1.6
98.490674 34.616638 0.8
98.812435 34.597034 1.6
99.447306 34.510832 1.0
97.724707 34.742757 0.6
98.509212 34.611865 0.5
98.410514 34.627173 0.5
99.034798 34.498739 0.6
97.614168 34.784644 0.7
98.872876 34.508089 1.1
98.480135 34.602539 0.8
99.074447 34.505851 1.2
99.073893 34.505924 1.9
99.314925 34.526302 0.5
98.656266 34.541842 0.7
99.024854 34.471061 1.8
97.771354 34.754317 0.8
99.149015 34.493644 0.8
97.83855 34.740926 1.4
98.606795 34.09389 0.6
98.451855 34.631059 0.6
98.719865 34.530408 0.6
97.636125 34.73844 0.7
99.151799 34.497286 0.8
98.508097 34.59303 0.8
99.139119 34.443107 0.6
98.233683 34.74504 2.8
98.041561 34.693127 0.5
98.474268 34.611084 0.8
98.789323 34.530713 0.9
98.480941 34.608525 1.2
98.519816 34.607511 1.1
98.233993 34.745093 0.7
98.233618 34.745211 0.5
97.747046 34.739201 1.0
97.687508 34.75603 0.5
98.56276 34.595044 0.5
98.233211 34.744779 0.9
98.504289 34.598014 2.0
99.324772 34.522884 1.3
97.77085 34.744832 0.6
97.741488 34.758923 0.6
97.558797 34.750716 0.7
98.480029 34.623889 1.0
98.507756 34.593648 0.8
98.411597 34.627515 0.8
97.533398 34.539229 0.5
98.789876 34.528316 0.6
98.901945 34.495638 0.5
98.872933 34.508101 0.6
97.424202 34.815666 1.3
97.907926 34.727116 0.5
97.743156 34.744092 1.1
97.778475 34.744845 1.3
97.778776 34.744613 0.5
98.475309 34.618567 0.5
97.580558 34.76414 0.6
98.809074 34.596464 0.6
97.737793 34.732377 0.6
97.635522 34.746741 0.5
98.958854 34.501823 0.9
98.528939 34.606649 1.3
97.586914 34.740165 0.8
98.622664 34.567509 0.7
98.533553 34.597062 0.8
98.870947 34.50791 1.1
98.871224 34.507902 0.7
98.870947 34.507731 0.5
97.572005 34.876164 1.2
97.549927 34.876908 1.1
97.757471 34.733362 0.5
97.752775 34.739299 0.8
98.973462 34.49659 0.6
98.973494 34.496887 0.5
99.471167 34.155359 0.7
97.606112 34.743355 1.3
99.252376 34.690662 0.5
97.776831 34.729301 0.8
98.618392 34.555469 0.6
98.684863 34.501306 0.6
97.724577 34.726359 0.5
97.690194 34.753052 0.5
98.268571 34.649072 1.2
98.508162 34.61226 0.7
98.722404 34.530278 0.5
97.910856 34.728149 0.6
97.620785 34.753227 0.6
97.992367 34.718266 0.6
98.973739 34.494279 0.6
99.253621 34.504692 1.2
98.417782 34.625521 1.1
99.346086 34.529248 0.6
97.599829 34.574548 0.5
97.550879 34.763578 0.5
97.634473 34.746851 0.5
97.738159 34.745882 0.6
97.806258 34.726628 0.7
99.324251 34.548376 0.9
97.864893 34.734066 0.7
98.421086 34.62054 0.8
98.68575 34.562012 1.0
98.203573 34.673987 0.7
97.766349 34.746236 0.5
97.620272 34.752934 0.7
97.599398 34.600818 0.6
97.617619 34.589351 1.3
97.645524 34.743424 0.5
97.754036 34.739937 0.5
99.333122 34.539575 0.5
98.479574 34.634534 0.6
99.402612 34.540674 0.6
99.103076 34.499072 0.9
97.770728 34.757808 0.5
97.74091 34.727962 0.5
97.743945 34.727808 0.5
98.057918 34.686121 1.0
97.765845 34.738696 0.5
99.33291 34.523279 0.8
98.057943 34.685986 0.9
97.663477 34.75616 0.5
97.747648 34.724613 0.6
97.746297 34.724792 0.6
97.75734 34.749032 0.5
97.749146 34.724125 0.7
98.356795 35.146908 1.1
97.749658 34.739868 0.6
99.346175 34.529146 0.8
97.751139 34.725187 0.5
98.524723 34.601107 0.7
97.397266 34.856755 0.5
98.988444 34.490483 0.5
97.746997 34.725525 0.6
97.560962 34.885531 0.7
97.750415 34.734363 1.1
97.749373 34.734554 0.6
98.710946 34.532157 1.3
98.893351 34.533354 0.9
97.549707 34.78431 1.1
97.746655 34.725627 0.5
98.533447 34.608809 0.5
98.468742 34.628861 0.6
99.107218 34.339636 1.1
98.013859 34.721602 0.5
98.790584 34.528202 0.6
97.743571 34.731278 0.6
98.357007 35.147493 0.6
98.6677 34.529569 0.6
99.071932 34.498551 0.5
97.751978 34.744609 1.0
97.738005 34.740043 0.6
98.185506 34.712496 0.5
99.203556 34.508061 0.5
99.06661 34.492851 3.8
97.702368 34.751298 0.5
97.759969 34.757719 0.5
98.513493 34.592765 0.7
98.604842 34.556653 1.2
99.058309 34.239661 0.6
98.296224 34.63256 0.5
97.804386 34.726921 0.8
97.599382 34.601379 0.9
97.750382 34.725488 0.5
98.876375 34.52526 0.5
98.22382 34.669344 0.5
98.149976 34.675972 0.5
98.620247 34.569145 1.4
97.748063 34.725675 1.9
97.74694 34.725928 1.0
99.178556 34.504529 0.5
98.488306 34.611503 1.9
99.468905 34.159082 0.6
97.746436 34.726021 0.5
97.750928 34.725708 0.8
98.607096 34.552954 0.7
98.623649 34.56779 0.5
98.243734 34.649943 1.7
98.244043 34.650114 0.9
98.502808 34.602559 1.5
97.811914 34.746777 0.8
97.758089 34.733179 0.7
98.793083 34.552755 0.8
97.429517 34.853223 0.7
97.746769 34.725863 0.5
99.189478 34.389412 0.6
98.488208 34.61213 0.6
97.607617 34.863293 0.5
98.721818 34.534167 0.6
97.979858 34.717167 0.5
98.476213 34.621143 0.5
97.765373 34.735254 1.6
99.420581 34.543009 0.6
98.298397 34.634908 0.5
98.007284 34.698462 0.6
97.751335 34.744576 0.7
98.195752 34.739384 1.0
97.744629 34.752474 0.6
99.072257 34.348043 0.5
98.473958 34.60872 0.9
98.504858 34.59915 0.8
98.545923 34.58951 0.8
98.611825 34.574459 2.5
98.777759 34.550549 0.6
97.704443 34.745015 0.8
97.738265 34.73241 1.3
97.91263 34.726969 1.2
98.196069 34.739563 0.5
98.503182 34.613326 1.2
98.754883 34.533061 0.5
99.074902 34.497795 0.5
97.592342 34.559843 1.0
97.979126 34.710116 1.7
97.978979 34.710409 0.6
97.563403 34.747392 0.5
97.708187 34.752625 1.2
98.066121 34.69884 1.2
98.539225 34.595715 2.4
97.699561 34.750916 0.5
99.330094 34.524605 0.7
98.066414 34.699243 0.7
98.503109 34.61368 0.5
99.161792 34.346448 1.4
97.753182 34.734937 0.5
97.913273 34.727132 1.6
97.914128 34.726892 1.5
97.750391 34.740259 0.5
97.753149 34.736865 0.5
98.435116 34.600484 0.7
97.913395 34.726636 0.5
97.913647 34.729032 1.1
98.153931 34.694633 0.5
98.291683 34.656095 0.7
97.728719 34.743567 0.9
97.522282 34.764718 0.7
97.909635 34.726054 0.5
97.914144 34.726538 0.6
98.456624 34.620646 0.9
97.818563 34.744678 0.9
97.81853 34.74469 0.6
97.740568 34.759131 0.6
97.691756 34.760156 0.5
97.850602 34.736255 0.5
97.549731 34.763346 0.5
97.551847 34.751021 0.5
98.578394 34.586479 1.7
97.747664 34.725468 2.2
97.745882 34.729252 1.0
99.328678 34.530599 0.5
98.504997 34.606433 0.8
97.752791 34.745101 1.1
97.543807 34.752214 1.5
98.811027 34.597139 0.7
98.811019 34.597135 0.6
98.466162 34.632804 0.8
97.561336 34.529167 0.7
97.565096 34.7455 0.7
98.952954 34.505888 0.6
98.509668 34.597058 1.9
98.291471 34.651619 0.7
98.575293 34.578772 1.0
97.776986 34.750704 1.0
98.267603 34.649447 1.0
97.559823 34.772937 0.7
97.96224 34.756421 1.8
97.538053 34.774146 0.5
98.397697 34.665263 0.5
97.742301 34.737773 0.5
98.977067 34.496741 0.6
97.543009 34.784489 0.5
98.726774 34.531392 0.8
99.106177 34.335307 0.8
97.775309 34.748743 0.5
97.74812 34.723877 0.5
98.725203 34.546952 1.3
98.49397 34.608883 0.6
97.655648 34.793103 1.0
98.509033 34.594088 0.7
97.608325 34.767505 0.6
97.758651 34.728837 0.6
97.745785 34.741284 0.5
98.236255 34.663814 0.8
98.564827 34.573824 0.6
97.747493 34.724109 0.9
97.745304 34.724731 0.5
97.7441 34.725944 0.6
97.743286 34.729724 0.7
97.748088 34.724386 1.0
97.74222 34.728914 0.6
97.747103 34.724512 0.5
97.749023 34.726156 0.7
97.750993 34.725757 0.6
98.553385 34.589469 1.6
97.747005 34.724674 1.0
97.747599 34.724573 0.6
97.752214 34.725586 1.6
98.762459 34.569816 1.7
97.748356 34.724312 1.0
99.176489 34.505705 1.3
97.774479 34.754195 0.5
98.546826 34.588371 1.0
98.504964 34.596655 0.5
97.702279 34.752067 0.6
99.096208 34.498075 1.0
97.8229 34.744812 0.9
99.193595 34.392126 0.7
97.747786 34.741972 0.6
97.838021 34.734111 0.5
98.505021 34.596672 1.5
97.676758 34.757776 0.8
97.745345 34.724447 0.8
97.748625 34.726208 1.1
98.568319 34.590828 2.7
97.758382 34.733093 0.9
99.068099 34.501603 1.1
98.935417 34.517106 1.2
97.70271 34.75116 0.7
97.767196 34.746012 0.5
97.557552 34.751603 0.6
97.395345 34.81047 1.1
98.499967 34.601221 0.9
97.745866 34.724373 1.1
99.014469 34.471346 0.6
97.647168 34.76012 0.5
98.545988 34.595353 0.5
97.761865 34.752551 1.1
97.830168 34.740828 1.3
97.614966 34.784542 0.6
99.024699 34.458118 0.5
99.030444 34.468636 0.7
97.982642 34.704675 0.5
98.811955 34.59692 0.5
97.982699 34.704842 0.6
98.07395 34.712732 1.0
97.680688 34.755103 1.8
97.956323 34.70387 0.6
97.997534 34.711747 2.0
97.649243 34.756291 0.5
98.616349 34.55896 0.6
97.755851 34.746094 0.5
97.748079 34.753219 0.5
97.741138 34.730656 0.6
97.741545 34.730981 0.5
98.606755 34.561702 0.5
98.05402 34.710327 0.8
98.778752 34.531771 1.0
98.270752 34.625891 0.9
97.548462 34.794775 1.9
99.329419 34.540316 0.7
97.547282 34.79528 0.9
97.58033 34.744299 0.9
97.582511 34.744743 0.6
97.764591 34.752633 0.5
98.299593 34.663676 0.9
97.594767 34.526648 0.6
98.788265 34.541064 0.9
98.407576 34.651408 1.2
98.305957 34.643042 0.7
98.300529 34.605424 0.7
98.529614 34.608142 0.6
99.333781 34.536039 0.7
97.8021 34.693359 0.9
97.865658 34.735055 0.9
98.685124 34.559855 1.0
98.016536 34.689905 1.1
97.75533 34.741691 0.5
97.695833 34.736129 0.5
98.504224 34.596655 1.6
98.970736 34.490279 0.5
99.144279 34.494425 0.7
98.85695 34.535111 0.6
97.586971 34.755465 0.5
97.507088 34.850305 0.7
97.746948 34.727958 0.5
97.571785 34.769336 0.7
97.657593 34.816646 1.0
98.196265 34.739478 1.2
97.828011 34.746232 0.6
98.679053 34.548393 0.9
97.774438 34.744116 0.5
97.748641 34.741846 0.5
98.130176 34.690279 0.7
98.436735 34.59679 1.0
98.436727 34.59668 0.5
98.680322 34.561385 0.9
98.75918 34.558614 1.2
98.016089 34.696973 0.9
97.894466 34.73453 0.9
98.505981 34.59539 1.2
98.498551 34.601941 0.5
98.497095 34.59974 0.8
98.504818 34.601123 1.3
97.677498 34.741821 1.0
99.326294 34.531148 0.6
97.52041 34.750993 0.8
97.758236 34.733044 1.1
97.74738 34.743974 1.3
97.610571 34.782581 0.5
98.496997 34.601473 0.7
98.004736 34.702002 0.5
99.155216 34.505477 0.6
98.484855 34.6085 0.8
97.748283 34.741772 0.5
98.572176 34.573649 0.9
98.307959 34.639205 1.3
98.310238 34.639026 0.6
98.466496 34.628792 0.5
98.5309 34.586304 1.0
97.740584 34.742952 0.6
98.811759 34.59707 0.6
97.749528 34.745605 0.6
99.429069 34.546989 0.8
98.408219 34.632654 1.8
97.561239 34.761755 0.5
98.550399 34.577035 1.2
97.751766 34.739689 0.5
98.500724 34.601058 0.6
97.750472 34.741227 1.2
97.617261 34.755758 1.3
99.021167 34.452148 0.8
97.613607 34.780713 0.7
97.472957 34.825151 0.6
97.761385 34.73269 0.6
97.758708 34.733398 1.0
98.87063 34.524788 0.6
97.756104 34.735205 0.5
98.79362 34.574821 0.7
98.793628 34.574634 0.6
98.79362 34.57467 0.5
98.793416 34.574654 1.1
97.729484 34.743917 0.5
98.503027 34.595386 0.8
97.64222 34.743481 0.5
97.759351 34.733504 0.7
97.589608 34.529883 0.9
98.522884 34.601339 0.7
98.834741 34.544145 0.6
98.483789 34.613497 1.4
97.758366 34.733809 0.9
97.972103 34.704114 1.2
97.39541 34.853723 0.5
98.515715 34.588428 2.1
97.681055 34.750199 1.7
97.828516 34.739058 0.7
97.634074 34.785449 0.8
97.756836 34.734599 0.8
99.454663 34.515275 0.6
98.49467 34.600944 0.5
97.746379 34.742826 0.5
98.687297 34.535136 0.6
98.926693 34.517065 1.8
98.252482 34.710392 0.8
97.759749 34.733757 0.5
97.74493 34.724959 0.9
97.744987 34.724211 0.5
98.755778 34.51014 0.7
98.270369 34.665007 0.5
98.676245 34.552323 0.5
97.75874 34.733573 1.1
99.42723 34.546521 0.7
98.951538 34.540979 0.9
99.104045 34.339539 2.2
98.953857 34.543477 0.7
97.780477 34.727751 2.2
97.52238 34.873446 0.5
97.744702 34.72487 0.9
98.285286 34.723543 1.0
99.104574 34.339067 0.6
98.512646 34.594832 0.6
97.574723 34.767143 0.5
97.401473 34.847359 0.5
98.793449 34.547449 0.7
98.311361 34.641951 0.6
98.224007 34.651172 0.5
98.509497 34.602991 1.9
97.462606 34.76899 0.7
98.9271 34.517354 0.8
98.664941 34.542448 0.8
98.732935 34.52924 0.6
97.539771 34.763354 0.8
97.747087 34.746143 0.6
97.70498 34.751607 0.8
97.77015 34.730656 1.0
97.677376 34.758997 0.7
98.836711 34.555908 1.0
98.284896 34.64873 0.6
98.434456 34.599764 1.8
97.759253 34.73394 0.6
97.677083 34.757503 0.5
97.468815 34.879675 0.7
97.398918 34.840068 0.9
98.538143 34.601213 0.8
98.538175 34.601335 0.6
98.171704 34.734184 1.6
98.172021 34.734326 0.5
98.009871 34.683875 3.2
97.97745 34.717578 1.2
98.411833 34.62229 0.5
98.524202 34.552376 0.9
98.52391 34.552372 1.4
98.013159 34.684892 1.6
97.560677 34.748108 0.7
97.573747 34.747595 0.9
98.579085 34.584155 0.8
98.008879 34.688428 0.6
98.376278 34.631169 0.6
98.814478 34.551392 0.7
97.737256 34.732072 0.5
97.52408 34.768526 0.8
97.77793 34.754077 0.6
97.742806 34.741398 0.7
97.742578 34.741659 0.5
97.772705 34.74526 0.8
98.93951 34.516585 1.1
98.805444 34.579826 0.5
98.939722 34.514441 3.6
98.93798 34.5177 1.3
98.941895 34.514404 0.5
98.942074 34.51438 1.7
98.940397 34.513676 0.7
98.939526 34.517452 0.7
97.816593 34.746704 0.5
97.737703 34.731889 1.0
97.822453 34.744507 0.5
99.286239 34.502283 0.5
98.943254 34.514596 1.6
98.943441 34.514974 1.0
98.336011 34.659355 0.5
97.748128 34.725785 1.2
97.862362 34.734603 0.8
97.891276 34.714233 0.5
97.785758 34.752527 0.7
97.819149 34.742839 0.6
98.494482 34.612113 1.1
97.818937 34.747294 0.8
98.189225 34.726359 1.4
97.765877 34.740739 0.6
98.190413 34.726416 0.5
97.741423 34.730863 0.5
97.631388 34.750362 0.5
97.674577 34.759546 0.5
97.741309 34.730924 0.5
98.268311 34.649231 0.5
98.474634 34.604704 0.9
97.558577 34.750049 0.5
97.701717 34.750781 1.8
98.048161 34.707593 0.5
99.038599 34.469812 0.7
99.074976 34.495072 0.7
98.05769 34.69397 0.6
97.892879 34.728918 0.8
99.17841 34.504508 0.9
98.878247 34.630245 0.5
98.433016 34.598193 1.0
97.625358 34.779053 1.1
98.936841 34.516484 0.7
98.519189 34.599984 0.5
98.037158 34.707133 0.7
98.799829 34.589575 0.5
98.496297 34.601058 0.6
97.981266 34.727063 2.2
98.50223 34.595805 1.1
98.4691 34.632141 2.1
97.767326 34.745951 0.6
98.46827 34.632406 0.9
97.984123 34.723905 0.8
98.679688 34.552307 0.9
97.751123 34.726103 0.5
97.536174 34.768583 0.5
97.655916 34.760083 0.7
97.86123 34.735413 1.1
97.44908 34.746704 0.7
98.789478 34.541081 0.6
98.472705 34.614624 0.5
99.025806 34.455111 1.9
98.199422 34.742611 0.6
97.74987 34.725977 0.5
97.784969 34.752987 0.9
98.240397 34.202584 1.7
98.472469 34.625122 0.5
97.626595 34.783134 1.4
97.894238 34.728796 0.6
97.485042 34.769873 0.6
97.653613 34.786861 1.0
98.407202 34.627527 0.6
97.845117 34.739657 0.7
98.767554 34.515898 0.5
98.009367 34.687862 0.5
97.589437 34.73962 1.0
98.944173 34.500167 0.7
97.624097 34.9731 0.7
98.46005 34.614893 0.6
99.098714 34.494299 0.9
98.870304 34.524483 1.5
98.240796 34.203861 0.6
98.241089 34.201628 0.9
98.522762 34.608736 1.0
97.465584 34.856372 0.7
98.495622 34.603121 0.5
97.799284 34.749691 0.6
99.014372 34.473381 0.6
98.240869 34.202063 1.7
98.245793 34.657857 0.5
98.750106 34.500989 0.8
98.530298 34.594482 1.6
98.510498 34.622107 0.8
97.55262 34.764111 0.7
97.837508 34.733516 0.7
98.15411 34.694686 2.2
97.739925 34.732161 0.5
98.547493 34.688818 0.7
98.287484 34.650248 1.0
99.40424 34.541606 0.9
97.741178 34.738359 0.7
97.572868 34.74117 0.6
98.919076 34.525671 1.5
97.830648 34.740759 1.0
97.768066 34.72594 0.5
98.805632 34.525326 0.9
97.620581 34.745703 0.7
97.753898 34.726546 0.5
97.798193 34.746623 2.4
98.534172 34.590865 0.8
97.681934 34.742265 0.5
97.798055 34.746521 0.5
99.078996 34.494666 0.5
98.491984 34.603646 0.7
99.227531 34.507434 0.9
97.684546 34.759444 0.5
99.227498 34.507275 0.9
98.49139 34.606112 1.9
97.854915 34.73641 0.7
98.430868 34.620992 0.5
97.533097 34.768848 0.5
97.758472 34.734212 1.1
98.83252 34.532804 0.6
97.751912 34.746476 0.5
99.224471 34.450834 0.6
98.503906 34.595955 1.9
97.718652 34.75153 0.5
97.82207 34.742232 0.7
98.789038 34.540881 0.5
99.339144 34.5276 0.5
98.430705 34.620976 0.8
98.503109 34.598022 1.9
97.770524 34.731136 1.1
97.7205 34.758435 0.5
98.530509 34.583834 0.7
97.546265 34.756759 0.5
97.747925 34.726375 0.8
97.748991 34.726322 0.6
98.661174 34.541846 1.2
99.334757 34.541195 0.7
97.765706 34.732345 0.6
97.637524 34.75603 0.5
97.701937 34.75564 0.5
97.859269 34.735034 0.5
98.266626 34.658972 1.0
97.785482 34.752311 0.6
97.760026 34.734298 0.8
98.121753 34.683907 1.2
99.076326 34.502067 0.9
98.387573 34.630819 0.6
97.54397 34.765743 0.6
98.055257 34.705111 1.2
97.762882 34.733333 0.8
98.313704 34.602824 0.5
97.85887 34.73501 0.5
97.751188 34.744751 0.6
99.085579 34.503743 1.1
98.592318 34.582068 1.7
98.874845 34.50815 2.0
98.874731 34.508146 2.0
98.874406 34.508077 1.1
98.874186 34.508114 1.1
98.874495 34.508053 0.5
98.5712 34.572498 1.1
98.874438 34.508142 1.2
98.529533 34.609737 1.1
98.874862 34.50815 0.6
99.431266 34.548043 1.4
97.472933 34.830526 0.7
97.752661 34.741638 0.5
98.768815 34.550736 0.7
97.750122 34.742432 0.7
97.749837 34.742546 0.6
97.850936 34.736621 0.5
98.509684 34.595964 0.6
98.509391 34.596 0.8
98.875146 34.508142 1.3
97.745394 34.742826 0.7
98.501392 34.6212 0.8
99.018197 34.476213 0.5
98.874862 34.508134 0.7
98.790487 34.576359 0.6
98.466366 34.628776 0.8
97.498934 34.762813 0.7
97.690861 34.752698 0.6
99.076099 34.503357 0.6
97.770728 34.73114 1.3
97.750806 34.725814 0.7
97.75022 34.725863 0.6
97.751945 34.725871 0.6
97.758073 34.745512 0.6
98.474097 34.614262 0.5
98.314364 34.629118 0.6
97.761654 34.733459 0.5
97.694303 34.740963 0.7
98.868473 34.523145 0.5
98.934212 34.542187 0.7
98.599495 34.57325 1.0
97.747909 34.745382 0.5
97.572974 34.533427 0.5
97.982454 34.720703 0.8
98.56425 34.573466 0.5
97.736385 34.739803 0.6
97.73151 34.741939 0.5
97.730981 34.742106 0.6
97.982576 34.720431 1.1
98.945256 34.506856 1.2
98.435579 34.603495 0.6
97.756966 34.735347 0.9
97.759505 34.734066 0.9
98.24318 34.736584 0.6
97.738883 34.729569 0.6
97.984383 34.699121 0.5
98.620353 34.555961 0.7
97.747673 34.745109 0.8
98.495345 34.608777 0.6
97.470247 34.880286 0.6
97.739762 34.735246 0.5
98.837337 34.562093 0.9
98.776864 34.531384 0.6
98.013485 34.684847 1.8
99.211263 34.451168 1.3
97.733114 34.760181 0.7
97.767375 34.740495 0.6
97.760116 34.733761 0.9
97.565658 34.88206 0.5
97.691056 34.742045 0.5
97.540755 34.767749 0.9
97.736637 34.735742 0.5
98.124097 34.684367 0.8
97.460295 34.870272 2.1
98.62701 34.555192 0.5
98.717261 34.596875 1.1
99.022021 34.469368 0.5
98.419409 34.628031 0.8
97.462484 34.843254 0.5
98.717122 34.596838 0.6
98.97946 34.489193 0.6
97.609416 34.767525 0.8
97.740519 34.742692 1.0
98.775008 34.544157 0.6
98.717546 34.596794 0.6
98.60979 34.561727 1.5
98.837052 34.562492 1.2
97.600488 34.779785 0.5
97.508781 34.783565 0.9
98.71473 34.530888 0.5
97.844507 34.739364 1.0
97.512956 34.768347 0.6
98.467985 34.632581 1.1
98.464771 34.611226 1.3
99.221452 34.448267 0.8
98.435881 34.597628 0.5
99.210881 34.456075 0.8
98.288086 34.631909 0.5
97.864884 34.734001 0.5
97.658952 34.7882 0.5
98.013403 34.684517 1.1
98.971989 34.496651 0.5
97.759334 34.734375 1.0
97.753231 34.739022 0.5
98.940747 34.51272 0.6
97.53859 34.777185 0.8
97.776107 34.745634 0.5
97.507422 34.765833 0.7
98.423006 34.616016 0.7
97.400977 34.847375 1.0
98.496273 34.601847 0.9
98.070793 34.673507 0.5
98.251139 34.652763 0.7
99.432121 34.5488 1.0
98.793034 34.526998 0.6
97.935571 34.743054 0.9
97.935352 34.743384 0.7
97.981217 34.705196 1.2
97.771924 34.743453 0.5
98.074219 34.711869 0.5
97.630029 34.735128 0.5
97.816919 34.693648 0.5
98.278451 34.650171 0.5
98.613745 34.574032 0.5
97.82408 34.742489 1.2
97.750936 34.746488 0.6
97.71215 34.748848 0.7
98.544775 34.579472 0.9
99.157633 34.497998 1.6
99.329297 34.523751 1.0
97.758089 34.734835 0.6
98.514827 34.606193 0.6
98.942318 34.869938 0.5
97.818107 34.743502 0.8
97.516357 34.789815 0.5
97.754451 34.746993 1.1
98.010107 34.698486 1.2
99.3455 34.529301 1.0
98.495638 34.600309 0.6
97.941431 34.716703 1.6
97.819434 34.745105 0.9
97.753931 34.745549 0.5
99.205184 34.45575 2.3
98.54047 34.57939 0.5
99.074943 34.495113 0.8
98.727059 34.534041 0.6
97.745166 34.750944 0.7
98.423234 34.653271 1.1
97.541366 34.538289 1.0
97.915658 34.717957 0.7
97.858667 34.73516 0.9
98.369149 34.635494 1.4
97.84786 34.739815 0.5
98.503247 34.600049 0.7
97.5125 34.806596 1.1
98.517733 34.588175 1.2
98.50472 34.598258 0.5
97.726335 34.755225 1.1
97.967318 34.715035 1.4
97.863631 34.73422 3.7
98.898454 34.527393 0.5
97.898486 34.279386 0.7
97.734692 34.746639 0.5
99.1559 34.486157 0.5
99.067708 34.501526 0.8
97.625 34.748645 0.6
97.42347 34.828137 0.5
98.509904 34.623499 0.8
98.463859 34.614152 0.7
97.616073 34.759542 0.5
98.875106 34.508126 0.9
98.519246 34.604728 0.8
97.745166 34.728092 0.6
98.534017 34.585494 1.6
97.55673 34.758053 0.5
98.264746 34.672758 0.7
97.759538 34.734294 0.6
98.425464 34.625517 0.6
98.497811 34.60129 0.6
97.823796 34.744312 0.9
97.459709 34.870801 1.1
97.551774 34.762524 0.7
97.763159 34.729903 0.6
98.536279 34.582345 0.5
98.935213 34.511108 0.6
99.064209 34.506116 3.1
99.06311 34.505029 0.5
97.783757 34.753691 0.5
97.553507 34.767944 0.5
97.553996 34.767822 0.9
99.426164 34.546025 0.8
98.602384 34.57703 0.6
98.602555 34.577096 0.5
97.745296 34.744861 1.3
97.812248 34.748193 0.6
97.747461 34.754736 0.8
97.74646 34.754765 0.9
98.001644 34.723499 0.7
98.002197 34.723226 0.7
97.729118 34.761873 1.2
98.610938 34.561222 1.1
97.746167 34.758634 0.6
97.724178 34.746623 0.5
97.549927 34.770703 0.7
98.735278 34.54364 0.5
98.421761 34.630278 0.8
99.337199 34.53584 0.9
99.082967 34.503809 0.6
97.555949 34.767867 1.0
98.034709 34.695109 0.5
98.916227 34.505973 0.5
97.752718 34.744771 0.6
97.750553 34.745186 0.6
98.79707 34.539673 0.7
98.508952 34.596663 0.5
97.761344 34.733903 1.6
97.435433 34.826143 0.6
97.533838 34.771871 0.7
99.144914 34.459644 0.5
97.396053 34.856197 0.7
98.804232 34.527315 0.5
97.779834 34.736503 1.2
98.298145 34.635173 0.8
98.480884 34.615129 0.6
98.804199 34.600806 1.1
97.674382 34.732316 0.6
97.620866 34.782406 0.5
98.528914 34.586332 0.7
97.575944 34.536218 1.1
97.751424 34.726054 0.5
99.339355 34.24161 0.6
97.565316 34.782056 0.8
99.342358 34.241414 0.7
98.357373 34.629887 1.1
98.358105 34.629936 0.5
97.818164 34.742839 0.9
99.37937 34.669853 1.6
98.566016 34.586206 0.6
98.222762 34.646257 0.6
98.357528 34.630225 2.0
98.357951 34.629968 0.7
98.358187 34.630172 0.6
98.236369 34.651095 0.9
99.204443 34.458049 1.2
97.515698 34.769263 1.5
98.675814 34.614779 0.7
97.625537 34.745955 0.6
97.665942 34.758325 0.5
97.697469 35.009334 0.5
97.758333 34.735002 1.1
98.194906 34.738501 0.7
97.503507 34.816797 0.7
99.066976 34.457365 1.4
99.20953 34.450362 0.5
98.497786 34.600924 0.9
98.059424 34.695215 0.7
99.420443 34.543339 0.5
97.779631 34.743783 1.5
97.675789 34.752974 0.7
97.475 34.786117 1.2
98.436304 34.598108 0.6
99.168424 34.49609 0.8
97.73877 34.732491 0.6
98.505444 34.597974 0.6
99.104663 34.33372 1.4
99.105225 34.333325 0.5
97.99624 34.81838 0.5
98.217057 34.646155 0.6
98.549593 34.574923 0.7
97.624504 34.750236 0.5
98.513403 34.594474 0.6
97.74209 34.737321 0.7
98.051823 34.70096 0.5
97.739299 34.735071 0.8
99.378182 34.665942 0.5
98.525977 34.587545 0.6
99.07443 34.457682 0.7
97.630705 34.794657 0.5
97.618473 34.790674 0.6
97.690853 34.749862 0.5
98.517904 34.60542 0.6
98.213118 34.68938 1.1
98.532487 34.583618 0.7
97.49646 34.842501 0.5
98.241691 34.667318 0.5
97.537907 34.766638 0.9
97.492448 34.838639 0.5
98.894181 34.530668 1.9
98.389624 34.625981 0.5
97.645174 34.760417 0.5
97.813241 34.744747 1.3
99.104549 34.333459 1.7
98.437964 34.627393 1.4
97.742635 34.737459 0.7
97.741724 34.737512 0.6
99.119328 34.44648 1.1
98.888582 34.514884 1.0
97.537443 34.766903 0.7
98.877523 34.503141 0.5
99.035425 34.5007 0.6
98.374146 34.626379 0.5
98.979728 34.488505 0.5
99.072616 34.498234 0.7
97.466675 34.871606 0.5
98.629142 34.554822 0.8
98.456763 34.611788 0.9
98.799674 34.526562 0.5
98.50533 34.599133 0.5
98.58549 34.566996 2.0
97.787777 34.723755 0.5
97.457389 34.869039 0.8
97.967928 34.750557 1.7
97.537988 34.78678 1.3
99.154134 34.497506 1.0
99.106771 34.444047 1.5
98.500439 34.597461 0.7
97.725171 34.744897 0.5
97.75424 34.725545 0.5
97.7493 34.742216 0.7
99.259163 34.69541 0.6
97.759432 34.7349 1.3
97.629403 34.750822 0.8
97.525692 34.757788 0.8
97.530916 34.76676 0.7
98.573055 34.580469 0.5
98.178866 34.687557 0.6
98.860392 34.518095 1.3
97.524414 34.766317 0.7
99.418498 34.545186 0.5
98.806812 34.598283 0.5
98.806551 34.600509 0.6
97.746924 34.757214 0.6
97.682625 34.743929 0.8
97.824406 34.741036 0.6
97.76215 34.746342 0.5
97.760059 34.734762 1.1
98.790137 34.531698 0.5
97.819076 34.747949 0.6
98.541406 34.587439 0.5
98.511068 34.600073 0.5
97.733171 34.75988 0.8
98.504972 34.601656 0.5
97.850399 34.737488 0.5
97.60922 34.544503 1.1
98.58361 34.578739 0.5
97.66512 34.786503 0.7
98.618026 34.548608 0.5
98.509644 34.606763 0.6
98.926107 34.5177 0.5
98.514144 34.60553 0.5
97.511003 34.850777 0.8
97.649788 34.761621 0.6
97.957609 34.721594 0.5
98.452393 34.61512 0.5
97.541414 34.763444 1.9
99.063794 34.450476 0.7
98.596582 34.566915 0.7
98.501929 34.617574 0.5
98.683765 34.53892 0.6
98.502051 34.617603 1.1
97.684904 34.748515 0.7
97.746549 34.741508 0.7
98.751172 34.557556 0.9
98.751383 34.557556 0.5
97.742 34.757463 0.5
98.645679 34.540617 0.6
98.248307 34.650008 0.6
99.256812 34.694914 0.7
98.811117 34.599658 0.6
97.561759 34.769849 0.5
98.803263 34.601001 0.8
97.679858 34.732739 1.3
98.465479 34.544845 0.6
98.069653 34.709233 0.5
97.760376 34.732845 0.6
97.760506 34.734135 0.5
99.082617 34.500614 0.6
98.249723 34.65367 0.5
97.971289 34.706877 1.2
98.46971 34.609705 2.1
98.814917 34.598869 0.5
97.993652 34.731197 1.4
99.381055 34.668791 0.6
97.778955 34.730452 1.2
97.47015 34.815641 0.9
98.513997 34.594401 0.8
99.110067 34.487968 0.8
98.236995 35.373698 0.6
98.603857 34.557255 0.7
98.564697 34.539189 0.8
98.236035 34.705566 0.6
98.875448 34.517989 0.8
97.758179 34.735461 1.4
99.033643 34.452466 0.5
97.770313 34.782601 0.5
97.780583 34.74683 0.6
97.593595 34.562109 1.3
97.521875 34.784412 0.5
97.755192 34.746615 0.6
99.122656 34.4434 0.6
98.804167 34.596167 0.8
97.596712 34.785087 0.8
97.705754 34.824434 0.6
98.225195 35.3828 1.1
99.421655 34.543799 0.6
98.805664 34.525326 0.5
98.512622 34.595247 1.0
97.760482 34.733053 1.4
97.761377 34.732585 0.6
97.519548 34.776428 0.5
98.47902 34.626172 0.7
97.510913 34.768563 0.5
97.766325 34.728573 0.6
98.97522 34.487695 1.0
97.75957 34.734721 0.5
98.757853 34.544938 0.8
97.757406 34.746318 0.6
99.20057 34.458126 0.7
97.632048 34.749601 1.2
97.623348 34.749097 0.6
97.851449 34.738826 1.1
97.602954 34.754578 0.7
97.663574 34.763656 1.6
98.532406 34.583431 0.9
98.170264 34.679313 0.8
99.054679 34.496582 1.3
99.339388 34.241589 0.5
98.199023 34.711829 0.7
97.759253 34.735555 1.7
97.758952 34.736153 1.6
97.844914 34.739315 0.5
97.623128 34.755855 0.5
98.299146 34.628837 1.0
98.538761 34.578088 0.8
98.04637 34.695251 1.5
97.749398 34.745736 0.7
97.851424 34.738737 0.7
97.581494 34.770292 0.5
99.320011 34.52817 0.7
99.123991 34.497274 0.5
97.760555 34.734652 0.5
97.971029 34.720374 0.6
98.981226 34.496155 1.1
98.723389 34.533435 1.5
97.755241 34.724894 0.5
97.671973 34.742118 2.2
99.059757 34.762996 0.6
97.612321 34.792525 0.5
98.870321 34.524337 1.1
97.710677 34.732194 0.6
97.567122 34.769706 1.6
98.806657 34.598425 1.2
98.807007 34.598336 0.8
98.801742 34.600952 0.9
98.508423 34.606571 0.5
99.073649 34.463342 3.2
99.074902 34.462569 1.1
99.054948 34.452828 0.9
98.496086 34.617204 1.0
99.251335 34.701318 0.8
97.756551 34.731486 0.8
98.506274 34.599988 0.5
97.729769 34.742102 0.5
99.182959 34.505587 0.6
99.181527 34.507145 1.3
97.826937 34.745646 0.6
98.512215 34.597013 1.0
97.749902 34.748401 0.5
97.757918 34.73551 1.9
98.92644 34.507751 0.9
98.532747 34.583 1.1
97.55214 34.543526 0.9
97.544718 34.750651 0.5
97.98606 34.702319 0.8
99.353198 34.526306 0.8
99.209766 34.502848 1.0
99.072933 34.501884 0.8
98.26792 34.649231 1.9
98.874642 34.508154 1.0
98.909001 34.524573 0.9
97.986133 34.783053 0.8
98.806991 34.598588 0.9
97.548503 34.751444 0.7
97.774373 34.726388 0.5
99.031177 34.462089 1.9
97.748755 34.757389 0.5
98.625439 34.552437 0.6
97.799829 34.745614 1.2
97.79939 34.745809 1.7
97.79952 34.746016 0.6
98.119092 34.694434 0.9
99.083398 34.503625 0.9
97.73658 34.75918 0.6
99.031608 34.467452 0.8
99.208716 34.50092 0.5
97.8264 34.917485 0.6
98.478849 34.60638 2.3
98.459888 34.614913 0.5
97.742228 34.757422 0.8
97.8507 34.737362 0.7
98.875146 34.502315 0.5
97.74283 34.742468 0.5
98.360352 34.631677 0.6
99.329899 34.524813 1.6
98.459587 34.611149 0.5
98.503906 34.595976 0.8
97.751888 34.740645 0.6
97.500724 34.843958 0.5
97.983748 34.728984 0.6
98.498771 34.610205 0.5
97.84821 34.742163 0.8
98.423633 34.62548 1.4
98.618229 34.552759 0.8
98.973177 34.494836 1.0
98.540894 34.580876 0.8
98.867765 34.521903 0.8
98.86971 34.524068 0.5
98.618547 34.551786 1.4
98.540804 34.580994 1.0
98.334245 34.657218 0.5
98.504272 34.598181 1.1
98.508813 34.622449 1.0
98.519002 34.602681 0.5
99.382267 34.669975 0.5
97.608887 34.767232 0.5
97.732072 34.744788 0.5
97.754557 34.743404 0.5
98.835262 34.545154 1.1
98.508521 34.62216 0.5
97.783203 34.74397 1.1
98.518571 34.607239 0.6
99.330705 34.522876 1.0
97.537484 34.754423 0.8
98.307682 34.640336 2.9
97.983854 34.728927 0.7
99.096688 34.496037 1.0
98.723462 34.607003 0.7
98.459888 34.614709 0.5
97.733065 34.737691 0.6
98.834701 34.544161 0.8
98.503206 34.595573 2.6
97.739933 34.738053 0.8
97.731828 34.742542 0.5
97.538607 34.77463 0.5
97.729354 34.759924 0.5
97.619377 34.753369 0.5
98.520158 34.607349 0.5
98.503451 34.604171 1.1
98.147705 34.67491 0.9
99.02417 34.470386 0.5
99.349731 34.521859 0.5
97.759619 34.734351 0.6
97.95 34.716545 1.4
97.796899 34.747583 0.7
99.148682 34.491838 0.5
97.507145 34.850138 1.0
99.375944 34.666878 0.5
97.673315 34.760234 0.5
99.15271 34.492558 0.7
97.542326 34.806222 0.5
99.255119 34.509839 0.7
98.29279 34.660465 1.0
97.962394 34.725863 1.4
97.843848 34.739502 0.8
97.707658 34.751176 0.5
97.460653 34.871965 0.5
98.529704 34.58492 0.6
98.5295 34.584884 0.7
98.504346 34.597864 1.1
97.806942 34.750024 0.5
97.760661 34.734192 1.2
99.132821 34.449715 0.5
99.043001 33.752702 0.8
97.708537 34.729993 0.5
97.753475 34.750256 0.5
97.732935 34.759705 0.8
97.881405 34.728381 0.5
97.733447 34.759648 0.9
97.818229 34.74233 0.6
98.756136 34.498926 0.9
97.529663 34.789095 0.5
97.732406 34.759949 0.7
98.866748 34.52762 0.5
97.676994 34.750126 0.6
98.059701 34.695463 0.5
99.374219 34.548145 0.5
98.817887 34.597681 0.6
97.684839 34.756954 0.5
97.498877 34.766357 0.8
97.738558 34.738428 0.7
98.51512 34.59375 0.6
98.043872 34.713737 0.5
97.73514 34.737752 0.8
97.737109 34.738224 0.6
98.367285 34.628589 0.5
98.368107 34.627808 0.7
97.729012 34.744474 0.5
98.49388 34.60815 0.5
97.826408 34.744604 0.6
97.614909 34.755627 0.7
97.816846 34.744653 0.7
98.85568 34.521037 0.8
97.672209 34.741748 0.5
98.197266 34.166386 0.7
97.754663 34.74694 0.5
97.820939 34.74377 1.0
98.540674 34.581242 0.6
97.551302 34.769946 0.7
97.474146 34.863875 0.5
97.738281 34.75863 0.5
97.656836 34.785933 0.5
98.030428 34.680794 0.7
98.438647 34.623661 0.8
97.739958 34.738538 1.2
97.776123 34.747514 1.2
98.656429 34.542004 0.9
97.777173 34.790824 0.6
98.579036 34.578776 0.6
98.004053 34.690731 1.1
98.503239 34.60341 0.7
98.776847 34.531429 0.5
97.774308 34.747229 0.7
97.684717 34.744169 1.2
98.947868 34.506779 0.8
98.495435 34.600509 0.5
98.242472 34.649438 1.0
97.84139 34.707446 0.7
98.041105 34.693335 0.8
99.065967 34.459151 1.2
98.496077 34.604561 0.6
98.475081 34.614156 0.8
97.980827 34.730798 2.4
98.427783 34.646903 1.1
97.77627 34.745178 0.7
98.587826 34.566459 0.9
97.647119 34.759204 0.5
98.495736 34.602763 0.6
98.53431 34.586279 0.5
97.81709 34.744161 0.6
98.308887 34.640483 0.5
97.781877 34.743754 0.6
97.756584 34.732751 0.5
97.753206 34.74742 0.5
98.432365 34.597644 0.6
98.949845 34.51228 0.8
97.725496 34.760962 0.5
98.482812 34.620964 1.0
97.690055 34.751558 0.5
97.653271 34.73901 0.5
99.073527 34.496468 0.6
97.709351 34.750553 0.8
98.432194 34.626937 1.1
97.924137 34.720264 0.6
98.530794 34.586332 1.9
97.74305 34.744869 1.4
97.627751 34.810116 0.5
98.532536 34.60332 0.5
97.569181 34.568079 0.6
97.684497 34.75612 0.5
98.629159 34.546464 0.7
97.732023 34.759688 0.6
99.233993 34.498918 0.5
98.405143 34.627987 0.5
98.540194 34.581494 0.6
99.20127 34.458415 1.0
97.821102 34.740096 0.6
98.862948 34.522839 0.7
97.990894 34.730127 0.5
98.43562 34.605725 0.5
98.692367 34.58741 0.9
99.202002 34.459867 0.8
97.880151 34.724833 0.7
98.534163 34.603296 0.5
98.757764 34.543453 0.8
97.482438 34.771139 1.2
99.197437 34.45094 0.5
98.191333 34.657043 0.5
99.214925 34.502881 1.3
98.064705 34.694543 0.7
98.704598 34.533451 1.0
97.695638 35.011764 1.1
97.740055 34.729639 0.8
99.135669 34.447571 0.5
98.675024 34.534587 0.8
97.43418 34.851778 1.3
97.549813 34.779138 0.9
97.738167 34.738139 0.7
98.787467 34.544039 0.9
97.702205 34.733809 0.7
98.53055 34.5842 0.8
97.694604 34.758923 1.1
97.614665 34.779822 0.9
98.961068 34.543148 0.8
98.315698 34.664718 0.7
99.157829 34.492395 0.9
98.50402 34.597904 1.0
98.53068 34.584037 0.7
98.803882 34.59873 1.0
97.677775 34.735376 1.1
98.926595 34.51748 0.8
99.123494 34.439632 1.1
98.810262 34.596212 0.9
98.810417 34.60037 1.3
98.811011 34.600391 0.8
98.868864 34.523458 0.6
98.97915 34.489193 0.8
98.987923 34.486556 0.6
98.42653 34.622493 0.7
98.521549 34.592818 0.8
98.513916 34.595284 0.7
97.820915 34.748466 1.0
98.61259 34.545182 0.9
98.796167 34.527775 0.6
98.805575 34.597917 0.7
98.48654 34.622929 0.5
99.348739 34.22026 0.6
98.496126 34.619906 0.6
97.986328 34.731466 1.1
98.538949 34.580994 0.7
97.657381 34.756628 0.5
98.503866 34.595646 0.5
98.734928 34.533582 0.6
98.504329 34.620785 0.6
98.500643 34.625415 0.7
98.346379 34.636792 0.6
98.502515 34.621354 0.5
98.454508 34.617517 0.5
98.114543 34.685474 0.7
97.716325 34.729582 1.4
97.70542 34.753711 0.5
98.043506 34.692403 0.6
97.593579 34.756173 0.6
98.882194 34.522054 0.8
97.620247 34.754985 0.6
97.546346 34.769613 0.6
98.814771 34.598881 0.6
98.814998 34.598979 0.8
97.659928 34.758394 0.5
97.442928 34.841496 0.5
99.027881 34.466878 2.3
98.042944 34.69244 0.7
98.503817 34.595715 1.4
98.728491 34.533427 0.5
98.538859 34.581087 0.6
97.663175 34.787036 2.6
97.66495 34.786397 0.8
97.662785 34.788086 0.8
98.315739 34.648413 2.3
97.632869 34.742 0.6
97.6625 34.788314 0.5
98.502083 34.621273 0.6
98.829012 34.542513 0.5
98.988672 34.488094 0.7
97.677254 34.789457 0.7
98.270988 34.650081 0.7
97.678117 34.789771 0.7
98.525618 34.601632 0.6
97.615234 34.770752 0.7
98.681022 34.563647 1.0
97.748804 34.735453 0.5
97.761108 34.73256 1.0
97.741756 34.746175 0.9
97.663916 34.785986 0.5
97.771248 34.747925 0.5
98.48702 34.617655 1.1
98.209408 34.657284 0.9
98.719556 34.530221 0.5
97.824186 34.741174 0.6
99.203996 34.510132 1.1
98.80634 34.598299 0.7
99.014901 34.489079 1.3
98.770182 34.548486 1.2
97.519507 34.750993 1.1
97.759359 34.73516 0.9
97.758561 34.735771 0.6
97.661239 34.760209 0.7
97.765039 34.727649 1.0
97.990438 34.720235 1.1
97.990186 34.720312 0.7
98.891699 34.502783 1.6
97.816032 34.744788 0.9
97.825895 34.745605 0.7
98.494287 34.605375 0.8
97.930518 34.718762 0.6
98.602222 34.559985 0.7
98.601815 34.559696 0.6
98.412996 34.632406 0.6
98.41311 34.632357 0.5
97.613973 34.789278 0.7
98.506763 34.601717 1.5
98.504793 34.622058 0.6
98.734456 34.539168 1.0
98.856323 34.524976 1.0
98.81123 34.599479 0.7
98.354704 34.643315 1.8
97.84834 34.73905 0.6
97.838143 34.734334 0.8
97.630802 34.770911 0.7
98.812663 34.598971 0.5
97.62889 34.771297 0.5
97.659904 34.788395 0.8
98.831624 34.53075 1.2
97.758927 34.735343 0.9
97.759953 34.735103 0.8
97.759871 34.735246 0.9
97.75861 34.735331 1.3
99.013607 34.479456 1.1
97.634188 34.810083 1.1
99.312891 34.517432 0.7
97.978654 34.706669 0.5
98.506958 34.60752 0.7
97.662817 34.78925 0.8
98.578662 34.584465 0.5
97.497363 34.817542 0.5
97.658382 34.760404 0.6
97.759977 34.724581 0.8
98.511165 34.618254 1.2
98.436865 34.596745 1.6
97.97876 34.71768 1.4
97.733203 34.743217 1.6
99.433667 34.549516 0.7
98.816821 34.598132 0.7
98.817285 34.597819 0.6
98.706917 34.530831 0.5
97.680444 34.733366 1.6
97.740617 34.738135 0.8
97.737264 34.739254 1.3
97.741203 34.737907 0.6
97.742513 34.737512 1.6
99.198145 34.450448 0.5
97.668433 34.760059 0.9
98.855851 34.636564 0.8
98.534131 34.59526 2.3
97.660889 34.760335 0.5
97.738232 34.739937 0.5
98.496338 34.600741 0.6
97.528752 34.767521 0.6
97.614591 34.747351 0.5
98.355566 34.634664 0.5
97.591016 34.529643 0.6
98.089128 34.681909 0.7
98.660319 34.626941 1.2
98.980347 34.836153 1.0
97.818994 34.741939 1.0
98.689567 34.534119 0.9
98.234285 34.745687 1.8
98.525155 34.616337 0.5
97.60415 34.78173 0.5
97.60599 34.74456 0.8
98.434684 34.600317 1.6
98.435002 34.60024 0.8
98.434814 34.600297 0.6
99.034351 34.463399 1.4
98.80752 34.598344 1.1
98.710645 34.562203 0.5
97.537606 34.764722 0.5
97.765934 34.73387 0.6
97.824235 34.741321 0.6
98.069751 34.675427 0.8
97.608553 34.744401 0.5
98.502946 34.598421 0.8
97.815332 34.744617 0.6
97.669051 34.742025 0.5
97.735628 34.75909 0.8
98.488273 34.610225 0.6
98.762769 34.555286 1.0
98.762557 34.554924 0.6
97.765609 34.729236 1.1
98.536149 34.583305 0.8
98.579508 34.585962 0.5
98.296395 34.640405 1.0
98.846965 34.5368 0.6
98.532454 34.583659 0.6
98.755745 34.55752 0.5
97.573682 34.884489 0.5
97.725008 34.743958 0.5
99.287687 34.529338 0.7
97.56285 34.882788 0.6
97.567896 34.883818 0.5
97.568335 34.883834 0.7
98.795654 34.540523 1.3
97.563078 34.883793 0.5
98.428467 34.622961 0.5
97.661206 34.789604 2.2
97.809961 34.750142 0.9
99.085107 34.490129 1.0
99.084489 34.489156 1.1
97.662402 34.789083 0.9
97.609155 34.776607 0.5
98.240918 34.663509 0.5
98.806396 34.597388 0.5
97.670736 34.754411 3.1
97.859725 34.728849 1.2
97.855461 34.728552 0.6
97.525977 34.756677 0.7
97.5587 34.884477 0.9
98.506348 34.601929 0.5
97.611849 34.744897 0.9
98.432389 34.597681 0.6
97.76215 34.754443 2.1
97.662923 34.789087 0.7
97.662939 34.789437 0.7
97.761735 34.754407 0.5
98.529671 34.584648 0.7
97.850854 34.737183 0.5
97.568677 34.884684 0.5
97.662467 34.789412 0.7
97.662264 34.788639 0.5
97.737565 34.744731 0.5
97.516683 34.770951 0.5
98.529777 34.605249 0.7
97.695361 35.010486 0.8
97.625114 34.771521 0.5
99.101847 34.496297 0.6
97.560067 34.872831 0.7
98.197103 34.739864 0.5
97.567114 34.883964 0.6
98.464616 34.619987 1.3
97.677035 34.753357 0.6
97.676522 34.752002 0.7
98.053695 34.693872 0.8
98.963607 34.549516 0.9
98.042513 34.693144 0.6
98.577531 34.587508 1.4
99.0302 34.463839 2.0
97.737329 34.747616 0.5
97.811287 34.750916 1.1
98.690633 34.532837 0.7
97.747371 34.733557 0.8
97.541854 34.744515 0.5
98.756421 34.506156 0.7
98.793962 34.552681 1.1
98.713843 34.577039 0.6
98.495361 34.600557 0.7
97.660319 34.790499 0.7
98.874113 34.508028 0.7
98.874308 34.508049 0.6
98.816569 34.598385 0.6
98.874837 34.508004 2.0
98.875326 34.508118 1.0
98.873429 34.507996 0.5
98.874837 34.50472 0.8
97.539128 34.541195 3.2
97.534717 34.541235 1.2
97.657389 34.785885 0.8
97.662451 34.790804 0.7
98.291333 34.651689 0.5
98.495589 34.600647 0.6
98.436784 34.597412 0.5
98.237939 34.71521 0.9
97.582267 34.743115 0.7
97.420166 34.841353 0.6
98.724748 34.528324 0.9
98.755794 34.100002 0.6
97.736637 34.737382 0.5
97.467904 34.87972 0.5
97.827132 34.745048 2.0
98.76923 34.558171 0.6
98.508757 34.609928 0.6
98.23798 34.715287 1.0
97.741748 34.744145 0.6
98.530054 34.585409 1.4
98.42277 34.612724 0.7
97.466349 34.828101 0.5
97.737174 34.74023 0.5
97.764225 34.728471 0.5
98.296541 34.640653 0.6
98.530461 34.584721 0.5
97.630941 34.769588 0.7
97.986808 34.704277 0.6
97.751831 34.732967 1.0
97.571973 34.875985 0.7
97.767529 34.725545 0.9
98.293571 34.659627 1.3
98.565544 34.591182 0.8
97.684652 34.731905 0.5
97.414502 34.853992 0.7
98.191455 34.703682 0.5
98.765454 34.558146 0.5
97.694417 34.828569 0.5
98.988713 34.821016 1.5
98.495207 34.600891 0.6
97.73776 34.73964 1.0
97.736825 34.740177 0.9
98.805656 34.601571 0.7
97.734635 34.738 0.8
97.743392 34.736576 0.8
99.262248 34.497408 0.7
98.379769 34.632129 0.6
98.813835 34.599418 0.8
97.725537 34.745264 0.6
97.679793 34.740059 0.5
97.738656 34.739091 0.5
97.75922 34.732524 1.1
97.749276 34.73877 0.5
98.704224 34.535091 0.5
97.618742 34.755339 0.7
97.841813 34.741113 0.6
97.931396 34.742948 0.5
97.758952 34.734757 0.9
98.308789 34.640397 0.5
98.249967 34.711186 0.5
97.66202 34.79047 0.7
98.974487 34.496464 0.7
97.824471 34.742371 0.5
97.553027 34.764018 0.7
99.25769 34.498409 1.1
99.259855 34.504049 2.0
97.571859 34.527747 0.6
97.752816 34.746912 0.6
97.796826 34.747807 0.9
97.72404 34.75909 1.9
97.743115 34.737109 0.6
98.529468 34.584981 0.9
98.495565 34.600557 0.5
98.505607 34.589787 0.6
98.807284 34.599182 0.8
97.748958 34.752734 1.0
97.751701 34.745789 0.5
97.727173 34.760738 0.5
97.748625 34.752738 0.8
97.743978 34.741626 0.5
98.497038 34.60179 0.5
98.750521 34.558813 0.5
97.661637 34.729215 0.6
98.470402 34.625964 0.9
98.582951 34.583842 0.5
98.874048 34.50802 1.2
98.972778 34.547294 0.8
98.505778 34.62133 0.7
98.768563 34.550452 0.5
98.803866 34.541838 1.0
97.489445 34.819051 1.1
97.489453 34.819153 0.7
97.628971 34.760864 0.5
98.811222 34.599727 0.6
97.617822 34.785547 0.5
97.615617 34.785929 0.6
97.745565 34.742065 0.5
98.099292 34.680534 1.1
97.765601 34.729012 0.8
98.426156 34.639893 0.5
97.707072 34.733297 0.8
97.452474 34.81556 0.5
98.505192 34.597119 0.6
99.134717 34.481478 0.8
97.475195 34.81366 1.2
99.187386 34.514868 0.6
97.489453 34.81866 0.5
97.405094 34.850191 0.5
97.69012 34.742627 0.5
97.440454 34.851473 0.8
97.818726 34.745085 0.9
98.572445 34.573515 2.1
98.602718 34.556441 0.6
97.622078 34.829659 0.5
97.431038 34.776355 0.9
98.464705 34.616313 0.8
97.964876 34.718087 1.1
98.572355 34.573718 0.8
99.116268 34.478137 1.5
97.846541 34.73925 1.0
97.845996 34.739119 0.5
98.808822 34.597713 0.7
98.876652 34.502222 0.5
97.722998 34.756637 0.5
97.746224 34.743929 0.5
98.412451 34.622449 0.7
97.75175 34.748185 0.6
99.121606 34.493901 0.5
98.804338 34.597693 1.1
98.329451 34.662378 0.8
97.65638 34.725924 0.8
98.082332 34.691874 0.5
97.848169 34.738127 0.5
98.509424 34.619519 0.6
99.076375 34.502124 0.6
98.60778 34.559554 1.2
97.847941 34.737895 0.6
98.236141 34.649117 0.5
98.214404 34.316089 1.1
98.806348 34.599329 0.6
98.508407 34.599133 0.6
97.606738 34.758797 0.6
98.815332 34.599434 0.6
97.700773 35.009054 1.1
98.81145 34.601005 0.7
97.538582 34.756661 0.6
97.983561 34.729008 0.5
98.823307 34.407397 0.8
99.029956 34.4797 1.5
97.546704 34.759094 0.6
98.882031 34.533936 3.2
98.503621 34.609399 0.8
98.429386 34.619409 0.6
98.53029 34.604342 0.9
98.570874 34.574463 0.8
98.411287 34.627637 0.8
98.379826 34.630794 1.5
99.023787 34.458887 0.7
98.513322 34.605587 0.5
98.425895 34.64056 1.0
98.506624 34.597217 0.8
98.425977 34.639689 0.5
98.413241 34.622945 1.0
98.539673 34.588619 2.4
97.559782 34.763595 0.8
98.613835 34.577136 0.9
98.602873 34.556108 1.3
98.505233 34.615597 0.9
97.952319 34.719775 1.1
97.639201 34.745028 0.9
98.873796 34.510132 0.6
97.843172 34.741382 0.5
97.735897 34.743294 0.6
97.782861 34.753796 0.6
98.238875 34.660311 0.5
98.455029 34.616988 0.5
97.7955 34.745072 0.6
98.981657 34.489453 1.5
97.730412 34.759257 1.0
98.922184 34.520565 1.0
98.579313 34.588546 0.8
98.536255 34.597021 0.5
98.242855 34.660547 0.6
98.534237 34.591231 0.5
98.741211 34.53964 1.7
98.818799 34.599231 1.0
98.762069 34.55507 0.7
98.313908 34.649548 0.7
98.727287 34.528215 0.5
98.815503 34.598531 0.6
98.504508 34.59788 0.5
98.410034 34.628064 0.6
97.7604 34.735429 2.0
98.795256 34.551697 1.8
97.594189 34.533667 1.1
98.546989 34.597668 1.3
99.073356 34.458533 0.6
98.41106 34.628296 0.5
98.871313 34.528166 1.0
98.755794 34.0999 0.8
98.607869 34.556934 0.6
98.817326 34.599007 0.7
97.779012 34.744568 0.5
97.685262 34.75177 0.5
97.71766 34.740767 0.5
97.821444 34.742419 0.5
98.811458 34.602132 0.6
98.589388 34.54279 0.5
97.736914 34.743046 0.5
97.741187 34.740413 0.6
98.510636 34.602087 0.5
98.869906 34.524438 0.5
97.663713 34.818127 0.7
98.51014 34.617944 1.7
97.995109 34.715324 0.6
98.330705 34.571411 0.6
98.380078 34.741593 0.9
98.398096 34.633651 0.6
98.60446 34.557703 1.1
98.568018 34.58328 0.5
98.515104 34.603731 0.6
97.947599 34.724207 0.5
98.539168 34.58186 0.5
99.107121 34.491341 0.5
98.559188 34.59502 0.7
97.756803 34.757288 0.6
98.69388 34.536991 0.5
98.032202 34.693551 0.6
99.057251 34.50354 1.4
97.81735 34.742839 0.5
98.425122 34.6165 0.6
98.243213 34.660461 0.7
98.814681 34.59978 0.7
98.053019 34.693327 1.5
98.8361 34.539832 0.5
98.818245 34.598739 0.7
97.800789 34.747009 0.6
98.512305 34.596065 0.5
98.053849 34.695081 1.1
98.616162 34.567338 0.6
98.539176 34.582841 0.5
99.101823 34.497392 0.6
98.554915 34.594824 0.9
98.987622 34.820089 0.7
97.806698 34.692025 0.6
97.807357 34.692171 0.8
98.066398 34.684615 0.8
97.807267 34.692049 0.8
97.80957 34.691858 0.7
97.806763 34.691882 0.8
98.517367 34.588273 0.9
97.807121 34.692074 0.9
98.515715 34.616402 0.8
97.807544 34.692065 0.5
97.80673 34.692139 0.7
98.718457 34.535006 0.6
97.849764 34.739181 0.5
97.87015 34.734513 0.8
97.964982 34.713656 1.7
98.528263 34.586296 0.7
98.40092 34.627222 0.5
98.980029 34.495378 0.7
97.908171 34.72655 0.5
98.530225 34.629606 2.1
98.576986 34.58665 1.1
98.629883 34.550639 0.6
98.71687 34.530656 0.5
98.985506 34.492399 0.7
98.682153 34.550932 0.8
97.826644 34.744694 0.5
98.058081 34.711963 0.5
99.199984 34.45175 0.5
98.805648 34.605477 0.6
99.342049 34.243559 1.2
98.828971 34.549251 0.6
98.591504 34.581055 0.7
98.509993 34.617021 0.5
97.730558 34.744588 0.5
97.845931 34.739685 0.9
99.146623 34.487187 0.5
97.758211 34.735067 0.8
98.510579 34.619661 0.7
97.736084 34.761015 0.8
98.510539 34.619633 1.6
98.41346 34.631311 0.7
97.734587 34.739473 0.6
98.832747 34.548531 0.8
98.525024 34.588538 0.7
98.033065 34.707979 1.6
98.054631 34.693168 1.4
98.509245 34.622005 0.5
97.864079 34.731047 0.5
98.693481 34.533781 0.9
98.809847 34.601945 0.5
97.732674 34.743221 1.2
97.557349 34.765348 0.8
98.802222 34.597392 1.4
98.018652 34.706006 0.6
97.498071 34.76438 0.6
98.431828 34.641602 2.1
99.1462 34.508984 1.5
97.555623 34.746134 0.9
97.819279 34.743388 0.8
97.849609 34.73866 1.9
99.349479 34.2224 1.6
98.810449 34.59943 0.9
97.732316 34.760457 0.8
97.733651 34.760026 0.6
98.413835 34.621785 0.8
97.689404 34.757552 0.5
97.971769 34.67159 0.8
97.985164 34.79408 0.6
98.678255 34.530432 0.6
98.544019 34.588965 0.8
97.993278 34.731323 2.4
98.467244 34.612105 0.6
98.526506 34.598299 1.0
98.816341 34.599268 0.6
97.750277 34.737276 0.7
98.754403 34.499357 1.1
98.490576 34.616239 1.0
98.454736 34.622375 2.8
98.891895 34.528292 0.6
98.813794 34.598499 0.6
98.87321 34.508012 0.5
98.872917 34.507967 0.5
99.067228 34.501017 1.1
98.034627 34.70946 2.3
97.727425 34.745052 0.9
98.875033 34.508049 0.5
97.562948 34.780208 0.5
98.811727 34.600627 0.6
98.895475 34.516691 2.2
97.547819 34.798149 0.6
98.566471 34.579793 0.7
98.576123 34.595207 0.5
97.855632 34.733093 0.5
97.567456 34.757259 0.6
98.804533 34.600614 0.5
97.750187 34.745117 0.5
98.531828 34.584497 0.5
97.563745 34.754073 0.8
98.27085 34.650256 0.6
98.709123 34.530269 0.6
97.738875 34.737581 0.6
97.603532 34.754285 1.1
97.471859 34.816512 1.1
98.516927 34.592855 1.2
98.50485 34.597729 0.8
98.510905 34.618774 0.5
98.503149 34.599259 0.5
98.511312 34.619023 0.6
97.778255 34.721069 1.1
97.778768 34.721204 0.9
97.723421 34.747319 0.8
98.977295 34.496257 0.5
98.627596 34.567301 0.6
98.412638 34.626941 0.5
98.8118 34.601038 0.5
98.812077 34.600948 0.6
98.81123 34.600838 0.6
97.741178 34.758663 0.6
98.902669 34.490613 0.5
99.196598 34.184701 0.6
98.31333 34.643551 1.6
98.746509 34.494613 0.8
98.268311 34.648889 0.7
98.883219 34.550903 0.8
98.692757 34.531746 0.9
98.475081 34.604936 0.7
98.806673 34.598983 1.0
99.099609 34.716923 0.6
97.619694 34.753121 0.6
97.848975 34.737435 1.3
98.215348 34.676213 0.5
97.823918 34.746444 0.7
97.677091 34.74104 0.7
97.777498 34.753914 0.9
97.608757 34.745996 0.8
99.079639 34.498185 0.5
98.751017 34.500761 0.9
98.291374 34.648145 0.5
98.113175 34.716052 0.9
98.533252 34.591187 2.4
97.535221 34.773702 1.1
98.720996 34.554618 1.2
97.89349 34.726632 1.4
98.50026 34.608382 0.5
98.274601 34.658785 1.6
97.615918 34.566418 1.1
98.629924 34.573857 0.5
98.951457 34.498299 0.7
98.475513 34.604862 0.5
99.052629 34.460775 0.6
97.613062 34.567928 0.6
99.007332 34.471167 1.2
98.499951 34.601469 0.7
98.136613 34.67981 0.6
98.422225 34.608175 0.5
98.505526 34.598962 0.6
98.809969 34.602173 0.6
98.731453 34.534111 1.8
98.514941 34.594946 0.5
97.742318 34.737288 0.5
98.423511 34.609774 0.5
98.529264 34.593778 0.8
98.79327 34.547323 0.7
98.502507 34.623051 0.7
97.739185 34.735921 0.8
97.471729 34.769393 0.7
98.436963 34.596729 1.7
99.148413 34.500948 0.7
98.432593 34.132188 1.1
97.765422 34.743608 0.5
98.624992 34.550423 0.5
98.648853 34.534375 0.9
98.579679 34.581844 0.7
98.340063 34.664128 1.1
97.80022 34.745707 1.1
99.072616 34.451176 0.6
99.120711 34.443953 0.5
97.775871 34.745174 0.5
97.753556 34.748201 0.6
98.975684 34.493762 0.6
98.544076 34.593237 0.5
98.813989 34.600411 1.6
97.588224 34.748336 0.8
98.712264 34.530847 0.9
99.108439 34.692013 0.5
98.973787 34.493604 0.6
97.664071 34.729826 0.9
97.62098 34.737915 1.0
97.73859 34.739921 0.6
97.845247 34.740133 0.8
98.218888 34.652507 1.1
97.882056 34.737337 0.9
97.813875 34.734928 0.7
98.495475 34.621903 0.9
99.096086 34.506519 0.7
98.974349 34.493888 0.6
98.253182 34.649797 0.5
98.792041 34.532121 1.7
99.255233 34.499048 0.5
98.274764 34.721533 0.5
97.731649 34.7413 0.9
98.814787 34.601339 0.5
97.734497 34.737569 1.9
98.766968 34.581401 1.2
98.510946 34.614864 0.6
98.420443 34.638411 0.6
98.81748 34.597709 1.4
98.569759 34.587915 0.5
98.800911 34.58997 0.5
98.809147 34.599573 0.6
97.735669 34.759717 0.6
98.808895 34.599874 1.1
97.675448 34.747257 1.5
97.755314 34.732585 1.2
97.826123 34.746029 0.5
97.514852 34.796297 1.1
98.026457 34.708081 0.6
98.807878 34.60037 0.6
98.804899 34.594698 0.6
97.926465 34.738607 0.5
98.578613 34.586629 0.7
98.806014 34.599935 0.5
97.686271 34.743351 0.6
98.490649 34.616077 0.5
97.485286 34.827409 0.6
98.647827 34.539616 0.9
99.031624 34.501143 0.5
97.803931 34.746484 0.8
98.806608 34.600419 0.5
98.807048 34.600492 0.8
97.629191 34.734603 0.9
97.632568 34.744735 0.9
97.817993 34.737272 0.8
98.886377 34.504427 0.9
98.004704 34.726754 1.4
98.524455 34.603263 0.7
97.844482 34.739262 0.5
98.23658 34.648995 0.7
97.563672 34.764176 0.5
97.822021 34.747314 0.5
98.417513 34.630033 0.9
98.813582 34.599487 0.8
98.926481 34.522066 0.9
98.814233 34.601042 0.7
99.031136 34.500163 0.8
98.492098 34.610742 0.5
98.803149 34.601233 0.7
98.878939 34.521358 0.9
98.438973 34.626762 1.2
97.549015 34.745544 1.1
97.736597 34.741345 1.4
97.738794 34.739799 1.1
98.506274 34.589945 1.1
98.525602 34.60483 0.6
98.884367 34.534855 2.0
97.736149 34.740971 0.9
99.100944 34.335152 1.2
99.031104 34.479773 0.5
98.721484 34.530452 0.5
99.326359 34.524089 1.1
98.805143 34.594796 0.5
98.773315 34.532825 0.7
98.322005 34.672375 0.8
97.852425 34.736955 0.6
98.28785 34.655969 1.4
98.783846 34.5552 0.5
98.476278 34.616044 0.9
97.823462 34.736568 0.9
97.745646 34.724658 0.7
97.84764 34.740946 0.5
98.495605 34.599972 0.5
98.870329 34.519572 0.9
98.876522 34.50258 0.7
98.289787 34.651164 0.6
99.016797 34.468437 0.6
99.03505 34.504069 0.9
98.722404 34.530265 0.8
97.735669 34.750814 1.1
99.246232 34.455334 0.8
98.52548 34.587642 0.5
98.412362 34.630359 1.2
97.836873 34.736414 0.7
97.717041 34.760116 0.6
99.026286 34.502804 0.5
97.665568 34.755908 1.1
97.655257 34.772359 1.0
98.532674 34.584192 1.1
98.617383 34.557121 0.6
98.804972 34.599797 1.2
98.846134 34.563896 0.6
97.964022 34.70826 0.6
98.604191 34.558285 0.6
98.305029 34.639807 0.6
98.422257 34.62253 1.1
97.709334 34.74991 0.7
98.830151 34.539709 0.5
98.497445 34.599955 0.5
97.972925 34.706108 0.5
98.498153 34.610246 1.4
99.388387 34.224382 0.6
97.68252 34.757568 0.6
98.802547 34.527531 0.6
98.508496 34.621777 0.7
98.461808 34.621208 1.0
97.985392 34.793913 0.9
97.750586 34.758976 1.5
98.077669 34.706323 1.2
99.196867 34.512134 0.8
98.530265 34.587268 0.5
99.150236 34.447262 0.6
98.928174 34.468905 2.1
98.813477 34.600545 1.2
98.773527 34.532259 0.7
98.038859 34.714058 0.5
98.064795 34.692749 1.6
98.282715 34.661157 0.5
97.712419 34.748922 0.7
98.815413 34.598824 1.6
97.613989 34.76064 1.1
97.710124 34.749223 0.6
97.711613 34.749231 0.6
99.030998 34.464128 1.2
97.712549 34.74917 1.2
99.07452 34.501611 0.5
97.7788 34.780522 1.4
98.80625 34.59718 0.6
98.608903 34.557943 1.1
98.93361 34.512984 1.3
97.981974 34.750977 0.8
97.681934 34.756169 0.5
98.292367 34.650712 1.1
98.521476 34.603666 0.8
98.805208 34.600159 0.5
98.523543 34.602482 1.7
97.731095 34.744165 1.3
98.524495 34.587736 1.1
99.024854 34.465491 0.5
98.80245 34.601705 1.0
98.262093 34.615658 0.6
98.260767 34.615755 0.5
98.673022 34.533366 0.5
98.330339 34.168831 0.6
98.594027 34.56335 1.0
98.438249 34.627686 0.5
98.535286 34.603662 0.5
98.457959 34.61687 0.5
98.322274 34.672904 0.8
98.891528 34.502454 0.9
98.761979 34.516638 1.1
97.83584 34.74484 0.5
98.540601 34.583813 0.6
97.709814 34.766459 0.9
97.9552 34.715902 2.9
98.342098 34.661487 0.6
98.309383 34.648006 0.8
98.508887 34.617362 2.8
99.101945 34.321847 1.1
97.746623 34.731966 0.5
97.469767 34.753463 0.6
98.792456 34.548299 0.6
98.24305 34.649788 0.6
98.24248 34.648905 0.6
98.773364 34.532438 0.6
98.256331 34.660559 0.9
98.792179 34.540751 1.4
98.804671 34.597042 0.9
97.759839 34.734794 1.4
97.757715 34.736353 1.0
98.886401 34.502079 1.0
98.111182 34.683622 1.7
97.845695 34.741423 1.3
98.801636 34.601461 0.5
97.726758 34.7533 1.2
97.656356 34.765198 1.7
98.058081 34.726786 0.5
98.767847 34.552527 1.2
97.752767 34.744234 0.5
98.45734 34.618498 1.0
98.455379 34.616992 0.7
98.9743 34.496423 0.6
97.749772 34.749308 0.7
97.75022 34.741748 0.5
98.768197 34.553292 1.4
98.974154 34.495679 3.7
98.97334 34.495813 1.8
97.932007 34.266687 0.5
98.057926 34.696086 0.6
98.473966 34.618953 1.1
97.810352 34.751152 0.7
97.778768 34.745109 0.8
97.675529 34.754602 0.6
98.50354 34.6229 0.5
98.141024 34.688306 1.1
98.53134 34.586654 1.1
97.746606 34.72926 0.6
99.074097 34.493628 0.8
99.013029 34.595915 0.5
98.495296 34.600818 0.7
97.529964 34.753487 0.7
97.632495 34.760925 0.8
97.682967 34.748234 0.6
98.509318 34.596419 0.5
98.792358 34.548295 0.5
98.730062 34.532751 1.2
97.793783 34.751257 1.0
98.657511 34.542981 1.1
97.760197 34.73468 0.6
97.769889 34.747937 0.5
98.775057 34.553027 0.8
97.751294 34.72607 1.0
98.005029 34.706726 0.5
98.235539 34.743734 0.5
97.757951 34.735929 0.7
98.748242 34.564905 0.8
98.922778 34.546204 0.6
98.871899 34.505623 0.5
97.798942 34.714929 0.6
97.698356 34.758565 1.5
99.183024 34.5059 0.8
97.845402 34.744356 0.6
97.62701 34.79906 1.9
98.046265 34.705461 1.1
97.623885 34.76936 1.5
97.733439 34.73693 0.5
98.544474 34.578988 0.6
97.777848 34.763196 0.6
99.025618 34.497465 0.5
97.829989 34.746627 0.8
97.830143 34.74679 0.9
98.806779 34.527494 0.5
98.117139 34.682324 0.5
98.649186 34.533655 0.5
99.063607 34.471493 0.5
98.121126 34.684273 0.5
98.43387 34.5993 1.2
97.844645 34.740812 0.7
98.95577 34.517493 0.7
98.813053 34.600753 0.8
98.819124 34.603455 0.5
97.978833 34.729358 0.5
97.887736 34.72852 1.1
98.814624 34.600728 0.9
98.75013 34.55839 0.9
98.39104 34.663261 1.8
97.822721 34.741219 0.5
98.57592 34.586906 0.9
98.604386 34.563379 0.5
98.788346 34.528544 0.7
98.826831 34.481746 0.9
97.858773 34.732096 3.1
98.900407 34.513749 1.5
97.845516 34.751823 0.6
98.607381 34.567411 0.6
98.539355 34.594474 1.5
99.089746 34.483488 1.9
98.76005 34.551799 1.3
98.815413 34.597123 0.6
98.612248 34.571012 0.6
