102.873779 26.93383 1.377363
102.819295 26.981441 1.411879
102.679028 27.082617 0.841629
102.820329 27.072982 1.107867
102.88339 27.118191 1.316492
102.931022 26.619373 1.447593
102.8545 27.139158 0.841059
102.732316 27.032497 2.169423
102.823356 26.956384 2.385169
102.86744 26.907662 0.922246
102.881177 26.940238 1.6334
102.678296 27.085592 2.68644
102.900806 26.994566 2.473865
102.887581 26.990896 2.012298
103.02111 26.653381 1.380508
102.977897 26.831624 2.567966
103.201554 27.128902 1.555695
102.798853 27.087292 2.17055
103.00306 27.012014 2.187197
103.309701 26.985984 2.414744
103.107186 26.952368 2.333946
102.753564 27.037042 2.944203
102.742407 27.040588 0.228493
102.848674 26.973584 2.951125
103.168343 26.972085 2.972497
102.887923 27.114712 1.077421
103.317627 26.975903 0.929901
103.047363 27.250142 2.083848
102.711043 27.0334 1.170852
103.199219 27.186908 0.863886
103.022827 26.911639 2.531427
103.032446 26.91318 1.142053
102.975456 26.894704 2.68535
102.950602 26.866638 1.221374
103.138289 26.910311 1.718537
102.757739 27.066713 1.492617
102.864217 27.139476 3.352404
102.86062 27.105721 1.624625
102.812402 26.952114 3.362897
103.241064 27.113564 1.603696
103.199715 27.136684 0.66584
103.19821 27.138829 1.967088
102.851506 27.118351 2.085852
102.659757 27.114001 2.060446
102.929134 26.802549 1.604206
102.975122 26.75458 1.512043
102.947184 26.811772 1.132205
102.697803 27.003174 1.728934
102.901099 27.116793 1.91946
102.944751 26.871751 0.294668
102.953947 26.810162 1.09688
102.934212 26.825832 1.879047
102.857845 27.111705 1.990048
102.983464 26.736153 1.626286
102.864901 26.637703 1.912852
102.722754 27.035756 2.173741
102.709538 27.03668 1.460414
102.680282 26.773901 0.913739
103.106559 27.065715 1.556165
102.704085 26.968846 1.344322
102.889714 27.107766 1.745815
102.896159 26.956106 0.887843
103.124951 26.852075 1.807032
102.940755 26.811296 1.207037
102.871834 26.839301 1.632863
102.647371 26.940542 1.156317
102.889242 26.965173 1.271399
102.911149 26.863389 0.826049
102.898747 26.863784 1.399675
103.141911 26.679549 1.2522
102.906307 26.908822 1.804053
102.78099 26.999337 1.788446
102.759945 26.963289 1.47535
102.880819 27.120532 1.887474
102.712923 27.045577 1.647203
102.720207 27.015684 1.764929
102.690723 26.996979 1.011602
102.751603 26.871598 1.931509
102.971891 26.773413 1.283521
102.815503 26.963631 1.995532
103.036898 27.121189 1.549102
102.88811 27.288041 2.189899
102.780176 26.863684 1.51278
102.750822 26.871405 2.069918
102.885417 26.845345 1.599072
102.873031 27.287561 0.55644
102.649601 27.085299 1.295217
102.741178 27.269389 1.010545
102.741764 27.267415 1.885639
102.774406 27.288383 0.718009
102.869849 26.814685 1.899858
103.046769 27.3429 1.664422
102.584782 26.949099 1.90427
102.999821 26.919124 1.412466
102.887956 26.967141 1.936187
102.921761 26.879012 2.350138
103.000838 26.856728 1.999779
102.751172 26.871635 3.19848
103.000537 26.856112 1.604254
102.876457 27.121383 1.565054
102.744336 26.789417 1.936782
102.871818 26.973057 1.297705
102.750895 26.872817 1.259788
103.018498 26.904675 1.698678
103.112703 27.067773 1.054013
102.721501 27.020249 1.643769
102.853092 27.127486 1.228122
102.782129 27.086886 1.357893
102.767358 27.065086 2.159613
102.782845 27.087488 1.510148
102.765983 27.070697 1.541846
102.933154 26.95836 1.490799
102.928076 26.95449 1.334811
102.787012 27.098393 1.152587
102.797624 27.185748 1.315506
102.960962 26.992999 1.724758
102.784212 27.099066 1.976003
102.758659 27.074522 1.998892
102.715088 27.085903 1.560119
102.750854 26.871387 1.332257
103.15494 26.681183 0.675808
102.746989 27.031252 1.857258
103.013021 27.02877 2.036809
102.823657 27.20437 1.638661
103.150741 26.811017 1.501308
102.750016 26.871108 1.919111
102.967651 27.173918 1.833529
102.96272 26.783995 1.758732
102.915063 26.637994 2.074867
102.627384 27.038784 1.432435
102.873136 26.815792 2.082863
103.011043 26.915287 1.222013
102.717798 27.017889 2.182236
102.741732 27.043577 0.867913
102.888932 27.112453 1.987642
102.804769 27.020087 1.331758
102.887956 26.967141 2.291175
102.96014 27.101786 1.470477
102.907747 26.800157 2.061886
102.753776 26.876015 1.747661
102.990186 27.0961 1.292756
102.912598 26.632951 1.519773
102.893449 26.979964 1.522072
103.088973 26.919733 1.532116
102.677865 27.006148 1.214076
102.976864 27.380237 2.328886
102.915267 26.916003 1.244924
102.867399 26.903312 1.668287
103.15494 26.681183 2.109487
102.90957 26.777248 2.073975
102.736475 27.13983 1.495822
102.992725 27.094189 1.723174
102.894246 27.270211 1.001697
103.024089 27.352901 1.349393
102.960107 27.104673 1.929387
102.800741 27.084363 2.457271
103.009839 27.122148 0.873811
102.930086 26.985978 2.165519
102.960767 27.368195 2.105973
103.153817 26.682497 1.360871
102.75459 27.041498 1.444868
102.99266 27.094206 0.509088
102.960107 27.104673 1.646154
102.994287 27.108925 1.787812
103.011043 27.122349 1.811957
103.015625 26.922152 1.949725
103.019336 26.737579 1.289027
102.901742 27.260028 2.152165
102.910645 26.912286 2.060756
102.929004 26.905888 1.65056
103.345833 27.087351 1.438074
102.825903 27.341386 1.812506
102.818416 27.327289 1.762238
102.763094 26.980752 1.565628
102.80612 27.304779 1.585849
103.000863 27.120217 1.202835
102.889299 27.2415 2.0798
102.774683 26.996812 0.805901
102.697249 26.983331 1.345424
102.665275 26.927883 2.651439
102.906787 26.970093 1.737324
102.777002 26.988397 1.304817
102.950033 26.881787 1.616204
102.811043 26.648256 1.562248
103.187703 27.121724 1.587424
102.986759 27.016433 1.804634
102.789453 26.934469 1.970293
102.906909 26.972286 1.870145
102.821452 27.213436 1.727269
102.806494 27.182591 1.433689
102.822054 27.036599 2.223172
102.888371 27.134108 1.753668
102.871688 27.114709 1.35607
102.821761 27.014911 1.232994
102.808472 26.992171 1.156237
102.714893 27.042399 0.948968
102.890202 26.694342 1.558151
102.910465 26.957707 1.356624
102.838696 26.500185 1.343238
102.699967 26.707688 1.868961
102.94008 26.924656 2.213846
102.945833 26.921006 1.294353
102.771842 27.110362 1.613613
102.919474 26.87632 1.344284
102.944116 26.863011 1.783988
102.856307 26.899475 1.654336
102.798674 26.931759 1.44458
102.807308 26.924597 1.717574
102.805664 26.92678 1.649082
102.802979 26.923669 1.504876
102.950334 26.859458 1.132564
102.932178 26.851329 1.241249
103.065495 26.546102 1.965425
102.767879 27.082758 1.458604
102.718945 26.695844 1.441691
102.883993 27.130056 0.766457
102.876343 27.108262 1.343618
102.910156 26.981639 1.478439
102.907967 26.975287 1.171392
102.888607 26.955141 2.09139
102.771346 26.935671 1.251511
102.914762 26.906047 2.234033
103.410807 27.027568 1.479172
102.771672 26.564388 1.647124
102.960417 26.782914 1.29745
102.891976 27.109601 1.529355
103.018433 26.907397 1.762297
102.886865 27.114848 1.21465
102.779036 26.586096 1.860457
103.123267 27.117344 1.414949
102.75542 26.871547 1.588306
103.008374 26.901082 1.103857
102.751115 26.872817 1.491104
102.713623 26.684009 2.041696
102.944718 26.862063 1.101873
102.768693 27.019674 1.152189
102.824113 26.971676 1.642334
102.757316 26.971372 0.765632
102.841056 27.050771 1.070153
103.178019 26.926396 1.992126
102.933024 27.251164 1.649046
103.175594 27.191081 1.099374
102.956738 27.337608 1.938773
102.854256 27.12854 0.326733
102.787744 26.997941 1.065508
102.773608 26.971293 1.807158
103.305786 26.981392 1.905026
102.936776 26.929801 1.36239
102.929964 26.918703 1.664066
103.060685 26.44259 1.272934
102.897306 27.008822 1.320369
102.877694 26.987872 1.684349
103.029085 26.920392 1.387532
103.01613 26.866034 2.00692
102.883219 26.780564 1.936882
102.785384 26.998254 1.653269
102.690324 26.983864 2.129451
102.793848 27.003379 1.814793
102.80516 26.977793 2.349507
102.743636 26.872768 1.43036
102.906478 26.884578 1.792963
103.015715 26.474292 1.433461
102.750236 26.78752 1.945837
103.017725 27.156968 1.300605
103.115495 26.916361 1.188013
103.31228 26.984672 1.40694
102.81543 26.821574 1.048456
102.960807 27.097066 1.990751
103.050342 26.585962 1.577975
103.042668 26.586511 1.917204
102.963298 26.933128 1.678173
102.911369 26.958791 1.820591
102.941121 26.944238 1.313616
102.915568 27.003188 2.033412
102.876457 27.121381 2.304938
102.727637 27.107385 1.738903
103.104468 26.434985 1.445362
102.811947 27.053996 1.68881
102.877482 26.814516 1.467626
103.128027 26.89493 1.48159
103.126587 26.901084 1.283031
103.124699 26.885608 1.250339
103.128491 26.901501 1.397765
103.067033 26.952012 1.502604
102.751823 26.929673 0.411132
103.132739 26.90282 2.219975
103.1125 26.894395 1.856405
102.752694 26.865023 1.291186
102.875562 27.147514 1.464286
102.876131 26.885604 1.166583
102.926554 26.81864 1.780779
103.046883 26.597565 1.557141
102.859383 26.968772 1.339561
102.895435 27.100326 1.535271
102.880241 27.153394 1.445713
102.96132 26.784768 1.810698
102.955347 26.856541 0.954843
102.943156 26.858246 1.185999
102.955477 26.847243 1.305038
102.692318 27.013279 1.406048
102.825065 27.157121 1.201846
102.853044 26.941429 1.945902
102.93173 26.925629 1.505314
102.919507 26.921755 1.726078
102.894116 26.914768 2.154064
102.9257 26.916897 1.647256
102.98632 26.902519 1.378693
102.894491 26.922888 1.505262
103.008179 26.892798 1.067813
102.929329 26.927433 1.804046
102.927759 26.916221 1.554104
102.943628 26.93231 1.430904
102.761393 26.738222 1.522515
103.003752 26.896724 1.734471
102.929395 26.926404 0.83047
102.932861 26.917318 1.179751
102.876522 27.146104 0.83047
102.862646 27.135073 1.464313
102.926774 26.916231 1.963119
102.919491 26.907599 1.114686
102.922819 26.928611 2.324227
102.926969 26.924231 0.798991
102.928434 26.91944 2.060803
102.978442 26.911914 1.27634
102.967782 26.900338 0.900843
102.934961 26.954246 1.36469
103.005111 26.946568 1.014401
102.920622 26.920839 1.535978
102.933577 26.914124 1.386764
102.89366 26.974341 1.335869
103.035246 26.875529 1.361748
103.02404 26.934399 1.234642
102.987655 26.894944 1.229239
102.886239 27.116412 0.117104
102.932471 26.918742 2.325025
102.92478 26.911727 1.474296
102.806624 26.940556 1.094351
103.13457 26.2974 2.220039
102.998153 26.894366 1.649707
102.93929 26.920723 1.115229
103.136353 26.293378 1.486642
102.96333 26.91699 0.871181
102.869474 26.916587 1.54995
102.957926 26.898787 0.136886
103.097518 26.53642 1.370626
102.936336 27.05297 -0.160268
102.79458 26.860573 1.505508
102.652336 27.070888 1.232517
103.164941 27.188218 1.284234
103.416789 27.001461 1.290988
102.874341 26.815694 2.069419
102.881323 27.034859 0.328207
103.129305 26.904215 0.763432
102.795996 27.023053 0.766728
102.765413 26.986932 1.007856
102.782495 27.048629 1.021455
102.876725 26.814256 1.819589
102.961458 26.78382 1.318537
102.652238 26.689231 1.009197
102.805786 26.967926 1.295191
102.991976 27.09493 1.678961
102.769499 27.221202 1.348424
103.317757 26.978931 0.408162
102.74471 27.033378 1.300997
102.742163 27.031899 1.550206
102.748446 27.031765 2.672008
102.750977 27.018184 1.450947
102.884497 27.011723 1.384442
102.703271 27.034996 1.078295
102.906771 26.969568 1.081485
102.868506 26.94624 0.879677
102.989787 26.903267 1.6107
102.972819 26.769865 1.539916
103.025521 26.917991 2.008746
102.872974 26.815881 1.299989
102.78986 27.018481 1.144086
102.777254 26.999137 1.294108
102.923275 26.942104 0.782198
102.895182 26.913883 1.539889
102.862476 26.841103 0.558417
102.890568 26.870164 1.517918
102.542171 27.05038 1.807296
103.080778 26.518038 0.968744
102.8757 26.815535 1.582697
103.167643 26.789394 1.147981
102.787695 27.017049 2.088163
102.764876 26.990147 1.671821
103.011003 26.915267 1.710152
103.011035 26.915281 1.354084
102.892537 26.974526 1.141243
103.024674 27.099811 2.166431
103.05861 26.706101 1.047758
102.971021 26.808435 1.773247
102.969613 26.81437 0.545985
102.962085 26.796399 1.752529
103.010872 26.475328 0.538934
102.979858 26.470821 1.76829
103.037524 26.467228 1.745582
103.427043 27.024593 0.946557
102.942896 26.861979 0.932994
102.940967 26.864549 1.528021
102.876066 26.918064 1.342499
102.975049 26.758413 1.905096
102.871891 26.839433 1.47708
102.847355 27.108378 1.586915
102.864152 26.598515 1.941955
102.960905 27.305212 1.319661
102.814038 27.018567 1.70695
102.810205 26.924082 1.925366
103.183765 27.118854 0.850361
102.878703 26.814581 1.799299
102.874276 27.159013 1.220873
102.984701 26.903992 1.181416
102.922038 26.934465 1.830225
102.766349 26.994169 1.636772
103.010547 26.661043 1.41123
102.880005 26.992818 1.484084
103.165169 27.192798 0.897939
102.944312 26.879358 1.746287
103.018408 26.906647 0.834333
103.017497 26.428052 1.110135
102.810311 26.932174 1.389456
102.956177 26.876129 1.281422
103.007259 26.845398 1.724404
102.954793 26.872668 1.137661
102.816146 26.928308 0.681022
102.964901 26.865902 1.802925
102.968742 26.840869 2.290648
102.875488 27.109365 1.168221
102.951457 26.872506 0.793496
102.920231 26.87935 1.819422
102.955737 26.867891 1.570108
102.91333 26.88761 1.371857
103.006925 26.455455 1.430608
102.802905 27.038499 2.191624
102.800057 27.036251 1.59078
103.171126 26.909127 1.96505
103.156299 26.900281 1.363458
103.174268 27.162579 1.445453
102.996973 26.944238 1.675683
102.982536 26.937327 1.466394
103.154346 26.68219 1.315673
102.96071 26.960659 1.357132
102.892871 26.922213 1.642602
102.890454 26.887915 1.009545
102.774422 26.867438 1.324127
102.734904 27.149591 1.261678
102.768392 26.992224 2.193024
103.156356 27.156132 0.981938
102.877262 26.959355 0.661342
102.75367 26.828223 1.669887
102.960645 26.788035 1.423207
102.80922 27.063672 1.460202
102.78182 27.049365 1.535337
102.609546 27.077594 1.310774
102.668384 27.044576 1.186332
102.705941 27.010557 1.019423
102.868018 27.185099 2.527785
103.174202 27.187632 3.187484
103.150448 27.162207 0.597697
103.010319 26.65176 1.323263
103.004395 26.654879 2.218249
102.86967 26.896145 1.851721
102.92609 26.945087 1.887992
102.882593 27.280503 1.726997
102.813485 26.64965 1.571837
102.929972 27.236823 0.663237
102.912118 26.794253 1.208668
103.013867 26.557322 1.076038
103.016707 26.574141 1.30727
102.732894 27.109436 1.67354
103.05341 26.547546 1.886135
103.03348 26.537701 1.118197
102.880339 26.670538 1.577524
103.001912 26.648102 1.208112
102.882129 27.134174 1.253869
102.84751 27.110724 1.807036
102.794189 27.141795 1.044106
102.990243 27.074792 1.384586
103.169206 26.980979 1.640648
103.079777 26.796523 1.579394
102.819914 27.127079 1.356032
103.052417 26.542165 1.189325
103.052816 26.551196 0.823507
103.054093 26.547416 1.379637
103.055786 26.549215 0.702691
103.081624 26.524941 1.642611
103.058968 26.539172 1.107419
103.071899 26.542076 1.442979
103.053638 26.543616 1.505736
103.052629 26.551359 1.35726
103.054321 26.556661 1.488767
103.057666 26.541998 1.696821
103.05175 26.567446 1.267027
102.619312 26.681903 2.064701
102.713778 27.013357 2.372006
102.717025 26.992582 2.104589
103.316292 26.981217 2.605231
103.285417 26.983669 2.793269
102.893766 26.974089 1.549422
102.88033 26.956061 1.915232
102.877311 27.127032 1.586093
102.882536 27.32808 1.444133
102.796102 26.951701 0.581223
103.005688 26.686222 1.371521
103.007186 26.695213 1.343763
103.160164 26.981173 1.968972
103.13431 26.986961 0.993815
103.144189 26.987917 1.247769
102.968685 26.928481 0.829918
102.928011 26.917377 1.271102
102.913737 26.932098 2.508884
103.13562 26.982872 1.761756
102.873706 27.032965 1.828592
102.875651 27.001526 1.804206
103.092464 26.92511 1.22866
103.052393 26.548098 1.290824
102.700456 27.121855 1.683788
103.08125 27.228143 1.267612
103.173503 26.916001 0.368256
102.709302 27.072866 1.148716
102.696582 27.056199 1.545885
103.09825 26.448771 0.836559
102.92312 27.033026 1.558402
102.911304 27.042936 1.688718
103.02474 26.934096 1.304296
102.906372 26.979283 0.84829
102.698503 27.026567 1.217315
102.804069 27.09365 0.3043
102.935457 26.931057 2.742036
102.874927 26.815794 2.067637
103.147249 26.97558 1.322617
103.15446 26.981759 1.342921
102.931299 27.01465 0.578573
102.724105 26.995414 1.573049
103.314152 26.979594 1.895745
103.318538 26.982857 1.529785
103.312492 26.977427 1.062743
102.766577 26.993746 2.073435
102.869434 27.121309 0.963459
103.133545 26.983624 1.487825
102.835002 26.997432 2.023491
102.956543 26.820754 2.097817
102.951864 26.878188 1.586699
103.013892 26.743302 1.37331
103.014274 26.746865 1.43336
102.976994 26.909208 1.799627
102.929858 26.929464 1.606517
102.82002 27.329771 1.407286
102.767358 26.71098 2.23334
102.933748 26.895125 1.44773
102.925635 26.896151 1.244491
102.928849 26.888208 1.538244
102.865845 27.121096 0.809258
102.862223 27.113837 1.745647
102.925871 26.990898 1.221365
102.915698 26.983228 1.497042
102.889372 26.964347 1.188106
102.859701 27.121195 0.963873
102.831567 27.10953 2.089764
102.892578 27.087374 1.186455
102.858944 27.08822 1.282727
102.944767 26.827071 1.653662
102.877466 26.814518 1.405914
102.815283 26.652639 1.793003
102.753711 27.19256 0.457679
102.819824 26.805387 2.316951
102.987004 26.430149 2.720089
102.865601 27.130457 0.108649
102.944336 26.62149 1.696826
102.868368 27.120451 0.994645
103.105037 27.064052 1.703572
103.018595 26.904594 2.239547
102.807975 26.626829 1.41205
102.73597 27.09516 1.528753
102.788656 26.975104 2.308839
102.906616 26.916864 1.162818
102.911312 26.925151 1.925688
102.931079 26.956523 1.355392
102.896525 26.934989 2.576059
103.025391 26.591807 2.195793
103.141911 26.996916 1.752378
103.148608 26.989388 1.852532
102.970728 26.922182 0.879917
102.910791 26.913885 2.188449
103.031462 26.590928 1.082854
103.135107 26.36815 1.486232
103.10743 26.85898 1.494049
103.125098 26.890214 1.022511
103.191423 26.863523 1.038244
103.095247 26.467867 1.623648
102.956852 27.105105 1.875527
102.899382 27.293335 1.550432
103.164209 27.18432 1.872186
102.871501 26.83939 1.397911
102.913908 26.986033 1.84569
103.070736 26.537569 1.748176
103.051725 26.523812 1.901446
102.677669 27.221665 1.963993
102.732674 26.881421 1.612578
102.924731 26.903448 2.500358
102.912541 26.910661 1.917466
102.97675 26.891093 1.966835
103.089054 26.564478 1.640328
102.926489 26.905414 2.717085
102.924341 26.900777 1.773333
102.832023 26.940721 1.99759
102.925928 26.907003 1.572465
102.853784 26.935232 1.201893
102.739876 26.873533 1.826154
102.930713 26.90552 1.271931
102.903101 26.89739 1.218193
102.936263 26.904051 1.381252
102.830745 26.942251 0.620422
102.928776 26.905922 1.469471
102.908512 26.903668 1.966081
102.835173 26.937726 1.371256
102.934058 26.908496 1.307188
102.928524 26.904104 1.419354
102.860457 26.520654 2.29949
102.92828 26.903156 2.122652
102.92911 26.903843 1.615142
102.927197 26.900391 0.987733
102.847949 26.931578 1.472966
103.081266 26.517273 1.242125
103.033423 26.53103 1.788908
102.885392 26.994002 1.395775
102.929533 26.904618 1.041524
102.913957 26.896055 1.769132
102.844084 26.992629 0.920073
102.930151 26.905044 1.848567
102.92832 26.902574 1.549518
102.960563 26.788104 1.309286
102.7771 26.948997 1.216357
102.884196 27.137144 1.719807
102.86792 27.116982 1.829648
102.929403 26.904004 0.5185
102.930249 26.899715 1.153457
103.06958 26.972072 0.990535
103.205558 26.991382 1.417769
102.871753 26.839453 1.145593
102.897974 27.286405 1.87846
102.934245 26.985537 0.264788
102.72286 26.960852 0.712902
102.827523 26.79905 2.146288
102.929541 26.90235 0.775247
102.920833 26.900224 1.30459
103.089062 26.495581 1.147299
102.961589 27.101072 1.186572
103.171663 27.186112 0.942065
102.885457 26.887754 1.732735
103.088615 26.822192 1.210388
102.877165 27.195327 1.234354
102.87203 26.839478 2.085196
102.756844 26.980892 1.109285
103.002604 26.795626 1.152718
103.115877 26.985915 1.053132
102.875553 26.815212 1.926786
102.912598 26.632953 1.984725
102.927507 26.679803 1.335451
102.873136 26.815794 1.909968
102.935075 26.86803 0.90496
102.937834 26.870626 1.557508
102.939624 26.8645 1.698214
102.934391 26.866895 1.612501
102.900195 26.889807 1.686502
103.049471 26.58491 0.996145
102.752865 26.700873 1.73835
102.956828 27.105107 1.404767
103.029883 26.766514 1.574993
102.749837 26.870955 1.816276
102.887948 26.967165 1.535129
102.944963 26.976628 1.928666
102.971411 26.935887 1.738796
102.899219 26.982292 1.564237
103.201603 27.128619 1.960138
103.20647 27.120998 1.32694
102.873958 26.817948 1.633924
103.019336 26.903587 1.195828
102.987996 26.71368 1.774351
102.939193 27.041288 1.988574
102.817936 27.041294 1.818794
103.032666 26.520231 1.524208
102.991105 26.897266 1.181459
102.937777 26.653127 1.351719
102.692651 26.984412 1.29743
102.690544 27.211412 2.049093
102.838062 27.270642 1.423727
102.894507 27.245628 1.171897
102.931909 27.208059 1.407054
102.786141 27.303269 1.796566
102.720117 26.953841 1.048882
102.929028 26.905603 2.393611
102.737069 26.761823 1.286175
102.980705 26.439791 0.565368
103.005599 26.908358 2.432792
102.8486 26.938971 2.485925
102.908366 26.904991 1.390541
102.948828 26.902028 2.270429
102.882804 27.117991 2.093304
102.88033 27.090334 1.718227
102.919922 26.911694 1.456565
103.162785 27.142424 1.621421
103.161491 27.121429 1.492618
102.871851 26.838888 1.326503
103.013021 27.02877 4.057948
102.932487 26.910663 1.214581
103.010563 26.951878 3.898454
102.8677 27.098671 1.620153
102.864095 27.095325 1.038668
102.961548 26.783114 1.511783
102.868384 26.988007 1.001396
102.960612 26.787732 1.396442
102.96272 26.78399 1.301184
103.084163 26.826031 1.79464
103.019832 26.907652 1.650757
103.019604 26.904712 1.251592
102.855428 26.970471 1.040345
102.815405 26.950051 1.894233
102.991105 26.897266 2.144653
102.904785 26.807163 1.894113
102.92876 26.907151 1.876857
102.919027 26.903562 1.907099
102.958773 26.897611 1.262845
102.924642 26.908445 1.56266
102.92487 26.907475 1.647216
102.928654 26.908317 1.43969
102.929338 26.910653 2.03904
102.909033 26.904848 1.733415
102.927596 26.908673 1.855211
102.941675 26.898696 1.085806
102.932357 26.906675 1.540957
102.927165 26.907312 0.88455
102.920247 26.90097 2.310475
102.929053 26.908362 1.218074
102.91499 26.904108 1.823907
102.804093 27.027271 1.065989
102.778768 27.001978 1.910834
102.954622 26.890656 0.836485
102.924316 26.908445 1.306509
102.860986 26.959279 1.382054
102.912313 26.904431 1.789095
102.828019 26.945772 0.245079
102.957902 26.902464 1.707038
102.930461 26.904877 1.526704
102.925952 27.140033 1.006709
102.901034 27.132141 1.635595
103.047949 26.463877 1.382433
103.022257 26.43905 0.684945
103.068563 26.458962 2.933171
102.873486 27.113534 3.305304
102.811019 27.092733 1.729371
103.301213 26.933169 1.887559
102.775374 26.870011 2.065692
102.946419 27.070894 1.312792
102.871712 26.839315 2.07184
102.889608 26.819234 1.396934
102.784367 27.047965 1.936693
102.935417 26.74681 2.006273
103.005347 26.944397 1.078487
102.946777 26.832135 1.467042
102.820174 26.995518 1.69657
102.882682 27.103764 0.743479
102.868172 27.09281 1.428529
103.079036 26.517067 1.079745
103.069938 26.516148 1.684729
103.077043 26.806276 0.978838
102.833919 26.942788 1.976228
102.928459 26.907676 0.968129
103.016496 26.945959 1.477284
102.878605 27.127018 1.309235
102.880233 27.12509 1.150693
103.19279 26.969682 2.409689
103.167936 26.973979 0.599818
103.052555 26.491069 1.961954
103.071647 26.515942 0.570436
103.218164 26.829093 2.26553
102.718351 26.974575 1.113697
102.866691 27.110402 1.333498
102.930884 26.870492 1.07091
102.909375 26.859587 1.732595
102.932161 26.996372 0.805829
103.106559 27.065715 1.435161
102.647371 26.940542 1.357536
102.971973 27.099184 1.48542
103.090592 26.476672 0.373419
102.859847 26.834237 1.149535
102.959342 27.104989 1.769056
102.979639 26.806521 0.812883
102.960864 26.776676 1.897259
102.893962 27.274198 1.483322
102.824601 26.995262 2.720442
102.735807 27.010952 1.37393
102.616016 26.984544 1.114
102.832479 27.078925 2.337246
103.013306 26.384959 1.494464
102.877726 27.159231 1.137796
102.80599 27.164909 1.299585
102.902808 26.945754 1.326404
102.784766 26.863566 1.525236
102.921663 27.144885 1.682175
102.732837 27.08537 1.491711
102.683488 26.9547 1.4258
102.880778 27.00521 4.178369
103.007137 26.859878 1.814075
102.96224 26.876353 0.787216
103.064779 26.628518 1.104496
103.05223 26.625496 1.856819
103.045671 26.806394 2.297084
103.019743 26.890729 2.494971
102.976294 26.806132 1.407678
102.965039 26.808415 1.686193
102.803328 27.120142 1.981445
102.882886 27.12491 1.699516
102.715422 26.817334 2.162923
102.883097 27.070158 2.081415
102.869051 27.120477 2.146326
103.127987 27.19479 1.361631
102.889648 27.12547 1.532794
102.873641 27.109076 2.228716
102.892489 27.123214 1.106628
102.868774 27.115955 1.407678
103.157699 27.116081 0.765244
103.006836 26.897611 1.383082
102.901603 27.237657 1.818353
102.870703 27.125083 1.56718
102.887272 26.992621 1.366823
102.873226 27.008063 1.300903
102.882536 27.118848 1.770445
102.748096 26.94294 2.264866
103.208089 27.194438 0.991828
102.750887 26.872813 1.950492
102.961043 26.904744 1.998681
102.926668 26.906986 1.370019
102.720614 27.002557 1.030733
102.878402 27.128809 1.124322
102.865934 27.112362 -0.139712
102.884562 27.12842 2.015782
102.882528 27.127317 1.683843
103.107812 27.066225 1.384004
102.886841 26.995821 1.819967
102.899032 26.935284 1.618205
102.905583 26.889974 0.962028
102.877271 27.123834 1.698337
102.870239 27.112911 1.300775
102.850586 27.117346 1.725674
102.882438 27.127651 1.292595
102.904199 27.032682 0.985903
102.944149 26.706856 1.618326
102.99847 26.888938 1.594982
102.75 26.871427 1.681452
102.841585 27.136375 1.495319
102.883659 27.128969 1.135559
102.877515 26.994173 1.434683
102.754484 26.870626 1.957823
102.894686 27.209271 1.667464
102.882015 27.128487 1.56732
102.957764 26.866026 1.677186
102.860099 27.117204 1.771081
102.754818 26.721336 1.609544
102.873128 26.815794 1.723347
102.942236 26.984198 1.364102
102.904134 26.933759 1.24201
102.844678 27.020382 0.796733
102.879899 27.038271 1.185388
102.873966 27.024756 1.70572
102.878971 27.129508 1.168132
102.889624 27.15097 2.501199
102.881999 27.134705 2.143852
102.886629 27.151524 1.216023
102.889754 27.122648 1.714574
102.934766 26.912217 1.729786
102.943107 26.915544 1.666057
102.940861 26.922319 1.286592
102.634359 26.697872 1.72184
102.798088 26.919849 2.267498
102.774495 26.866052 1.64233
102.845052 27.080469 1.532166
102.871574 27.084878 1.174577
102.866121 27.022223 1.178294
102.950732 26.837449 1.638525
102.936491 26.846663 1.595986
102.938924 26.914632 1.065654
102.931624 26.90423 1.694295
102.8736 27.125403 1.44589
102.888818 27.14823 0.559924
102.922388 26.917816 1.709536
102.925708 26.912459 1.017027
102.954622 26.925586 1.467975
102.848657 26.949597 0.982497
102.898519 27.147139 1.158561
102.931649 26.917708 0.61857
102.926676 26.908337 1.063566
102.988989 26.899856 1.102398
102.885425 26.922152 1.803708
102.790544 27.256626 0.470103
102.997892 26.892249 0.52277
102.926229 26.913666 1.610125
102.930558 26.915084 0.650492
102.901375 26.901648 1.929193
102.999268 26.886843 1.367717
102.929093 26.915017 1.149937
102.926953 26.91192 1.829408
103.085905 26.469425 1.498515
103.08304 26.465025 1.659172
102.735433 27.027974 1.459731
102.871525 27.140259 1.133746
102.730461 27.060895 1.287031
102.930542 26.916252 1.203207
102.928068 26.90814 1.292613
102.997795 26.980025 1.613468
103.01014 26.739836 1.661026
103.048348 26.524481 1.372505
103.049398 26.521358 0.81429
102.713761 26.70116 1.671925
102.884416 27.015389 -0.012152
102.78811 27.136245 2.199065
102.787891 27.033919 1.199322
102.746061 27.013253 1.376533
102.708993 27.0177 0.879706
102.808691 27.042491 0.667629
102.796452 27.034298 0.973596
102.692879 27.000448 2.04035
102.896313 27.157668 0.223487
102.862231 27.149264 2.075018
102.832617 26.972264 1.954523
102.877482 26.814516 1.964765
103.215153 26.835803 1.823908
102.907104 27.021409 2.489234
102.944157 27.034359 2.589146
102.927287 27.025828 0.928566
102.89764 27.000938 1.633215
102.9243 27.016742 0.997954
102.919507 27.018016 1.264142
102.90568 27.028849 1.569728
102.922502 27.015955 0.861608
102.897599 26.998647 1.008562
102.884757 26.978569 1.686943
102.885213 26.977293 0.236645
102.893547 26.984369 2.277132
102.890259 26.977171 1.329851
102.888159 26.974373 1.794579
102.833472 26.942702 1.530227
102.895736 27.120652 1.209806
102.936418 27.133366 1.165395
102.877238 26.98453 2.449442
102.712842 26.966313 1.218954
102.878589 27.252075 1.87069
102.831844 27.00013 2.272481
102.919971 27.020412 2.414344
102.876799 26.987585 1.241812
102.880021 26.98408 1.438671
102.889014 27.009676 1.235681
102.904484 26.964563 2.006491
102.902254 27.00422 1.338264
102.948739 27.107355 1.40149
102.924349 27.029138 1.133026
102.890902 27.011951 1.400919
102.858944 27.056679 1.677243
102.92675 27.015656 1.244039
102.906104 27.01534 1.974904
102.925114 27.019409 1.382262
102.892993 26.994875 2.225808
102.834521 27.065776 1.969938
102.893929 26.97631 1.253367
102.932251 27.057249 1.223518
103.000212 26.37145 1.278529
102.973535 26.403406 1.302822
102.925936 27.020376 0.825305
102.852474 26.969639 1.08727
102.820931 26.953526 1.385445
103.090666 26.834257 0.722142
102.859684 26.823735 1.299719
102.86547 26.988116 1.277417
103.02828 27.137551 1.789447
102.894743 26.984412 0.466058
102.905892 26.889274 2.090078
102.873478 27.000857 2.180178
102.91936 27.032711 1.724531
102.894141 26.985598 0.750674
102.873966 27.063269 1.94999
102.925838 27.01841 0.875917
102.881258 26.989445 1.594524
102.838216 26.957924 2.345161
102.763175 26.996993 0.596304
102.756836 26.988708 1.49556
102.898454 27.001355 1.438557
102.924569 27.014709 0.824183
102.893343 27.000655 1.662373
102.925513 27.01889 1.013902
102.8993 26.983339 0.917673
102.898275 26.984403 1.261557
102.995003 26.385748 0.860504
102.981576 26.411265 1.855472
102.901261 27.071991 1.369337
103.131152 27.109401 1.151117
102.905697 26.979407 1.56707
102.748755 26.872296 0.737006
103.044368 26.835842 0.921673
102.902271 26.974967 1.337907
102.898901 26.983341 1.504721
102.899862 26.999438 1.032439
102.928996 27.016553 1.459152
102.918481 27.037014 1.678943
102.90887 26.650555 2.354555
102.743555 27.133557 1.251064
102.897217 26.99814 1.611366
103.101302 26.932678 1.077753
102.860026 26.999654 1.650926
103.121159 26.926524 0.908637
103.125879 26.832041 0.95616
102.894678 27.014323 1.511641
102.779329 26.809326 1.462986
102.841626 26.601884 -0.383714
103.033846 26.585982 0.239982
103.018343 26.646995 1.629251
103.019775 26.648511 0.732248
102.891032 27.001811 1.413379
102.894897 26.994832 1.532475
102.815658 27.269529 1.602644
103.022437 26.617586 1.203637
103.018831 26.907149 1.843646
102.658691 27.090224 1.580803
102.900057 27.042893 1.261043
102.740812 27.084998 1.248156
102.909383 26.863694 1.401607
102.98479 27.00767 1.69366
103.020028 26.903721 1.599787
102.89467 26.706154 1.351203
102.893132 26.982227 2.245405
102.922306 27.039323 1.262194
103.020028 26.903721 1.80896
103.071973 26.562317 1.423477
103.057918 26.557381 1.214837
102.881323 26.790912 1.691798
102.951807 26.82077 1.256943
102.929289 27.048234 2.297261
102.922575 27.043087 2.524765
102.891699 27.008 1.897725
102.877466 26.814518 1.782883
102.849536 26.794177 1.975284
102.991203 27.066787 1.815185
102.900415 26.963542 2.356389
102.892065 27.12427 1.384581
102.879647 27.117358 1.259314
103.061076 26.546661 0.8774
103.073039 26.562156 1.178968
102.802035 26.99991 1.929167
103.224569 27.118455 0.706957
102.89598 26.950264 1.311791
102.966455 26.785891 2.046025
102.854671 27.010014 1.799127
102.659131 27.052826 2.264694
103.006982 26.897976 1.619282
102.79528 27.019572 1.517371
102.577246 27.052891 2.095273
102.863908 27.124351 2.718476
102.880566 27.027698 0.844284
102.900228 26.951807 0.696334
102.873324 26.936222 0.892552
102.85577 26.698975 1.82121
103.141349 26.760142 0.874219
102.965837 27.011711 1.373974
102.890706 27.295329 1.604507
102.868091 26.903778 1.814111
102.8757 26.815535 2.075279
102.839128 26.997799 1.17052
102.950195 26.829401 2.091547
102.9618 26.783706 2.437524
102.962891 26.784117 1.992646
102.787264 27.031081 1.374077
102.861019 27.032804 1.200531
102.895605 27.061011 1.127532
103.198063 26.902917 1.321786
102.891772 27.123279 0.997074
102.956673 27.004698 1.205485
102.905973 26.972121 0.543899
102.904142 27.014095 1.103494
103.170483 26.740409 1.71533
102.923804 26.943392 1.390194
102.986548 26.914046 0.875403
102.896029 27.158346 1.693524
102.960758 26.786117 1.51835
103.364445 27.0795 1.868988
102.882918 27.118528 1.684975
103.107259 27.065993 1.441892
102.830306 27.005943 1.708232
103.144263 27.125364 1.523726
103.155151 27.123553 1.332094
102.825627 26.994771 2.215802
102.910889 26.945266 1.618817
103.106665 27.065769 1.854
103.086125 26.781624 1.526708
103.019385 26.8988 2.003393
102.915039 27.101967 1.893021
102.887435 26.994623 2.146628
103.005965 26.902995 1.777686
102.883643 27.07478 1.613859
102.89091 27.09267 2.024566
103.07723 26.498163 1.786087
103.084578 26.519411 1.687
102.866943 27.010402 2.247467
102.933757 27.134288 1.252331
102.893953 27.130802 0.552251
102.863102 27.064579 1.510784
102.887142 27.075132 1.405496
102.816724 26.639773 1.253534
103.036247 26.781893 1.840935
103.174455 26.971893 1.085053
103.134448 26.903609 1.147259
102.880452 27.001396 1.425773
102.88619 26.975425 1.588044
102.907446 27.012331 1.776283
102.876628 26.814451 1.470645
102.816252 26.980292 1.548313
102.87946 27.1212 2.112362
102.871501 26.83939 1.504115
102.961564 26.783331 1.54482
102.834204 27.002187 1.262321
102.859806 27.116347 -0.044938
102.887899 27.127358 1.004314
102.777824 26.991772 1.189494
102.770972 26.988141 1.476162
102.87627 26.938123 1.585956
102.852311 27.121405 1.748445
102.987996 26.71368 1.278437
102.965503 26.649412 2.144094
102.653857 27.095709 1.67813
102.94366 26.940216 1.243146
103.007072 27.164144 1.486557
102.876392 27.124003 1.389726
102.759513 27.04845 1.598699
102.914144 26.432855 1.495992
102.902979 26.423954 1.8498
102.861304 27.069397 1.437202
102.919767 26.963131 1.261102
102.911678 26.932111 1.080377
102.892546 27.02821 1.626715
102.918172 26.956154 2.482453
102.90564 26.921206 1.753556
102.75 26.871427 2.124726
103.022201 26.897148 1.6721
103.073413 26.843663 3.105542
102.94786 26.866597 1.274159
102.964421 27.021623 1.323749
102.970728 26.812787 1.087714
102.931144 27.016394 2.11447
102.921688 27.023893 1.073568
102.894295 27.014154 1.60651
103.025659 26.917806 1.091249
102.918343 26.955221 0.867017
102.905363 26.93218 1.879982
102.986979 26.783364 0.954285
102.877897 27.097184 1.647142
102.884123 27.124064 1.441209
102.977287 26.770626 1.648874
103.020321 26.468709 1.15439
102.987858 26.763426 1.860482
102.985913 26.772555 1.244653
102.98623 26.776023 1.265428
102.679248 27.089329 1.240081
102.875692 26.904592 1.535686
102.812305 27.287494 1.373484
102.760783 27.041652 1.475356
102.780062 27.251107 1.67894
102.847103 27.060012 1.8141
102.830713 27.038918 1.951605
102.799829 27.015708 1.207002
102.815731 27.06261 0.829661
103.032495 27.189288 1.01169
102.78361 26.58218 1.597596
102.842253 27.06783 1.842613
102.675114 26.930611 1.334232
102.785604 27.097125 1.115247
102.783032 27.093943 1.3671
102.764705 27.082648 1.344586
103.006868 26.443494 0.394547
102.991512 26.468536 1.559998
102.757349 27.068146 0.783138
102.745874 27.064789 1.413226
103.203296 27.191534 0.956057
102.984456 26.682591 1.936383
102.838867 27.011106 1.209858
102.934993 26.975189 1.188655
102.59786 27.292696 0.799209
102.699593 27.008968 1.265581
102.901839 27.112474 1.47551
102.885555 27.099729 1.627741
103.026619 26.456915 1.73936
103.023283 26.459324 1.259571
102.950879 26.877476 1.246858
103.131258 27.045953 2.068932
102.893481 27.100712 1.806819
102.924764 26.96236 1.290298
103.070964 26.568542 1.4593
102.891349 27.085437 1.718981
102.91971 27.023285 1.114806
102.893555 26.993437 1.227074
103.014502 27.196216 1.656341
102.8545 27.100677 2.089444
102.846729 27.137758 0.98172
102.690584 26.979502 1.022722
102.894832 27.117737 1.474829
102.892253 27.121364 1.730436
102.893636 27.123104 1.636079
102.880013 27.116899 1.033957
102.814299 26.953225 2.366993
102.902433 26.980082 2.208597
102.901229 26.885382 1.667401
102.908643 26.845209 1.946309
102.810384 27.000167 1.780425
102.853377 27.118909 1.748395
102.699813 27.052061 1.660841
103.080428 26.99175 1.305198
102.730819 26.55342 1.404636
102.821729 26.988826 1.583574
102.819157 27.072927 1.680365
102.767 27.08339 -0.914404
103.212378 27.121967 1.296024
103.046973 26.860984 1.240698
102.883805 27.117493 1.008265
102.871501 26.83939 1.792027
102.780176 26.863684 0.684702
102.960295 26.781378 0.990868
102.946444 26.853404 1.659849
102.966789 26.800433 1.334569
103.020296 26.585026 1.458213
102.735547 27.029551 1.006061
102.981266 27.005432 1.348918
102.818604 26.906396 0.996949
102.79777 27.234521 -0.124269
102.784562 27.213971 1.364959
103.223438 27.103469 1.525647
102.748413 26.832056 1.022865
102.902254 27.156895 0.769698
102.828369 27.033317 0.829112
103.111914 26.362689 0.884218
103.016121 26.865491 1.197501
102.814299 26.953225 1.896694
102.748201 26.870917 1.916394
102.729785 27.086456 1.426121
103.093221 26.849705 1.28565
102.921981 26.856997 2.049743
102.898844 27.022691 0.666412
102.899626 26.967188 1.57776
102.928182 27.006106 1.454762
102.922567 26.974396 1.597446
102.896826 26.981317 1.172794
102.894954 27.109806 0.39841
102.760905 27.075793 0.423418
102.732975 27.057886 1.216159
102.916561 26.985059 2.349578
102.93016 26.983431 0.431139
102.886296 27.010785 1.602763
102.929338 26.980686 1.140101
102.918376 26.966852 0.365038
102.908268 26.980829 1.312406
102.924927 26.940991 0.834568
102.911556 26.974455 1.589112
102.925936 26.974876 1.343324
102.767318 26.816734 2.297088
102.927922 26.980206 1.612258
102.917627 26.97336 1.749765
102.789006 27.002814 0.485205
102.92749 26.986446 1.214069
102.91709 26.972732 1.510471
102.912435 26.996649 1.006115
102.95188 26.902443 1.475672
102.762386 26.999093 1.05031
102.953035 26.978202 1.039611
102.933773 26.992582 2.927604
102.901717 26.963003 1.514268
102.910628 26.959031 1.523461
102.935173 26.977981 2.249416
102.92417 26.976619 2.257707
102.931543 26.982406 0.18878
102.902881 26.968152 1.380779
102.92242 26.947624 0.484896
102.936312 26.978082 1.196096
102.920076 26.96463 0.520507
102.920719 26.951015 2.10202
102.7545 26.998448 0.970588
102.942074 26.986422 1.15055
102.959505 27.012673 1.630834
102.937606 26.993429 1.632544
102.916398 26.980113 1.37819
102.919173 26.978434 3.490491
102.922184 26.967308 1.699663
102.928271 26.989126 0.986667
102.909831 26.973051 3.138766
102.932096 26.986308 1.902084
102.926335 26.980827 0.812262
102.929004 26.986385 2.722691
102.919246 26.952494 0.843968
102.910116 26.944267 1.612984
102.904378 26.953489 1.976267
102.945044 26.979842 0.396448
102.909229 26.975492 1.568956
102.941667 26.988039 1.447423
102.910376 26.970378 1.181086
102.953613 26.980798 0.915323
102.94554 27.030125 0.921915
102.93221 26.965967 0.509279
102.942301 26.963357 1.04801
102.972005 27.011076 1.905009
102.937199 26.973576 3.185038
102.924569 26.979938 1.605413
102.906323 26.964701 1.8458
102.947445 26.993984 0.281419
102.944206 26.995294 1.656788
103.089787 26.955686 1.626095
102.793132 26.983386 0.94117
102.940373 26.982202 1.352184
102.922892 26.976717 0.879326
102.885352 26.993966 1.581385
102.924674 26.965208 0.185823
102.884635 27.006307 1.375019
102.817106 27.114337 2.091843
102.98741 26.971706 -0.049012
102.73396 27.031504 0.573982
102.748389 27.020884 0.97674
102.728695 27.039575 2.161706
102.970068 26.851617 2.110943
102.958073 26.846731 2.376391
102.923576 26.970555 0.819567
102.889714 26.93759 2.299415
102.944165 26.973248 2.060213
102.936149 26.988599 1.979614
102.833057 27.108799 0.898925
102.909538 26.98314 1.511575
102.925374 26.981252 1.191888
102.92452 26.979722 1.399899
102.923828 26.976762 0.418465
102.947974 26.967487 0.363364
102.9434 26.968569 1.026158
102.918644 26.972493 0.688972
102.922583 26.947137 0.641864
102.732438 26.993341 1.62734
102.7163 27.034621 0.521037
102.924194 26.97347 0.366245
102.886711 27.024495 3.705561
102.943237 26.993048 0.214686
102.936051 27.003461 3.694963
102.913216 26.981694 1.295311
102.925464 26.967192 0.203876
102.944588 26.884564 3.400359
102.916414 26.974862 3.304835
102.925586 26.963611 1.634817
103.166789 27.127116 1.127475
102.927108 26.974632 0.597009
102.92509 26.973598 2.179879
102.776571 27.073928 1.454793
102.928442 26.954932 1.53693
102.939022 26.979201 1.193809
102.800374 26.978835 1.206344
102.762451 26.974508 2.293078
102.939535 26.991203 1.380298
102.920117 26.969798 1.470471
102.935059 26.975159 1.659444
102.919271 27.016726 1.058946
102.917952 26.940434 1.281717
102.997363 26.920797 2.418969
103.017472 26.646816 0.76294
103.118962 26.941783 2.225134
103.137166 26.984515 1.744571
102.928752 26.966414 0.868957
102.916463 26.956289 1.832827
102.950806 26.974577 0.645893
102.943612 27.295638 0.507788
102.919401 26.97392 1.590266
102.825415 27.015493 0.763382
102.826888 26.982115 2.025892
102.90957 26.777248 1.694024
102.887972 26.984292 1.211952
102.922811 26.958026 0.369878
102.885661 27.163161 1.27947
102.926058 26.96098 1.142071
102.913224 26.939874 1.391074
102.943807 26.978485 1.255617
102.937655 26.911351 1.262662
102.927433 26.960217 1.328407
102.906038 26.963574 1.994299
102.924862 26.961247 0.72396
102.939844 26.989956 1.819257
102.944344 26.947831 1.688838
103.026522 26.591654 2.312857
102.923348 26.965495 1.773694
102.907088 26.965226 1.833477
102.894613 27.283634 1.680936
102.857251 27.165458 1.025939
102.9875 26.984542 1.084454
102.921354 26.979867 0.543418
102.936458 26.983209 2.285982
102.862484 26.902468 2.538584
102.872054 27.022176 2.388359
102.828003 27.020494 2.68438
102.751978 26.871287 1.355309
102.737492 27.080328 1.766129
102.883024 27.161751 1.714222
102.578548 27.30329 2.503465
102.57548 27.29328 1.253995
102.586532 27.295302 2.084743
102.58724 27.291935 1.429735
103.018359 26.920182 0.570743
103.192082 27.187968 1.389613
102.755282 26.871743 1.585855
102.960352 26.782949 1.292786
102.875732 26.815281 1.250574
102.945955 26.983602 2.049949
102.752946 27.0337 1.62455
102.895247 26.824054 2.042099
103.008561 26.757235 1.259792
103.003125 26.761336 1.147672
103.007788 26.753524 1.609443
103.007853 26.755798 1.535311
103.008911 26.75541 0.741059
102.865609 27.036353 1.498397
102.724837 26.735706 2.25874
102.86932 26.968233 2.62719
102.747974 26.871832 1.766875
102.879785 26.991821 1.505868
102.677173 26.975387 1.279337
102.892074 26.994932 1.752666
103.028426 27.167513 1.707627
102.912134 26.996047 1.878625
102.909285 26.984729 1.401944
102.889884 26.985927 1.387678
103.084562 26.769053 3.166847
102.953337 26.998238 0.684796
102.943473 27.026742 1.271411
103.050806 26.911108 1.29652
102.888672 26.976577 1.107493
102.863997 27.181927 0.684976
102.951896 27.040889 1.750715
102.842773 26.998248 1.014886
102.767196 26.009662 1.531666
102.844491 27.042078 1.470881
102.897201 27.272125 1.203117
102.951994 27.027504 2.190074
102.801416 27.034882 1.381608
102.662077 27.006559 1.735399
102.781104 27.010048 0.855676
102.86993 27.208783 2.385652
102.886759 26.991644 1.758014
102.871785 27.080902 1.005308
102.844865 27.0895 1.007364
102.874699 26.816085 1.703256
102.771525 27.126493 1.830251
102.950488 26.999211 1.782376
102.871883 26.839335 1.52962
102.929875 26.86544 1.73523
102.869482 27.082845 0.75
102.82946 27.049215 2.037188
102.918481 27.018837 1.123387
102.904557 27.020107 1.78156
102.75214 27.033315 0.809027
102.743506 27.037722 1.489233
102.727376 27.037162 0.322301
102.756462 27.032161 0.915994
102.749438 27.033807 1.755973
102.745687 27.031614 1.57773
102.904834 26.884707 1.425271
102.862378 26.928365 2.086371
102.884245 26.693127 1.080319
103.208016 26.967902 1.239193
102.807951 26.929633 1.346539
102.875317 26.815594 0.781969
103.007015 26.756809 1.150212
103.234578 27.128552 1.423045
102.92863 26.914008 0.907218
102.949382 26.96309 1.797008
102.931356 26.892918 0.616263
103.125114 27.169965 1.223383
102.923617 26.860606 1.295361
102.922526 26.863881 1.249879
102.880819 26.882139 1.748144
102.925106 26.862805 0.920859
102.951497 27.005042 1.428597
102.953532 27.000606 2.077362
102.714819 26.781266 0.813108
102.713127 26.793854 1.527673
102.886515 27.150641 1.477522
102.717537 26.781478 0.880787
102.988883 26.925993 1.468253
102.989868 26.912484 1.615697
103.110872 26.931651 1.915721
102.85686 27.010738 1.110859
102.812549 26.948987 1.466654
102.953328 27.005157 1.134067
102.971842 26.834237 1.236398
102.816056 26.821818 1.482955
102.794784 27.047945 0.594718
102.79078 27.066595 1.795807
102.870321 27.006447 2.652637
102.919922 26.981132 0.481707
103.012972 26.44529 1.733794
103.036719 27.175531 1.420231
102.937183 26.982815 1.523129
102.893571 26.963576 2.554941
102.592293 27.315916 0.871992
103.01333 26.737567 1.159409
103.020581 26.68786 0.961914
102.708765 26.713509 1.779702
102.871851 26.838603 1.004155
102.982446 26.737095 1.330981
102.93999 26.87431 1.582841
102.761296 26.868266 1.703583
102.930868 26.961499 1.022288
102.911702 26.933854 1.448152
102.740267 27.034231 1.219178
102.741447 27.035482 1.908569
102.887907 26.933799 0.966845
103.008374 26.901082 1.424676
103.027661 26.920516 1.872922
103.039591 26.866659 1.599199
103.023787 27.025175 1.720989
102.578027 26.984497 1.548053
102.827824 26.983921 1.592092
103.004671 26.925657 1.767939
102.925887 26.981494 0.632853
103.083154 26.411161 1.488693
103.092415 26.413656 0.550755
103.08252 26.529995 1.391459
103.016471 26.476186 1.315435
102.880835 26.942474 1.310232
102.907829 26.976121 1.230367
102.933105 26.879842 1.400864
102.859977 27.124341 2.355698
103.216349 27.080975 1.485386
102.86613 27.013584 1.876202
102.871501 26.83939 2.655656
102.900073 26.989024 1.953055
102.796061 27.028158 2.000998
102.881755 27.230908 1.557481
102.90686 27.011176 1.141897
102.973918 26.840725 1.196649
102.96582 26.820667 1.857697
103.204492 27.110598 1.537471
103.187988 27.106496 0.407865
102.854818 27.182672 1.777227
102.813005 26.978007 1.607311
102.720044 26.78302 0.203947
102.656519 26.727903 1.678855
103.12653 26.834426 1.121817
103.197176 26.923073 1.843406
102.839347 27.037966 1.573102
102.997209 26.737099 1.137292
102.779679 27.02382 1.530248
102.928198 26.979574 1.060929
102.918197 26.974986 0.916513
102.95367 26.950181 1.134952
102.973275 26.942063 2.255491
102.884253 26.698773 2.041003
103.05813 26.40899 1.323207
103.09008 26.411835 1.41165
102.735075 27.031063 1.030851
102.739388 27.017128 1.857102
102.964884 26.867696 1.875071
102.946948 26.869069 1.136926
102.965739 26.866366 1.788558
102.710278 26.901068 1.278561
103.214941 27.117621 -0.113344
103.011019 26.739168 1.207595
102.819849 27.05545 0.952481
103.098665 26.726748 1.471669
102.925277 26.9078 1.241318
102.855843 26.927515 1.69752
102.861401 26.950437 1.059442
102.887378 27.145308 1.58704
102.911857 27.066644 1.711268
102.721444 27.122327 1.086061
102.878825 27.050494 0.926633
102.927214 26.996714 1.015896
102.912231 26.965346 1.4075
102.914209 26.97323 0.746726
102.916447 26.962061 1.086544
102.861149 27.010179 1.391869
102.931226 27.013334 1.064976
102.926921 26.986963 0.894235
102.935392 26.979765 1.376349
102.919808 26.963542 1.238532
102.934814 27.004795 0.836437
102.922054 26.924766 1.108507
102.896289 27.059686 1.270495
103.010156 26.739823 1.05908
102.944368 26.889657 0.984024
102.935978 26.995774 1.032171
102.940218 26.991319 0.848408
102.797852 26.938145 1.121279
102.92487 26.929144 1.30312
102.805103 26.94507 1.324285
102.909774 27.054722 1.169203
102.887703 27.066103 0.886782
103.109123 27.080101 3.400867
102.902531 26.938643 0.717906
102.910449 26.984045 0.257749
102.861353 27.022548 1.663805
102.838062 27.001367 1.053046
102.951742 26.882831 1.195823
102.925854 26.968697 0.947141
102.969849 27.01876 1.634058
102.815682 26.95226 2.279188
102.831779 26.962734 1.166273
102.825293 26.957699 1.49288
102.979842 26.428691 0.814749
102.885352 27.064602 1.330273
102.919775 27.082446 1.72207
103.188818 27.119309 1.210181
103.010954 26.632025 1.242837
102.63033 27.049231 0.790135
102.933154 26.946399 0.935306
102.979932 26.4633 1.143316
102.984644 26.466402 0.927137
102.728035 27.024036 1.261902
102.910563 27.118195 0.801088
102.734172 26.901082 1.191886
103.009766 26.928343 1.8885
102.896517 27.032076 1.25055
102.929248 26.989539 1.821572
102.763298 26.869126 1.310691
102.882926 27.037002 0.967966
102.85918 27.035118 1.644292
102.891471 27.001176 1.264694
102.814209 27.046775 1.385347
102.916398 27.050618 0.768865
102.709277 27.059727 0.933614
102.874845 27.022986 0.884177
102.900944 26.946057 1.094334
102.904069 26.944887 0.55401
102.860465 27.167891 1.274384
102.944442 26.83016 0.692574
102.902026 27.056932 1.554263
103.021012 26.732916 1.566475
103.284733 27.112238 0.778658
103.013908 26.443984 1.087048
103.010856 26.450151 1.016385
102.94423 26.844863 0.672822
102.956559 26.84952 1.154947
102.789364 26.931411 0.847893
102.957503 26.853595 0.870815
102.94375 26.846169 1.509936
102.946354 26.842063 1.523653
102.865617 27.028489 1.518569
102.825716 26.8802 2.030217
102.927075 26.939956 1.033906
102.932796 26.641699 1.990805
102.942375 26.905007 1.411878
102.952816 27.10178 1.642318
102.997843 26.9769 1.667318
102.947144 26.962708 1.43749
102.951864 26.983724 0.522698
102.775708 26.933734 1.836188
102.88265 27.000838 0.976531
102.778947 27.013924 0.916355
102.957967 26.817114 1.339752
102.923454 26.848061 1.904249
103.013989 26.577098 1.750762
102.929557 26.935449 1.419579
102.940951 26.852201 0.842768
102.771411 26.981651 2.075946
102.767082 26.986424 0.759644
102.985522 26.844314 1.734974
102.966447 26.847052 1.000331
102.958236 26.852136 1.430771
102.802507 26.924825 1.278162
102.792757 26.925277 1.126248
102.799308 26.923413 0.88053
102.730151 26.946515 1.9784
102.957194 26.849093 1.075981
102.956689 26.851493 1.017285
102.951864 26.856748 1.338948
102.94384 26.852535 2.130696
102.957837 26.850808 1.097335
102.955697 26.851225 0.707992
102.962126 26.85461 1.246007
102.793896 26.925205 1.07922
102.959709 26.84915 1.224911
102.907707 26.937482 1.427173
102.931616 27.01096 1.438788
103.021704 26.651969 1.266467
102.958049 26.849477 1.108665
102.794881 26.924723 0.99986
102.789242 26.932534 0.906956
102.848698 27.137791 1.029826
102.954183 26.967714 1.115811
102.926855 26.961843 1.585954
102.922152 26.958567 1.247446
103.114518 26.823405 1.27382
102.944303 26.970986 1.019422
102.952311 26.874548 0.787456
102.942603 26.893394 0.241069
102.642074 27.067114 0.975072
102.92487 26.958793 1.086732
102.943921 27.011469 1.329704
103.06547 26.524497 1.189428
102.892782 27.116638 1.449606
102.777767 27.017031 0.709198
102.950806 27.007987 1.227272
102.799715 27.069649 0.954479
102.891195 26.978235 1.221249
102.912874 26.993107 1.874557
102.756063 26.994651 2.076311
102.773592 27.019391 1.097305
102.772502 27.00521 1.469698
102.768237 27.025765 0.959174
102.932251 26.97996 1.628719
102.933561 26.981409 0.918361
102.931787 26.974465 2.49118
102.92334 26.985177 1.00888
102.932829 26.828164 1.945551
102.949259 26.870618 1.810898
102.957251 26.874375 0.759745
102.951644 26.878147 1.156905
102.615796 27.243693 0.725166
102.933341 26.990922 1.161247
102.952051 26.874302 0.958218
103.005477 26.723932 1.014061
102.958089 26.871507 1.014658
102.834229 27.019743 1.025072
102.87644 27.103805 1.473071
102.964526 26.872133 1.141003
102.769189 27.03371 1.221731
102.767863 26.998297 1.27147
103.186523 27.130495 1.033426
103.16359 27.122239 1.344578
102.908057 27.118921 0.729992
102.941976 26.860699 1.331875
102.778768 27.132751 1.2788
103.017651 26.723987 1.017418
102.947868 26.988863 0.96111
102.920142 26.978558 1.024838
102.877287 27.034843 0.810083
102.835498 26.999974 0.548015
102.921753 26.984652 0.804841
102.955729 26.875517 0.753639
102.90743 27.150783 1.58523
102.810604 26.999943 1.39852
102.950789 26.947762 0.724412
102.773486 27.015493 1.059658
102.985522 26.844314 1.482952
102.940649 26.982886 1.29333
102.923877 26.985179 0.998239
102.979907 26.823842 1.1179
102.774691 27.017053 0.866351
102.886995 26.995807 1.328692
102.898763 26.988597 0.980975
102.830762 27.008944 0.828379
102.863949 27.037506 1.173709
102.828931 27.005247 0.704061
102.867456 26.926567 1.067794
102.68112 27.132684 0.849601
102.913753 26.920677 0.915975
102.777572 27.013157 1.48163
102.776872 27.010602 1.497756
102.792944 27.086519 0.91878
103.193148 27.085524 0.94525
102.922038 26.626591 1.621381
102.935327 27.000002 1.071902
102.666121 27.138717 0.916986
102.675838 27.135925 1.187674
103.010539 26.577846 1.187903
102.951375 26.90768 1.333106
103.029028 26.698486 1.311613
102.80153 27.002334 1.182779
102.862419 27.125134 0.732888
102.888167 27.026054 1.02824
102.754443 27.033252 1.368229
102.868294 27.102252 0.978361
103.016667 26.455475 0.8135
102.991439 26.453438 0.665635
102.873307 27.020013 1.392745
102.847331 26.693705 0.733922
103.021729 26.727433 1.773413
103.008317 26.744108 1.32349
103.005306 26.747589 1.599954
102.962028 26.859996 1.469342
102.895207 27.030005 1.0346
102.607918 27.270909 0.988945
103.011174 26.398983 0.87478
102.905493 27.115068 1.026303
102.6271 27.26864 0.949583
102.834896 26.966827 1.008871
102.813753 26.987421 1.318954
103.016488 26.952722 1.023
102.886882 27.017786 0.739763
102.805778 27.034383 0.941272
103.032658 26.582265 1.596601
102.904557 26.97749 1.023658
103.180924 27.120032 1.384177
103.060376 26.863121 0.730985
102.904256 26.985461 1.547897
103.064998 26.884985 1.218486
103.267383 27.091431 1.473078
103.164591 27.191062 1.299783
103.18042 27.193011 1.823279
103.172526 27.186188 1.601406
102.94283 26.905707 1.373562
102.924894 27.003239 1.135081
102.916195 27.019838 1.074941
102.90686 26.993219 0.918636
102.988485 26.30721 1.227935
102.905583 26.985502 1.495939
102.75682 27.076111 1.205236
102.634017 27.055298 0.951224
103.178931 27.189655 1.366357
102.752718 27.075559 0.983327
102.970964 26.855137 1.168484
102.753312 27.073018 0.984608
103.027783 26.454657 0.68663
102.785807 27.015019 1.11008
102.787354 26.99955 0.907456
102.999227 26.461163 0.600523
102.754622 27.098783 1.512856
102.75035 27.098501 0.717961
102.866089 27.122308 1.472551
102.751628 27.075407 1.112724
102.93217 27.002643 0.834539
102.888965 26.973678 1.239976
102.918376 27.027234 0.973614
102.721965 27.038601 0.99654
102.754736 27.077852 1.173852
102.943937 26.922758 0.902781
102.959505 26.912305 1.495167
102.922933 26.915173 1.149003
102.865902 27.054169 0.689106
102.985295 26.888753 0.98263
102.858488 26.93005 1.020611
103.180078 27.199512 1.037681
102.843913 26.93882 0.928993
102.693075 27.006388 0.888858
102.86429 27.055863 1.109708
102.824935 27.053774 1.200977
102.621037 26.826774 0.87076
102.751115 27.069771 1.158554
102.891951 27.115497 1.116605
102.799854 27.102285 1.131681
103.187744 27.189478 1.526936
103.178923 27.191705 0.995797
103.177938 27.186564 1.297333
102.931901 26.963208 1.316029
102.930697 26.986224 0.930412
102.978662 26.458236 1.228379
102.812199 26.907019 0.872049
102.918905 26.98491 1.178305
102.834408 27.138534 1.002422
103.037939 26.388318 -0.068776
103.016927 26.422951 1.332833
103.02609 26.429071 0.929962
102.920166 26.985364 1.088189
102.860978 27.003603 1.175842
102.757251 27.006848 1.170394
102.63326 27.303599 1.119529
102.822347 27.020911 0.826363
102.930591 26.99458 1.079248
103.133358 26.986405 0.743343
102.942204 26.946248 1.280309
102.707406 27.098092 0.681586
102.92063 26.984623 1.535933
102.930371 26.991964 0.868819
102.937931 26.99338 1.452775
102.938875 26.989591 1.121346
102.954118 26.99069 0.796526
102.837565 27.050057 1.296749
103.037028 26.610234 1.07463
102.815519 27.082524 1.004637
102.929679 27.020528 1.097685
102.785083 26.989848 1.199588
102.654696 27.058258 0.625974
103.081079 26.811157 0.792807
102.806584 27.030644 1.175247
102.799023 27.012779 1.466261
102.800732 27.03469 1.367772
102.857284 27.039585 1.364009
102.886735 27.042354 0.456983
102.823071 27.008527 1.102655
102.807007 27.033818 1.255316
102.720158 27.154171 0.995293
102.969124 26.850564 1.381748
102.931722 26.863859 0.78619
102.927604 26.86649 1.573551
102.830273 27.01615 0.962576
102.931877 26.955393 1.064744
102.933057 26.989712 0.944624
102.996224 26.891522 0.895337
102.942708 26.986226 0.690971
102.907943 26.973244 1.463809
102.921273 26.963881 1.290597
102.914022 26.953062 0.9935
102.937769 26.985063 1.17122
102.597339 26.986737 1.007995
102.899137 26.975 1.086563
102.698356 27.02616 0.855326
102.885815 26.931673 0.71905
102.598397 27.074677 1.343912
103.010693 26.667767 0.840305
103.001636 26.393947 1.278562
102.859619 26.950736 1.054285
102.860661 26.952622 1.05845
102.84637 27.059119 0.956028
102.758285 27.06874 0.793092
102.772795 27.021798 1.214652
103.059131 26.505418 1.029583
103.015739 26.589032 0.773619
102.870549 27.119116 1.358765
102.771859 26.954958 0.960536
102.925228 26.903485 0.982388
102.898267 26.91465 1.122282
102.965251 27.031576 1.241149
102.81062 26.914622 1.235256
103.068636 26.844373 1.144456
102.877262 27.06004 1.079758
102.920239 27.015877 1.176984
102.826204 27.084414 1.132146
102.860889 27.128373 0.882753
102.868669 27.124603 1.123462
102.90966 26.941636 1.906204
102.860067 26.952051 1.158313
102.915226 26.876929 1.255456
102.769189 26.982375 0.942588
102.922624 26.908152 1.248763
102.723438 27.011997 1.178829
102.829142 27.00682 0.983159
102.76451 27.025022 1.654468
102.71084 27.016473 1.706291
102.781877 27.022587 0.991181
102.62146 26.979108 1.365025
102.82998 27.009092 0.956443
102.778402 27.022791 1.412258
102.711979 27.018416 1.34203
102.779077 27.022654 1.093273
102.774797 27.031396 1.069376
102.777393 27.023704 0.738482
102.806657 27.08751 1.068283
102.715487 27.025842 1.278423
102.726123 27.020878 1.217457
102.779069 27.022925 1.000931
102.782837 27.013645 1.215122
102.790153 27.027167 1.800051
102.789144 27.029423 0.898984
102.726742 27.020207 1.017458
102.608561 26.996425 1.338334
102.760937 27.023147 1.025567
102.728385 27.019318 1.109178
102.641951 27.013922 0.859396
102.706917 27.119082 1.035616
102.930859 27.00092 0.635468
102.778898 27.026324 0.83143
102.780933 27.017474 1.054722
102.777262 27.0163 1.4248
102.696663 27.030636 0.491439
102.785164 27.034814 0.989453
102.699276 27.024795 1.429432
102.783813 27.03276 1.072878
102.699227 27.024567 1.320538
102.782389 27.022506 1.168998
102.702108 27.016671 1.291628
102.779264 27.022001 1.572876
102.845638 27.032707 1.684866
102.782397 27.022752 1.052605
102.78269 27.021027 1.726091
102.705086 27.022825 1.90611
102.780688 27.019169 1.309059
102.780355 27.025075 1.498574
102.781828 27.018831 1.296709
102.729557 26.712927 1.220156
102.765381 27.021543 0.431604
102.775944 27.013877 1.642913
102.776766 27.009458 1.291612
102.779012 27.024823 1.453735
102.779761 27.021665 1.614689
102.784399 27.019012 1.6648
102.810498 27.025625 1.264149
102.776359 27.033551 1.397653
102.778385 27.027171 1.182524
102.781958 27.013279 1.431682
102.748592 26.993158 1.310684
102.775968 27.021519 1.331723
102.783439 27.022103 1.15047
102.800301 27.050464 1.54842
102.704289 27.024469 0.259238
102.779826 27.00825 1.492837
102.787061 27.031016 1.1939
102.783114 27.029582 1.369246
102.772298 27.022319 1.61003
102.788737 27.028457 1.556262
102.77981 27.018632 1.341344
102.77583 27.013332 1.407132
102.781112 27.011287 1.501907
102.925293 26.929549 0.866713
102.793547 27.041506 1.097488
102.780745 27.023132 1.140289
102.788387 27.032239 1.235987
102.767741 27.026998 1.879458
102.834692 27.025262 1.515526
102.784432 27.039555 1.035716
102.799219 27.023846 1.141239
102.782096 27.023415 1.233586
102.780819 27.013051 1.456015
102.768034 26.988698 1.927259
102.771785 27.030967 1.022907
102.787052 27.040179 1.202415
102.705379 27.024764 1.496392
102.771802 27.028385 1.015438
102.775684 27.032397 0.987352
102.65651 26.976436 1.575868
102.778857 27.016207 1.581237
102.788639 27.001029 1.223361
102.873413 27.076105 0.98119
102.771484 27.023903 1.326837
102.782048 27.010415 1.44032
102.780566 27.009686 1.239362
102.768604 26.986292 2.146258
102.877116 27.11319 1.445328
102.765837 27.023409 2.074681
102.777401 27.02183 1.517282
102.779728 27.011841 1.231364
102.773958 27.024188 1.086979
102.775513 27.008169 1.132445
102.771484 26.995221 0.90564
102.696004 27.016429 1.248945
102.775903 27.012726 1.069695
102.788981 27.050022 1.747403
102.778703 27.010409 0.967307
102.784481 27.018693 1.439106
102.775464 27.016482 1.113911
102.772445 27.032758 0.722125
102.7788 27.035423 1.46684
102.784318 27.024402 1.307972
102.784969 27.036654 0.969432
102.779557 27.034831 0.862576
102.787166 27.029665 1.440346
102.777051 27.021309 0.934909
102.69585 27.018905 1.218518
102.776099 27.006191 0.886884
102.774015 27.037592 1.224689
102.781177 27.037929 0.744011
102.789917 27.048903 1.382325
102.77369 27.014618 1.113504
102.695882 27.018748 1.301373
102.778198 27.022965 2.058018
102.773372 27.029264 1.127142
102.781413 27.02085 1.103644
102.698779 27.014825 1.192746
102.778092 27.022786 0.155351
102.770028 26.9725 1.899967
102.764982 27.025887 0.438627
102.820215 27.010203 1.414223
102.785848 27.102537 1.551732
102.760148 27.073918 1.373869
102.783984 27.02702 1.253769
102.699479 27.024738 1.216506
102.777718 27.012305 1.230555
102.773438 27.039832 1.430075
102.771712 27.029795 1.342324
102.779224 27.010571 0.991105
102.938957 26.951754 1.201854
102.7816 27.022548 1.482906
102.778231 27.002494 1.495154
102.777905 26.939187 1.112404
102.782829 27.026147 1.049967
102.778499 27.018587 1.231504
102.765592 27.027954 0.935216
102.772843 27.027181 1.371444
102.777271 27.007469 0.985841
102.776449 27.027517 0.918009
102.938802 26.852287 0.646129
102.768693 27.024939 1.688366
102.748267 27.002354 2.01916
102.78007 27.012437 1.358381
102.70734 27.015859 1.555385
102.785465 27.009757 0.703455
102.731128 27.013774 1.590511
102.771549 27.019729 0.633494
102.780615 27.027321 1.381659
102.779834 27.010321 1.09591
102.78645 27.074526 0.954137
102.723039 27.022963 1.161667
102.777287 27.019338 0.629814
102.70507 27.025391 0.86383
102.931551 26.96992 1.3818
102.927458 26.987331 1.240021
102.707275 27.016278 1.457035
102.77994 27.021714 0.876765
102.788574 27.047809 1.360144
102.803809 27.037732 1.308051
102.795687 27.025224 0.961465
102.889575 27.147487 2.11737
102.897249 27.155863 1.693163
102.774845 27.022327 1.292466
102.778149 27.016467 0.793561
102.771257 27.02665 1.099718
102.774805 27.008445 1.044991
102.762044 27.00131 1.727521
102.736019 27.008173 1.49306
102.769881 26.587882 1.714705
102.922038 26.626591 1.517787
102.780534 27.037697 0.989758
102.923022 26.997227 0.968276
102.905762 26.936304 0.775684
102.787126 27.028719 1.099503
102.943009 27.101097 2.229319
102.782023 27.023145 1.330815
103.101847 27.071562 1.481542
102.850871 26.954946 1.298357
102.898104 27.105001 1.335189
102.961727 26.962823 1.238651
102.947388 26.979004 0.846543
102.963501 26.986766 1.566629
103.060758 26.548104 0.830401
102.863802 26.532369 0.855091
102.803524 26.923617 1.058185
102.895728 26.959959 1.306791
102.894832 26.961446 1.938704
102.958903 26.854244 1.664661
102.960588 26.845923 1.315203
102.959692 26.846997 0.928468
102.944312 26.847019 1.567111
103.01617 26.973991 1.195827
102.958667 26.955865 1.40208
102.953898 26.987266 1.094361
102.802287 27.028674 1.385052
102.937785 26.830162 1.432012
103.133862 26.990879 1.092329
102.982951 26.847945 1.201532
102.784033 27.014036 1.295777
102.793807 27.023706 1.211655
103.043758 26.900352 2.065911
102.879183 27.02642 1.110048
102.89825 27.042074 0.778453
102.873307 27.062488 0.722989
102.601978 26.823887 1.170322
102.855623 26.659863 0.71932
102.885824 27.050783 1.846768
102.886051 27.042721 0.864338
102.843424 26.694031 0.72557
102.69707 27.024282 0.441137
102.927515 27.112596 0.588455
102.772803 27.025706 1.177359
102.645915 27.101341 1.747063
102.684245 27.106517 1.252161
102.895841 27.055827 1.359486
103.001904 26.424756 1.235755
102.628516 26.995144 0.097451
102.716691 27.028617 0.553969
102.786117 27.027167 1.13702
102.896338 27.110891 1.923561
102.772274 27.029531 1.313616
102.961003 26.87439 1.912724
102.911507 26.901052 1.364911
102.916414 26.897815 1.439134
102.932609 27.117865 1.071643
102.709155 27.02769 1.001736
102.780347 26.872331 1.903134
102.779614 27.028094 1.020075
102.798706 27.006228 1.552052
102.711849 27.028125 1.348369
102.926147 26.986174 1.521005
102.972892 26.886098 1.911104
102.995931 26.906405 2.430459
102.990535 26.894541 1.072599
102.929484 26.835175 1.58033
102.80472 27.063487 1.354065
102.789282 27.033437 1.046605
102.785327 27.028406 1.157299
102.822998 27.070113 1.488473
102.77981 27.021102 0.839097
102.779891 27.020762 0.30252
102.803752 27.058126 1.019756
102.705322 27.021731 1.415233
102.722868 27.024148 1.066817
102.788224 27.03422 1.624437
102.785815 27.028404 1.412185
102.764209 27.024542 1.546391
102.779785 27.02384 1.366095
102.782015 27.010264 1.201545
102.766724 27.02361 1.504253
102.694637 27.03469 1.108849
102.786882 27.030174 1.032342
102.70127 27.017871 1.417739
102.781144 27.027254 1.080412
102.772648 27.027224 0.542252
102.77207 27.024581 1.016577
102.774674 27.016252 0.953549
102.607153 26.989679 0.9915
102.896224 26.938991 0.551638
102.639193 27.108582 1.845701
102.720646 27.1211 0.869595
102.938403 27.110209 1.033784
103.217887 27.202053 1.204193
103.477132 26.998545 1.408923
102.771167 27.022827 1.176063
102.824674 27.07335 1.575215
102.810848 27.040279 1.545206
102.793343 27.043368 2.359299
102.744246 27.039978 1.625137
102.732886 27.021765 1.42078
102.7948 27.015914 1.633002
102.730135 27.024133 0.955514
102.730078 27.023787 1.059896
103.126554 26.98066 1.395735
102.875146 27.02041 1.006497
103.210571 27.080186 1.111984
102.84043 27.044684 1.296042
103.186312 27.196167 1.223003
103.17417 27.190808 0.680887
103.210701 27.200574 1.767255
103.178809 27.189205 1.202777
103.181901 27.182851 1.310493
102.775741 27.013698 0.759733
102.758472 27.02326 1.247987
102.771802 27.011017 1.514413
102.76508 27.03739 1.204854
103.180664 27.190031 1.193612
102.795711 26.976874 0.914411
102.873088 27.019385 1.620433
103.103076 26.939303 1.412081
103.172746 27.180282 0.659446
103.193465 27.199278 1.257442
103.177417 27.190322 0.878648
102.751676 27.077169 0.818863
102.895337 27.09079 1.230518
102.937671 26.858419 1.320378
102.864307 26.941577 1.050197
102.861475 26.936051 1.291752
102.781649 27.111886 1.242054
102.77854 27.034239 1.156432
102.734831 26.449719 1.388737
102.774341 27.055524 0.885759
102.760677 26.957147 1.315953
102.828141 27.066042 0.914244
102.732943 26.44648 0.886061
102.737459 26.452488 1.356362
103.144141 26.992906 1.215453
102.792033 27.027212 0.898826
102.78147 27.032534 1.808507
102.77561 27.01356 1.061983
102.80638 27.041671 2.085245
102.779948 27.024687 1.281533
102.782609 27.008285 1.593732
102.780924 27.02289 1.130743
102.930013 26.958203 0.933399
102.868441 27.128308 1.151411
102.919279 26.991949 0.919842
102.724691 26.986735 0.877348
103.019173 26.650751 1.051922
103.176383 27.185647 1.369927
103.176066 27.197898 1.936051
102.849813 27.047085 1.165996
102.869889 27.126359 1.119078
102.76495 26.869403 1.752142
102.733732 27.076282 1.535898
102.814836 26.99468 1.198775
102.625488 26.980312 1.091922
102.782902 27.047882 0.977677
103.158634 27.108791 1.23431
102.729476 27.010268 1.253136
103.010514 26.373322 1.2684
102.786711 27.033132 0.931858
102.95332 26.875771 1.178847
102.798934 27.042424 1.098806
103.006828 26.865702 1.943566
102.898739 27.117082 1.356079
102.88929 27.097373 1.430528
102.870752 27.060722 1.217323
102.897843 27.114705 0.923175
102.916602 27.242078 1.086119
102.862769 27.165149 1.139623
102.833903 26.996189 1.387509
102.85341 26.932935 1.11663
102.765446 27.044885 0.991621
102.938151 26.951235 0.658027
102.979183 27.000924 1.433407
102.922184 26.951263 1.184065
102.924349 26.955786 1.047211
102.859619 27.169613 0.558078
102.902726 27.05542 1.903085
102.869564 27.060791 0.916983
102.850578 26.935583 1.179867
102.7927 27.059239 1.466897
102.979924 27.09295 2.613314
102.872469 27.03842 0.896933
102.791333 26.975277 1.264269
102.826969 26.975155 1.018973
102.943758 26.959953 1.317691
102.912703 26.941606 1.646043
102.922892 26.951839 1.71255
102.865853 27.142275 1.545852
103.178743 27.190245 0.786335
102.862484 26.92723 1.052124
102.896663 27.003253 1.262022
102.999707 26.887364 1.219702
102.937606 26.904889 0.942215
102.986727 26.885341 1.099386
102.908781 27.051408 1.230149
102.809953 27.01319 1.19845
103.229118 27.127747 1.530763
102.898356 27.121521 1.099472
102.894417 27.116787 1.281784
103.095093 27.068978 2.038701
102.932153 26.992043 0.903783
102.928711 26.994641 1.219209
102.931283 26.992362 1.147527
102.995955 27.04549 1.701119
102.929207 26.994474 1.548894
102.942358 26.991302 1.466236
102.952563 26.982351 1.72862
102.93479 26.959605 0.837493
102.932552 26.97087 1.150598
102.94353 26.997257 1.094974
102.856226 27.179574 1.379269
102.857064 27.173216 1.221262
102.775317 27.072709 0.990232
102.927157 26.983392 0.970123
102.935343 26.993882 1.049036
102.904264 27.108014 0.856155
102.897217 27.107406 1.986702
102.932056 26.982865 1.465164
102.849813 26.989689 0.680661
102.766659 26.86896 1.416938
102.900212 27.106877 0.995134
102.93147 26.827877 1.611087
102.801522 27.046958 0.928853
102.843799 27.152445 1.813529
103.008757 27.032668 1.030857
102.859253 27.169419 1.093324
102.870247 27.161709 1.403301
102.859766 27.168127 1.443335
102.881999 27.16909 1.235576
102.889054 26.96121 0.730528
102.709993 27.021722 1.661571
102.774243 27.030629 1.266935
102.789852 27.062008 1.116259
102.877441 27.137885 1.303467
102.874748 27.144305 0.872761
102.828101 27.015108 1.293797
102.792171 27.062016 1.143632
102.780037 27.013546 1.146499
102.853703 27.177755 1.387755
102.818953 26.900905 0.701172
102.950562 26.886182 1.000255
102.838045 27.220111 0.973313
102.85092 26.954405 0.739976
102.866471 27.037429 1.250012
102.870874 27.119993 1.067534
102.839103 27.194303 1.345823
103.093595 27.052279 0.795289
102.775513 27.025836 0.668515
103.173307 27.183405 1.055539
102.968579 26.879409 0.967371
102.969808 26.879704 1.200414
102.609383 27.276432 1.099277
103.187524 27.181305 1.219811
102.925684 26.953949 1.036876
102.796712 27.044712 1.129601
102.789242 26.962203 1.151583
103.15791 27.239156 1.033398
102.942448 27.012699 1.571378
102.799927 27.046265 1.349796
102.792879 27.040806 1.093765
102.879411 27.136597 0.64209
102.702458 27.061141 1.67435
102.872184 27.13998 0.997795
102.838851 27.113505 1.080685
102.729915 27.031099 1.179248
102.722843 26.997982 1.275357
102.837077 27.119596 2.024479
102.872192 27.118968 1.102369
103.178564 27.189624 0.915078
103.179801 27.185449 2.503906
103.178141 27.185632 1.431004
102.777563 27.139012 1.211633
102.868359 27.030377 1.242415
102.705135 27.057491 1.170868
102.851717 27.113774 1.214757
102.922762 27.019122 1.416753
102.771346 27.007218 1.146363
102.769686 27.009886 1.027969
102.89423 26.981051 0.870073
102.890299 26.949327 1.726497
102.867952 27.045968 1.153214
103.129517 27.08434 0.426278
102.865853 26.824056 1.378479
102.786117 27.115586 1.312409
102.703825 27.028495 1.306764
102.67369 27.112677 1.630483
102.972803 26.886015 3.359414
102.961646 26.895249 1.322695
103.006828 26.865702 1.277509
102.810327 27.08631 1.563033
102.8566 27.143245 1.043727
102.764038 26.870992 2.291771
102.808805 26.993154 1.30502
103.038086 26.458588 0.781851
102.942684 26.982068 1.506002
102.878784 27.023969 1.364493
102.994417 26.904506 2.193771
102.868302 27.120022 1.070945
102.784001 27.070439 1.877122
103.446859 27.049117 1.008993
102.91827 27.011456 1.240542
102.950513 26.80955 0.973643
103.113265 26.981498 0.966618
103.002205 26.869647 1.161062
103.209237 27.204812 1.013671
102.910807 27.022357 0.904672
102.802881 26.989211 0.929149
102.877075 27.04623 0.996915
102.629102 26.829163 1.131985
103.170011 27.245815 0.583993
102.786353 26.926501 1.004937
103.031217 26.469629 0.964569
102.919824 27.001447 1.054344
102.861287 27.074392 1.137616
102.859668 27.070449 1.354314
103.039836 26.399996 1.11491
102.8698 27.121124 1.274587
102.826221 27.040603 0.941217
103.177458 27.312276 1.133593
102.953906 26.84668 1.171469
102.908154 27.000769 1.39291
102.812345 26.883852 1.188117
103.383228 27.041339 1.56391
102.857666 27.070433 1.305816
102.865023 27.074406 -0.189643
102.95341 26.848163 1.766016
102.938037 26.978491 0.849224
103.005558 26.4546 1.058853
102.95542 26.849725 1.020418
102.920117 27.024353 1.145882
103.175903 27.183905 1.102246
102.794759 27.003212 1.195654
103.187126 27.196684 1.04709
102.948454 27.014612 1.050051
102.746029 26.911351 1.593701
102.955778 26.849455 1.32344
102.892407 26.997251 1.030399
103.448584 27.013275 1.13526
103.202108 27.079635 1.06302
102.926383 26.998958 1.033977
103.2052 27.142133 1.014314
102.791276 27.058289 0.987288
103.425708 27.050067 1.072076
102.853491 26.943091 1.458854
102.711613 27.002144 1.270611
102.788818 27.054818 0.828795
102.888688 27.035663 1.472608
102.875749 27.038989 1.107494
103.16346 26.905556 1.149463
102.801204 27.06108 0.608776
102.797974 27.053829 1.026626
102.931266 26.973918 1.283601
102.849097 26.833138 1.841871
103.060913 26.978497 2.395927
102.873763 26.820424 1.836739
103.001587 26.872247 1.942947
102.900228 26.988597 1.218499
102.79891 27.02169 1.515922
102.764038 26.870992 1.735436
102.957576 26.837052 1.921948
103.093514 27.068203 1.821469
102.909709 26.936479 2.121217
102.975 26.945819 0.951726
103.008952 26.470274 1.309156
102.847697 27.156295 1.075509
102.95494 26.904431 1.341546
102.927531 26.987122 0.958477
102.85092 27.178184 0.947638
102.849585 27.158962 0.870207
103.01884 26.456482 1.240125
102.793262 27.046863 1.45759
102.937646 27.016919 1.233706
102.811938 27.058931 1.175687
102.902979 27.054108 1.167913
102.810815 27.02702 1.642877
102.788639 27.014176 1.013794
102.866333 27.02679 1.111188
102.855786 26.865061 2.241406
102.841073 26.58466 0.687764
102.87242 27.14009 1.310835
102.978687 26.882692 1.556635
102.867814 26.839813 1.749848
103.006681 26.381392 1.104449
102.779395 27.032489 1.908192
102.802938 27.054881 1.268983
102.854183 27.067731 1.232343
102.757389 26.945319 2.014523
102.614087 27.020626 1.375905
103.003385 26.864075 1.471625
102.953068 26.999559 1.223957
102.982414 26.295296 1.03978
103.007454 26.448452 0.632773
103.125106 27.462583 0.930841
102.922795 26.453727 1.043809
102.922062 26.452614 0.212879
103.009367 26.473305 1.454765
102.921737 26.453719 1.326195
102.925008 26.464622 1.704632
103.078548 26.532355 1.303745
102.960368 27.023464 1.886333
102.928979 27.00328 1.203962
102.96556 27.100614 1.109036
103.003524 26.448224 1.637555
103.011507 26.467816 1.50806
102.982967 26.453532 1.455766
103.008146 26.475291 1.162364
103.012972 26.473053 1.418717
102.923657 26.965104 1.349213
103.101644 27.474316 0.748942
102.915299 26.881089 1.327681
102.791276 27.126544 1.337296
102.93055 27.128632 1.0819
102.869596 27.022078 1.006406
102.730493 27.030841 1.297446
102.955697 26.852108 0.860506
102.95376 26.850708 1.012895
102.601042 26.995774 0.863118
103.096118 27.059017 1.235608
102.878011 27.118504 1.695326
103.007715 26.607845 1.227
103.011629 26.613212 1.036512
102.866748 27.055223 1.313496
102.797762 27.068921 1.300612
102.953809 26.936572 1.248926
102.873364 26.95281 0.925462
102.835669 27.014923 0.735737
103.045264 26.448962 1.603986
102.930575 26.998232 1.49293
102.836092 27.022333 1.425551
103.20026 27.187406 1.257871
102.935384 26.98269 1.412706
102.942847 26.95766 1.090532
102.840299 27.019855 0.957631
102.83549 27.015926 1.446793
102.855713 26.944796 1.47261
102.858561 26.943732 1.366451
102.852384 26.933405 2.061614
102.891292 27.054449 1.50646
102.942586 27.216897 1.388473
103.20616 27.192116 2.064658
103.177734 27.186267 1.079902
102.868034 27.063436 1.356867
102.832031 27.020459 0.71454
102.791016 26.970382 1.356487
102.841504 27.068172 1.50003
102.866227 27.054985 1.142504
102.967578 26.764872 1.610707
102.746248 27.095101 1.378598
102.80446 27.040306 1.100345
102.960791 26.789927 1.323454
102.946379 26.800714 0.746314
102.955355 26.795219 1.849592
102.958407 26.790076 1.121857
102.935132 26.86794 1.840891
102.959757 26.790712 1.107527
102.93147 26.809821 1.119479
102.914128 26.823692 0.968281
102.767318 27.000049 1.529022
102.961523 26.788556 1.200422
102.830143 27.033226 1.782987
102.834212 27.019067 1.211299
102.958529 26.792002 0.945335
102.930396 26.835807 1.537426
102.952214 26.79729 1.594243
102.958415 26.796405 1.317288
102.956519 26.793195 1.346827
102.941105 26.837172 1.506141
102.960807 26.843642 1.38374
102.955347 26.852706 1.384925
102.775627 26.864941 1.964001
102.873283 26.816754 1.99703
102.9316 26.9183 2.104139
102.939478 26.907682 1.376647
102.870939 26.920235 1.997122
102.88938 27.106252 2.009847
103.006746 26.755339 1.91162
102.935636 26.914799 1.756786
102.962329 26.786873 1.745527
102.959098 26.787826 1.503379
102.816838 27.06543 1.357142
102.957243 26.851477 1.278562
102.814787 27.0486 1.331758
102.81416 27.011292 1.210185
102.867505 27.118125 0.73251
102.870915 27.112587 1.100369
102.929907 26.943001 1.331894
102.811157 26.99928 1.188128
102.958675 26.792914 1.241854
102.885465 26.982121 3.239226
102.958065 26.794875 1.403608
102.936263 26.845776 1.051509
102.787712 27.05745 1.227877
102.959489 26.791622 1.022602
102.941545 27.007534 0.992616
103.110107 27.07986 1.53151
102.8413 27.018225 1.653189
102.830184 27.038293 1.188988
102.913916 27.01005 1.667103
102.728499 27.030963 1.142742
102.922949 26.838403 1.921467
102.952962 26.765234 1.649789
102.962183 26.784033 1.022197
102.879313 27.094552 1.015174
102.941431 26.498069 1.366454
102.846403 26.907959 1.623373
102.862362 27.133683 1.492299
102.859399 27.135221 1.408383
102.743604 27.013322 2.156881
102.777637 27.012858 1.287179
102.845288 27.140865 0.265305
102.702262 26.998494 1.510785
102.998747 26.444604 1.560362
102.899072 27.018561 1.034821
102.86744 27.0263 1.493507
102.930957 26.997087 1.121885
103.031372 26.52042 0.942358
102.867529 27.116949 1.397416
102.942684 26.867749 1.502779
102.861947 27.13268 1.22877
102.997209 26.936566 1.39481
102.94397 26.933911 1.205644
102.896069 26.898977 0.98498
102.871834 26.945113 1.429456
102.959619 26.858669 1.186663
103.107886 27.011369 1.465853
102.921794 26.985683 0.972307
103.186003 27.192212 1.355846
102.986532 26.853904 1.295429
102.711808 26.741553 1.268695
102.845825 26.97868 1.484609
102.823511 27.138505 2.492087
102.893449 27.120351 1.139623
102.949316 27.038399 1.102824
102.948039 26.876233 0.935424
103.081665 26.529989 1.402742
103.075521 26.532963 1.343014
102.782731 27.072843 1.451735
102.862687 27.022817 0.959532
102.877091 27.03645 1.326444
102.768815 27.030334 1.333442
102.772917 27.025511 0.979809
102.722925 27.023271 1.020965
102.88597 26.982031 1.059399
102.759285 27.020841 2.160454
102.782096 27.012004 0.962931
102.780273 27.029002 1.408372
102.780859 27.012783 1.187494
102.776994 27.010288 1.941506
102.782845 27.012895 1.32621
103.065063 26.510268 0.656255
102.808919 26.992356 1.088105
102.795386 27.00107 1.052803
102.766113 27.074382 1.201015
102.773389 27.028345 1.130445
102.778434 27.014366 1.237092
102.772021 27.023474 0.927434
102.796232 27.074766 1.553446
102.970304 26.839459 1.232771
103.022021 26.589773 1.121702
102.887183 27.008588 1.991972
103.172445 27.281862 1.006581
102.811743 27.021021 1.118865
103.022371 26.549559 1.844477
102.852254 26.549019 1.934264
102.70214 26.98751 1.447136
102.852238 26.831635 2.211234
102.76495 26.869403 1.552085
103.11613 27.078308 1.314669
102.855444 26.83076 1.976663
102.848242 27.045671 1.37084
102.844263 27.041502 2.140455
102.820972 27.001312 1.707723
102.842782 27.012895 0.795853
102.858927 26.833099 1.938787
102.904956 26.917194 1.05752
102.788477 27.064126 1.372482
102.785156 27.05117 0.278195
102.951367 27.098846 1.445011
102.952637 27.102309 2.468424
102.789893 27.154091 1.404242
102.878117 26.996442 1.875487
102.876058 27.057642 1.323896
102.857837 27.057377 1.088186
102.877051 27.055617 1.188944
102.741382 27.065544 1.589821
102.853451 27.084918 0.875965
102.941048 26.99539 0.930615
102.94187 27.106352 1.07756
102.761458 26.594533 2.19896
102.914852 26.992552 1.046367
102.934855 26.99868 0.44144
102.91001 27.045947 1.092737
102.884017 27.046663 1.134668
102.937801 26.994554 1.036643
102.844344 27.014126 1.428566
102.980452 26.423812 1.187257
102.985506 27.015004 1.679827
102.95131 26.995868 1.001878
102.937573 26.982985 1.070868
102.851603 26.832876 1.820996
102.849821 27.00199 1.725106
102.711556 27.095801 1.758794
102.743978 27.070593 -0.092742
102.991569 26.785638 1.736135
102.946346 26.889278 2.170002
102.972078 26.832446 1.326621
103.084082 26.707955 1.190811
102.99585 26.275157 0.981134
102.818221 27.060872 2.604894
102.813322 27.02395 1.318756
102.979915 27.09295 1.42595
102.937313 26.955815 1.026642
102.920329 26.945095 1.111244
102.75835 27.015346 1.195651
102.929492 26.838098 1.757073
102.90577 27.051107 1.233947
102.89126 27.052232 1.172358
102.874756 27.038092 2.173749
103.001074 26.954419 0.738053
102.720801 27.105839 0.912281
102.937321 26.901267 1.351231
102.934595 26.955489 1.65586
102.773161 27.024284 0.941907
102.876758 27.039575 1.143252
102.870671 27.036011 1.221862
102.790942 27.10104 1.043619
102.879069 27.018313 1.190333
102.913534 27.111715 0.926288
103.021851 26.448568 1.288705
102.962817 26.783549 0.854258
103.153117 26.642969 1.357204
102.939502 26.998907 1.220951
102.891821 27.10237 0.959356
102.976497 26.98338 0.765881
102.915031 27.0922 1.958063
102.873722 26.920353 1.118143
102.934399 26.995994 0.952155
102.932414 26.993384 1.061348
102.836458 27.012496 1.288956
103.18431 27.185406 0.22587
102.774268 27.047308 0.872068
102.914982 26.909013 1.542055
102.876465 27.05105 1.352129
102.76241 27.020966 0.856127
102.844084 26.550759 1.166793
102.968595 26.997133 0.886638
102.931787 26.954492 0.74192
102.874463 27.041361 1.354991
102.6913 26.985347 1.847535
102.773429 27.016223 1.362119
102.758854 26.99396 1.142129
102.924089 26.969871 1.264547
102.961255 27.007501 2.663245
102.921859 27.010978 1.521828
102.913875 27.026988 1.585495
102.894019 27.146295 1.538458
102.959082 27.128188 1.148075
102.675562 27.000189 1.479079
102.949691 26.834367 1.0677
102.896248 27.120148 1.382856
102.899154 27.116608 1.6042
102.904972 27.106919 1.871691
102.987443 26.299375 1.148381
102.830575 27.045593 1.223041
102.947192 26.879543 1.325124
102.957536 26.875741 1.332358
102.922852 26.89916 1.098206
102.945736 26.832605 1.351725
102.928825 26.83193 1.810625
102.943807 26.833299 1.255495
102.94423 26.823199 2.438638
102.945044 26.833767 1.212112
102.852067 26.899001 1.233348
103.00883 27.032701 1.819523
102.66543 26.998964 1.18534
103.047445 26.604946 1.214837
103.035628 26.587219 1.325452
102.757422 27.091604 1.006263
102.952759 26.831171 1.181656
102.951929 26.831771 0.752579
102.948893 26.837573 0.718772
102.946257 26.827749 1.268933
102.946452 26.829134 1.250333
102.931763 26.818514 1.331009
102.943937 26.822567 1.032386
103.152507 26.994163 1.076941
103.059139 26.786938 1.064292
102.952018 26.833162 1.100603
102.928743 26.813184 0.719094
102.944621 26.828408 1.170822
102.948747 26.833569 1.25297
102.948649 26.819906 1.412355
102.945394 26.830943 1.570799
102.924715 26.881165 1.239175
102.943766 26.832922 1.055742
102.922119 26.890529 1.431226
102.946077 26.832076 0.960802
102.910368 26.864103 0.958694
102.942676 26.835844 1.255706
102.946289 26.833877 1.390254
102.944377 26.835309 1.35862
102.698039 26.90516 1.70146
102.943433 26.833417 1.508609
102.949154 26.828404 1.568559
102.946354 26.832143 0.938282
102.894922 26.865861 0.852031
102.948405 26.833781 0.74921
102.921004 26.844576 1.640032
102.76298 26.934896 1.461769
102.943823 26.833474 0.733636
102.784692 26.910935 0.686414
102.942228 26.831903 1.402608
102.910726 26.839441 1.243428
102.944246 26.833695 1.310408
102.944222 26.832259 1.16381
102.97124 26.883573 2.163552
102.94589 26.826532 1.391094
102.944206 26.833608 1.267207
102.768896 26.925047 1.104282
102.945345 26.833148 0.918577
102.947363 26.830874 1.106398
102.945076 26.833858 1.313632
102.948169 26.828666 0.806079
102.946387 26.831498 1.05166
103.024756 26.804289 1.375203
102.932137 26.840367 1.374822
102.944336 26.832483 1.483429
102.942375 26.83406 1.222817
102.847021 26.864231 1.53224
102.94008 26.835954 1.349047
102.94834 26.83373 1.192957
102.949308 26.83264 1.405942
102.946663 26.832542 1.12344
102.93995 26.817598 2.220035
102.943742 26.835358 1.027992
102.661328 26.957275 0.458239
102.839925 26.888564 0.732618
102.94515 26.83387 1.289565
102.944149 26.830025 1.345365
102.790503 26.940373 0.818886
102.924927 26.455992 0.988165
103.175871 27.323008 1.302092
102.933398 26.951658 1.188432
102.945638 26.835274 1.128853
102.952075 26.838643 1.270187
102.943066 26.834037 1.32315
102.968213 26.818724 1.184553
102.942318 26.874455 1.118411
102.943042 26.825187 1.22945
103.080705 26.465068 1.018566
103.158732 27.012309 0.923157
103.138354 27.0 0.909724
102.92391 27.10871 1.313089
102.90402 27.120105 1.19384
102.795524 27.004449 0.907955
102.941333 26.834121 1.290337
102.943091 26.831976 1.169857
102.872323 27.006641 1.128751
102.780046 26.923102 1.515232
102.909277 27.117694 1.334273
102.909831 26.860669 1.356221
102.906592 27.11712 0.992251
102.962443 26.863293 0.913161
102.965129 26.856018 0.917679
102.966089 26.855263 0.985972
102.967358 26.848627 1.2795
102.893766 27.053237 1.226613
102.869035 27.056547 1.236934
102.919181 26.907066 1.150278
102.901733 27.071745 1.20229
102.859578 27.175464 1.338178
102.957023 26.832292 1.291777
102.751807 27.069631 1.309902
102.699292 27.025446 1.290449
102.771729 27.010362 0.943638
103.056974 26.67137 1.159281
102.876099 27.056547 1.124557
102.855013 27.047569 1.400892
102.966382 26.85849 1.249697
102.679932 27.033571 1.329975
102.807048 27.038338 1.518039
102.942765 27.004289 1.492766
102.747632 27.008748 1.214773
102.833293 27.002195 0.595287
102.77627 27.031045 1.456788
102.923315 26.453994 1.195776
102.943294 27.001864 1.046623
102.703451 27.047845 1.253219
102.68125 27.030717 1.070504
103.076514 26.567328 0.86951
102.95297 26.87088 1.224846
102.965853 26.864797 1.472228
102.952905 26.873556 1.212988
102.805615 26.98642 1.114646
102.901986 27.03831 1.067797
102.955599 27.031569 0.989054
102.949561 27.003086 1.107644
102.930965 27.032324 0.942788
102.964738 26.867708 1.457
102.906201 26.91854 0.826124
102.925081 26.458691 1.114475
102.847184 26.999723 1.249781
102.975382 27.002244 1.20215
102.616455 26.988566 0.095229
102.746191 27.077041 0.758063
103.017594 26.383832 1.630743
103.012459 26.374648 1.062776
102.898755 27.122042 1.29929
103.22168 27.19989 0.999451
103.21591 27.200024 1.398863
102.935278 26.431042 0.807045
102.952287 26.873779 1.164838
102.755086 27.018087 1.611069
102.766577 27.012679 0.930271
102.75896 27.014628 1.202038
102.767212 27.006712 1.611291
102.754517 27.028265 1.09112
102.954411 26.873924 1.116867
102.82242 27.007371 1.195011
102.96862 26.829983 1.426
102.929948 26.943252 1.052866
102.930615 26.92935 0.959434
102.969491 26.829869 0.91933
102.943636 26.936161 0.870114
102.765804 27.001965 1.329207
102.965991 26.838255 1.095468
102.943612 26.884243 1.146326
102.971785 26.87833 2.070678
102.833781 26.99962 1.551769
102.92168 26.965289 1.59637
102.862134 27.020768 1.051591
102.817692 26.980857 1.712111
102.828597 26.989891 1.085901
102.966943 26.824807 1.354571
102.970378 26.833042 1.143676
102.965666 26.832601 1.36387
102.970597 26.830261 1.379529
102.94624 26.87821 1.009056
102.968164 26.832009 1.082992
102.966968 26.83434 1.363494
102.965381 26.830471 1.0086
102.848104 26.999524 1.215121
102.830119 27.009528 1.16568
102.926685 26.877244 0.687599
103.165438 27.281614 0.838787
102.958049 26.995483 1.403203
102.854989 27.015861 1.118092
102.833276 26.99766 1.143804
102.819141 26.976367 1.395034
102.852425 27.002869 0.986509
102.860596 27.019541 0.970227
102.849797 27.007469 0.85571
102.870841 27.03467 1.527345
103.048592 26.577122 0.745158
102.931299 27.089846 1.031304
102.849764 27.081765 1.115943
102.859831 27.020776 0.747024
102.827319 26.993176 1.228123
102.969743 26.836833 1.014516
102.919816 26.96288 1.30075
102.743644 27.037551 1.292323
102.923568 26.847522 1.990171
102.984871 26.4001 0.323711
102.857739 27.018188 1.158689
102.819059 26.983044 1.220504
102.814079 27.009532 1.308634
102.916903 26.95392 0.985278
102.997485 26.902087 1.117976
102.941146 26.921523 1.109995
103.008488 26.87972 0.924594
102.928394 26.91545 0.855066
102.987581 26.923077 1.874819
102.994271 26.874797 1.118596
102.825431 26.985195 1.211539
103.013485 26.445736 0.971725
102.851351 27.00872 1.834881
102.834578 27.00084 1.855079
103.110107 27.07986 1.234918
103.13903 26.970577 0.830699
103.147632 26.994849 1.7801
102.893872 27.106431 1.850697
102.901245 27.121708 0.99131
102.916154 27.114665 1.853606
102.902604 27.121499 0.657908
102.845972 27.002283 1.355718
102.926978 26.867013 1.371661
102.874487 27.0586 2.217533
102.873796 27.062002 0.991574
102.876546 27.055194 0.925479
102.948063 26.877647 1.544233
102.952401 26.872544 1.20134
102.992513 26.787923 1.59014
102.969808 26.832092 1.092428
102.889217 27.157566 1.42261
102.816797 27.042511 1.266469
103.207389 27.186564 1.158709
102.888289 27.036847 1.133788
102.966878 26.834979 0.783033
102.943009 26.882043 0.980067
102.964412 26.826485 1.20091
102.968343 26.833551 0.976366
102.799479 27.034812 1.054915
102.86731 27.002108 1.862306
102.816496 26.961715 1.375888
103.132788 26.98527 1.283359
102.967879 26.86099 1.063806
102.955827 26.889221 1.532899
102.937557 26.905674 0.822884
102.791357 26.943945 1.360286
102.774146 27.012331 1.214869
102.993498 26.451642 0.875413
102.609066 27.079515 2.040587
102.980046 26.843732 1.270703
102.850285 27.006183 1.312538
103.082666 26.514099 1.00608
102.873421 27.132371 1.675804
102.872437 27.136495 1.163252
102.878833 27.120931 2.196951
102.858455 27.139394 1.050481
103.06359 26.548159 1.416497
102.985522 26.844314 1.767531
102.903825 26.927285 2.216204
103.148551 27.122522 1.389914
103.108846 27.079557 1.90994
102.954696 27.102083 1.816353
102.92946 26.837636 1.677109
102.836792 27.003996 0.865327
102.764038 26.870992 1.411867
102.77557 26.871405 1.939981
102.882088 27.123429 3.662182
102.87644 27.103805 3.546431
103.019181 26.416711 1.088388
102.862036 26.826025 1.579641
103.171834 26.653058 1.193717
102.880314 27.071818 1.152487
102.887524 27.099923 1.752389
102.603743 27.083846 1.044435
103.04515 26.888979 1.267234
103.187004 27.133757 1.152538
102.950537 26.870563 1.198998
102.744995 27.138521 1.483562
102.730339 27.15034 1.138719
103.059709 26.952651 1.598212
103.218302 27.197201 1.138074
103.199276 27.199587 0.676298
102.795117 27.127767 0.973502
102.70839 27.056925 1.464168
103.063851 26.77474 0.866546
102.74633 27.073067 1.098992
102.749658 27.050775 0.753115
102.936279 26.982613 0.866739
102.958325 26.927983 1.292285
103.072713 26.530544 1.062204
102.852238 26.831635 1.77258
102.926481 26.458655 1.038127
102.787712 27.11841 1.819686
102.884839 27.119295 1.542488
103.123031 26.906807 1.038071
102.907251 27.127509 1.315166
102.940804 27.098265 1.548052
102.862199 26.650745 1.20593
102.809839 27.014714 2.095536
102.97146 26.884229 1.199714
102.885579 27.005288 0.957371
102.922298 26.87262 1.380979
102.873079 27.063991 0.273596
102.767082 26.868526 1.664848
102.90647 27.052252 1.226453
102.942464 26.935828 1.334244
102.889429 26.946273 1.642409
102.921248 27.086104 1.669017
102.855908 27.082625 1.336785
102.883724 27.11095 1.231657
102.980249 26.899943 1.334853
102.852376 26.939126 0.784502
102.922298 27.086196 1.621254
102.676115 27.06332 1.341625
102.989543 27.09222 1.048417
102.694206 27.059733 1.362406
102.734741 27.0973 1.634555
102.985205 27.382347 1.32716
102.855176 27.271006 1.356886
102.882609 27.110065 1.294458
102.875114 27.089929 0.834611
102.88134 27.09647 -0.073754
102.985946 26.838684 1.319818
102.894295 27.118813 0.969775
102.883407 27.11156 1.827459
102.943359 26.628764 1.502073
103.080298 26.469928 2.427122
102.963452 26.823964 1.608581
102.99515 26.775671 1.592557
102.962451 26.824156 1.23457
102.921183 26.836363 1.428075
102.947144 26.827858 0.824342
102.948389 26.818988 2.443611
103.176603 27.108223 0.915868
102.882324 26.993518 2.113546
102.885278 27.1217 1.281763
102.939958 26.814689 1.63384
102.942554 26.660378 1.422973
102.885124 27.122034 1.578072
102.938875 27.103153 0.099702
102.883805 27.161554 1.176826
102.652547 27.066563 1.681313
102.988534 26.459953 1.681136
102.71582 27.066404 0.914623
102.894759 27.117519 0.752244
103.074829 26.503117 1.417093
103.069474 26.512618 1.191936
103.078125 26.506675 0.995071
103.076034 26.514775 1.297346
102.857699 27.123844 1.019951
102.85992 27.011239 1.128905
102.73134 26.888403 1.006723
102.759049 26.886861 1.469785
102.973454 26.822343 2.249044
102.997925 26.720886 1.326261
102.967049 26.84197 1.070554
102.883195 27.162732 2.005347
102.885042 27.136011 1.718357
102.719523 26.887018 0.73094
102.753752 26.890991 1.480079
102.97089 26.85882 0.616461
102.966789 26.856907 1.049954
102.957194 26.840529 1.281951
102.996525 26.375903 1.066309
102.895223 27.117234 0.839103
102.972754 26.862771 1.003002
102.92522 26.941016 0.781159
102.915788 26.941738 1.21531
102.985303 27.375409 1.33402
102.98418 26.789994 2.42013
102.981494 26.795494 1.475845
102.968058 26.864183 1.520086
102.958154 26.847992 0.002516
102.943213 26.843532 0.769437
102.96499 26.891764 1.349307
102.941414 26.838192 1.361101
102.780859 26.929118 1.407111
102.918587 26.843156 1.331233
102.782707 26.927171 1.324593
102.961662 26.853009 2.582228
102.920866 27.004364 1.238541
102.914087 27.005829 2.09386
102.968677 26.829541 0.960708
102.971232 26.833761 1.431814
102.970272 26.833464 1.378414
102.969385 26.828967 0.050062
102.953971 26.828229 1.771912
102.938761 26.810893 1.132678
102.970524 26.829421 1.103872
102.969946 26.824829 2.20399
102.9684 26.834686 1.671229
102.968319 26.826471 2.591122
102.960661 26.827913 1.912461
102.968929 26.832812 2.870973
102.968058 26.826544 1.377203
102.964307 26.814836 1.266084
102.967936 26.835828 0.610824
102.966715 26.831675 1.751251
102.967961 26.816325 2.058587
102.968229 26.83374 1.340612
102.966162 26.831974 1.468195
102.970557 26.833793 0.709586
102.975277 26.821745 1.442339
102.966919 26.832983 1.09559
102.97172 26.83432 1.534036
102.961483 26.843321 1.511894
102.982658 26.791093 1.030798
102.967375 26.82204 2.341093
102.969954 26.833801 1.495129
102.966276 26.833162 1.625023
102.971151 26.834001 1.652516
102.971045 26.82818 0.519905
102.96805 26.833604 2.183412
102.966496 26.830391 1.697706
102.967187 26.833335 1.023013
102.940877 26.913118 1.138825
102.943229 26.902889 1.107718
102.943888 26.884841 1.131925
102.944604 26.877818 1.109072
102.948755 26.871511 1.11407
102.941463 26.888981 2.685762
102.943148 26.882918 1.785641
102.947803 26.830737 1.309946
102.943831 26.88017 1.668578
102.945109 26.878149 1.251355
102.967334 26.837565 2.687747
102.946289 26.883004 -0.54312
102.946004 26.879057 2.826814
102.947266 26.881283 2.871427
102.946379 26.881954 1.739848
102.971305 26.832686 1.256065
102.962305 26.819653 1.539487
102.971118 26.829097 1.77457
102.94672 26.880459 2.182039
102.948161 26.878465 2.586077
102.983179 26.84153 2.58785
102.920549 26.822097 1.645174
103.171932 27.11614 2.084459
103.165251 27.115265 2.146647
102.806209 26.978361 1.214497
102.801953 26.975401 2.826533
102.970011 26.832259 0.934848
102.930981 26.992698 1.554251
102.922249 26.991266 1.309039
102.971574 26.826147 1.333786
102.96766 26.834585 1.246178
102.967057 26.830033 1.239704
102.753874 26.878377 2.0283
102.766992 26.874746 2.627394
102.779598 27.12478 1.799461
102.772428 27.071916 1.245967
102.787109 27.06806 1.225413
102.971232 26.832983 1.661481
102.971647 26.8295 1.20537
102.961719 26.813873 1.05244
103.204264 27.159953 1.480255
103.181095 27.12924 1.9862
102.970109 26.833447 1.410505
102.970313 26.826076 1.516993
102.97373 26.831396 0.988088
102.920207 26.902466 1.337854
102.930501 26.936949 1.297791
102.878442 27.16368 1.662014
102.881445 27.159837 1.359077
102.870247 27.154036 1.147817
102.879435 27.158679 2.807358
102.881388 27.153355 1.399456
102.964453 26.825765 1.138779
102.954565 26.872398 1.225048
102.88265 27.156132 1.592676
102.941292 26.893093 1.336187
102.759587 27.013534 1.592676
102.881576 27.119035 1.367609
102.890226 26.922687 1.182213
102.972705 26.811308 1.787805
102.970337 26.824845 1.402699
102.972843 26.811898 1.703014
102.733529 27.034436 2.805103
102.967017 26.838922 1.702241
102.942163 26.883449 1.958497
102.941414 26.888745 1.865711
102.967163 26.833254 1.332542
102.97146 26.836426 2.37961
102.966406 26.837644 2.852853
102.881982 27.142493 1.3165
102.970475 26.833152 1.474082
102.940731 26.813843 2.099554
102.914429 27.082845 1.182474
102.883602 27.122864 1.45917
102.778141 27.109393 1.332023
102.948861 26.873193 1.343656
102.942489 26.893801 2.425245
102.941512 26.888055 2.114189
102.851831 27.022072 0.952807
102.83623 27.015179 1.058815
102.828288 26.958303 0.110924
102.866276 26.948741 2.867838
103.016382 26.46486 1.738597
102.801286 27.007931 1.461077
102.786141 26.971977 1.487469
103.027816 26.278363 1.343656
103.013704 26.279346 1.835331
102.879793 27.052732 1.334666
102.941585 26.883305 1.3871
102.933813 26.890314 1.461182
102.933317 26.89186 1.059092
102.936174 26.89434 0.786288
102.964071 26.885769 0.807451
102.941089 26.891309 1.344377
102.94589 26.887042 1.854953
102.944214 26.889909 1.958503
102.995223 26.848914 0.321735
102.933927 26.89446 1.958576
102.998511 26.855145 1.214155
102.932747 26.897459 0.956045
102.993783 27.090059 1.270801
102.88645 27.120646 1.647009
102.766838 26.874418 1.382186
103.018351 26.280646 1.145709
102.928442 26.976499 1.255819
102.909595 26.701058 0.926277
103.0257 26.882119 0.896087
102.811938 26.858728 1.60138
102.87203 26.843172 1.713035
102.89082 27.118172 1.377122
102.88597 27.12099 1.591351
102.88431 27.122811 1.908481
102.761165 26.875409 1.211202
102.938875 27.103153 1.475395
103.021883 26.873962 1.469225
102.927946 26.877427 0.749307
102.93785 26.890324 2.28443
102.936629 26.89212 1.068455
102.932715 26.891691 2.984325
102.962915 26.886672 1.046554
102.917472 26.893606 0.704511
102.930591 26.900859 1.260327
102.933504 26.892639 0.361158
102.933879 26.875476 1.818073
102.874601 27.061784 1.593173
102.856519 27.053843 2.101882
102.844832 27.061153 1.671336
102.99904 26.271629 1.088259
102.810067 27.014905 0.960951
103.159033 27.192173 1.136634
102.813729 27.043424 1.143739
102.807007 27.036041 0.893141
102.96578 26.887779 0.999
102.938794 26.856641 0.988311
102.937386 26.856736 0.925515
102.937988 26.856171 1.043842
102.823885 26.948881 1.948218
102.967131 26.835518 2.314234
102.939152 26.856059 1.28276
102.935824 26.853853 2.811655
102.943343 26.989244 1.329672
103.027319 26.268359 0.386098
103.18016 27.180884 1.283107
102.857821 27.115163 1.284045
102.929598 26.984806 1.404677
102.837118 26.931431 1.725523
102.527018 26.863472 1.426941
103.026554 26.793681 1.584015
102.936971 26.85234 1.289768
102.847152 27.009491 1.860332
102.850407 27.023488 1.139351
102.836271 27.012376 1.664495
103.179142 27.117902 1.312384
102.847689 27.110626 1.38903
102.856006 27.116988 1.832518
102.863257 27.114738 1.859461
102.764266 26.996824 2.027365
102.878548 26.822778 1.35166
102.961263 26.890828 1.310665
102.889054 26.921338 0.926813
102.940641 26.895579 1.471956
103.002214 26.855591 1.591795
102.778019 27.237002 1.37971
103.075903 27.065141 1.587887
102.767765 26.87326 1.579624
102.987435 26.892255 1.908272
102.965568 26.886595 1.967771
102.824422 26.947085 1.97707
102.977165 26.89611 2.188185
102.831681 26.938881 0.902685
102.751636 27.097965 2.686864
102.89799 27.283978 1.77707
102.728809 27.066661 1.052844
102.734269 27.063078 1.203229
102.729899 27.048617 0.541633
102.806429 27.019434 1.6617
102.827856 27.00978 1.003277
102.863713 27.118901 1.779691
102.852515 27.128086 2.107278
102.864266 27.115837 0.973434
102.854826 27.117851 1.071832
102.84515 27.120475 1.159193
102.853654 27.111558 1.712129
102.853206 27.120184 0.775725
102.858228 27.118604 1.08835
102.822038 27.019295 1.492552
102.858748 27.118557 1.487513
102.856844 27.067818 1.478461
102.851278 27.113397 1.314626
102.841105 27.121073 2.5102
102.815552 27.009167 1.429067
102.854541 27.123024 1.369932
102.860824 27.12029 2.186536
102.854679 27.11948 0.616483
102.843001 27.114215 0.646422
102.826986 27.015896 1.212262
102.849731 27.088501 0.799545
102.992692 27.175124 1.734328
102.845524 27.111294 1.083159
102.861174 27.115116 0.624736
102.865308 27.125962 1.783812
102.842074 27.119576 1.864917
102.874609 27.130402 1.045319
102.832096 27.015289 1.074904
102.839307 27.120384 1.71978
102.857682 27.120298 1.823015
102.857935 27.121281 2.132978
102.819881 27.019204 1.45291
102.84401 27.120064 1.64101
102.856925 27.122825 1.266826
102.85673 27.120833 2.565383
102.91984 26.908136 1.790882
102.830778 26.946456 1.920826
102.854956 27.119303 0.87433
102.862004 27.11594 2.14812
102.855916 27.10661 1.915798
102.843132 27.114469 0.584935
102.857227 27.106203 2.094875
102.845874 27.121735 0.870346
102.814591 26.975743 0.950347
102.855542 27.125739 1.123565
102.844995 27.1304 1.045651
102.838761 27.113239 1.656444
102.837085 27.127185 1.19271
102.886239 27.142102 1.228184
102.890454 27.140304 1.675213
102.86495 27.133854 0.372642
102.853166 27.114345 2.558405
102.857894 27.103153 1.645638
102.981803 26.785459 1.454666
102.854297 27.131354 1.442457
103.177222 27.179966 0.570579
102.843905 27.093217 2.986133
102.95494 27.044668 1.388598
102.843685 27.002653 1.99778
102.975146 27.24692 1.14702
103.094344 26.929496 1.574037
102.988566 26.778147 1.835709
102.987272 26.7934 0.926915
102.988379 26.784153 1.336667
103.051847 26.639417 2.72266
102.941382 26.893085 1.212523
102.805265 27.282843 1.626147
102.905802 27.018392 1.141383
102.90271 27.018107 0.714068
102.838013 26.995939 2.109374
102.836287 27.321277 2.232762
102.826375 27.061351 1.018627
102.865243 27.122463 0.876936
102.98256 26.819004 1.745565
102.85411 27.115405 1.152955
102.856958 27.115342 0.737962
102.860685 27.112531 1.054445
102.771265 26.874113 1.81629
103.004004 26.976139 1.328596
102.974487 26.919493 1.054755
102.811304 26.947725 1.131814
102.885449 27.122268 0.282141
102.908057 27.017924 1.961637
102.908952 27.020343 0.425926
102.904183 27.020998 1.403782
102.904329 27.018054 0.496059
102.831323 27.019224 1.611477
102.864884 27.126764 1.157678
102.864535 27.116579 1.481278
103.230485 27.100108 1.494696
102.863607 27.118791 0.778535
103.176449 27.111556 0.619672
102.844393 27.113265 1.936629
102.852498 27.116931 1.271282
102.855941 27.118062 1.985746
102.857072 27.111812 1.37416
102.853605 27.116349 0.71632
102.815633 27.015961 0.938067
102.864469 27.112115 1.057841
102.852563 27.11108 2.581231
102.835059 27.022978 2.18922
102.831958 27.023071 0.747827
102.835929 27.02549 1.42182
102.820386 27.020003 1.282652
102.812533 27.09822 1.772644
102.946305 26.873615 1.195659
102.863175 26.860225 3.522261
103.148006 26.757888 1.852607
102.961117 26.868526 1.730183
102.951725 26.857597 2.126208
103.148511 27.127818 1.555004
103.158024 27.133207 1.962888
102.947201 27.037335 1.444204
102.909521 26.976587 1.672585
102.788265 26.922235 1.81976
102.777694 26.933439 1.364987
102.887427 27.118665 2.627418
102.875106 26.907347 2.27671
102.689242 26.798102 1.730505
102.837573 27.004315 0.922237
102.844816 27.013336 1.61775
103.150708 26.930556 1.915574
102.701196 27.002525 2.891207
102.767008 26.874792 1.671678
102.888452 26.963918 1.629622
102.92924 26.890843 0.745528
102.960563 27.052804 1.795837
102.987354 26.719403 1.757897
102.942594 27.235234 2.41642
103.180786 27.120799 3.026983
102.963062 26.703693 0.888135
103.07334 26.52286 0.665367
102.989266 26.89528 1.26605
102.762492 27.050804 2.138616
102.947664 27.05709 1.533502
102.668937 26.756793 1.265644
102.882723 27.150234 1.918469
102.876758 27.145386 1.373592
102.857609 27.126239 1.046651
102.870736 27.120888 0.498275
102.881958 27.089648 2.555894
102.761491 27.083362 1.411945
102.827751 27.073846 1.295385
102.739616 27.052264 2.3402
102.850936 27.119106 1.172528
102.855094 27.115727 0.510602
102.83654 27.122652 1.690682
102.85498 27.119505 1.066331
102.987663 27.031262 1.156122
102.888989 26.671141 2.080679
102.871452 26.82419 1.628969
102.841756 27.013487 1.271031
103.136597 26.979968 1.69958
102.862183 27.113507 1.683159
102.854395 27.119543 1.036611
102.829492 26.959552 1.555162
102.836418 26.957298 1.054781
102.878231 26.822677 0.028753
102.874113 27.089394 1.981312
102.875806 27.059078 0.977608
102.915186 26.919462 1.345084
102.877311 27.091528 1.446439
102.888314 27.090999 1.654588
102.890169 27.094132 1.82057
102.897314 27.103805 1.387775
102.890584 27.090743 2.35313
102.824829 27.112669 2.275889
103.124984 27.049143 1.255513
102.866642 27.111007 1.494889
102.847689 27.119063 2.294327
102.857178 27.111947 0.911954
102.867407 27.097784 1.574956
102.878768 26.8211 1.622241
103.010653 26.844847 1.657401
103.167912 26.676947 1.460677
102.980534 26.278276 1.252093
103.025895 27.080273 2.971815
103.059749 27.046102 1.160601
102.958049 26.969566 2.823296
102.774536 26.874335 1.871764
102.771533 26.874001 1.815476
102.855688 27.109111 1.861971
102.85835 27.113835 0.269325
102.860799 27.111869 1.549298
102.771558 26.874001 1.060429
102.888021 27.117344 2.18088
102.837297 26.994735 0.960529
102.785376 27.070384 3.319615
102.786149 27.067362 1.724467
102.776489 27.041764 1.922027
102.794271 27.134918 1.526006
103.171037 27.006274 1.398574
102.675212 27.073954 1.375011
103.044482 26.991768 1.064829
103.047697 26.998273 1.735613
103.039689 26.993467 1.566036
102.853426 27.11735 1.660028
102.91901 26.98845 1.259447
102.912679 26.976921 1.922076
102.801335 27.028127 0.996564
103.06923 26.525897 1.09079
102.933512 26.870469 0.95562
102.933504 26.871234 1.348832
102.927783 26.873126 1.133128
102.794539 27.020237 2.172666
102.860254 27.113468 1.165006
102.859993 27.117837 0.659878
102.892456 26.920561 1.572523
102.8729 27.057446 1.53906
102.871549 27.057448 1.494903
102.731559 26.977698 1.420929
102.817106 26.991929 0.993071
102.924967 26.937185 1.461319
102.918791 26.942733 1.161065
102.915446 26.931978 1.371839
102.792513 27.02655 1.459712
102.754297 27.069543 1.488661
102.750374 27.059621 1.252426
102.889632 27.111115 1.034317
102.872249 27.112799 1.728434
102.860335 27.117934 1.136473
102.863159 26.944092 1.495295
102.907886 26.917013 1.944085
102.750732 27.070343 1.447003
102.905664 26.952958 0.988471
102.750545 27.069204 1.563183
102.886247 27.120789 1.551117
103.158846 27.202336 1.518103
103.242887 26.794364 1.717542
102.97251 26.993156 0.791953
103.071932 26.983573 2.003531
102.756917 26.992334 1.257074
102.79917 26.991423 1.905641
102.940088 26.812236 1.628021
102.940177 26.811757 1.999471
103.026717 27.01866 2.048601
103.177433 27.126858 0.630027
103.163086 27.12216 0.931757
102.79222 27.026878 1.540845
102.788883 27.018746 1.60483
102.832389 27.103158 1.595221
102.81132 26.988843 0.966689
102.811174 26.986772 0.590125
102.815519 26.96735 1.52934
102.793457 27.021112 1.112207
102.792497 27.015769 1.498222
102.979989 26.45941 1.316362
102.845744 27.112972 1.921245
102.85896 27.115733 0.705145
102.863867 27.112553 1.349726
102.771004 26.873977 1.705008
102.866439 27.137118 1.378311
102.865413 27.135844 -0.180713
102.852889 27.113804 0.618715
102.947664 27.05709 2.343296
102.89742 27.086843 0.351365
102.89633 27.082121 1.785901
102.859684 26.913678 1.459185
102.922225 26.984037 0.91368
102.917187 26.967128 1.121228
102.860986 27.119078 1.946655
102.902824 27.018524 1.810142
102.890324 27.015033 2.347901
103.032072 27.307955 1.144403
103.028955 27.303874 2.155304
102.993376 26.979189 2.054261
102.998885 26.815074 1.425119
102.957593 26.79434 1.326593
102.925887 26.930859 1.589185
102.919832 26.931748 1.038219
102.947266 26.945778 1.869169
102.879004 27.135337 1.749776
102.89659 27.128941 1.006578
103.099023 26.572355 1.700012
102.800903 27.013877 1.479592
102.897632 26.969466 2.616192
102.832699 26.99861 1.659369
102.981396 26.837933 2.506122
102.847949 27.110622 1.663886
102.853068 27.119419 1.420009
102.860075 27.116925 1.17887
102.978206 26.936092 1.822642
102.949447 26.928076 1.566309
102.813794 26.987233 1.007093
102.826652 26.824036 0.87876
102.883472 27.123267 1.475349
102.756974 26.856761 0.890444
102.817887 27.029352 1.523939
102.868392 27.111757 0.184166
102.885539 26.996208 1.12208
102.871606 26.982214 1.941787
103.014836 26.418317 1.823769
103.016007 26.420363 1.572935
102.927319 26.988947 1.863035
102.922021 26.982385 1.270345
102.932829 26.843858 1.353531
102.951416 26.845378 1.044513
102.950374 26.840061 1.078733
102.914315 26.82737 1.263057
102.996875 26.845058 2.086047
102.950757 26.845329 1.27899
102.94952 26.843683 0.763489
103.194027 27.186957 1.539588
102.954948 26.847447 1.530099
102.951351 26.835433 0.120905
102.926546 26.866252 1.891456
102.756543 26.916307 1.522367
102.760189 26.915141 1.726968
102.760311 26.913259 1.350762
102.988062 27.092242 1.227535
102.88064 26.821779 1.553166
102.934082 26.98834 1.232371
102.930729 26.987321 1.239292
103.01884 26.45106 1.819907
103.023682 26.459035 1.248333
103.016496 26.448971 1.409925
102.937044 26.984147 1.393299
102.930599 26.985748 1.81979
102.947087 27.002207 2.424073
102.958089 27.035671 1.124387
102.937858 27.025942 1.40683
102.914966 27.032033 1.547328
102.932072 26.98066 0.348243
102.943799 26.989927 2.381276
102.923747 26.981875 1.010326
103.007756 26.698553 1.14451
103.024715 26.700364 2.147098
102.734277 27.012673 0.969238
102.738403 27.009884 1.235149
102.769051 27.007109 2.023161
102.793066 27.020805 0.725532
102.79384 27.020011 0.877135
102.775789 27.018909 1.702587
102.88339 27.019082 1.799271
103.173625 27.188792 1.489145
103.169002 27.183057 1.615353
102.793392 27.031573 1.808448
102.87203 26.843172 1.177193
103.117806 26.929209 1.264801
103.026457 26.88311 1.468665
103.075545 27.064502 1.327634
102.767196 26.873877 1.110597
103.097445 26.995256 1.286273
102.95188 26.873442 1.970703
102.813021 26.937046 1.409518
102.809701 26.938743 1.612574
102.944181 26.873665 1.324671
102.846248 26.999872 1.636059
102.789762 27.022021 1.711216
102.767358 27.028603 1.27792
102.758553 27.029814 1.364219
102.733968 27.134804 1.161851
102.922843 26.985883 0.577093
102.924382 26.984599 1.234182
102.905501 26.970723 0.125722
102.925635 26.988733 0.992707
102.883553 26.959416 1.151064
102.905762 26.910935 1.839291
102.920068 26.998669 1.915406
102.792643 27.021151 0.768149
102.792863 27.022351 0.688011
102.799821 27.01852 1.399397
102.84471 27.002633 1.675413
102.844328 26.999479 1.273387
102.846159 26.999815 1.242766
102.82596 26.984015 0.958186
102.884733 27.118856 0.926955
102.899797 26.966919 1.761716
102.774707 27.013377 0.744193
102.731519 27.004289 1.347982
102.737345 27.066864 1.672378
102.799992 27.008038 1.219232
102.916154 26.95177 0.818657
102.851864 26.997083 1.338151
102.779338 27.04989 1.841011
102.779956 27.050692 1.042777
102.878442 26.823031 1.626889
102.919328 26.951086 1.316982
102.906462 26.954205 1.327298
102.907332 26.942385 1.668822
102.779517 27.219602 1.414795
102.855322 27.108929 0.949815
102.862703 27.091661 1.019609
102.876514 27.093703 0.834702
102.871444 27.233327 2.37103
102.74327 27.083921 1.405985
102.84117 27.104521 1.177686
102.843359 27.114978 1.912788
102.857088 27.118518 1.215815
102.870736 27.113143 1.08266
102.87474 27.076506 1.602543
102.859253 27.083158 1.09714
103.018408 26.697546 1.425269
102.921965 26.989439 1.246854
102.920931 26.984149 1.042606
102.911743 26.904118 1.185697
102.919352 26.925 1.265764
102.968514 26.785463 1.981168
102.77168 26.874115 1.52884
102.950122 26.871816 1.078994
102.946191 26.868553 1.168081
102.943343 26.868864 1.786886
102.808333 26.937663 0.131362
102.813062 26.935437 1.587626
102.946379 26.873759 1.55557
102.944222 26.87301 1.367494
102.892334 26.869999 1.972395
102.945614 26.876398 0.702018
103.171362 27.175458 1.200578
103.165853 27.171228 1.496492
102.959473 26.863843 1.463565
102.827311 26.973364 1.404729
102.813981 26.954038 1.43269
102.780184 27.016156 0.904817
102.837915 26.974762 1.217674
103.013534 26.385478 1.289385
103.023283 26.396116 1.032959
103.172852 27.159141 1.251114
102.769604 27.117078 1.808227
103.179671 26.937292 2.250583
103.195662 27.176471 1.041092
102.878711 26.971745 1.939476
102.886385 26.667299 1.902369
102.833537 27.020898 1.270213
102.811515 27.04576 1.55775
102.856551 26.990643 2.043457
102.744295 26.760059 1.131761
102.909684 27.004108 1.980231
102.923161 26.968101 1.594242
102.902132 26.96212 0.92015
103.0243 26.606217 1.634532
103.023755 26.611869 1.886226
103.002189 26.585622 1.789709
102.917399 27.11001 1.330827
102.915251 26.903707 1.380134
102.915275 26.897034 1.078333
102.922632 26.88361 2.10969
102.935441 26.93785 1.169904
102.919759 26.946399 1.753669
103.27238 26.783264 1.506962
102.769824 27.011723 1.814349
102.947388 27.003849 1.456786
102.930949 26.985638 0.862293
102.890576 26.951986 1.553624
102.913883 26.941951 2.072067
102.910783 26.957959 1.27189
102.766154 27.084153 1.652196
103.21132 27.087425 0.224243
103.216911 27.08623 1.789888
103.211995 27.058177 1.431795
102.919198 26.970528 1.264504
102.930485 26.983105 1.221579
102.925838 26.982961 1.229216
102.816317 27.015782 1.046406
103.023885 26.877883 1.903567
102.882658 26.992757 1.731461
102.926758 26.971834 1.324486
102.741064 27.044503 0.442679
103.023494 26.637455 1.408976
102.843742 27.016823 3.738242
102.850814 26.997467 1.911383
102.885514 27.073556 1.273922
102.858057 27.062946 0.871583
102.893709 27.190527 1.452546
102.686141 26.951426 2.164392
103.180387 27.188757 1.986907
103.29152 26.812099 1.428784
103.181445 27.19221 0.902506
103.17631 27.182792 1.827009
103.028507 27.290387 0.027401
103.031893 27.287634 2.50482
102.927539 26.953796 0.888407
102.927116 26.944556 1.197177
102.805469 26.921883 1.714836
102.864738 27.113635 1.669033
102.88632 27.296346 1.661198
102.910181 27.00262 1.928812
102.945288 27.016754 2.1452
102.615283 26.80579 0.808598
102.895687 27.383531 1.282292
102.940771 26.811401 1.806535
102.862264 27.235748 1.690279
103.018644 26.867867 1.432185
103.17439 27.181268 1.879115
103.160636 27.179574 1.738061
103.171859 27.177757 1.106958
103.141105 27.114939 0.975482
103.112362 27.108415 1.5178
102.865902 26.981986 1.170176
102.910921 27.031824 1.47458
102.891276 27.016231 1.546377
102.88667 26.970447 1.020299
102.731641 27.065955 0.801024
102.733545 27.068628 2.175639
102.863534 27.086383 1.357503
102.896737 26.924634 0.195735
102.924072 26.94716 1.235001
102.911857 26.868585 1.7209
102.926359 26.92167 1.050751
102.769043 27.030593 1.450784
102.768644 27.022872 1.18782
102.750854 26.989768 1.761861
102.747201 26.965527 1.450645
103.059774 26.82066 2.191423
102.998006 26.892883 1.277196
102.912134 26.932723 1.426394
102.953906 26.918105 1.872061
103.107585 26.904744 1.424477
103.166553 26.677507 1.838561
102.867163 26.844977 1.702138
103.047941 26.79467 1.518802
102.928109 26.987897 0.956853
102.764209 26.874276 2.281933
102.910962 26.618982 1.847866
102.771004 26.873977 1.684855
102.87819 26.82267 1.291646
102.771004 26.873977 1.69737
102.940365 26.813877 2.060538
102.930469 26.977627 1.077037
102.923405 26.978583 1.823847
102.922852 26.971761 1.649786
102.886873 27.120313 1.469387
102.89528 26.96792 1.965554
102.879386 26.822321 1.905639
102.885311 27.121755 1.167438
103.08064 27.061578 1.963398
102.87203 26.843172 1.285844
102.773975 26.873899 2.297577
103.064844 26.846493 1.656817
103.078719 27.061698 1.44796
102.939063 26.979055 0.718613
102.929395 26.983494 0.619011
102.920988 26.89871 1.067576
102.98457 26.472717 0.858304
103.171932 27.128398 1.911383
103.163835 27.126066 1.559384
103.013175 26.846324 1.395578
103.091195 26.521582 1.988958
103.090535 26.53151 2.1249
103.065015 26.543919 1.952364
103.088395 26.525425 1.459111
103.093856 26.523425 1.568775
103.090682 26.532353 1.524207
103.093555 26.52228 1.110302
103.089128 26.531413 1.472265
102.792822 26.607833 1.601883
103.094336 26.52368 1.873471
103.090861 26.53067 2.660514
103.091219 26.527159 0.997626
103.068693 26.543435 0.853874
103.097607 26.529655 2.137088
103.087508 26.525981 0.881636
102.740299 27.068075 1.562668
102.720418 27.017621 1.239407
102.775334 26.895707 1.41837
102.972469 27.021962 1.983444
102.745809 27.071271 1.059932
102.765104 27.079858 1.542324
103.091919 26.518424 1.112821
103.062476 26.515259 1.573365
103.089551 26.530721 0.803663
102.919629 27.052938 1.974571
102.799894 27.001056 1.922509
102.802629 27.000675 0.969462
102.797786 26.997628 1.548986
102.783032 26.994729 2.093722
102.992179 26.870583 1.787197
102.863704 27.118974 0.87358
102.872209 27.116608 2.254557
102.939958 26.814689 0.465363
102.913249 27.333142 1.6409
102.922453 26.904814 1.766864
103.076196 27.0039 2.164622
102.804744 27.114842 1.653289
102.854818 27.135976 1.466614
102.872013 27.132306 0.825949
102.86993 27.131893 1.453562
102.821785 26.997538 1.856987
102.875985 27.127002 1.593286
102.872729 27.107469 0.978114
102.826465 27.068195 1.513158
102.840308 26.99401 2.141791
102.840731 26.931464 1.395694
102.940283 26.812594 1.561477
102.882284 27.098228 2.66573
102.911222 26.619301 1.898332
103.076847 26.864311 1.554868
103.14117 27.114268 1.301729
103.178263 27.182788 0.457487
102.735604 27.033787 1.292513
102.742342 27.065535 1.560592
102.943888 26.951866 1.160776
102.911011 26.898973 1.325504
102.679842 26.948576 1.905717
102.887345 27.186424 1.790357
102.767611 26.873244 2.138281
102.939958 26.814689 2.419161
103.052083 26.832277 1.733432
102.919515 27.029484 1.844045
102.670817 27.102983 0.952196
102.676628 27.091347 1.163945
103.119295 27.127631 2.254327
103.154427 27.118127 1.190749
103.141048 27.114964 1.039388
103.098324 27.130096 1.548007
103.14974 27.117539 0.867875
103.138485 27.113033 0.461917
102.997404 26.83916 1.502109
103.048706 27.201304 1.209079
103.225122 27.04068 2.084807
102.77793 27.022772 0.698062
102.772811 27.016339 1.013118
102.773584 27.020479 1.544836
102.762785 27.009133 1.205174
102.872363 27.021375 1.484075
102.91783 26.939653 0.738123
102.904525 26.941768 0.797589
102.934847 26.938291 0.69866
102.768913 27.073875 1.040592
103.227409 27.066998 2.320321
102.9809 26.821812 0.399021
102.977653 26.820701 1.135948
102.974365 26.822666 0.794875
102.980265 26.824306 2.061108
102.977507 26.816172 1.159588
102.947404 26.876027 0.943843
102.931274 27.024111 2.259153
102.897843 27.003703 1.142579
102.984229 26.730105 1.424537
103.001888 26.721596 1.219896
102.892383 26.903908 1.229652
102.850342 26.997611 1.074036
102.961418 26.839665 1.679073
102.93195 26.937518 0.817075
102.916439 26.938765 0.241495
102.908496 26.941628 1.085651
103.164128 26.67879 2.101762
103.075415 27.065283 2.664096
103.186328 26.901613 2.682616
102.866048 27.016313 1.509185
102.862313 27.013062 0.854152
103.017757 26.847654 1.410098
102.897119 26.859198 1.905334
102.852157 27.000155 1.193665
102.870426 26.899247 1.642142
103.15918 26.788601 1.644842
102.813664 27.100395 1.190862
102.928394 26.681883 1.864217
102.76416 26.874154 0.838707
102.850016 27.19138 1.147137
102.862638 27.183244 1.091794
102.86298 27.187882 1.989179
102.849219 27.019834 1.159937
102.837183 27.011737 1.551349
102.942326 26.998659 0.7159
102.94305 26.992554 1.201998
102.910661 26.988855 1.867918
102.859163 27.101123 0.761062
102.868994 26.836525 1.746778
102.935034 26.974404 1.341467
102.936369 26.979118 1.324679
102.932015 26.962443 1.629787
102.939469 26.86814 1.942326
102.934082 26.876282 0.750337
103.05201 26.665674 1.642764
102.899097 27.240171 2.113819
102.855835 27.130235 -0.001329
102.836426 27.133228 0.763265
103.148128 27.109603 1.031437
102.884831 27.103581 1.052218
103.200659 27.216805 1.103414
102.994434 26.435681 1.613952
102.993734 26.44266 0.858983
102.863436 27.107898 0.79421
102.971012 26.877529 1.558196
102.950464 26.91367 1.03029
102.892692 26.982652 1.194916
102.759326 27.002063 1.508467
102.792318 27.000779 0.757788
102.888314 27.156797 0.885616
102.852922 27.119196 0.949629
102.923193 27.231468 1.512792
102.852311 27.11684 0.698473
102.915918 26.861709 1.786805
102.932935 26.877844 0.898968
102.940145 27.033014 1.709533
102.94056 26.812201 1.077091
102.783936 27.004944 0.944219
102.787712 27.000521 1.368643
102.782633 27.001095 0.733943
102.992505 26.429582 1.328479
102.886035 27.071075 1.429834
102.884473 27.073069 0.701391
102.790902 27.108545 1.811725
102.852018 27.007591 1.71944
103.171859 27.18268 1.200222
103.121533 27.179441 1.4208
102.756519 27.07876 1.650381
102.882902 27.122746 1.792345
102.886613 26.881659 1.529234
102.971305 27.009947 1.827286
102.730306 27.059108 1.908306
102.717139 26.977232 1.7038
102.91958 26.962321 1.77449
102.882894 26.993229 1.846188
102.87089 27.330963 1.482496
102.856047 27.117653 2.133468
102.841309 27.123724 0.572193
103.010913 27.026453 2.110246
102.912948 26.962587 1.292302
102.927523 26.985295 1.376033
102.918921 26.929506 1.711735
102.960457 27.002842 2.014346
102.920605 26.896316 1.716392
102.909595 26.904252 1.471923
102.893107 26.884161 1.701564
102.932381 27.058297 1.196279
102.908211 27.241345 1.977826
102.83457 27.129323 0.983536
102.848844 27.127761 1.09293
102.980518 26.812439 1.703356
102.97172 26.831716 0.305855
102.974064 26.82536 1.245257
102.97972 26.830131 1.895444
103.201457 27.147697 0.706432
103.089535 27.040601 1.279407
103.175985 27.007992 1.302736
102.89266 27.142834 0.701846
102.889608 27.141921 1.360977
102.88016 27.141789 1.729341
102.781266 27.212317 1.727052
102.734391 27.0442 1.766392
103.082096 27.155166 0.932238
103.095231 27.142446 1.273194
102.940007 26.811646 1.820058
102.848446 27.023189 0.833513
102.838135 27.016298 0.659782
102.813387 26.981797 2.576587
102.855233 27.056618 0.721072
102.95485 26.999701 1.980613
102.821191 26.88643 1.577395
103.229102 26.83134 1.21429
102.940096 26.813936 1.752561
102.88064 26.821779 2.169535
102.866414 27.134045 0.896004
102.868042 27.115283 1.095008
103.193498 27.126133 1.222055
103.174976 27.12856 0.731318
103.163192 27.123903 1.605184
102.928125 26.925747 1.381834
102.792676 27.0012 1.305726
102.921151 26.918746 1.344631
102.89292 26.908427 1.60894
102.867017 27.043949 0.095126
103.02242 26.874703 1.650265
102.932593 26.914138 1.474799
102.924105 26.918274 0.61231
102.910962 26.912333 1.298265
102.951782 26.903729 1.629149
102.879256 27.123966 0.415647
102.886084 27.124245 1.482888
102.877897 27.124847 1.191824
102.885783 26.964596 1.397606
102.909977 26.704456 1.065874
102.812492 27.015383 1.945377
103.018799 26.641329 0.559449
102.863306 27.134993 2.641414
102.861214 27.14023 0.543002
102.866105 27.137612 0.654107
102.868742 27.09671 1.132722
102.865479 27.092898 1.20768
103.017497 26.639809 -0.60282
102.949105 27.072734 2.249682
103.020646 26.637351 0.707118
103.019124 26.62678 1.898934
103.019572 26.640472 1.075311
102.858602 27.118109 1.080854
102.857373 27.118195 1.701223
103.019051 26.638365 2.017569
102.937272 26.933913 1.801131
102.932113 26.932359 1.695234
102.929248 26.912925 1.904813
102.874552 27.130973 0.845107
102.865177 27.121065 2.292121
102.866903 27.115985 0.465882
102.761646 26.872384 1.479737
102.839347 27.015403 0.42815
103.022021 26.637358 1.454536
103.019767 26.640519 0.293827
102.852116 26.793201 1.56127
102.62041 26.779873 1.529904
102.875203 27.129085 0.453554
102.870858 27.125836 1.063438
102.879972 27.125067 2.649151
102.884106 27.12608 1.313138
102.865186 27.12005 1.503303
102.896639 26.961568 1.450799
102.879329 27.12643 1.160506
102.877645 27.124721 1.487689
102.865462 27.119427 1.687211
102.937866 26.887177 0.929794
102.937834 26.884007 0.653591
102.930575 26.879712 1.649256
102.775602 27.234619 1.426855
102.776188 27.232888 0.815368
102.92675 26.888926 1.171209
102.930037 26.886786 0.33024
102.926326 26.88587 2.010815
102.933 26.884483 1.678626
102.864535 26.935596 1.506638
102.829777 26.757273 1.18186
102.940413 26.813025 1.638687
102.774162 27.23409 0.4532
102.777873 27.230758 1.434531
102.7618 27.217381 1.949228
102.971322 27.009912 1.645585
102.874984 26.991604 2.068919
102.897526 26.959241 2.058737
102.979215 27.152734 2.199552
102.949276 26.815574 1.395335
102.996875 26.845058 1.564515
102.912907 26.800142 1.647293
102.773372 27.237392 0.344186
102.774146 27.233577 1.664283
102.95214 26.851221 0.702287
102.898177 26.987465 1.161667
102.904118 26.986778 1.816024
102.872493 26.947203 1.363945
102.78584 26.982229 0.575982
102.724105 26.966034 0.325862
102.857983 27.190476 1.533283
103.044434 26.662581 0.786859
103.173348 27.099795 0.972082
102.953548 26.634979 1.993275
102.767131 27.020852 2.322844
102.760815 27.014294 0.660685
102.74458 26.995642 1.927406
102.776807 27.233374 0.69115
102.777091 27.231846 1.330726
102.789006 27.222799 1.572487
102.77701 27.23432 1.625507
102.780143 27.231449 1.419831
102.764421 27.21992 1.713304
102.777669 27.230534 1.777448
102.778451 27.232458 1.045387
102.774162 27.234757 0.691461
102.655501 27.068243 1.281671
102.647412 27.067076 1.30834
102.658162 27.066083 1.193094
102.76783 27.030042 1.418241
102.728768 27.022788 1.598233
102.778988 27.231494 1.359192
102.7771 27.234088 1.327852
102.782886 27.228005 2.471008
102.774927 27.23362 0.658614
102.776034 27.233232 0.112819
102.776961 27.232102 0.646413
102.773657 27.240228 1.649964
102.883993 27.135376 0.680649
102.823299 27.149243 1.085026
102.986336 26.855833 2.027371
102.959709 26.8672 0.198064
102.957576 26.865871 0.725332
102.664583 27.068337 -0.016007
102.654728 27.072526 2.465922
102.663672 27.067586 1.038728
102.897087 26.969214 1.149845
102.778849 27.231927 0.86025
102.868066 27.294767 2.124383
102.790251 27.321096 2.187713
102.768612 27.236898 1.429086
102.778385 27.233006 1.563005
102.773299 27.23513 0.553157
102.775749 27.232243 0.884098
102.766862 27.22156 2.358528
102.756787 27.251994 0.685387
102.773934 27.233791 1.665655
102.775936 27.231156 1.733407
102.780208 27.233378 1.835251
102.781942 27.230137 1.11303
102.733984 27.231887 1.977272
102.776465 27.232078 1.267222
102.766024 27.234491 0.737482
102.773006 27.234066 -0.336216
102.778271 27.233551 1.21415
102.779411 27.232347 1.50735
102.940218 26.83019 2.268222
103.020988 26.954934 2.215745
102.777075 27.231938 1.080736
102.775887 27.227757 1.438348
102.786711 27.153463 1.636309
102.784473 26.955202 1.956599
102.835295 26.845111 0.80207
102.908105 26.986121 1.932267
102.968856 26.889606 1.326519
102.725407 27.023873 1.460438
102.851969 26.894503 1.534105
103.075553 27.064482 0.976134
102.830575 26.988796 1.350374
102.715169 27.021145 2.060852
102.711947 27.017291 1.810788
102.775781 27.234554 1.114671
102.77985 27.230269 1.085604
102.679435 27.002869 2.396118
103.015234 26.736735 1.337092
103.000106 26.769651 1.53799
103.001766 26.760811 0.784746
102.899463 26.746173 2.101522
102.860457 26.923936 1.528383
103.015275 26.870726 1.719511
102.7934 27.022929 1.277186
102.788509 27.025167 1.574777
103.184587 27.181799 1.386348
103.180151 27.182764 0.642207
102.804321 27.132233 1.228898
103.139526 27.132815 1.61389
103.174837 27.12808 1.364079
103.159961 27.123619 0.744154
103.008626 26.893437 1.100976
102.940934 26.930861 0.249901
102.917261 26.909837 1.530704
103.184269 27.054889 1.782424
102.741382 27.109275 1.572896
102.745874 27.097174 1.168219
102.755802 27.085354 1.622619
102.940967 26.883742 1.960915
102.95887 26.866492 1.180629
102.774308 27.234939 2.070227
102.775936 27.232196 0.777698
102.772909 27.226029 1.719454
102.818294 27.048749 0.880912
102.807967 27.039461 0.659251
102.806868 27.037728 1.087653
102.804639 27.018378 1.105272
102.802913 27.016823 1.625179
102.851815 27.13429 1.464002
102.864876 27.135366 1.331719
102.865031 27.137061 1.375126
102.894352 27.114868 1.855689
102.889062 27.186235 1.801957
102.777352 26.967474 1.091306
102.847681 27.115108 1.536137
102.988363 27.092112 2.143538
102.857943 27.095339 2.621057
102.889282 27.091146 0.654227
102.88776 26.803341 2.195493
102.979362 27.014724 1.470496
102.947632 26.841258 1.143899
102.938257 26.837201 2.743617
102.95109 26.848077 1.437046
102.801188 27.057774 1.22014
102.821965 27.054148 1.095777
102.81897 27.069548 1.326495
102.716528 26.764358 2.748095
102.854346 27.032774 1.19322
102.848332 27.031913 1.082658
102.793774 26.931506 2.009589
102.920492 27.23116 1.944271
103.268034 26.807379 2.411443
102.761206 27.00426 0.988018
102.959058 26.866384 1.768093
102.969897 26.850399 1.113711
102.976929 27.118538 1.345909
102.767537 26.873336 2.08074
102.901066 26.737518 1.302696
102.967017 26.891836 1.54674
102.920614 26.890533 0.659251
102.797868 26.951353 1.528148
103.007959 26.594554 1.463364
103.012866 26.603257 1.901349
103.006991 26.595752 2.508879
103.019564 26.592765 1.307999
103.030493 26.616154 1.247685
103.014583 26.598171 1.387143
102.802759 26.949559 1.803247
102.952816 26.8691 1.020584
102.801603 26.943921 1.481318
102.954264 26.872638 1.772258
102.954028 26.864693 1.065542
102.966569 26.839537 1.2494
102.805973 26.945213 1.089298
102.957422 26.867692 1.422436
102.957568 26.874166 0.965466
102.960384 26.855662 1.835284
102.803361 26.948696 1.21668
102.822298 26.992851 2.092252
102.824259 26.990749 0.779523
102.805273 26.989451 0.798295
102.766789 26.874768 0.977657
102.803133 26.95708 2.024255
102.90555 26.720085 2.170546
102.81888 27.147638 1.291299
102.941536 26.827669 1.923775
102.865397 27.141919 1.727383
102.870223 27.140483 0.798483
102.848022 27.143522 1.801543
102.928931 26.997257 1.962675
102.893514 27.143188 0.805604
102.883032 27.145009 0.552257
102.889022 27.142533 0.863188
102.846826 27.161772 1.872686
102.865446 27.134403 1.10149
102.869857 27.126459 1.262853
102.849634 27.136023 1.684448
102.85446 27.032267 1.941761
102.850684 27.02254 1.113366
102.837321 27.01298 1.230424
102.850806 27.020091 1.477046
102.839779 27.01401 1.485614
102.962174 26.779793 1.893607
102.771354 26.873883 2.474772
102.912598 27.114832 1.891215
102.954541 26.866134 1.065542
102.965462 26.865855 1.816622
102.962402 26.868685 1.060137
102.963875 26.861534 0.91181
102.956746 26.869124 1.678288
102.933431 26.905945 0.609118
102.937817 26.838397 1.672244
102.926408 26.887724 1.302968
102.859709 27.14814 1.437019
102.862769 27.144566 0.699138
102.878288 26.994344 1.21876
102.846265 26.998098 1.737024
102.995581 26.746834 1.610511
102.997404 26.738226 1.680211
103.006592 26.737864 1.045592
102.804354 26.929818 1.715994
102.997746 26.784125 1.117288
102.99681 26.783431 1.657122
102.994287 26.792527 1.507343
102.762012 27.018774 1.959572
102.764364 27.022178 1.10697
102.756177 27.008494 1.854437
102.803662 26.947917 0.582117
102.944344 26.88715 1.18843
102.944963 26.878206 1.174412
102.821777 26.989984 1.36032
102.826538 26.991866 1.952678
102.81534 26.984906 1.878359
102.77902 26.996598 1.506883
102.692114 27.015082 1.620666
103.015299 26.598265 0.608462
103.014111 26.600981 1.097004
102.847323 27.132157 1.373476
102.835221 27.13325 0.655434
102.81263 26.955599 1.766714
103.074992 27.152476 1.530031
103.076107 27.146867 0.707611
102.777327 27.230251 1.824322
102.774292 27.234747 2.635555
102.864616 27.143968 1.372804
102.85944 27.14024 1.642595
102.870557 27.141323 1.016875
102.774683 27.235763 1.777408
102.776302 27.231932 1.52348
102.765446 27.224316 1.931837
102.910335 26.899402 1.860336
102.92994 26.974943 0.658997
102.769531 26.999152 0.513615
102.777865 27.233132 1.65607
102.777661 27.230892 1.404739
102.776392 27.230135 1.4994
102.7764 27.232454 0.300125
102.876375 27.126552 0.749555
102.885531 27.123928 0.994585
103.227238 26.852108 1.551753
102.73584 27.253312 2.2103
102.763558 27.240794 1.540456
102.774007 27.231323 0.966339
102.857381 27.027201 1.516178
102.836784 27.013367 1.489183
103.17474 27.070229 0.916224
103.180477 27.059916 1.09304
103.187524 27.056596 1.496986
102.802222 27.163163 1.925214
102.802425 27.152618 0.699004
102.958423 26.838847 1.282751
102.958577 26.863513 1.064546
102.800057 27.143561 0.760631
102.844881 27.135695 1.349037
102.868408 27.131163 0.72397
102.869857 27.107538 1.605898
102.862858 27.139419 1.507883
102.866113 27.138047 1.267906
102.508626 26.865127 2.370611
102.774837 27.237244 1.371505
102.783659 27.230697 2.054123
102.773674 27.241211 2.294462
102.90472 27.038615 1.574033
102.865487 27.136336 1.906233
102.860002 27.122215 1.814444
102.868726 27.133173 1.348348
102.867334 27.133219 1.127993
102.868359 27.132975 1.953381
102.873299 26.84232 1.323546
102.868424 27.137579 1.12314
102.87006 27.138955 1.199804
102.863289 27.12981 1.809125
102.883976 27.095896 1.535833
102.794613 27.07796 1.892478
102.852572 27.083244 2.403422
102.84541 27.079848 1.440514
102.849618 27.060107 1.844708
102.868099 27.131445 1.438151
102.869816 27.133309 2.411509
102.853833 27.127348 1.746274
102.959969 26.864425 2.053899
102.960482 26.86153 1.816141
102.911239 26.874286 0.710502
102.959668 26.857125 1.708329
102.957707 26.861619 1.796778
102.800049 26.948846 1.505453
102.957104 26.861623 1.388562
102.956885 26.859715 1.784495
102.959937 26.863184 1.168074
102.799951 26.947821 1.401317
102.956413 26.8696 0.871903
103.014404 26.964726 1.582417
102.796753 26.950201 1.839201
102.806104 26.941815 2.109272
102.938175 26.935655 1.187329
102.811043 26.940444 1.299953
102.799422 26.945567 2.901558
102.96263 27.297953 1.65596
103.046305 26.83135 1.451976
102.967008 26.858742 3.009136
102.996037 26.840997 1.461499
102.797518 26.944816 1.208472
102.955664 26.867513 1.237691
102.805957 26.938306 2.111426
102.788395 26.964943 1.512073
102.95826 26.86259 1.193955
102.966504 26.854266 1.166533
102.958366 26.867244 1.929219
102.799951 26.950183 1.318109
102.798511 26.9473 0.904117
102.80354 26.938898 1.14286
102.958162 26.861898 0.846773
102.961857 26.863285 1.766132
102.95647 26.857591 0.900298
102.960881 26.866241 1.282446
102.973348 26.853984 1.525094
102.930046 26.872001 1.369517
102.749064 27.016846 2.247956
102.961434 26.859932 2.900956
102.959644 26.860549 1.250285
102.964494 26.856449 1.877111
102.957642 26.865041 1.166085
102.962362 26.8606 1.664372
102.959318 26.859338 3.011598
102.801318 26.944094 1.18295
102.976839 26.860828 1.987897
102.979468 26.863739 1.403374
102.960124 26.859247 1.314869
102.961548 26.856787 0.97443
102.958301 26.86543 0.532694
102.958602 26.861609 1.307812
102.800651 26.946788 1.25387
102.799463 26.942428 1.339112
102.958805 26.866056 1.132535
102.958813 26.859656 1.487274
102.960441 26.859155 0.990756
102.925822 26.871676 1.377338
102.961849 26.850102 1.158542
102.960327 26.859991 1.222385
102.960229 26.860876 2.15128
102.948372 26.829171 1.570656
102.947542 26.848604 2.097101
102.960889 26.857733 1.866728
102.960767 26.859279 1.111684
102.872575 26.844611 1.955411
102.959383 26.856921 1.528593
102.963005 26.860968 1.314702
102.959538 26.860915 1.299925
102.954411 26.863798 1.011395
102.805282 26.942839 0.995475
102.954663 26.85295 2.471998
102.96958 26.859735 0.970242
102.96189 26.860527 0.858066
102.966927 26.862327 1.547935
102.967749 26.862746 0.961365
102.836174 26.997001 1.988219
102.960653 26.859285 1.580017
102.959302 26.861206 1.173831
102.959432 26.834363 1.977817
102.956966 26.862852 1.19171
102.961605 26.818018 1.658662
102.969718 26.837516 2.037691
102.742497 27.074139 1.647422
102.747624 27.066976 1.940586
102.727979 27.059005 1.857959
102.964006 26.862803 1.518571
102.896167 27.014642 2.209682
102.957674 26.859847 1.357958
102.960832 26.859141 1.833849
103.005534 26.816398 2.175888
102.967529 26.867808 1.017993
102.968091 26.842698 1.512412
102.95743 26.859526 1.115803
102.963713 26.848311 1.309429
102.744417 27.071672 1.486906
102.953833 26.88387 1.545152
102.959945 26.860836 1.487763
102.961914 26.861552 0.961912
102.964453 26.860793 1.120134
102.961654 26.85733 2.382368
102.960514 26.858842 2.133941
102.983016 26.854622 0.701806
102.962036 26.859314 1.167254
102.955225 26.863792 1.121427
102.796924 26.944043 2.197036
102.969181 26.858842 1.84674
102.964722 26.863145 0.945621
102.95599 26.847443 1.160428
102.959757 26.858734 1.860079
102.959277 26.85896 1.868988
102.795752 26.95439 2.133941
102.797933 26.950468 0.977755
102.974333 26.821989 1.570899
102.958521 26.858944 1.606186
102.960213 26.862797 2.449781
102.953678 26.850751 1.699196
102.95769 26.86296 2.08447
102.954281 26.863279 0.771183
102.972209 26.866333 1.695947
102.973307 26.85788 1.573321
102.798853 26.953483 1.842498
102.955697 26.865273 1.03289
102.789836 26.958201 1.488357
102.795492 26.951855 1.257431
102.966268 26.896594 2.020997
102.966805 26.868536 1.929595
102.956112 26.86426 1.607361
102.987256 26.85494 0.951259
102.803687 26.942914 0.701826
102.973438 26.85437 1.74458
102.952254 26.866713 1.114017
102.95918 26.862488 1.944345
102.967814 26.863892 1.302355
102.946965 26.863464 1.808624
102.807031 26.940617 0.977755
102.809513 26.937368 2.256287
102.85826 26.94342 1.652826
102.959245 26.870587 1.050784
102.945915 26.86756 1.381526
102.961133 26.864685 1.538934
102.955436 26.86922 2.143306
102.949552 26.868986 1.1187
102.913257 27.08125 1.802306
102.951611 26.872463 0.958515
102.947941 26.862974 2.09532
102.949666 26.867013 0.701546
102.964095 26.866494 0.38066
102.966854 26.864364 2.262448
102.95717 26.855367 2.557395
102.960343 26.857202 1.713621
102.976139 26.854441 1.055733
102.789884 26.950492 1.287966
102.805851 26.938599 1.664521
102.766772 26.873297 2.01437
102.959676 27.016689 1.823579
102.956478 26.854258 1.581954
102.959229 26.854228 1.734097
102.954907 26.842236 1.207345
102.96224 26.858476 1.62345
102.960832 26.862046 1.437059
103.001587 26.831938 1.504066
102.962817 26.853564 1.434252
102.787345 26.952358 1.075015
103.001465 26.856982 1.596181
102.962362 26.855202 0.743111
102.756828 26.634694 1.341253
102.964445 26.859214 1.645282
102.961133 26.858472 0.822042
102.955135 26.85533 1.607829
102.965446 26.865017 1.397899
102.970532 26.855676 0.905706
102.969474 26.850421 1.756049
102.96495 26.854224 1.436644
102.946777 26.845174 1.540357
102.961353 26.856714 1.456639
102.959424 26.855617 0.959226
102.957739 26.862439 1.905093
102.976107 26.864335 1.226021
102.96814 26.863151 1.058476
102.967179 26.861458 1.283914
102.861239 27.133398 0.886887
102.872453 27.129224 2.278372
102.968034 26.857495 1.126334
102.963647 26.850553 1.697004
102.946859 26.854907 1.977453
102.954232 26.85541 1.060997
102.958252 26.854547 1.603391
102.961108 26.856757 1.35822
102.955387 26.845713 2.087939
102.962223 26.857493 2.184966
102.959831 26.856606 1.546583
102.952108 26.856606 1.235243
102.729964 26.975503 0.816559
102.957227 26.868172 1.739965
102.959326 26.852535 1.445978
102.957227 26.851959 2.253058
102.96757 26.850633 1.671048
102.983268 26.887343 1.062542
102.895996 26.929213 1.369256
102.95446 26.869073 0.847088
102.951058 26.865552 2.610236
103.025439 27.201634 1.294301
102.867464 27.134007 1.318893
102.88658 27.119305 1.773696
102.863908 27.137512 1.634127
102.867122 27.137046 1.065089
102.867936 27.126774 1.429412
102.666496 26.918937 1.7229
102.681087 26.922129 2.553046
102.664583 26.915391 0.842274
102.964868 26.856995 1.585379
102.683024 26.915812 1.737758
102.956812 26.868616 0.999577
102.994328 26.862522 1.858411
102.78536 26.955013 0.847551
102.964591 26.864709 1.544874
102.965137 26.860673 1.164704
102.960042 26.860421 1.448929
102.9698 26.849074 0.934661
103.058447 26.868837 1.359048
102.966732 26.861778 1.134185
102.968473 26.856793 0.868373
102.966618 26.852649 1.405145
102.959155 26.839008 1.357526
102.965706 26.854964 1.663872
102.960929 26.858189 1.214807
102.960213 26.859951 0.841321
102.9545 26.846356 1.604565
102.964868 26.853066 1.707672
102.961898 26.859448 1.21461
102.962085 26.858866 1.018006
102.79126 26.945734 1.313979
102.975667 26.881527 1.60949
102.964372 26.854447 1.653774
102.962728 26.857935 0.592819
102.864364 27.131889 1.450532
102.865739 27.131535 2.167512
102.854419 27.129553 2.289572
102.866935 27.130733 1.510522
102.856079 27.130658 1.815033
102.875895 27.073637 1.302942
102.875977 27.084442 0.999668
102.880151 27.079038 1.068028
102.964909 26.857646 2.116553
102.962484 26.85568 2.294775
102.963835 26.855644 0.806525
102.964762 26.855341 0.757588
102.957145 26.841691 1.015865
102.789673 26.955853 0.859213
102.959896 26.861857 0.86854
102.997103 26.86181 1.84176
102.86237 27.132241 2.55266
102.858789 27.136438 1.92124
102.866553 27.130908 0.882345
102.973364 26.865009 1.665342
102.871891 27.129466 1.460333
102.869661 27.129539 1.085244
102.970801 26.854683 1.25123
102.960807 26.854698 1.333874
102.9604 26.854893 1.489765
102.96215 26.842883 1.725384
102.6604 26.920791 1.425051
102.962443 26.866494 1.228809
102.966056 26.857052 2.203155
102.960669 26.854777 1.035168
103.057202 26.785612 1.779081
102.963875 26.859084 1.74281
102.961117 26.862646 1.344775
102.965609 26.855155 1.999588
102.676147 26.918101 0.823425
102.995972 26.829051 2.074707
102.959546 26.860136 0.837145
102.951579 26.848763 1.369832
102.799056 26.941262 1.826081
102.96145 26.85556 0.511975
102.966911 26.850657 1.543855
102.967179 26.84965 0.831298
102.941317 26.898816 1.805341
102.997233 26.786589 2.534214
102.999691 26.780042 1.632584
102.9611 26.854547 2.17477
102.967537 26.849154 1.885605
102.959619 26.852146 1.552731
102.947371 26.875964 1.19522
102.961784 26.857442 1.805194
102.959025 26.856545 1.133544
102.978239 26.858287 2.090863
102.956706 26.82713 2.296642
102.962882 26.855725 1.198364
102.960693 26.857001 1.144232
102.95966 26.862087 1.471604
102.956087 26.853426 1.421134
102.957446 26.859878 1.350161
102.96582 26.857652 1.160317
102.963688 26.856864 1.029957
102.957292 26.853613 2.083346
102.961947 26.861959 1.357797
102.788501 26.951263 1.313238
102.974186 26.843514 1.703529
102.991748 26.792295 1.754012
103.006795 26.765082 2.182141
102.95262 26.877364 1.50406
102.963859 26.859806 0.607854
102.955713 26.863548 1.814262
102.961393 26.859707 1.247143
102.961816 26.863344 1.133839
102.963599 26.860411 2.16274
102.966081 26.859731 1.057399
102.943514 26.861151 1.484227
102.952319 26.858189 1.486375
102.961654 26.859426 0.868141
102.956787 26.859607 0.866274
102.9587 26.859715 0.995516
102.962231 26.865194 0.737176
102.960173 26.870894 1.087857
102.795337 26.958732 1.798567
102.962606 26.860917 0.627032
102.960636 26.85732 2.043371
102.969604 26.844027 1.266751
102.961377 26.85977 1.031537
102.961027 26.860368 0.865077
102.954297 26.856626 0.319853
102.958805 26.857694 1.025597
102.947892 26.842198 1.165517
102.961711 26.861859 1.119501
102.797843 26.951225 1.227712
102.966903 26.854209 0.931209
102.665837 26.920931 0.93915
102.965039 26.868431 1.293608
102.959855 26.865326 2.224702
102.996021 26.852873 1.63767
103.006356 26.849021 0.83226
102.968262 26.858193 1.193511
102.964355 26.862132 0.921068
102.95577 26.858032 1.477457
102.957308 26.858645 1.345404
102.960693 26.897333 1.627788
102.962061 26.857017 1.347357
102.941121 26.895113 1.088167
102.96001 26.857678 1.205579
102.959652 26.858409 1.037571
102.957332 26.849978 1.942088
102.956315 26.847382 1.613251
102.960628 26.851634 2.532312
102.962256 26.853481 1.294128
102.963037 26.866012 1.013515
102.801229 26.949654 2.243694
102.962646 26.858065 1.548044
102.959481 26.864069 1.523693
102.970028 26.859273 1.235396
102.959383 26.861845 3.050497
102.957764 26.862929 2.648601
102.959066 26.858034 1.693306
102.858504 27.032487 1.616277
102.953638 26.848645 1.800691
102.965397 26.875106 1.257653
102.954435 26.870734 1.87444
102.950879 26.868695 1.387442
102.81359 26.935415 1.012283
103.007422 26.856828 1.159048
102.799211 26.944151 0.515805
102.801733 26.941659 1.437413
102.953174 26.873153 1.826749
102.949373 26.876611 1.094684
102.942065 26.845988 1.027884
102.953809 26.855607 1.922438
102.956079 26.866593 1.310838
102.956812 26.861839 1.589704
102.953906 26.864085 1.492556
102.956974 26.861554 1.307301
102.94563 26.84778 2.132842
102.959253 26.862394 1.986041
102.953996 26.866516 1.390646
102.951921 26.866585 1.045007
103.00848 26.861141 1.34621
102.963078 26.865568 1.419954
102.961076 26.861542 1.092894
102.962272 26.861798 1.492812
102.959562 26.866789 2.639394
102.958195 26.86555 1.248089
102.95708 26.871788 2.373472
102.965267 26.869659 2.233799
102.955558 26.865653 1.231582
102.956502 26.864461 2.161259
102.961206 26.864602 1.701084
102.811174 26.939823 1.456793
102.967627 26.866246 1.463829
102.95446 26.869401 0.761639
102.956551 26.864579 1.146116
102.949178 26.863855 1.04049
102.950708 26.854315 1.070123
102.958708 26.855695 1.253611
102.957764 26.867955 0.721369
102.952393 26.862718 1.06703
102.96591 26.832139 0.946199
102.970549 26.868565 1.115237
102.954305 26.86169 1.375942
102.956445 26.86972 1.000795
102.949642 26.867576 1.005692
102.81027 26.939925 0.620389
102.96342 26.865603 1.10513
102.959481 26.861045 0.600056
102.849259 27.143034 1.725982
102.866732 27.131773 0.998765
102.865942 27.13229 0.810528
102.954728 26.881089 1.267036
102.816585 26.93539 1.612055
102.811051 26.94814 1.084024
102.813818 26.941823 2.68774
102.947738 26.862836 1.051912
102.913737 26.884115 1.943226
102.961532 26.860854 1.227482
102.961548 26.855979 1.121685
102.668896 27.101119 1.147443
102.808529 26.948366 0.756031
102.810986 26.943209 1.120512
102.807886 26.942285 1.360375
102.815625 26.934637 1.161291
102.812972 26.940063 1.083255
102.877588 27.085622 0.431935
102.88099 27.091699 0.892221
103.184155 27.18704 0.931209
103.181958 27.180475 1.091865
102.814412 26.93478 0.537592
102.952002 26.862638 1.270475
102.946387 26.890361 0.481201
102.974487 26.855432 0.761562
102.794735 26.948405 1.899829
102.948218 26.871584 2.15973
102.946427 26.872422 1.828179
102.947892 26.872803 1.920191
102.865544 27.013344 1.472508
102.865698 27.007058 1.034086
102.971134 26.860352 1.094354
103.194702 27.143679 1.951003
103.165462 27.118121 1.178563
102.670573 27.012386 1.351552
102.963607 26.859277 0.326672
102.95896 26.856655 1.362653
102.960042 26.858421 1.502405
103.048739 26.794777 2.057421
102.986019 26.863159 1.516496
102.972957 26.847963 1.546647
102.959603 26.856217 1.440928
102.957633 26.853654 2.662501
102.960783 26.855467 1.433752
102.798934 26.949237 1.572707
102.972282 26.861267 1.053195
102.780037 26.96013 2.282971
102.964559 26.867694 2.300396
102.960034 26.860179 1.510267
102.959391 26.860427 0.866749
102.964925 26.857487 1.631119
102.966951 26.854946 1.682738
102.959212 26.859371 2.199448
102.960628 26.870422 1.425308
102.806169 26.941945 1.711769
102.958529 26.85838 1.048971
102.958626 26.85883 1.394615
102.947852 26.84211 1.754316
102.962858 26.859454 1.083095
102.965894 26.860474 1.397209
102.958447 26.862467 1.771337
102.961206 26.861648 1.496063
103.122827 26.925781 1.88726
102.798942 26.941746 1.862266
102.974821 26.858447 2.237413
102.790771 26.951123 0.947685
102.796842 26.9462 1.079172
102.966284 26.859719 1.03273
102.951001 26.836938 1.912525
102.829565 27.145422 1.082179
102.867871 27.13407 1.097244
102.949878 26.871985 0.831196
102.95083 26.873419 1.166196
102.95061 26.873096 2.168997
102.960474 26.858368 1.892843
102.9691 26.849339 1.932323
102.960132 26.870536 2.093249
102.817367 26.935506 1.231381
102.815877 26.936772 1.421196
102.964868 26.856789 1.674986
102.954598 26.847913 1.530202
102.954557 26.874032 1.90451
102.952515 26.867078 1.775387
102.88798 26.797703 1.908717
102.965812 26.85223 1.854139
102.940934 26.828947 0.887239
102.973649 26.865519 1.071088
102.80826 26.940023 1.594656
102.885864 26.881765 1.234228
102.952677 26.866772 2.164373
102.959342 26.865342 1.393362
102.960124 26.862044 0.611006
102.961613 26.864467 2.046794
102.958765 26.857222 0.412101
102.804647 26.94197 0.701535
102.810083 26.934568 1.73406
102.792546 26.950311 1.683891
102.955949 26.854738 1.629252
102.971688 26.857487 2.201209
102.960173 26.856085 1.413652
102.958423 26.862061 1.773154
102.956535 26.868156 1.347614
102.961344 26.855341 2.184091
102.972835 26.845573 1.721589
102.959139 26.856897 1.008474
102.956055 26.859058 1.597889
102.957056 26.863546 2.13585
102.943848 26.890438 1.121541
103.004403 26.706374 2.140657
102.808293 26.94364 2.07909
102.965552 26.856374 1.060611
102.979476 26.858211 0.729699
102.779696 27.232985 1.041494
102.778719 27.23512 1.115396
102.788013 26.950482 1.956775
103.006681 26.898566 1.42595
102.962687 26.856795 1.129281
102.966707 26.852602 1.758014
103.094751 26.442377 1.081738
103.006706 26.795964 2.306989
102.907446 26.868113 1.510685
102.970443 26.854932 1.349144
102.944141 26.897158 1.621153
102.786548 26.955617 0.832622
102.9229 26.851683 1.200269
102.916016 26.836363 0.970392
102.967806 26.855245 1.914758
102.954777 26.847418 1.835529
102.78099 26.952484 1.088634
102.903963 27.042344 1.056388
102.909212 27.0446 0.95203
102.875846 27.052946 2.208391
102.911784 27.044918 2.053271
102.904622 27.04153 0.945357
102.910555 27.046655 1.742604
102.903605 27.04256 1.915478
102.91167 27.046767 2.32414
102.905575 27.043005 1.145106
102.910604 27.044885 2.201396
102.872738 27.033038 1.35983
102.909676 27.045347 1.455949
102.904248 27.042224 1.032901
102.898543 27.045799 0.991287
102.903776 27.050189 1.6304
102.906755 27.044259 2.186152
102.909245 27.046189 2.00693
102.904077 27.03984 1.240274
102.842668 26.975425 1.502355
102.907495 27.044814 2.233035
102.953353 27.034143 1.537847
102.908252 27.041144 2.088158
102.86451 26.885175 1.352418
102.794661 26.937429 1.455311
102.794189 26.934243 2.178561
102.904785 27.04327 1.259079
102.911133 27.04531 0.596998
102.908577 27.045117 2.114026
102.903475 27.043435 1.255233
102.883643 26.997876 1.734768
102.909399 27.045093 1.56777
102.905583 27.059324 1.135693
102.871891 27.036599 1.045752
103.116252 26.90085 1.206559
102.817228 26.934072 1.070137
102.950448 26.870846 1.156278
102.906364 27.054999 1.082231
102.894515 27.050161 0.928951
102.889006 27.048659 1.26202
102.899683 27.044515 1.562009
102.907576 27.074847 1.692685
102.912728 27.049849 1.078884
102.904102 27.042114 1.520521
102.90708 27.05332 1.166046
102.897729 27.05706 1.288788
102.713704 26.746558 1.127563
102.892489 27.021676 3.005269
102.906502 27.044094 1.266574
102.901034 27.04126 1.247548
102.96984 26.471765 0.955484
102.929793 27.06252 1.615482
102.897697 27.060144 1.070896
102.90341 27.044444 1.145106
102.897013 27.042074 1.17256
102.908805 27.046106 0.906205
102.904215 27.043874 1.580358
102.8771 27.034045 2.425762
102.899365 27.056663 1.081628
102.953638 26.875417 1.24373
102.812321 26.938885 0.950603
102.838696 26.920567 2.172573
102.947778 26.879077 1.601088
102.936735 26.863121 1.191037
102.950496 26.870565 1.772019
102.8132 26.939421 0.962827
102.802726 26.942731 1.137833
102.893896 27.04541 1.013567
102.900155 27.044179 1.705994
102.888696 27.06134 2.418121
102.908236 27.045705 1.13596
102.902734 27.040613 1.151703
102.891984 27.062571 1.720728
102.9521 26.873735 1.457309
102.948861 26.876432 0.993658
102.83221 26.932397 1.629805
102.809351 26.940918 1.128795
102.951807 26.87711 1.654955
102.949805 26.870955 1.246111
102.970459 26.843606 1.767629
102.812451 26.938175 0.729699
102.992985 26.842662 1.950455
102.812695 26.937065 0.975778
102.81661 26.933948 1.377545
102.818579 26.93798 1.235571
102.810083 26.939569 -0.127916
102.810319 26.941557 1.080764
102.969987 26.861104 1.189386
102.788346 26.957835 1.2718
102.965479 26.859015 1.138509
102.964787 26.85685 0.875582
102.884237 26.894759 2.366664
102.98575 26.855343 1.24551
102.912695 27.073509 1.074944
102.814535 26.936692 1.174717
102.853711 27.133754 0.900344
102.883594 27.115479 1.26657
102.849772 27.116268 1.152455
102.812809 26.936739 1.175295
102.951392 26.872137 1.208398
102.951025 26.867517 1.894192
102.956535 26.85469 1.668832
102.951294 26.875098 1.426627
102.950155 26.869051 1.365894
102.814884 26.934123 1.699864
103.009009 26.820353 1.309736
102.812769 26.937433 0.613862
102.853548 26.943658 1.152151
102.856445 26.950932 1.311884
102.937386 26.925435 1.628779
102.809025 26.942806 1.438478
102.815894 26.937054 1.954135
102.791195 27.030819 1.419997
102.947249 26.874856 1.817825
102.949536 26.873836 1.192507
102.947721 26.877602 1.417854
102.950716 26.875462 1.837723
102.948926 26.881167 0.962364
102.951839 26.878906 2.482903
102.860628 27.106669 1.859375
102.951766 26.874917 1.870331
102.818294 26.935992 1.235635
102.892415 27.350708 1.81954
103.01132 26.780587 1.313322
102.788558 26.954159 1.87966
102.995369 26.919462 1.004361
102.922746 27.27903 1.890696
102.956462 26.918459 1.016862
102.935856 26.921745 0.980072
102.929159 26.90823 1.993437
102.784391 27.16238 2.126212
102.840112 27.13835 1.325522
102.878752 27.111961 2.161216
102.767537 26.873336 2.261214
102.799854 26.944995 1.110309
102.807959 26.931313 1.333744
102.957544 26.863708 0.930062
102.933561 26.844761 1.421125
102.868018 27.013363 1.700427
102.837134 26.996102 0.867959
103.190804 27.198035 1.765928
103.183268 27.184267 1.446507
103.177539 27.184188 1.068548
102.940568 26.80178 1.57856
102.915462 26.877502 0.963485
102.941919 26.802236 1.577579
102.911841 26.875968 1.430196
102.950968 26.806468 2.325831
102.939893 26.8014 1.96425
102.954801 26.776847 2.681897
102.949984 26.839695 1.331665
102.951571 26.844165 1.736686
102.958049 26.832688 2.457896
102.79161 26.945009 2.651451
102.940568 26.802649 2.866972
102.746769 26.907139 2.087608
102.865812 27.135229 2.648405
102.931925 27.026054 2.745989
102.921151 27.003381 1.810244
102.864014 27.138778 2.017748
102.862516 27.139435 1.938518
102.969067 26.853491 1.384586
102.968172 26.850155 2.15563
102.865666 27.109566 1.325239
102.863102 27.107365 2.491673
102.834473 27.015965 1.368211
102.732471 27.00812 2.029246
102.706356 27.07667 1.428741
102.692505 27.067247 0.806696
102.685881 27.078294 2.13902
102.790983 27.01318 0.634555
102.800757 27.006099 1.612904
102.967179 26.849974 0.602087
102.851196 27.023169 1.975958
102.838672 27.014327 0.331343
102.826717 26.991502 1.358457
102.853158 27.135152 1.872334
102.837362 27.083879 1.15465
103.016707 26.598966 1.217662
102.953198 26.884709 1.02883
102.789071 26.955031 1.367239
102.957869 26.871749 1.774551
102.917163 27.19528 2.215922
102.91591 27.129915 1.6452
102.909375 27.121136 2.028336
102.915413 27.137319 1.065274
102.775505 27.229889 1.4269
102.775985 27.22876 2.013666
102.772046 27.227205 1.518278
102.887199 27.062561 2.050623
102.883455 27.06096 1.357939
102.91613 27.137071 1.021003
103.045418 26.592853 1.769475
103.020573 26.599099 1.654003
103.020475 26.601799 1.006443
102.819067 26.913741 0.709784
102.821883 26.914789 1.12654
102.771842 26.942444 1.21368
102.78422 26.932231 1.496612
102.834611 26.900736 0.694523
102.786768 26.929207 1.140116
102.788639 26.926044 0.595568
102.780859 26.939109 1.167629
102.78422 26.937272 1.668295
102.807861 26.916978 1.522704
102.958268 26.831468 1.218262
102.782747 26.930792 0.874221
102.781836 26.933915 1.448927
102.821818 26.910386 1.456275
102.977547 26.82464 0.639939
102.827157 26.905149 1.210912
102.754085 26.943547 1.291613
102.972038 26.90564 1.023376
102.814396 27.154411 0.587719
102.836239 27.137736 1.126794
102.819417 27.132947 0.764754
102.827108 27.13985 1.063956
102.816187 27.126135 1.163526
102.84423 27.1269 1.081694
102.829207 27.114834 1.585298
102.99235 26.908295 1.167708
102.793774 26.945896 1.473926
102.791724 26.94691 1.474118
102.793001 26.946128 1.244259
102.791325 26.942499 0.786438
102.86394 27.093937 1.92399
102.841951 27.08972 1.699224
102.849772 27.093264 1.529158
