-117.500179 35.710136 3.98
-117.499463 35.709648 2.49
-117.499284 35.708114 2.13
-117.498625 35.70835 6.4
-117.557894 35.64307 4.49
-117.509147 35.687642 3.0
-117.53776 35.723421 2.8
-117.559595 35.725468 3.2
-117.474927 35.712821 3.54
-117.520711 35.662467 3.9
-117.456576 35.676152 3.0
-117.549797 35.744397 3.91
-117.476156 35.713916 3.25
-117.591243 35.624158 3.53
-117.519865 35.669246 3.19
-117.599593 35.622668 2.83
-117.491561 35.684257 3.69
-117.566309 35.724951 3.75
-117.508 35.706502 4.13
-117.539404 35.740808 3.04
-117.588403 35.608032 2.71
-117.506795 35.702783 2.19
-117.538151 35.740275 2.14
-117.640373 35.577889 2.88
-117.584701 35.633484 2.45
-117.558105 35.729781 3.31
-117.515682 35.673263 2.61
-117.560099 35.642407 2.61
-117.545028 35.655644 3.56
-117.540552 35.743876 2.95
-117.548185 35.745951 2.67
-117.5052 35.686051 3.85
-117.567651 35.723263 2.99
-117.532829 35.733618 3.04
-117.611206 35.641386 3.39
-117.531486 35.656999 2.55
-117.611344 35.636808 3.38
-117.544198 35.744902 3.59
-117.55988 35.726339 2.95
-117.560726 35.725745 3.25
-117.539307 35.747864 3.0
-117.533162 35.658012 2.98
-117.53973 35.74235 2.33
-117.501514 35.683077 2.42
-117.543783 35.736959 2.29
-117.611369 35.637301 2.24
-117.534456 35.733276 2.21
-117.501025 35.681657 3.39
-117.550203 35.746737 2.27
-117.528141 35.719938 2.94
-117.483537 35.701078 2.08
-117.553166 35.641239 2.23
-117.519596 35.67133 2.27
-117.582528 35.633887 2.29
-117.51757 35.673633 2.56
-117.476147 35.706217 2.32
-117.603174 35.632548 2.08
-117.60284 35.599963 2.21
-117.487972 35.697632 2.38
-117.518734 35.662496 2.91
-117.472624 35.673319 2.71
-117.506893 35.702917 3.29
-117.541642 35.651713 2.22
-117.489307 35.695536 2.21
-117.522762 35.668669 2.05
-117.511865 35.689323 2.09
-117.516878 35.665137 2.07
-117.492627 35.689221 2.43
-117.500301 35.698018 2.12
-117.569417 35.627889 2.67
-117.510433 35.672673 2.58
-117.598332 35.599426 3.25
-117.501872 35.699618 2.23
-117.549959 35.731413 2.4
-117.584945 35.605827 2.67
-117.540177 35.746521 3.02
-117.528247 35.72192 2.41
-117.527946 35.721322 2.47
-117.535531 35.655229 2.18
-117.599658 35.595976 2.19
-117.519743 35.657967 2.33
-117.520435 35.663094 2.52
-117.556608 35.718892 2.5
-117.524674 35.71602 2.75
-117.525545 35.727608 2.57
-117.528882 35.661194 3.78
-117.611344 35.596016 3.51
-117.533504 35.730408 2.45
-117.476847 35.705107 2.42
-117.506966 35.66921 3.56
-117.476855 35.712207 3.28
-117.592391 35.599382 2.18
-117.524544 35.730827 2.22
-117.532658 35.658683 3.46
-117.601855 35.600623 2.79
-117.521159 35.672188 2.03
-117.539551 35.7462 2.21
-117.56071 35.671818 3.36
-117.525814 35.667924 2.3
-117.485091 35.697961 2.76
-117.519434 35.668331 3.23
-117.484033 35.695459 2.22
-117.534106 35.722697 3.04
-117.476701 35.705863 2.16
-117.529224 35.720194 2.85
-117.531795 35.725509 2.28
-117.609521 35.6363 3.28
-117.528979 35.660828 2.05
-117.478548 35.704606 2.42
-117.53147 35.734819 2.02
-117.601587 35.600114 2.08
-117.507992 35.679159 2.61
-117.547184 35.731242 2.07
-117.54681 35.730929 2.09
-117.529167 35.673376 2.0
-117.476799 35.687911 2.02
-117.495483 35.690275 2.05
-117.537915 35.720964 2.04
-117.627767 35.579016 2.08
-117.610278 35.624418 2.31
-117.522225 35.665332 3.12
-117.485213 35.687549 2.17
-117.5111 35.675895 3.29
-117.54681 35.746928 4.14
-117.563997 35.666667 3.85
-117.578475 35.636414 2.03
-117.544246 35.729606 2.26
-117.562142 35.722823 2.02
-117.539673 35.651465 2.49
-117.49091 35.688863 2.55
-117.551514 35.63999 2.37
-117.561995 35.722493 2.5
-117.600138 35.599438 2.63
-117.501725 35.685657 2.37
-117.561214 35.723201 2.64
-117.549683 35.734497 2.1
-117.492293 35.701408 2.54
-117.51862 35.671476 2.17
-117.477327 35.708842 2.32
-117.593099 35.599601 4.59
-117.533919 35.654753 2.92
-117.512451 35.677169 3.24
-117.540967 35.739022 2.03
-117.557129 35.719995 3.01
-117.558838 35.671159 2.34
-117.47784 35.675989 4.34
-117.468481 35.669763 3.83
-117.48103 35.703105 2.62
-117.53479 35.656624 2.08
-117.548226 35.639425 2.73
-117.492147 35.682906 3.7
-117.522664 35.664384 2.38
-117.505802 35.696676 2.22
-117.533903 35.657556 2.78
-117.555965 35.741016 2.93
-117.559839 35.728833 3.34
-117.583561 35.596594 3.92
-117.519865 35.672111 2.68
-117.47981 35.67592 3.07
-117.553768 35.716398 4.58
-117.552238 35.709521 3.5
-117.553988 35.713481 2.72
-117.561434 35.725623 2.85
-117.600586 35.601208 2.39
-117.545239 35.719775 2.46
-117.552653 35.711564 3.21
-117.521777 35.668783 2.99
-117.551587 35.728092 2.07
-117.53383 35.65024 2.24
-117.516626 35.693258 2.48
-117.553923 35.730701 2.33
-117.536865 35.650781 2.56
-117.513778 35.721395 2.35
-117.518628 35.661784 2.41
-117.499658 35.700118 2.01
-117.473413 35.69384 2.02
-117.489225 35.693665 3.26
-117.530282 35.674329 2.1
-117.534733 35.656653 3.0
-117.560189 35.723254 2.5
-117.547542 35.731201 2.33
-117.518799 35.699264 2.47
-117.509342 35.696045 3.23
-117.599723 35.624146 3.0
-117.480298 35.704179 2.33
-117.552336 35.639404 2.76
-117.55144 35.724231 2.1
-117.538322 35.746493 2.24
-117.466968 35.676864 4.5
-117.536906 35.652799 2.38
-117.480127 35.708171 2.69
-117.54209 35.725757 2.36
-117.520915 35.723027 2.3
-117.472974 35.668469 2.81
-117.523014 35.660893 2.21
-117.50979 35.678072 2.15
-117.450195 35.671745 2.17
-117.522119 35.674618 2.15
-117.505981 35.703084 2.17
-117.578931 35.618791 2.05
-117.535588 35.730216 2.22
-117.51652 35.68134 2.63
-117.562459 35.744556 2.42
-117.518384 35.658122 2.65
-117.522087 35.666134 2.04
-117.551302 35.741467 2.39
-117.523844 35.709001 2.04
-117.597103 35.597868 2.15
-117.584106 35.605693 2.12
-117.551017 35.737618 2.48
-117.600399 35.602234 2.5
-117.488875 35.684961 3.18
-117.553369 35.712496 3.34
-117.585189 35.606787 3.02
-117.537988 35.664087 2.35
-117.520662 35.663403 2.48
-117.514836 35.718762 2.49
-117.521769 35.661479 4.16
-117.519938 35.661182 3.02
-117.519792 35.659729 2.43
-117.553451 35.712838 2.65
-117.549422 35.734424 2.26
-117.51967 35.663424 2.03
-117.51792 35.665393 2.04
-117.496745 35.700399 2.61
-117.583805 35.677881 2.5
-117.480615 35.70835 2.56
-117.508927 35.712813 2.03
-117.585661 35.604106 2.21
-117.485116 35.699296 3.38
-117.520125 35.6637 2.05
-117.512516 35.684989 2.35
-117.494287 35.680233 2.42
-117.501066 35.684058 2.61
-117.481022 35.701994 2.08
-117.507869 35.699613 3.98
-117.508504 35.671704 2.23
-117.480916 35.701933 3.06
-117.588444 35.600879 2.01
-117.499259 35.682495 2.13
-117.596549 35.638725 3.4
-117.535897 35.629203 2.53
-117.538428 35.745251 2.02
-117.46237 35.672656 2.0
-117.551449 35.640942 2.18
-117.581608 35.640243 2.59
-117.540055 35.740312 2.35
-117.519678 35.673112 2.38
-117.598584 35.638184 2.18
-117.476888 35.704549 3.09
-117.501799 35.687089 2.02
-117.559342 35.727303 2.1
-117.476562 35.673523 2.26
-117.524154 35.666972 2.07
-117.522925 35.665133 2.12
-117.478198 35.713375 3.37
-117.516553 35.69657 2.34
-117.5146 35.684798 2.09
-117.529045 35.661206 2.54
-117.543278 35.741764 2.2
-117.499609 35.687138 2.25
-117.584497 35.678007 2.27
-117.518473 35.660307 2.25
-117.483114 35.700492 2.0
-117.479492 35.69172 3.56
-117.597778 35.596029 2.52
-117.554451 35.640796 2.08
-117.554248 35.723474 2.43
-117.559668 35.750635 2.14
-117.55083 35.642598 2.32
-117.487004 35.694971 2.8
-117.514274 35.673324 2.05
-117.513265 35.672677 2.21
-117.54834 35.732682 2.24
-117.522754 35.673954 3.0
-117.493335 35.698556 2.32
-117.530591 35.720093 2.45
-117.542871 35.648022 2.26
-117.565104 35.728434 2.62
-117.588224 35.614709 3.08
-117.480176 35.706978 2.11
-117.488273 35.700448 2.3
-117.515413 35.661747 2.23
-117.513981 35.671956 3.42
-117.597013 35.605518 2.49
-117.587508 35.608862 2.23
-117.558813 35.636959 2.39
-117.5302 35.71991 2.74
-117.513062 35.693563 2.45
-117.5962 35.596566 2.61
-117.481022 35.702905 2.5
-117.604574 35.632019 3.25
-117.523682 35.666842 2.26
-117.480591 35.677002 2.36
-117.552083 35.711397 2.12
-117.525887 35.66783 2.15
-117.519059 35.724137 2.26
-117.474089 35.715198 2.4
-117.541593 35.736336 2.44
-117.582422 35.640487 2.27
-117.566903 35.667716 2.08
-117.530046 35.659717 2.3
-117.47443 35.710413 3.26
-117.542562 35.737968 2.36
-117.553475 35.637773 2.28
-117.554386 35.745667 4.47
-117.565405 35.750765 2.42
-117.59799 35.616121 2.21
-117.519165 35.698869 2.31
-117.591463 35.606124 2.23
-117.509806 35.701888 2.25
-117.4941 35.697481 2.02
-117.496077 35.703748 2.51
-117.490169 35.703271 2.62
-117.485433 35.698417 2.14
-117.604004 35.629281 2.4
-117.506958 35.711572 2.0
-117.51875 35.71757 2.1
-117.521232 35.72314 3.2
-117.599406 35.600391 2.16
-117.51901 35.664832 2.28
-117.566056 35.639766 2.13
-117.490324 35.688493 2.22
-117.539648 35.66095 2.01
-117.571167 35.625122 2.17
-117.520239 35.696965 2.32
-117.613542 35.568876 2.03
-117.483944 35.706002 2.59
-117.468066 35.672957 3.49
-117.575903 35.745455 3.06
-117.575993 35.745894 2.39
-117.533 35.651758 2.19
-117.569914 35.627108 2.13
-117.514827 35.705823 2.0
-117.485824 35.703141 2.23
-117.521029 35.663277 4.04
-117.546647 35.718783 2.08
-117.552563 35.728593 2.16
-117.492676 35.685368 2.04
-117.56241 35.745581 3.72
-117.524121 35.720308 2.16
-117.569116 35.621114 2.02
-117.568001 35.750513 2.15
-117.598674 35.606299 2.14
-117.596989 35.773698 2.45
-117.518384 35.65907 3.33
-117.579696 35.62677 2.23
-117.556437 35.743469 2.45
-117.532267 35.73186 2.45
-117.54008 35.647673 2.76
-117.557829 35.652445 2.12
-117.615682 35.774479 4.04
-117.626921 35.588403 2.17
-117.607007 35.726652 2.17
-117.492114 35.684184 2.38
-117.543001 35.720439 2.8
-117.532739 35.734729 2.25
-117.479533 35.703857 4.02
-117.601335 35.613847 2.16
-117.590763 35.600037 2.08
-117.516097 35.667094 2.03
-117.505908 35.697119 3.85
-117.476147 35.711239 2.52
-117.633512 35.57491 2.04
-117.509188 35.696619 2.14
-117.616235 35.773018 2.37
-117.476139 35.711454 2.42
-117.492448 35.683663 2.51
-117.547713 35.728426 2.99
-117.607235 35.772127 2.22
-117.518433 35.660148 3.12
-117.505192 35.683089 2.31
-117.474373 35.709477 2.18
-117.572347 35.667013 2.41
-117.538509 35.742053 2.13
-117.600911 35.600037 2.45
-117.60284 35.604822 2.21
-117.594491 35.597148 2.44
-117.486629 35.684334 2.25
-117.467155 35.71429 2.68
-117.617261 35.77491 3.21
-117.544889 35.642061 3.98
-117.548901 35.743953 2.2
-117.518294 35.657027 3.34
-117.533895 35.72522 2.28
-117.54703 35.638151 2.36
-117.476554 35.702323 2.44
-117.559709 35.642399 2.02
-117.54873 35.638143 2.65
-117.589022 35.609574 2.45
-117.613607 35.771244 3.25
-117.603027 35.601107 2.47
-117.599976 35.603239 2.13
-117.474113 35.713924 2.8
-117.563395 35.655745 2.09
-117.543205 35.743506 2.22
-117.590479 35.593717 2.1
-117.519564 35.659216 2.24
-117.523787 35.668998 2.34
-117.517424 35.674178 2.38
-117.588525 35.60022 2.08
-117.475122 35.706441 2.2
-117.564917 35.745968 2.72
-117.54974 35.602181 2.16
-117.502775 35.691728 2.32
-117.478573 35.705229 2.01
-117.590316 35.760404 2.03
-117.563273 35.629818 3.27
-117.561825 35.633687 2.22
-117.483016 35.695142 2.36
-117.500667 35.685763 2.16
-117.517179 35.656348 3.32
-117.522388 35.705615 2.01
-117.615894 35.774508 2.53
-117.51862 35.725439 2.19
-117.509546 35.692362 2.54
-117.509041 35.693119 2.3
-117.612939 35.636031 2.08
-117.482715 35.699943 2.56
-117.498275 35.683862 3.07
-117.614331 35.772001 2.65
-117.470003 35.710152 2.52
-117.483016 35.698608 2.16
-117.560596 35.747616 2.04
-117.553345 35.723442 3.53
-117.547542 35.679602 2.62
-117.479297 35.701668 3.48
-117.580192 35.636865 2.44
-117.550757 35.648193 2.37
-117.605241 35.599296 2.0
-117.516317 35.720931 2.03
-117.519743 35.659916 2.54
-117.554736 35.722534 2.07
-117.472013 35.671403 2.15
-117.543066 35.656372 2.52
-117.614836 35.57098 2.61
-117.613208 35.572375 2.07
-117.474772 35.711983 2.1
-117.475513 35.706803 3.19
-117.542139 35.740531 2.27
-117.612769 35.769604 3.45
-117.499512 35.6861 2.04
-117.472933 35.711816 2.05
-117.579256 35.625309 2.64
-117.472062 35.709106 2.19
-117.508366 35.679435 2.82
-117.466659 35.671676 2.2
-117.479696 35.704598 2.39
-117.569222 35.620736 3.65
-117.569434 35.748165 2.11
-117.523275 35.668184 2.21
-117.55791 35.672217 2.25
-117.48409 35.68549 2.13
-117.506217 35.702938 3.2
-117.477702 35.682056 2.12
-117.537402 35.719926 2.64
-117.483374 35.671643 2.58
-117.507202 35.70212 2.41
-117.546606 35.730575 2.16
-117.562134 35.727014 3.17
-117.546086 35.643774 2.33
-117.507218 35.709403 2.11
-117.559163 35.750513 3.72
-117.579281 35.63859 2.23
-117.523641 35.663647 2.1
-117.474471 35.687944 3.46
-117.561068 35.749666 2.9
-117.634823 35.571586 2.16
-117.473983 35.709656 2.18
-117.600798 35.600399 3.46
-117.604069 35.601851 2.05
-117.467912 35.690043 2.26
-117.484782 35.69491 3.09
-117.499455 35.705859 3.55
-117.543465 35.729447 2.02
-117.550285 35.735177 2.0
-117.59196 35.606421 2.09
-117.603687 35.601424 2.32
-117.488216 35.687769 2.07
-117.520801 35.668701 2.26
-117.524341 35.666976 2.9
-117.51259 35.694625 2.25
-117.559798 35.651465 2.39
-117.544629 35.646712 2.07
-117.518009 35.65625 2.33
-117.474821 35.707267 2.48
-117.543115 35.649788 3.51
-117.636589 35.575342 2.11
-117.580892 35.741479 2.08
-117.501725 35.686519 2.19
-117.498901 35.66403 3.1
-117.534123 35.725053 2.53
-117.483911 35.672693 2.75
-117.523372 35.663021 2.11
-117.563151 35.741687 2.34
-117.624259 35.59185 2.09
-117.551668 35.740804 2.89
-117.588387 35.599878 3.54
-117.573958 35.761601 5.36
-117.571313 35.758183 3.38
-117.58217 35.752352 2.27
-117.567627 35.772697 2.07
-117.564909 35.775167 2.02
-117.571029 35.749382 2.96
-117.56709 35.750724 2.93
-117.571818 35.750553 2.34
-117.574699 35.747945 2.0
-117.566756 35.777507 2.55
-117.564429 35.745349 2.05
-117.564795 35.767444 2.07
-117.570833 35.751664 2.46
-117.572323 35.758451 2.56
-117.574479 35.748279 2.06
-117.585465 35.643949 2.6
-117.576872 35.745776 2.0
-117.577393 35.743201 2.01
-117.570003 35.7736 3.05
-117.481616 35.70164 2.78
-117.466235 35.711255 2.33
-117.580013 35.757756 2.52
-117.577555 35.774036 2.06
-117.573218 35.755111 2.13
-117.579565 35.760376 3.19
-117.558846 35.756848 2.28
-117.602279 35.600952 2.64
-117.581519 35.649573 2.88
-117.580794 35.752889 2.49
-117.428304 35.531502 2.22
-117.525854 35.724259 3.26
-117.564469 35.745496 2.49
-117.541121 35.744548 2.01
-117.548975 35.721318 2.85
-117.568538 35.777299 4.09
-117.481828 35.673083 2.46
-117.631177 35.57627 2.46
-117.571354 35.758329 2.65
-117.532161 35.660803 2.0
-117.559904 35.752055 3.65
-117.630054 35.577018 2.46
-117.561882 35.752722 2.27
-117.565373 35.761515 2.75
-117.546745 35.74198 2.0
-117.601538 35.602417 2.31
-117.60765 35.786816 2.05
-117.491886 35.699642 2.41
-117.580176 35.761646 2.02
-117.536133 35.732817 2.22
-117.509245 35.707625 2.75
-117.566064 35.748661 2.61
-117.508537 35.713713 2.63
-117.615047 35.792371 2.53
-117.616569 35.794877 2.02
-117.632129 35.57557 2.16
-117.596444 35.601416 2.38
-117.565951 35.761906 2.29
-117.544515 35.726306 2.12
-117.564412 35.743575 2.11
-117.564437 35.743571 3.94
-117.6146 35.567497 3.21
-117.527124 35.721525 2.18
-117.594352 35.682259 2.78
-117.571615 35.750712 2.03
-117.524764 35.666227 2.76
-117.559513 35.74528 2.54
-117.549243 35.722591 2.55
-117.579793 35.75297 2.09
-117.480151 35.70225 2.98
-117.492993 35.700472 2.06
-117.566455 35.764604 2.2
-117.604696 35.778666 2.35
-117.490519 35.698946 2.18
-117.574699 35.747074 2.38
-117.499048 35.682458 2.37
-117.573739 35.617074 3.84
-117.579826 35.762138 2.45
-117.57583 35.748104 2.02
-117.575138 35.760999 2.04
-117.480811 35.704016 2.07
-117.567367 35.751888 2.05
-117.577336 35.750545 2.12
-117.544434 35.724272 2.47
-117.532324 35.732548 2.41
-117.53667 35.724821 2.15
-117.504525 35.698987 2.04
-117.472404 35.717802 2.51
-117.61626 35.79421 3.42
-117.498478 35.683655 2.22
-117.584147 35.604427 2.29
-117.521997 35.669283 2.71
-117.559033 35.72679 2.6
-117.560986 35.77832 2.3
-117.592896 35.611625 2.05
-117.535107 35.71794 2.49
-117.566252 35.732515 2.04
-117.633162 35.574292 2.17
-117.491732 35.679765 2.12
-117.582471 35.752246 2.07
-117.563639 35.742867 2.74
-117.542765 35.745813 2.43
-117.551538 35.726778 2.26
-117.560742 35.779761 2.16
-117.562557 35.772156 2.05
-117.513607 35.670418 2.74
-117.512826 35.669722 2.64
-117.611393 35.570402 2.03
-117.539242 35.738387 2.38
-117.61097 35.56805 2.24
-117.515446 35.66123 2.28
-117.571802 35.749105 2.25
-117.610441 35.568856 2.1
-117.548975 35.745671 2.82
-117.524105 35.719169 2.83
-117.589754 35.609945 2.77
-117.560352 35.742 2.06
-117.663354 35.840243 2.26
-117.477653 35.713806 2.1
-117.512297 35.69054 2.08
-117.517513 35.665938 2.46
-117.50332 35.683826 2.83
-117.494686 35.688171 2.8
-117.543848 35.740397 2.57
-117.585107 35.641264 2.1
-117.486882 35.685201 2.26
-117.603117 35.777173 3.03
-117.584603 35.640877 2.27
-117.587809 35.617143 2.14
-117.573283 35.760246 2.32
-117.577572 35.765995 2.32
-117.5059 35.686332 2.51
-117.609969 35.797868 2.63
-117.477319 35.681555 2.24
-117.55695 35.672888 2.0
-117.564648 35.750765 2.05
-117.611011 35.56827 2.41
-117.564103 35.741703 2.02
-117.470955 35.677246 2.17
-117.538493 35.722827 2.14
-117.565926 35.764945 2.58
-117.563338 35.731258 3.46
-117.546273 35.744788 2.78
-117.599634 35.772371 2.8
-117.548844 35.633451 2.78
-117.60013 35.773608 2.97
-117.600203 35.772437 2.49
-117.615584 35.770662 2.68
-117.600293 35.729529 2.21
-117.546069 35.743901 2.99
-117.505648 35.678158 2.14
-117.581665 35.750854 3.63
-117.478459 35.689978 3.01
-117.576953 35.750574 2.44
-117.54873 35.743343 2.03
-117.530387 35.72229 2.34
-117.561369 35.742082 2.2
-117.598185 35.622095 2.53
-117.53077 35.720772 2.49
-117.517179 35.674386 2.11
-117.581893 35.633158 2.06
-117.469385 35.671948 2.12
-117.586157 35.597668 2.63
-117.600806 35.772168 2.81
-117.598714 35.596867 2.13
-117.564364 35.727873 2.22
-117.553564 35.724886 4.97
-117.558667 35.739718 2.26
-117.557845 35.738896 2.05
-117.594157 35.771818 7.1
-117.727913 35.919393 4.64
-117.742928 35.884395 4.98
-117.598494 35.790344 5.37
-117.7361 35.904049 4.34
-117.667871 35.852783 4.97
-117.642855 35.82808 3.87
-117.685303 35.905505 3.62
-117.696484 35.924731 4.73
-117.734448 35.910038 4.04
-117.724601 35.911401 4.16
-117.464176 35.656018 4.38
-117.510832 35.700301 4.51
-117.354924 35.555981 4.37
-117.718587 35.873031 3.53
-117.702319 35.902934 3.75
-117.483114 35.659766 3.49
-117.698405 35.888342 3.7
-117.710653 35.892171 3.8
-117.727384 35.892493 3.42
-117.409009 35.585262 3.41
-117.738281 35.906535 4.23
-117.72452 35.896143 3.82
-117.498079 35.715035 3.96
-117.566366 35.726449 3.73
-117.707747 35.912138 3.64
-117.539054 35.735327 3.5
-117.703174 35.89801 3.88
-117.688802 35.882157 3.21
-117.562728 35.71816 3.22
-117.733789 35.909526 4.24
-117.527865 35.737907 3.46
-117.702515 35.871224 3.51
-117.707861 35.893441 3.16
-117.527303 35.663603 3.29
-117.476538 35.665234 3.18
-117.711702 35.912476 3.6
-117.460002 35.647278 3.61
-117.561678 35.716524 3.51
-117.7045 35.914677 3.66
-117.609668 35.779118 3.28
-117.680298 35.874854 3.34
-117.428516 35.635783 2.95
-117.678434 35.891833 3.19
-117.724072 35.891642 3.99
-117.576823 35.756742 3.1
-117.678695 35.869124 3.29
-117.697786 35.880318 3.94
-117.700155 35.880391 3.73
-117.6573 35.82607 3.21
-117.731445 35.915458 3.99
-117.734334 35.892916 2.95
-117.724048 35.913534 3.48
-117.514315 35.70695 3.36
-117.712354 35.884013 3.06
-117.465226 35.683997 4.17
-117.744287 35.902026 3.45
-117.745199 35.904932 5.5
-117.727799 35.900859 3.49
-117.721688 35.874438 3.29
-117.683447 35.830334 3.82
-117.725146 35.899882 3.72
-117.739372 35.894629 3.13
-117.739754 35.905107 3.65
-117.695988 35.907658 4.97
-117.689364 35.908569 3.29
-117.568091 35.748568 3.03
-117.401554 35.572257 3.62
-117.729411 35.897668 3.53
-117.579639 35.758272 2.98
-117.732878 35.910925 2.94
-117.585506 35.775 3.54
-117.422591 35.629395 3.03
-117.6837 35.902498 4.07
-117.677759 35.828365 2.91
-117.708309 35.869482 2.88
-117.734416 35.916069 3.3
-117.713802 35.910465 2.91
-117.726335 35.890141 2.83
-117.702091 35.89366 2.84
-117.696191 35.887911 3.52
-117.689315 35.877132 4.12
-117.456014 35.659644 3.44
-117.468815 35.641272 2.95
-117.725358 35.893815 3.25
-117.70153 35.948775 2.91
-117.699797 35.866203 3.0
-117.680176 35.829915 2.99
-117.669515 35.867826 2.65
-117.679688 35.894377 2.79
-117.51888 35.694564 3.14
-117.713086 35.87974 3.36
-117.712435 35.916646 2.88
-117.719124 35.92179 2.68
-117.730745 35.902128 2.34
-117.520296 35.668034 2.52
-117.725423 35.901383 3.02
-117.729777 35.885962 2.65
-117.707284 35.887142 2.77
-117.656779 35.829069 2.96
-117.713241 35.912455 3.51
-117.708146 35.925232 2.67
-117.361686 35.58173 3.54
-117.361922 35.581958 2.98
-117.515422 35.546073 4.35
-117.665674 35.869035 3.57
-117.682048 35.88859 3.28
-117.723128 35.886894 2.81
-117.705363 35.8941 2.78
-117.548918 35.678381 3.15
-117.521549 35.692456 3.11
-117.656266 35.826575 3.09
-117.674976 35.832796 3.45
-117.584066 35.776265 3.59
-117.691789 35.899902 3.62
-117.695874 35.870374 2.97
-117.669938 35.880025 2.83
-117.726603 35.904826 2.9
-117.485026 35.677808 3.0
-117.473812 35.668075 3.52
-117.729614 35.890043 3.39
-117.639274 35.838261 3.45
-117.608781 35.582186 4.8
-117.395947 35.600427 3.47
-117.502376 35.711178 2.9
-117.734432 35.94668 3.39
-117.674626 35.825248 3.54
-117.670361 35.87974 2.89
-117.702726 35.911271 2.6
-117.480086 35.664551 3.48
-117.539836 35.695483 3.43
-117.683976 35.904789 5.44
-117.71792 35.884493 4.22
-117.718799 35.936348 3.25
-117.698161 35.871952 3.28
-117.627913 35.799479 3.32
-117.689648 35.859123 3.44
-117.747323 35.916915 2.78
-117.688639 35.870158 2.83
-117.702124 35.890446 2.77
-117.719865 35.888472 3.22
-117.728809 35.889596 2.88
-117.702498 35.900346 3.74
-117.720028 35.872949 2.67
-117.718302 35.876766 2.83
-117.700301 35.869967 2.8
-117.715291 35.895524 2.97
-117.602319 35.684005 2.84
-117.7104 35.889095 3.58
-117.668913 35.867965 2.69
-117.723999 35.880241 3.42
-117.731396 35.893274 2.92
-117.724919 35.893075 2.81
-117.627124 35.791504 3.54
-117.721802 35.89139 3.02
-117.696875 35.904126 2.93
-117.696932 35.90413 2.98
-117.682837 35.911414 2.61
-117.547607 35.742139 2.68
-117.69384 35.875346 3.26
-117.525285 35.67666 3.22
-117.658341 35.841032 3.48
-117.391227 35.562476 3.58
-117.724552 35.897677 3.21
-117.72015 35.921212 2.77
-117.615975 35.780859 3.0
-117.666756 35.862561 2.86
-117.532495 35.659432 3.02
-117.700464 35.891951 2.6
-117.457894 35.655806 2.77
-117.71307 35.919474 3.45
-117.702482 35.881942 2.93
-117.385018 35.596016 2.62
-117.702124 35.868929 3.11
-117.711198 35.868998 2.9
-117.552262 35.67419 2.97
-117.393783 35.595256 2.96
-117.722616 35.891272 3.57
-117.610954 35.793412 2.55
-117.504989 35.705754 2.98
-117.686027 35.890914 2.75
-117.741512 35.900342 4.89
-117.427694 35.631124 3.42
-117.741724 35.888863 3.13
-117.710441 35.893697 2.94
-117.666878 35.833773 3.09
-117.44196 35.643648 4.16
-117.727035 35.900448 3.66
-117.687598 35.886198 3.45
-117.473991 35.667672 2.74
-117.602319 35.687549 3.37
-117.616333 35.78324 2.6
-117.703451 35.89056 2.69
-117.548104 35.698775 3.05
-117.728841 35.888224 3.08
-117.576912 35.619401 3.33
-117.74384 35.907385 2.96
-117.473763 35.673352 2.64
-117.533301 35.701473 2.58
-117.712899 35.92491 2.39
-117.725203 35.905725 3.55
-117.505754 35.709452 2.56
-117.732788 35.89646 2.65
-117.4927 35.760701 3.32
-117.684408 35.877022 3.04
-117.450798 35.649988 2.76
-117.691683 35.878141 2.84
-117.658407 35.827393 3.03
-117.705493 35.86805 2.71
-117.715853 35.876103 2.44
-117.73029 35.881856 3.59
-117.617049 35.789738 3.49
-117.732894 35.892456 3.54
-117.699414 35.874829 2.19
-117.72391 35.909648 2.4
-117.732406 35.894706 2.01
-117.711377 35.87926 2.7
-117.714233 35.92006 2.87
-117.731608 35.889587 3.5
-117.6927 35.878019 4.36
-117.658675 35.87358 3.76
-117.746533 35.906392 3.02
-117.730379 35.89292 2.44
-117.549235 35.712679 3.17
-117.707357 35.873865 2.81
-117.655005 35.875208 3.06
-117.710758 35.915898 2.26
-117.613542 35.763017 3.14
-117.710425 35.922477 3.05
-117.575814 35.715678 2.44
-117.428092 35.631368 3.49
-117.569588 35.709509 3.88
-117.717147 35.872347 2.87
-117.699146 35.862655 2.57
-117.666064 35.873311 2.45
-117.701416 35.879948 3.38
-117.730208 35.899805 2.91
-117.694092 35.875627 2.62
-117.742391 35.908455 2.58
-117.621558 35.785494 2.92
-117.623796 35.793469 2.63
-117.713249 35.892745 3.36
-117.70013 35.881551 3.2
-117.69432 35.879451 3.6
-117.692537 35.8804 3.4
-117.704207 35.880786 3.07
-117.698527 35.875065 2.65
-117.698796 35.874593 2.31
-117.720435 35.873401 2.34
-117.728971 35.904179 2.69
-117.68728 35.900639 2.88
-117.605021 35.776082 2.58
-117.709253 35.918734 2.58
-117.726465 35.756816 2.7
-117.733203 35.916097 3.24
-117.561491 35.718372 3.65
-117.463224 35.678963 2.77
-117.683374 35.849862 2.51
-117.577588 35.741349 2.71
-117.577287 35.751794 3.55
-117.711841 35.917513 2.9
-117.72063 35.892509 3.2
-117.72902 35.902287 2.49
-117.71757 35.898568 2.27
-117.740828 35.893009 2.62
-117.674154 35.914559 2.99
-117.46132 35.669596 2.25
-117.485352 35.644918 2.56
-117.541715 35.676994 2.75
-117.729248 35.889111 2.65
-117.659766 35.874561 3.96
-117.725439 35.905436 2.97
-117.678459 35.867932 2.95
-117.567424 35.750403 3.37
-117.742065 35.912569 3.52
-117.739063 35.910502 3.02
-117.731413 35.910897 3.19
-117.726147 35.888045 2.54
-117.730892 35.911206 2.68
-117.403451 35.607792 2.45
-117.699186 35.883354 2.84
-117.733724 35.893225 2.87
-117.733919 35.893091 2.94
-117.719629 35.918473 2.37
-117.696672 35.886918 2.13
-117.678491 35.892131 2.29
-117.550391 35.697945 3.04
-117.620605 35.851843 2.7
-117.676318 35.737288 2.9
-117.693197 35.948088 2.62
-117.595483 35.797864 2.62
-117.311719 35.696191 3.4
-117.692236 35.878906 2.9
-117.723006 35.90415 2.89
-117.723885 35.90612 2.23
-117.709058 35.892155 3.08
-117.5507 35.715784 2.69
-117.485994 35.682039 2.07
-117.67736 35.832487 4.18
-117.69786 35.910636 3.0
-117.721541 35.902848 3.28
-117.589469 35.762447 2.9
-117.511255 35.668758 2.67
-117.456738 35.646977 3.74
-117.740251 35.894495 2.75
-117.51355 35.667802 2.69
-117.716081 35.8717 2.77
-117.55988 35.711898 2.88
-117.48217 35.644409 2.66
-117.727222 35.902132 3.55
-117.664632 35.846615 3.39
-117.443978 35.647164 2.83
-117.729386 35.891142 3.04
-117.725854 35.894238 2.32
-117.693693 35.904232 2.92
-117.536092 35.732125 2.16
-117.684652 35.853495 3.4
-117.720394 35.895915 2.82
-117.690918 35.878605 3.08
-117.701196 35.869759 3.0
-117.675952 35.843713 3.63
-117.519938 35.694568 2.55
-117.732707 35.896183 2.76
-117.514217 35.671525 3.06
-117.720736 35.912048 2.64
-117.72172 35.891239 2.47
-117.708146 35.873356 2.73
-117.554557 35.745544 2.63
-117.647127 35.82417 2.52
-117.571981 35.743046 2.8
-117.71464 35.878076 3.3
-117.69943 35.938676 2.31
-117.610978 35.785763 2.44
-117.710913 35.878377 2.65
-117.7038 35.906563 2.15
-117.727645 35.895585 2.16
-117.723633 35.896887 2.38
-117.625708 35.801896 3.49
-117.678011 35.887838 3.28
-117.682373 35.849064 3.06
-117.708813 35.891451 2.72
-117.349276 35.574622 2.44
-117.564697 35.77415 3.73
-117.729045 35.891886 2.81
-117.49563 35.67135 2.73
-117.761507 35.835832 3.45
-117.726807 35.877584 2.97
-117.708944 35.924357 3.38
-117.724854 35.904118 2.73
-117.392082 35.564913 2.41
-117.517367 35.683317 2.59
-117.690975 35.867517 2.43
-117.706071 35.924927 3.02
-117.708903 35.892525 2.69
-117.721582 35.890491 2.34
-117.551115 35.711365 3.1
-117.648429 35.878593 2.68
-117.694092 35.905721 2.09
-117.687443 35.879293 2.19
-117.719564 35.874023 2.31
-117.666284 35.838481 2.31
-117.4625 35.637398 3.0
-117.722046 35.88785 2.7
-117.709294 35.910706 2.17
-117.473047 35.625199 2.58
-117.730835 35.895349 2.16
-117.70647 35.907796 2.35
-117.720557 35.895479 2.62
-117.716349 35.913521 3.2
-117.400952 35.602954 3.46
-117.727848 35.895386 2.57
-117.728076 35.895593 2.62
-117.713346 35.914494 2.5
-117.72325 35.895353 2.02
-117.470508 35.652315 2.12
-117.485596 35.720947 2.04
-117.728475 35.897241 2.7
-117.547339 35.682975 2.86
-117.715055 35.879533 2.56
-117.501563 35.677999 2.5
-117.525212 35.696016 2.74
-117.670475 35.868164 2.59
-117.64694 35.813139 2.64
-117.524723 35.662219 2.6
-117.573787 35.75175 2.42
-117.516439 35.708305 2.41
-117.688932 35.927059 4.17
-117.676424 35.864543 3.23
-117.694857 35.922026 2.55
-117.575724 35.735388 3.63
-117.723397 35.907052 2.22
-117.336979 35.553361 3.55
-117.607349 35.782817 2.46
-117.740519 35.915352 4.63
-117.635864 35.80966 3.19
-117.5809 35.754456 2.36
-117.697713 35.867948 2.59
-117.678206 35.893734 3.02
-117.692489 35.902966 2.48
-117.644295 35.825667 2.56
-117.705591 35.888448 3.53
-117.733667 35.909623 2.54
-117.732699 35.900399 2.88
-117.726302 35.889799 2.78
-117.679777 35.873201 2.27
-117.68252 35.890881 2.83
-117.634969 35.833118 2.82
-117.355396 35.576457 3.48
-117.730363 35.90684 2.8
-117.413615 35.620935 3.11
-117.70922 35.893632 2.33
-117.688265 35.884497 2.5
-117.704533 35.897221 3.06
-117.728792 35.903984 2.0
-117.709969 35.870512 2.21
-117.456478 35.661593 2.36
-117.570304 35.711007 2.0
-117.704899 35.91331 2.54
-117.549707 35.677604 2.57
-117.7014 35.87039 2.24
-117.634676 35.836056 2.08
-117.364779 35.582894 4.09
-117.466032 35.67286 3.35
-117.554883 35.714526 2.62
-117.682137 35.878145 2.57
-117.417057 35.619336 2.15
-117.679289 35.853947 3.07
-117.589421 35.631059 2.96
-117.710628 35.868632 3.46
-117.648185 35.838607 2.91
-117.612549 35.859013 2.4
-117.689022 35.925427 3.56
-117.728564 35.891687 2.47
-117.685132 35.865535 2.38
-117.719165 35.885482 3.23
-117.578849 35.757532 2.5
-117.720687 35.889046 2.75
-117.623348 35.790674 2.63
-117.559342 35.717485 2.85
-117.653768 35.819023 2.49
-117.673063 35.899508 2.56
-117.677482 35.827804 2.4
-117.693604 35.888961 2.24
-117.650358 35.823653 2.27
-117.691903 35.867326 2.33
-117.427441 35.623206 2.09
-117.66613 35.869088 2.77
-117.463721 35.669161 2.98
-117.724113 35.887297 2.53
-117.700529 35.874622 3.44
-117.691235 35.878027 2.94
-117.57373 35.733219 2.24
-117.681616 35.877934 2.71
-117.527775 35.702026 3.17
-117.527824 35.702055 3.2
-117.729175 35.889758 2.66
-117.722152 35.895837 2.27
-117.728955 35.904549 2.52
-117.668075 35.86899 3.31
-117.429915 35.629309 2.88
-117.683781 35.87653 3.61
-117.536418 35.734159 2.76
-117.724845 35.890715 3.45
-117.613656 35.780432 2.88
-117.488558 35.697355 2.74
-117.717961 35.872192 2.3
-117.712606 35.865906 2.39
-117.732104 35.889876 2.5
-117.72675 35.885522 2.61
-117.724235 35.862976 2.58
-117.724032 35.895072 4.1
-117.733773 35.913086 2.88
-117.701921 35.874512 2.83
-117.356836 35.573848 2.54
-117.606714 35.779561 2.74
-117.50804 35.701302 2.26
-117.51075 35.571777 2.05
-117.697217 35.861279 2.46
-117.693262 35.906966 2.09
-117.709945 35.911934 2.0
-117.537956 35.733582 2.95
-117.432511 35.637297 2.35
-117.726676 35.898556 2.97
-117.485636 35.680355 2.01
-117.634163 35.805066 3.9
-117.662272 35.839966 2.29
-117.562972 35.738416 2.72
-117.739119 35.672689 2.76
-117.70472 35.871423 2.65
-117.738542 35.897306 2.39
-117.481226 35.669169 2.66
-117.484554 35.642448 2.33
-117.686865 35.866069 2.84
-117.484074 35.642615 2.89
-117.674797 35.88125 2.84
-117.690381 35.86628 2.16
-117.619409 35.789087 3.68
-117.554728 35.734371 3.05
-117.732463 35.898059 2.75
-117.732316 35.898043 2.79
-117.694328 35.881022 2.17
-117.580575 35.751884 2.82
-117.480225 35.688204 3.17
-117.69484 35.875118 2.41
-117.388387 35.563554 3.63
-117.489087 35.673564 3.46
-117.732943 35.891862 2.91
-117.706592 35.869198 2.56
-117.565503 35.731547 2.23
-117.72994 35.887508 2.49
-117.687923 35.929525 2.44
-117.709652 35.910225 2.4
-117.366105 35.807996 2.34
-117.705339 35.887166 2.13
-117.546769 35.67334 2.1
-117.477311 35.686857 3.18
-117.522502 35.662646 2.21
-117.479061 35.637244 2.21
-117.727604 35.8979 2.2
-117.406494 35.667708 2.39
-117.448022 35.646415 2.6
-117.710441 35.863562 3.33
-117.748397 35.905831 2.8
-117.718148 35.893872 2.35
-117.546411 35.67631 3.45
-117.723779 35.89078 2.83
-117.682959 35.90199 2.72
-117.707113 35.89082 3.13
-117.461239 35.680192 2.19
-117.730924 35.90293 2.71
-117.511117 35.701107 2.26
-117.651587 35.822701 2.49
-117.718327 35.872481 2.34
-117.531421 35.65811 3.45
-117.554508 35.745536 3.16
-117.731421 35.890564 3.91
-117.731885 35.888826 3.56
-117.717546 35.898686 2.71
-117.702173 35.902462 2.22
-117.528996 35.708968 2.38
-117.729232 35.900712 2.37
-117.731014 35.887158 2.66
-117.727002 35.895256 2.67
-117.664836 35.838078 2.84
-117.750732 35.904504 3.24
-117.618107 35.793331 2.09
-117.683415 35.890678 2.14
-117.69812 35.861674 2.52
-117.623942 35.792611 2.24
-117.535913 35.745044 2.83
-117.731006 35.895085 2.14
-117.707381 35.926261 2.56
-117.720882 35.891187 2.18
-117.719889 35.946122 3.12
-117.448739 35.648401 2.13
-117.71884 35.894954 2.34
-117.504769 35.706608 3.3
-117.704867 35.901762 2.44
-117.662948 35.823535 2.77
-117.453597 35.653117 2.56
-117.697453 35.865637 2.13
-117.694417 35.852262 2.1
-117.453613 35.608126 2.27
-117.728223 35.90839 2.29
-117.72255 35.894857 2.2
-117.728499 35.915503 2.4
-117.720557 35.911633 2.3
-117.504175 35.705265 2.73
-117.728288 35.897481 2.42
-117.732023 35.885303 2.21
-117.726562 35.897839 2.44
-117.597762 35.75201 2.11
-117.58881 35.776953 2.43
-117.563916 35.731018 2.13
-117.702417 35.892399 2.6
-117.69248 35.875085 2.65
-117.717098 35.899243 2.19
-117.547795 35.674784 2.87
-117.634619 35.817513 2.78
-117.614486 35.78549 2.73
-117.69869 35.875765 2.83
-117.580705 35.762362 2.99
-117.445256 35.606966 2.56
-117.477059 35.702596 2.76
-117.709521 35.910807 2.06
-117.484839 35.678186 2.04
-117.544743 35.754598 2.19
-117.438167 35.642472 2.92
-117.424495 35.8396 3.07
-117.687907 35.904785 2.82
-117.733309 35.894173 2.72
-117.722282 35.887781 2.37
-117.705078 35.875171 2.7
-117.513005 35.680001 2.8
-117.50472 35.705208 3.5
-117.594637 35.763875 2.38
-117.730216 35.938468 2.29
-117.616943 35.777551 2.25
-117.550993 35.711279 2.2
-117.727629 35.895174 2.43
-117.591195 35.77686 2.33
-117.463713 35.605485 2.6
-117.702913 35.893335 2.9
-117.71613 35.935726 3.19
-117.62028 35.786564 2.96
-117.542057 35.701331 2.87
-117.37605 35.5493 2.35
-117.480737 35.660067 2.67
-117.582902 35.754508 2.79
-117.707389 35.90966 2.03
-117.70061 35.860042 2.22
-117.757007 35.902311 2.32
-117.683049 35.862622 2.34
-117.61897 35.785612 2.4
-117.552116 35.713184 2.31
-117.464469 35.668827 2.51
-117.737378 35.944556 2.2
-117.681543 35.894409 2.4
-117.699943 35.902942 2.27
-117.645793 35.827946 2.75
-117.710002 35.915361 2.79
-117.726025 35.909119 2.38
-117.722249 35.913916 2.11
-117.330526 35.565397 2.4
-117.415959 35.541911 2.79
-117.708936 35.911426 2.73
-117.718066 35.918437 2.29
-117.690356 35.753699 2.61
-117.730721 35.893856 2.66
-117.726619 35.892603 2.2
-117.66543 35.873128 2.22
-117.476847 35.639132 2.65
-117.483439 35.677234 2.34
-117.598543 35.794255 3.06
-117.476587 35.657483 3.08
-117.699772 35.859086 2.06
-117.452336 35.612797 2.33
-117.677629 35.881173 2.26
-117.394832 35.601929 3.08
-117.374748 35.548263 3.19
-117.671688 35.87417 2.15
-117.427279 35.628947 2.62
-117.727856 35.893538 2.07
-117.627645 35.803092 3.14
-117.730046 35.88807 3.75
-117.730542 35.89327 2.69
-117.690723 35.910453 2.64
-117.681787 35.891671 2.35
-117.555347 35.707564 3.91
-117.470573 35.674361 3.68
-117.586654 35.765889 2.4
-117.505355 35.728658 2.63
-117.706478 35.863749 2.6
-117.508952 35.7007 2.72
-117.515007 35.725212 2.28
-117.729639 35.886222 2.13
-117.694808 35.876465 2.06
-117.673128 35.94246 2.59
-117.732796 35.89967 2.54
-117.504386 35.709387 2.2
-117.442131 35.619283 2.61
-117.729378 35.888949 2.57
-117.663135 35.825073 2.47
-117.705062 35.889473 2.7
-117.635286 35.826131 2.17
-117.707853 35.873051 2.07
-117.677555 35.895357 2.22
-117.732056 35.8863 2.09
-117.706437 35.909131 2.0
-117.720671 35.889823 2.19
-117.663908 35.851571 2.64
-117.725382 35.886621 2.59
-117.713623 35.92371 2.1
-117.718644 35.911849 3.62
-117.729427 35.888053 2.46
-117.702254 35.895886 2.3
-117.686971 35.911727 2.66
-117.525203 35.69386 2.49
-117.497664 35.716195 2.66
-117.736434 35.944523 2.29
-117.663118 35.830896 2.3
-117.62168 35.793774 2.7
-117.425749 35.677458 2.46
-117.672127 35.861405 2.56
-117.671574 35.838424 2.47
-117.493001 35.71803 2.4
-117.693376 35.864494 2.05
-117.722868 35.913912 2.63
-117.729411 35.895394 2.65
-117.524878 35.69139 2.76
-117.578703 35.751367 2.69
-117.567733 35.711792 2.74
-117.696924 35.905457 2.67
-117.541634 35.69139 2.52
-117.506405 35.710783 2.35
-117.679305 35.843233 2.29
-117.545988 35.674105 2.83
-117.517318 35.66748 2.13
-117.518115 35.666333 2.18
-117.686369 35.914054 2.01
-117.730534 35.899304 2.01
-117.696973 35.905754 2.49
-117.735954 35.896643 2.38
-117.430778 35.640092 2.32
-117.55 35.728621 2.16
-117.72972 35.890275 2.74
-117.701367 35.881384 2.15
-117.708 35.902242 2.22
-117.701855 35.896029 2.08
-117.3271 35.639347 3.42
-117.731356 35.896729 3.39
-117.597062 35.795626 2.77
-117.523438 35.669999 2.3
-117.731877 35.899589 2.7
-117.731641 35.899589 2.21
-117.40188 35.63302 3.51
-117.696208 35.925879 2.97
-117.617122 35.79812 2.19
-117.449683 35.642354 2.53
-117.722819 35.893319 3.23
-117.6587 35.831388 2.27
-117.437809 35.620504 2.64
-117.539844 35.718949 2.63
-117.486589 35.641097 4.56
-117.486076 35.680029 2.52
-117.751855 35.90061 2.58
-117.69882 35.863973 2.29
-117.731909 35.901078 2.36
-117.724813 35.902893 2.15
-117.635132 35.812284 2.83
-117.607967 35.776123 2.15
-117.488477 35.677625 3.08
-117.669466 35.873946 2.42
-117.721021 35.899418 2.12
-117.284049 35.976392 2.57
-117.734993 35.912923 2.48
-117.521712 35.690747 2.02
-117.713704 35.9026 2.3
-117.711768 35.921574 3.12
-117.409082 35.607853 3.22
-117.707593 35.897424 2.82
-117.563525 35.728923 2.38
-117.728923 35.8953 2.33
-117.507739 35.703109 3.42
-117.694548 35.870378 2.67
-117.737061 35.905237 3.04
-117.425602 35.645919 2.73
-117.513509 35.699593 2.64
-117.553735 35.732756 2.06
-117.534977 35.696537 2.28
-117.397469 35.601204 2.05
-117.68208 35.849646 2.05
-117.481022 35.657133 2.42
-117.585221 35.678288 3.3
-117.339461 35.544816 2.71
-117.696753 35.887773 2.01
-117.497607 35.659054 2.45
-117.523299 35.682389 2.28
-117.711898 35.893099 2.19
-117.325448 35.894743 2.01
-117.616276 35.784196 2.17
-117.727482 35.888289 2.12
-117.428768 35.63182 2.57
-117.724219 35.897717 2.28
-117.718717 35.924536 2.15
-117.388778 35.590922 2.01
-117.700252 35.884696 2.15
-117.6413 35.813888 2.05
-117.500399 35.666699 2.11
-117.60262 35.777999 2.43
-117.733521 35.895475 2.17
-117.703792 35.879749 2.18
-117.628646 35.792757 2.32
-117.717985 35.923022 2.34
-117.72985 35.886515 2.09
-117.443107 35.644739 2.12
-117.655876 35.832292 2.49
-117.439705 35.643217 2.39
-117.713306 35.919771 2.52
-117.439901 35.652612 2.76
-117.622632 35.786292 2.32
-117.725163 35.896346 2.37
-117.685693 35.931148 2.58
-117.685482 35.931657 2.66
-117.547542 35.679431 2.71
-117.73208 35.91049 2.51
-117.670207 35.861348 3.17
-117.394849 35.608667 4.09
-117.382414 35.551034 3.96
-117.718701 35.922876 2.6
-117.731722 35.899272 3.22
-117.694092 35.889355 2.9
-117.5368 35.736694 2.16
-117.356624 35.569906 3.03
-117.76849 35.913322 2.8
-117.255697 35.665194 3.0
-117.536344 35.688448 2.78
-117.719743 35.897058 2.03
-117.466488 35.675464 2.18
-117.550016 35.710417 2.5
-117.677637 35.847518 2.59
-117.637524 35.823324 3.1
-117.468099 35.674182 3.38
-117.709513 35.879545 2.17
-117.568197 35.736503 2.66
-117.722062 35.880127 3.41
-117.482259 35.658765 2.04
-117.644523 35.950968 2.37
-117.641007 35.941801 2.21
-117.74222 35.95127 2.25
-117.719979 35.899276 2.06
-117.547599 35.711324 2.06
-117.740055 35.910234 2.5
-117.488411 35.779785 2.97
-117.523022 35.733541 2.07
-117.613949 35.819491 2.13
-117.666943 35.828642 2.16
-117.734066 35.912187 2.81
-117.697575 35.866862 2.49
-117.705762 35.914734 2.56
-117.688436 35.924284 2.26
-117.544604 35.709644 2.74
-117.734131 35.911865 2.51
-117.454508 35.646619 2.49
-117.728931 35.897648 2.06
-117.646639 35.825578 2.71
-117.693473 35.901383 2.48
-117.452148 35.631091 2.02
-117.723999 35.91971 2.07
-117.721826 35.87325 3.07
-117.56792 35.748885 3.13
-117.570378 35.764132 2.19
-117.705387 35.869063 2.11
-117.635767 35.803988 3.59
-117.722201 35.883582 2.4
-117.582821 35.761873 2.34
-117.720581 35.898197 2.74
-117.582218 35.617379 3.53
-117.701343 35.894324 2.29
-117.738444 35.943994 2.95
-117.725757 35.901941 4.89
-117.715674 35.883158 4.46
-117.722697 35.898165 2.55
-117.739282 35.901961 4.49
-117.678434 35.960608 3.22
-117.731152 35.905452 3.0
-117.519824 35.670402 2.62
-117.728703 35.904378 2.13
-117.720972 35.874284 3.33
-117.725033 35.897201 3.57
-117.453524 35.655782 3.15
-117.713997 35.885343 3.51
-117.725781 35.89917 3.51
-117.723999 35.894702 2.1
-117.704842 35.902214 2.7
-117.432511 35.633496 2.38
-117.432389 35.63359 2.18
-117.702401 35.872201 3.24
-117.725203 35.911141 2.36
-117.713127 35.879012 2.54
-117.646981 35.861308 2.66
-117.463818 35.673608 2.69
-117.658927 35.822636 2.54
-117.703768 35.906262 2.13
-117.511971 35.571794 2.83
-117.328459 35.559688 2.34
-117.720133 35.874776 2.11
-117.727604 35.90072 2.57
-117.734058 35.913155 2.6
-117.679631 35.906095 2.09
-117.644987 35.826432 2.73
-117.712508 35.926237 2.02
-117.721037 35.891292 2.13
-117.582829 35.745846 2.27
-117.717684 35.885933 2.05
-117.594784 35.774858 2.27
-117.561287 35.718673 2.1
-117.510018 35.704456 2.03
-117.718953 35.889189 2.08
-117.487443 35.735543 2.52
-117.630037 35.802551 3.34
-117.579036 35.747319 2.79
-117.716878 35.889315 2.41
-117.716764 35.889221 2.47
-117.730208 35.913188 2.26
-117.711857 35.879651 3.41
-117.718132 35.893644 3.3
-117.424463 35.628825 2.44
-117.695215 35.905448 2.58
-117.579744 35.708618 3.07
-117.58387 35.79364 3.14
-117.70284 35.938269 2.91
-117.38741 35.560209 2.33
-117.722884 35.898226 2.68
-117.716333 35.873661 2.35
-117.289982 35.973836 2.58
-117.543416 35.736287 2.23
-117.470158 35.64163 2.42
-117.73042 35.907617 2.23
-117.663127 35.830042 2.07
-117.73033 35.90752 2.75
-117.709635 35.925004 2.49
-117.725643 35.898352 2.23
-117.716398 35.873136 2.35
-117.572656 35.76873 2.47
-117.617057 35.790747 2.39
-117.742513 35.861723 2.47
-117.530778 35.69613 2.42
-117.668872 35.831555 2.27
-117.703101 35.950403 3.08
-117.734888 35.884843 2.79
-117.682357 35.875553 3.0
-117.714591 35.928703 2.18
-117.716707 35.889107 2.07
-117.47474 35.667212 2.25
-117.707528 35.882992 3.75
-117.702222 35.948641 2.92
-117.638623 35.789046 3.24
-117.729411 35.903097 2.37
-117.470166 35.681425 2.22
-117.711182 35.920589 2.85
-117.525895 35.693217 2.82
-117.592603 35.726147 3.22
-117.740625 35.921391 2.61
-117.728589 35.935673 2.43
-117.445353 35.650968 2.97
-117.598617 35.766101 2.19
-117.569181 35.739514 2.72
-117.544425 35.697542 2.36
-117.538729 35.678467 3.09
-117.681714 35.914075 3.01
-117.726945 35.903723 3.43
-117.712842 35.881071 2.91
-117.692391 35.903121 2.07
-117.569604 35.73422 2.41
-117.704419 35.891626 2.84
-117.603613 35.883512 2.74
-117.691048 35.865295 3.2
-117.618009 35.783577 3.02
-117.73492 35.884391 2.2
-117.510612 35.570756 3.52
-117.727702 35.90061 2.72
-117.722559 35.894743 2.7
-117.735962 35.919165 2.04
-117.707861 35.881685 2.36
-117.687646 35.858582 2.38
-117.559505 35.733264 2.06
-117.714852 35.890674 2.0
-117.519686 35.679757 2.1
-117.591309 35.767513 2.32
-117.429061 35.619356 2.83
-117.454956 35.6505 2.42
-117.389364 35.562248 2.45
-117.398014 35.565658 2.47
-117.732707 35.913896 2.34
-117.717668 35.875671 2.33
-117.712533 35.879529 2.89
-117.691764 35.877759 2.73
-117.498755 35.701221 2.22
-117.624113 35.793856 2.28
-117.647518 35.830729 2.2
-117.715381 35.87863 2.88
-117.538354 35.730233 2.11
-117.69637 35.892403 3.23
-117.72627 35.897323 3.19
-117.727157 35.903101 2.25
-117.699064 35.927596 2.25
-117.546794 35.68807 3.21
-117.729801 35.902563 3.03
-117.476774 35.671847 2.36
-117.685107 35.952861 2.33
-117.450163 35.650358 3.53
-117.524748 35.719271 2.72
-117.727938 35.882145 2.0
-117.72137 35.879032 2.53
-117.735433 35.911963 2.71
-117.674601 35.895947 2.42
-117.346785 35.571741 2.59
-117.352401 35.558895 3.36
-117.705371 35.905965 2.29
-117.523242 35.684473 3.1
-117.556421 35.689294 2.33
-117.697274 35.882882 3.13
-117.351937 35.572319 3.82
-117.698437 35.884229 2.69
-117.733952 35.912211 2.95
-117.724976 35.926819 2.44
-117.694963 35.888737 2.46
-117.723006 35.88785 2.41
-117.550374 35.672904 3.4
-117.523551 35.588774 2.36
-117.696248 35.887992 3.19
-117.735547 35.919792 2.14
-117.726717 35.897168 2.98
-117.689657 35.881335 2.93
-117.469352 35.655884 2.12
-117.699788 35.873824 2.45
-117.682088 35.854911 2.12
-117.722583 35.895203 2.13
-117.704614 35.913574 2.02
-117.562679 35.730831 2.43
-117.362858 35.579529 4.04
-117.708976 35.920369 3.47
-117.672827 35.846741 2.6
-117.707788 35.864705 3.51
-117.697754 35.87216 2.11
-117.448576 35.649837 2.61
-117.520378 35.676282 2.61
-117.539307 35.720496 2.33
-117.587174 35.780876 2.26
-117.556372 35.732837 2.23
-117.52985 35.669096 2.5
-117.354867 35.561072 2.3
-117.719401 35.922909 2.28
-117.593888 35.768787 2.54
-117.73833 35.891931 2.54
-117.70835 35.869718 2.4
-117.667733 35.853438 2.69
-117.631136 35.818534 3.13
-117.649333 35.839144 2.78
-117.739705 35.892594 2.66
-117.752913 35.903084 2.47
-117.438696 35.9533 2.02
-117.394653 36.012817 2.18
-117.626668 35.80391 2.92
-117.702051 35.882479 2.56
-117.623088 35.793555 3.84
-117.730322 35.904305 2.89
-117.429582 35.637219 2.11
-117.706193 35.923523 2.84
-117.728198 35.900456 2.95
-117.699414 35.894128 2.56
-117.72631 35.899736 3.03
-117.660091 35.822795 2.01
-117.60616 35.782023 2.35
-117.559977 35.741459 2.43
-117.696232 35.865112 2.77
-117.700895 35.874373 2.9
-117.461336 35.644539 3.68
-117.725798 35.905485 2.46
-117.75695 35.564229 2.7
-117.710921 35.871285 2.35
-117.538452 35.682796 2.95
-117.694027 35.880603 2.02
-117.734644 35.885881 2.1
-117.733887 35.907247 2.04
-117.671493 35.897522 2.23
-117.664738 35.828186 2.31
-117.691349 35.879842 2.01
-117.704753 35.913481 2.38
-117.693579 35.867277 2.55
-117.727881 35.901624 2.57
-117.693058 35.886169 2.08
-117.505013 35.705131 2.8
-117.72972 35.900061 2.05
-117.587126 35.746529 2.06
-117.732642 35.909167 2.04
-117.464152 35.667452 2.09
-117.701758 35.925712 3.17
-117.704289 35.871688 2.18
-117.730046 35.903687 2.27
-117.729826 35.903223 2.29
-117.734554 35.894592 2.12
-117.449243 35.627401 2.02
-117.705981 35.910254 2.31
-117.361816 35.561857 2.21
-117.394604 35.572677 2.63
-117.514404 35.666073 2.39
-117.514201 35.665898 2.38
-117.687069 35.866288 2.07
-117.732178 35.911015 2.4
-117.473877 35.60321 2.3
-117.546094 35.720825 2.41
-117.732829 35.921456 2.15
-117.714608 35.909037 2.59
-117.726196 35.901839 2.18
-117.480632 35.645418 2.3
-117.697933 35.876583 2.72
-117.716813 35.887203 2.06
-117.551156 35.796045 2.1
-117.453662 35.62924 2.43
-117.742171 35.899121 2.18
-117.554435 35.714795 2.03
-117.501025 35.646436 2.49
-117.435075 35.568075 2.5
-117.718986 35.871708 2.19
-117.653979 35.933081 2.52
-117.473372 35.668441 2.22
-117.664909 35.83468 3.35
-117.506038 35.7045 2.71
-117.523519 35.65356 2.18
-117.469694 35.661764 2.42
-117.691919 35.860771 2.0
-117.542554 35.729036 2.07
-117.68501 35.86038 2.07
-117.642993 35.879451 2.38
-117.601733 35.612463 2.69
-117.725081 35.904936 2.47
-117.72784 35.889636 2.09
-117.607194 35.794401 2.13
-117.540047 35.73551 2.42
-117.723975 35.893701 2.1
-117.732625 35.895475 4.12
-117.37286 35.522778 2.95
-117.735213 35.896977 3.22
-117.73877 35.908118 2.52
-117.699504 35.8745 2.54
-117.680786 35.847257 2.9
-117.726286 35.886755 2.29
-117.559562 35.745943 2.27
-117.459188 35.621745 2.25
-117.717855 35.871334 2.32
-117.717619 35.885795 2.08
-117.364795 35.58547 2.42
-117.495785 35.673865 2.27
-117.726375 35.917708 2.44
-117.574186 35.762781 2.31
-117.717863 35.893778 2.03
-117.562516 35.749854 2.52
-117.572282 35.758101 2.47
-117.734473 35.896224 2.38
-117.737663 35.885954 3.48
-117.628703 35.789648 3.28
-117.546362 35.687341 2.42
-117.696143 35.887716 2.09
-117.429793 35.794812 2.33
-117.513151 35.699854 2.01
-117.664437 35.827974 2.0
-117.550106 35.68337 2.06
-117.735384 35.89585 2.59
-117.543311 35.736601 2.79
-117.651335 35.821733 2.59
-117.594564 35.7736 3.03
-117.706038 35.924837 2.52
-117.706584 35.867871 2.05
-117.721476 35.922815 2.03
-117.701042 35.868844 2.04
-117.513534 35.674227 2.04
-117.740487 35.945683 2.15
-117.695182 35.86897 2.35
-117.61757 35.794804 2.44
-117.717985 35.911357 2.34
-117.731698 35.89565 2.12
-117.574308 35.754504 2.76
-117.577938 35.758154 3.54
-117.705542 35.900073 2.6
-117.566797 35.719417 2.3
-117.551652 35.686108 2.09
-117.467228 35.66956 2.27
-117.69659 35.908915 2.16
-117.52714 35.687191 2.08
-117.548975 35.682886 2.37
-117.685848 35.865039 2.18
-117.716935 35.92441 2.36
-117.597201 35.775773 2.46
-117.392415 35.596602 2.44
-117.589754 35.817818 3.5
-117.664062 35.833382 2.35
-117.353092 35.559965 2.2
-117.547892 35.721285 2.29
-117.491903 35.714701 2.0
-117.537891 35.736149 2.68
-117.737069 35.888224 2.04
-117.664974 35.827494 2.47
-117.711922 35.908122 2.46
-117.431063 35.617952 2.97
-117.686825 35.874719 2.66
-117.690373 35.92382 2.82
-117.738102 35.894324 2.27
-117.368188 35.501286 2.24
-117.401815 35.887691 2.3
-117.642334 35.81438 2.73
-117.654663 35.907048 3.29
-117.353239 35.560339 2.05
-117.626701 35.790047 2.11
-117.364705 35.579183 2.21
-117.683732 35.850911 2.46
-117.5288 35.688912 2.4
-117.572575 35.761206 2.22
-117.691382 35.894568 2.26
-117.697957 35.871594 2.84
-117.356364 35.573962 2.4
-117.36259 35.573686 2.04
-117.591561 35.810718 2.31
-117.669613 35.857039 3.06
-117.728825 35.887231 2.29
-117.394303 35.602059 3.2
-117.526685 35.708183 2.95
-117.723413 35.934538 2.81
-117.594393 35.696407 2.17
-117.527132 35.707149 2.1
-117.58999 35.758647 2.21
-117.623861 35.790251 2.34
-117.341821 35.56495 2.07
-117.650448 35.821733 2.0
-117.72911 35.899951 3.22
-117.623592 35.828975 2.17
-117.468164 35.681763 2.26
-117.463737 35.670219 2.67
-117.705452 35.876314 2.98
-117.664958 35.861475 2.17
-117.635295 35.906352 2.45
-117.689494 35.852287 2.07
-117.709432 35.929354 4.5
-117.7118 35.92216 2.61
-117.509603 35.669092 2.67
-117.444979 35.607035 3.1
-117.625911 35.794356 3.05
-117.514396 35.704313 2.62
-117.559806 35.783435 2.03
-117.72596 35.894307 2.02
-117.719417 35.911186 2.02
-117.512679 35.652104 3.17
-117.698413 35.883577 2.82
-117.617065 35.922156 2.33
-117.563835 35.715153 2.4
-117.714494 35.879272 2.23
-117.696794 35.872005 2.79
-117.583594 35.759408 2.7
-117.381177 35.594564 2.63
-117.590584 35.921908 2.09
-117.557308 35.710038 2.92
-117.422738 35.588529 2.33
-117.472909 35.674194 2.59
-117.508211 35.67762 2.53
-117.635376 35.857479 2.56
-117.710474 35.924699 2.28
-117.668888 35.850667 2.23
-117.652165 35.833586 2.07
-117.694613 35.885885 2.26
-117.716211 35.889364 2.59
-117.441138 35.644666 2.25
-117.48606 35.675553 3.65
-117.573592 35.751575 2.48
-117.457715 35.651078 2.06
-117.600765 35.773938 2.35
-117.692521 35.902344 3.23
-117.683317 35.863558 3.43
-117.580558 35.756588 2.2
-117.606624 35.840226 2.32
-117.513802 35.671175 2.47
-117.432389 35.5493 2.88
-117.543783 35.698726 2.73
-117.728247 35.917192 2.06
-117.41604 35.588444 3.17
-117.686328 35.925061 2.47
-117.697445 35.868852 2.14
-117.47172 35.61346 3.64
-117.573934 35.78446 2.33
-117.543636 35.714811 2.0
-117.428678 35.622827 2.6
-117.674609 35.891671 2.85
-117.555542 35.683309 2.08
-117.476799 35.656738 2.31
-117.714095 35.919462 2.06
-117.488493 35.672347 2.55
-117.683057 35.870618 2.66
-117.707357 35.866414 2.51
-117.612956 35.787028 2.03
-117.716431 35.884009 2.1
-117.68846 35.926164 2.08
-117.68846 35.92511 2.23
-117.692969 35.89469 2.12
-117.70752 35.866703 2.31
-117.72002 35.889087 2.73
-117.698381 35.876213 2.32
-117.702995 35.867285 3.54
-117.703451 35.881661 2.78
-117.497607 35.645589 2.46
-117.693848 35.870943 2.4
-117.642 35.81556 2.59
-117.414128 35.610579 2.11
-117.702393 35.937264 2.82
-117.671908 35.842074 2.26
-117.720435 35.919779 2.33
-117.687174 35.866805 2.04
-117.530802 35.700053 2.06
-117.733317 35.896912 2.31
-117.483626 35.667143 2.45
-117.402197 35.79692 2.2
-117.57054 35.717472 2.1
-117.710498 35.88809 2.09
-117.430037 35.661112 2.36
-117.508244 35.7111 2.4
-117.563403 35.752901 2.23
-117.729907 35.909778 2.0
-117.664421 35.826615 2.0
-117.694295 35.880001 2.72
-117.600643 35.861519 2.36
-117.327157 35.567407 2.24
-117.47596 35.674618 2.22
-117.577743 35.754456 2.12
-117.744035 35.912252 2.79
-117.429639 35.645451 2.14
-117.566349 35.748702 2.05
-117.681966 35.875818 2.07
-117.633317 35.807646 2.61
-117.450513 35.627905 2.7
-117.677783 35.852397 2.02
-117.526831 35.69091 2.44
-117.692977 35.959774 2.41
-117.68986 35.905359 2.21
-117.752743 35.899479 2.24
-117.602946 35.795174 2.21
-117.524577 35.70859 2.64
-117.352539 35.572046 2.23
-117.602474 35.763216 2.05
-117.518538 35.655526 2.56
-117.743864 35.934965 2.79
-117.615487 35.786886 2.37
-117.61665 35.830253 2.16
-117.72373 35.885677 2.06
-117.696004 35.925688 2.16
-117.432267 35.632694 2.36
-117.688582 35.944755 2.29
-117.632804 35.820317 3.03
-117.700366 35.874638 2.49
-117.361995 35.811104 2.51
-117.63728 35.913582 2.08
-117.40284 35.603984 2.3
-117.702271 35.865959 2.33
-117.563298 35.75059 2.21
-117.424666 35.626412 3.12
-117.719889 35.88927 2.69
-117.534635 35.657056 2.42
-117.71473 35.915633 2.28
-117.717635 35.890275 2.24
-117.475431 35.686955 2.15
-117.615959 35.759273 2.53
-117.484766 35.671411 2.16
-117.516479 35.675895 2.74
-117.663802 35.835274 2.45
-117.410229 35.590824 2.08
-117.622127 35.792969 2.06
-117.35472 35.560583 2.2
-117.372078 35.59244 2.38
-117.689168 35.94377 2.52
-117.664388 35.83363 2.08
-117.425374 35.626469 2.16
-117.696916 35.8769 2.46
-117.735596 35.952958 2.13
-117.57592 35.75745 2.18
-117.715299 35.918441 2.19
-117.688346 35.850452 2.09
-117.635791 35.821924 2.04
-117.70992 35.894275 2.13
-117.546663 35.816626 2.35
-117.631706 35.818327 2.5
-117.625732 35.800667 2.79
-117.734098 35.895646 2.44
-117.523983 35.677563 2.09
-117.695304 35.866146 2.17
-117.729687 35.909424 2.09
-117.599146 35.779598 2.14
-117.473942 35.681034 2.08
-117.705859 35.89786 2.11
-117.461418 35.673507 2.3
-117.688208 35.898657 2.28
-117.726782 35.889132 2.25
-117.721322 35.879846 2.2
-117.711222 35.888538 2.19
-117.721582 35.880408 2.66
-117.512199 35.671509 3.3
-117.729134 35.91071 2.0
-117.462809 35.660775 3.04
-117.705933 35.871509 2.18
-117.703695 35.925362 2.17
-117.722225 35.881771 3.3
-117.656356 35.83055 2.23
-117.720451 35.880278 2.85
-117.597534 35.880086 2.87
-117.725163 35.93276 2.36
-117.724056 35.934005 2.77
-117.560343 35.653129 3.08
-117.724528 35.933801 2.42
-117.690422 35.905107 2.48
-117.725252 35.894092 2.84
-117.568644 35.716105 2.64
-117.735555 35.903674 3.46
-117.663208 35.847144 3.15
-117.40708 35.633285 2.14
-117.514355 35.661825 2.36
-117.573136 35.755058 2.17
-117.502759 35.675781 2.19
-117.565796 35.71191 2.83
-117.533626 35.698531 2.25
-117.704305 35.905196 2.03
-117.583927 35.762113 2.61
-117.557764 35.746407 2.06
-117.688509 35.888102 2.19
-117.713997 35.876807 2.72
-117.691634 35.852454 2.38
-117.693408 35.851632 2.55
-117.693571 35.867098 2.73
-117.717196 35.878023 2.05
-117.552083 35.694653 3.35
-117.577873 35.791536 2.42
-117.72832 35.892436 2.11
-117.698682 35.883219 3.19
-117.390535 35.590833 2.04
-117.71263 35.874931 2.3
-117.683065 35.92325 2.34
-117.700887 35.875081 2.06
-117.683236 35.923149 2.11
-117.392383 35.565694 2.35
-117.6979 35.931767 2.71
-117.659888 35.876331 2.31
-117.512638 35.672876 2.01
-117.702686 35.914429 2.33
-117.697233 35.87476 2.45
-117.646362 35.902291 2.05
-117.391553 35.60046 2.17
-117.674967 35.895646 2.84
-117.6 35.735999 2.36
-117.696143 35.847461 2.37
-117.679997 35.856685 2.43
-117.343343 35.583044 2.27
-117.482812 35.678463 2.25
-117.693522 35.876619 3.53
-117.386222 35.597746 3.32
-117.475374 35.65616 2.53
-117.504036 35.710018 2.08
-117.682788 35.85839 2.27
-117.683252 35.876607 2.44
-117.668449 35.833403 2.56
-117.545605 35.686397 3.37
-117.533748 35.701652 2.67
-117.696517 35.855094 2.02
-117.567521 35.748433 2.32
-117.409001 35.608293 3.16
-117.46521 35.665645 2.52
-117.487817 35.722164 2.11
-117.693783 35.906144 2.01
-117.691463 35.904631 2.6
-117.589795 35.776534 2.46
-117.701367 35.902759 2.5
-117.722217 35.8889 2.38
-117.672957 35.846651 2.0
-117.662769 35.844385 2.08
-117.530518 35.67736 3.06
-117.643994 35.825944 2.31
-117.733162 35.915072 2.46
-117.511108 35.562354 4.17
-117.371574 35.594116 3.46
-117.628638 35.801477 2.65
-117.697355 35.861381 2.03
-117.569743 35.780404 2.64
-117.710889 35.878674 3.51
-117.714299 35.884672 2.72
-117.710026 35.881287 2.31
-117.570199 35.745829 2.31
-117.68422 35.895272 2.09
-117.684741 35.894873 2.65
-117.732227 35.886857 2.97
-117.44126 35.642965 2.7
-117.511995 35.568669 2.71
-117.510864 35.570353 2.42
-117.704183 35.892342 2.02
-117.515715 35.57135 2.08
-117.711092 35.917472 2.33
-117.514819 35.5665 2.16
-117.543156 35.728898 2.28
-117.695589 35.862032 2.26
-117.701042 35.882361 2.41
-117.723071 35.879301 2.3
-117.556055 35.697843 2.75
-117.487386 35.680916 2.21
-117.49034 35.68016 2.01
-117.430477 35.631022 2.65
-117.589461 35.734554 2.31
-117.563525 35.726978 2.47
-117.729256 35.910376 2.18
-117.65944 35.85662 2.3
-117.429517 35.6368 3.07
-117.430786 35.550106 2.54
-117.549805 35.676717 2.02
-117.724243 35.878035 2.11
-117.362394 35.555269 2.63
-117.494922 35.664604 2.71
-117.351815 35.565417 3.02
-117.696436 35.876591 2.48
-117.440999 35.636654 2.53
-117.575334 35.712736 2.24
-117.707349 35.88276 2.33
-117.422729 35.632971 2.17
-117.596688 35.792725 2.67
-117.563664 35.662976 2.17
-117.491016 35.657397 2.21
-117.732235 35.916341 2.59
-117.661743 35.824585 2.4
-117.71783 35.91073 2.22
-117.707804 35.93536 2.21
-117.703003 35.908968 2.06
-117.44873 35.628292 2.17
-117.455282 35.661877 2.22
-117.615422 35.783207 3.07
-117.720166 35.87323 2.49
-117.740731 35.889701 2.19
-117.494775 35.691085 2.18
-117.724618 35.895695 2.22
-117.64755 35.813306 2.75
-117.585799 35.754712 2.05
-117.419564 35.619291 2.58
-117.714787 35.873157 3.98
-117.719995 35.869775 2.86
-117.715153 35.919401 2.26
-117.604419 35.776078 2.26
-117.735229 35.885022 2.22
-117.704338 35.869368 2.4
-117.735189 35.884403 2.24
-117.546322 35.68394 2.42
-117.540894 35.698348 2.23
-117.710864 35.873539 2.04
-117.470622 35.623116 2.52
-117.436466 35.565002 2.22
-117.729093 35.902498 3.9
-117.465552 35.634428 2.08
-117.719564 35.873295 2.25
-117.727645 35.902283 2.15
-117.728312 35.901782 2.26
-117.707983 35.899866 2.44
-117.71119 35.917554 3.27
-117.713403 35.871533 2.29
-117.568644 35.856807 2.06
-117.749089 35.905237 2.04
-117.699813 35.940007 2.25
-117.700586 35.938464 2.12
-117.559106 35.675439 2.17
-117.493254 35.719108 2.56
-117.606567 35.795467 2.66
-117.390389 35.595882 3.11
-117.660604 35.877946 2.06
-117.686605 35.889779 2.0
-117.725928 35.892696 2.07
-117.592855 35.779549 2.71
-117.547599 35.748474 2.74
-117.558968 35.721147 3.32
-117.447201 35.660404 2.06
-117.468229 35.604484 2.34
-117.720662 35.889421 2.92
-117.663192 35.85426 2.56
-117.72299 35.908858 2.12
-117.738843 35.908374 3.72
-117.552401 35.754199 2.76
-117.618896 35.786882 2.18
-117.673315 35.849036 2.35
-117.460148 35.601164 2.19
-117.45599 35.646195 3.87
-117.493579 35.675403 3.19
-117.54078 35.921513 2.1
-117.593579 35.902466 2.0
-117.698437 35.911548 2.71
-117.394759 35.558618 2.15
-117.727319 35.903337 2.24
-117.710767 35.913949 2.34
-117.574268 35.629651 3.28
-117.39856 35.565938 2.4
-117.725309 35.887903 2.27
-117.67631 35.89517 3.07
-117.667139 35.828866 2.15
-117.397909 35.566752 3.0
-117.500903 35.585836 2.06
-117.493042 35.579976 2.51
-117.712174 35.909469 2.48
-117.584147 35.781938 2.64
-117.726009 35.88842 2.51
-117.683268 35.853853 2.3
-117.504989 35.706368 2.11
-117.668693 35.834119 2.44
-117.706478 35.928845 2.11
-117.507959 35.701799 2.26
-117.734359 35.913306 2.38
-117.428011 35.638232 2.58
-117.580404 35.732711 2.76
-117.712305 35.87935 2.01
-117.729614 35.910221 2.13
-117.315918 35.545605 2.04
-117.456746 35.657426 2.33
-117.690023 35.879203 2.02
-117.507267 35.673466 2.43
-117.734831 35.885286 2.31
-117.712419 35.869348 2.36
-117.472371 35.672432 2.12
-117.678605 35.899931 3.03
-117.501847 35.660457 2.96
-117.716455 35.877881 2.07
-117.528646 35.693099 2.06
-117.753516 35.918652 2.16
-117.355965 35.574654 2.32
-117.343424 35.564579 2.03
-117.726294 35.89353 3.34
-117.515413 35.673551 2.32
-117.740511 35.909074 2.65
-117.727327 35.898275 2.8
-117.68759 35.883321 2.25
-117.685531 35.862651 3.47
-117.710189 35.87747 2.55
-117.346606 35.553129 2.45
-117.661865 35.835205 2.56
-117.725602 35.89563 3.3
-117.593644 35.759045 2.09
-117.386882 35.597807 2.17
-117.701945 35.904488 2.31
-117.701082 35.90483 2.19
-117.521362 35.671037 2.07
-117.404557 35.577165 2.15
-117.554102 35.7422 2.34
-117.48444 35.710441 2.14
-117.586174 35.770154 2.63
-117.62902 35.795516 2.08
-117.3736 35.551648 2.16
-117.734408 35.899829 2.7
-117.550065 35.642049 2.67
-117.725578 35.891838 2.29
-117.727588 35.902547 2.55
-117.596151 35.774414 2.18
-117.738981 35.923735 2.08
-117.72723 35.917708 2.87
-117.368652 35.554403 2.96
-117.68256 35.857829 2.22
-117.701937 35.904561 2.12
-117.570996 35.724679 2.52
-117.701823 35.904618 2.1
-117.530672 35.668209 2.47
-117.72006 35.913574 2.27
-117.404012 35.579663 2.49
-117.710946 35.888692 2.22
-117.380583 35.59366 2.56
-117.705151 35.881832 2.35
-117.633569 35.810799 3.06
-117.461206 35.62878 2.69
-117.736117 35.886401 2.22
-117.722705 35.870927 2.18
-117.460701 35.675326 2.58
-117.722111 35.915889 2.84
-117.480282 35.663888 2.13
-117.670003 35.873206 2.8
-117.53925 35.727083 2.37
-117.511898 35.692627 3.37
-117.421582 35.636263 2.35
-117.483748 35.679171 2.48
-117.611589 35.755949 2.29
-117.658984 35.82773 2.14
-117.691748 35.854557 2.55
-117.341423 35.598897 2.25
-117.73772 35.888611 2.5
-117.664461 35.828231 2.38
-117.66403 35.825513 2.05
-117.720866 35.873446 2.04
-117.55516 35.744385 2.1
-117.727995 35.898779 2.38
-117.717944 35.912447 2.89
-117.609009 35.720378 3.52
-117.465291 35.665922 2.17
-117.617472 35.789388 2.08
-117.317139 35.544954 2.04
-117.713599 35.912622 2.87
-117.732373 35.912972 2.93
-117.327222 35.558333 2.71
-117.673755 35.895805 3.13
-117.430526 35.637948 2.02
-117.73859 35.910579 2.13
-117.670614 35.873027 2.12
-117.690845 35.904659 2.13
-117.45835 35.659497 2.2
-117.734049 35.942082 2.44
-117.500382 35.711239 2.23
-117.460929 35.675358 2.42
-117.679826 35.894983 3.0
-117.548869 35.692546 2.34
-117.447624 35.650867 2.25
-117.658073 35.89163 2.11
-117.693164 35.864579 2.34
-117.291366 35.965776 2.58
-117.688151 35.935164 2.22
-117.695874 35.861072 2.24
-117.598649 35.780713 2.38
-117.419499 35.612211 2.18
-117.470483 35.641992 2.4
-117.668221 35.850142 2.07
-117.690202 35.861112 2.03
-117.492 35.655465 2.3
-117.589657 35.769706 2.24
-117.526815 35.707593 2.73
-117.689746 35.861601 2.1
-117.475073 35.678186 2.51
-117.725944 35.907031 2.06
-117.680835 35.876302 2.51
-117.682845 35.882532 2.53
-117.682039 35.873328 2.15
-117.552409 35.6724 2.15
-117.455282 35.625582 2.74
-117.443905 35.475 3.04
-117.696549 35.911792 2.19
-117.390658 35.597302 2.18
-117.29283 35.966964 2.02
-117.445003 35.61276 2.06
-117.379688 35.556734 2.17
-117.683228 35.849902 2.03
-117.730526 35.908455 2.09
-117.52194 35.654097 2.23
-117.498617 35.716744 2.86
-117.716895 35.9139 2.78
-117.579028 35.751192 2.24
-117.727726 35.900907 2.11
-117.531209 35.710396 2.11
-117.524325 35.654976 2.64
-117.718213 35.875545 2.05
-117.609163 35.753837 2.3
-117.555233 35.740515 2.29
-117.452913 35.633748 3.08
-117.376359 35.523767 2.19
-117.725741 35.987484 2.36
-117.683455 35.849377 2.38
-117.541024 35.679683 2.29
-117.720841 35.921549 2.06
-117.533561 35.595166 2.1
-117.691471 35.957064 2.45
-117.691423 35.956242 2.36
-117.502417 35.662732 2.13
-117.551042 35.719413 2.47
-117.680355 35.875712 2.01
-117.281592 35.980745 2.62
-117.708586 35.894332 2.34
-117.708626 35.868799 2.37
-117.70887 35.894881 2.37
-117.567106 35.747725 2.43
-117.436686 35.848808 2.28
-117.742578 35.801693 2.04
-117.456193 35.654163 2.6
-117.545174 35.728516 2.46
-117.513534 35.671598 2.29
-117.703906 35.87321 2.19
-117.703158 35.905155 2.71
-117.455526 35.650199 2.5
-117.552677 35.735795 2.39
-117.652458 35.826062 2.03
-117.719775 35.889189 2.48
-117.434871 35.644808 2.13
-117.505672 35.701322 3.71
-117.701969 35.873881 2.79
-117.589307 35.777091 3.24
-117.568001 35.742228 2.16
-117.572477 35.768229 2.05
-117.721281 35.874373 2.37
-117.727441 35.886287 2.93
-117.510555 35.704948 2.15
-117.551823 35.6941 2.18
-117.662435 35.87286 3.49
-117.714591 35.925989 2.05
-117.701481 35.875138 2.52
-117.448145 35.610352 2.41
-117.703939 35.906348 2.16
-117.679517 35.970638 2.32
-117.719735 35.887903 2.2
-117.61084 35.860498 2.48
-117.488892 35.669108 2.09
-117.602954 35.775517 2.07
-117.413696 35.615104 2.54
-117.664876 35.83127 4.5
-117.525049 35.675757 2.48
-117.694303 35.966353 2.11
-117.678923 35.867867 2.04
-117.67911 35.867346 2.03
-117.730282 35.908504 2.25
-117.659717 35.822184 3.5
-117.734676 35.942403 2.15
-117.567114 35.716695 2.04
-117.522249 35.684049 2.95
-117.420337 35.624369 2.58
-117.620898 35.780798 2.55
-117.728687 35.898108 2.01
-117.712533 35.884172 2.09
-117.56923 35.720166 2.56
-117.729085 35.934119 2.12
-117.53986 35.720325 2.04
-117.445093 35.639685 2.28
-117.54633 35.68079 2.41
-117.47041 35.664945 2.38
-117.735579 35.913436 2.07
-117.698088 35.908988 2.04
-117.450309 35.609501 2.48
-117.737378 35.904749 2.09
-117.684098 35.892029 2.48
-117.692765 35.891215 2.49
-117.590625 35.777563 2.16
-117.710148 35.836088 2.18
-117.563363 35.721342 2.43
-117.663599 35.830611 2.01
-117.711092 35.888733 2.0
-117.510832 35.665234 2.71
-117.724211 35.86617 2.28
-117.608781 35.730037 2.08
-117.669141 35.828361 3.47
-117.704565 35.871903 2.34
-117.574593 35.753837 2.33
-117.729012 35.915068 2.54
-117.545109 35.699959 2.4
-117.673755 35.82793 2.12
-117.672445 35.841162 2.55
-117.711548 35.871643 2.19
-117.724105 35.900232 2.11
-117.541455 35.696533 2.2
-117.527913 35.662358 2.21
-117.679102 35.877629 2.01
-117.453215 35.644572 2.04
-117.616414 35.774154 2.73
-117.43855 35.566069 2.0
-117.447819 35.648344 3.05
-117.591211 35.608866 2.07
-117.46071 35.611707 2.0
-117.329858 35.56071 2.41
-117.519409 35.683146 2.25
-117.334513 35.564307 2.57
-117.590649 35.766353 2.08
-117.400798 35.601742 2.14
-117.333268 35.563656 2.02
-117.510937 35.671549 3.42
-117.703906 35.896098 2.21
-117.675724 35.898149 2.18
-117.560994 35.74189 2.24
-117.635303 35.812215 2.22
-117.715316 35.883228 2.45
-117.678271 35.834916 2.48
-117.566121 35.743835 2.01
-117.721606 35.890238 2.81
-117.546338 35.843213 2.13
-117.449438 35.645785 2.7
-117.732747 35.913688 3.29
-117.47758 35.657442 2.5
-117.662476 35.847868 2.25
-117.420744 35.525399 2.22
-117.711393 35.948576 2.98
-117.398543 35.576233 2.18
-117.712402 35.925126 2.17
-117.457422 35.649467 2.21
-117.361344 35.584884 2.19
-117.563867 35.752722 2.41
-117.67277 35.916056 2.55
-117.670581 35.839473 2.43
-117.562598 35.723958 2.75
-117.529191 35.682426 2.22
-117.475798 35.602425 2.21
-117.721712 35.871411 2.0
-117.408431 35.607227 2.17
-117.459717 35.659745 2.04
-117.528467 35.737882 2.32
-117.526465 35.683024 2.39
-117.691382 35.958366 2.14
-117.578101 35.752767 2.08
-117.373714 35.548454 2.21
-117.714299 35.928052 2.28
-117.692904 35.872982 2.01
-117.58999 35.814705 3.6
-117.699023 35.900435 2.39
-117.399292 35.598661 3.24
-117.719385 35.911263 2.52
-117.464876 35.606453 3.64
-117.555086 35.713949 2.26
-117.707715 35.877478 2.01
-117.681071 35.885624 2.05
-117.620858 35.790735 2.1
-117.269816 35.965072 2.03
-117.665259 35.831669 2.24
-117.733659 35.912598 2.39
-117.723511 35.825195 2.01
-117.470874 35.652987 2.4
-117.496224 35.646106 2.23
-117.638647 35.824784 2.11
-117.477751 35.656018 2.83
-117.592074 35.72264 2.44
-117.726693 35.883382 2.44
-117.71123 35.94762 2.39
-117.512939 35.702352 2.18
-117.465828 35.614998 2.27
-117.504736 35.670113 2.7
-117.732227 35.91368 2.56
-117.717049 35.913908 2.11
-117.634188 35.805591 3.39
-117.658472 35.948625 2.35
-117.652799 35.827039 2.19
-117.687915 35.85308 2.24
-117.447868 35.669413 2.27
-117.721729 35.947994 2.2
-117.714355 35.878947 2.31
-117.377498 35.594116 2.54
-117.44222 35.678215 2.14
-117.666911 35.828597 2.1
-117.59519 35.750802 3.62
-117.479574 35.679757 2.48
-117.665942 35.84281 2.11
-117.693254 35.889563 2.78
-117.472542 35.671375 2.35
-117.71827 35.871155 3.36
-117.69707 35.887659 2.27
-117.526139 35.677429 2.12
-117.730851 35.913403 2.27
-117.440177 35.637781 2.31
-117.550269 35.674133 2.34
-117.594002 35.768852 2.46
-117.616284 35.783386 2.49
-117.597266 35.603137 2.11
-117.47561 35.675842 2.31
-117.535685 35.693709 2.26
-117.449341 35.894629 2.17
-117.548617 35.726408 2.12
-117.410913 35.569889 2.34
-117.573519 35.751017 2.02
-117.719271 35.908773 2.04
-117.700968 35.879769 2.12
-117.526237 35.677165 2.49
-117.713281 35.913757 2.02
-117.720223 35.873059 2.17
-117.433634 35.649093 2.23
-117.712964 35.925696 2.37
-117.545369 35.712455 2.32
-117.375602 35.594503 2.15
-117.376221 35.594389 2.22
-117.715706 35.909908 2.43
-117.521354 35.681641 2.25
-117.43348 35.645174 2.26
-117.385791 35.600675 2.14
-117.438224 35.566337 2.23
-117.732715 35.912406 2.44
-117.718994 35.895015 2.48
-117.602238 35.777596 2.38
-117.70603 35.907621 2.24
-117.705672 35.907145 2.23
-117.612663 35.575606 3.29
-117.723657 35.9085 2.06
-117.528711 35.700244 2.0
-117.528866 35.699788 2.52
-117.717969 35.919198 2.05
-117.740983 35.89731 2.02
-117.681893 35.894967 2.14
-117.608805 35.775366 2.89
-117.552197 35.709538 2.12
-117.525309 35.695394 3.12
-117.524878 35.693632 2.14
-117.708065 35.863863 2.42
-117.688086 35.855501 2.14
-117.675073 35.895406 2.39
-117.731771 35.914722 2.77
-117.404207 35.580514 2.28
-117.817594 35.495898 2.25
-117.442228 35.633862 2.0
-117.714722 35.918766 2.13
-117.400326 35.601949 2.39
-117.320972 35.539693 2.1
-117.577002 35.769063 4.52
-117.439722 35.563318 2.1
-117.706641 35.868123 2.55
-117.707039 35.868315 2.58
-117.397046 35.600366 2.04
-117.709367 35.890885 2.05
-117.701082 35.918327 2.34
-117.686784 35.866972 2.17
-117.519328 35.666821 3.45
-117.644979 35.819796 2.63
-117.686922 35.883667 2.0
-117.480859 35.69873 2.22
-117.542106 35.701298 2.73
-117.535994 35.738961 2.16
-117.368815 35.543949 2.25
-117.57557 35.75741 2.97
-117.342513 35.598324 2.47
-117.554272 35.722632 2.53
-117.702295 35.869971 2.38
-117.329517 35.567676 2.0
-117.602694 35.780391 2.46
-117.660734 35.836808 2.06
-117.422624 35.628357 2.37
-117.733317 35.914107 2.46
-117.37609 35.522701 2.33
-117.710547 35.91495 2.3
-117.487801 35.747945 2.02
-117.43348 35.647408 2.3
-117.563159 35.766777 2.22
-117.720744 35.877511 2.01
-117.653784 35.821033 2.65
-117.525684 35.727665 2.19
-117.484961 35.661841 2.13
-117.732251 35.914205 2.8
-117.692733 35.950366 2.5
-117.430607 35.627673 2.14
-117.475521 35.676697 2.19
-117.469417 35.601803 2.18
-117.704362 35.898686 2.35
-117.449479 35.645532 3.24
-117.685555 35.830444 2.5
-117.435824 35.644263 2.01
-117.726326 35.835864 2.1
-117.462166 35.664954 2.44
-117.722892 35.890914 2.06
-117.714657 35.904325 2.22
-117.710921 35.840035 2.14
-117.703743 35.929956 2.01
-117.691886 35.897021 2.03
-117.733447 35.9132 2.38
-117.7309 35.914856 2.28
-117.431844 35.619202 3.55
-117.433285 35.61945 2.36
-117.706014 35.910876 3.18
-117.643132 35.783423 3.44
-117.536475 35.691439 3.45
-117.740291 35.694112 2.86
-117.585173 35.754944 2.78
-117.710604 35.826864 2.02
-117.583586 35.766589 2.01
-117.700887 35.907328 2.78
-117.733138 35.913009 2.61
-117.643132 35.824943 3.0
-117.603621 35.783451 2.09
-117.693579 35.890385 2.23
-117.754484 35.934029 2.0
-117.469019 35.602197 2.58
-117.710262 35.925208 2.15
-117.731445 35.914518 2.19
-117.507918 35.705619 2.22
-117.352181 35.573458 2.12
-117.56189 35.692371 2.04
-117.63387 35.804862 2.0
-117.689445 35.935266 2.11
-117.689038 35.935653 2.31
-117.422689 35.677555 2.17
-117.759017 35.983598 2.06
-117.665723 35.85874 2.55
-117.666406 35.945866 2.19
-117.666276 35.946106 2.23
-117.554411 35.716366 2.0
-117.721086 35.915597 2.22
-117.476367 35.656474 2.11
-117.655859 35.868811 2.57
-117.714242 35.891199 2.56
-117.71368 35.890857 2.02
-117.34165 35.597278 2.77
-117.459342 35.675285 2.21
-117.573169 35.780448 2.17
-117.703817 35.950472 2.3
-117.484505 35.734668 2.03
-117.42509 35.675859 2.12
-117.478597 35.673975 2.59
-117.45813 35.746574 2.05
-117.52277 35.692069 2.0
-117.719621 35.917322 2.57
-117.719832 35.916907 2.13
-117.544881 35.678516 2.95
-117.592114 35.605754 2.27
-117.719019 35.873515 2.01
-117.721191 35.916654 3.06
-117.492456 35.683301 3.22
-117.728719 35.98363 2.6
-117.544352 35.694975 2.67
-117.680672 35.857707 2.04
-117.501799 35.664819 2.03
-117.426709 35.601339 2.19
-117.693172 35.871969 2.6
-117.515861 35.672286 3.06
-117.702604 35.93269 3.5
-117.579769 35.765556 3.12
-117.704956 35.931559 2.85
-117.702743 35.931905 3.05
-117.483659 35.963074 2.14
-117.691553 35.945805 2.17
-117.344149 35.569454 2.18
-117.547941 35.749727 3.45
-117.511027 35.672611 2.96
-117.608407 35.953398 2.26
-117.484839 35.677824 2.4
-117.558081 35.743506 2.29
-117.526261 35.682109 2.44
-117.734294 35.913277 2.75
-117.545719 35.680359 2.0
-117.469678 35.68175 2.0
-117.650732 35.78739 2.05
-117.466602 35.672026 2.17
-117.496989 35.720402 3.33
-117.514868 35.676416 2.86
-117.712061 35.876274 2.44
-117.734798 35.913464 3.47
-117.392122 35.560636 2.16
-117.687329 35.852856 2.52
-117.463363 35.658264 3.48
-117.460645 35.659326 2.65
-117.68016 35.908614 2.04
-117.554712 35.804533 2.79
-117.702783 35.927563 2.1
-117.517131 35.673197 2.24
-117.393522 35.60297 2.37
-117.427295 35.596484 2.04
-117.621541 35.795068 3.38
-117.682227 35.879411 2.01
-117.706527 35.86488 2.04
-117.593669 35.758708 3.15
-117.608838 35.634798 2.53
-117.455273 35.643921 2.35
-117.704915 35.862443 2.1
-117.733887 35.912919 2.23
-117.665153 35.878353 2.23
-117.591406 35.779972 2.07
-117.577694 35.626465 2.36
-117.718368 35.895931 2.53
-117.522689 35.690727 2.39
-117.513273 35.711405 2.32
-117.3889 35.600692 2.83
-117.435889 35.653666 2.03
-117.369328 35.54303 2.86
-117.623617 35.792896 2.28
-117.733976 35.912174 2.0
-117.554338 35.718583 2.31
-117.516195 35.681991 2.69
-117.720947 35.894946 2.18
-117.470825 35.662415 2.04
-117.594189 35.8059 4.15
-117.696379 35.861015 2.32
-117.731486 35.915369 2.64
-117.439616 35.566089 2.04
-117.706527 35.822176 2.16
-117.437598 35.61674 2.04
-117.338778 35.567371 3.49
-117.460929 35.612549 2.42
-117.711157 35.914681 3.22
-117.710807 35.913826 2.32
-117.449658 35.637956 2.01
-117.512972 35.672734 2.07
-117.687931 35.89939 2.73
-117.413232 35.613269 2.25
-117.728068 35.902747 2.07
-117.542993 35.696802 2.06
-117.700033 35.86993 2.03
-117.504281 35.680835 2.1
-117.515096 35.683899 2.14
-117.71639 35.872131 2.1
-117.380363 35.555973 2.13
-117.518864 35.698873 2.67
-117.666471 35.844434 2.41
-117.479761 35.646851 3.25
-117.481437 35.644226 2.4
-117.54305 35.70177 2.02
-117.716707 35.932381 2.35
-117.675732 35.832939 2.49
-117.486393 35.681498 2.07
-117.432609 35.632845 2.25
-117.450407 35.630094 2.33
-117.730941 35.915938 2.18
-117.716349 35.931868 2.34
-117.681787 35.881189 2.54
-117.526286 35.676969 2.26
-117.454069 35.628768 2.16
-117.694938 35.87463 2.72
-117.524308 35.680029 2.2
-117.746305 35.985417 2.16
-117.55109 35.741089 2.14
-117.69257 35.895597 3.26
-117.453434 35.633248 2.73
-117.537467 35.691081 2.12
-117.514111 35.568351 2.4
-117.691895 35.893713 2.0
-117.754883 35.903194 2.17
-117.668978 35.842025 2.02
-117.542497 35.730432 2.33
-117.426823 35.63136 2.04
-117.547062 35.692818 2.67
-117.416618 35.646818 3.29
-117.584123 35.657328 3.18
-117.520955 35.675195 2.76
-117.683252 35.897738 2.6
-117.727181 35.872013 2.63
-117.585075 35.763542 2.29
-117.712207 35.912195 3.6
-117.700195 35.908472 2.31
-117.441219 35.639722 2.0
-117.460457 35.613603 2.17
-117.71936 35.890084 2.1
-117.691699 35.895524 2.9
-117.393099 35.606897 2.12
-117.428052 35.632996 2.38
-117.40988 35.573165 2.92
-117.582837 35.753056 2.1
-117.710067 35.911466 2.58
-117.526042 35.738269 2.15
-117.7302 35.982222 2.55
-117.668669 35.838529 2.62
-117.492464 35.683228 2.27
-117.630599 35.79224 2.47
-117.578328 35.753499 2.57
-117.658952 35.821419 3.45
-117.700879 35.868628 3.3
-117.662899 35.85907 2.24
-117.512842 35.680998 2.89
-117.698324 35.918933 2.11
-117.550578 35.738949 2.02
-117.671411 35.826237 2.43
-117.717798 35.879602 2.05
-117.523527 35.671639 3.05
-117.731714 35.915405 2.13
-117.724097 35.891427 2.18
-117.376506 35.593945 2.06
-117.732731 35.892765 2.04
-117.424398 35.634648 2.5
-117.741943 35.890145 2.19
-117.469458 35.659261 2.03
-117.662093 35.907332 2.71
-117.635815 35.812561 2.47
-117.709074 35.875138 2.2
-117.407072 35.612805 2.36
-117.671395 35.849792 2.39
-117.466154 35.621749 2.05
-117.575448 35.767314 2.61
-117.729118 35.916089 2.1
-117.46709 35.604122 2.12
-117.428434 35.644039 2.3
-117.711198 35.871741 2.18
-117.592008 35.806852 2.29
-117.718343 35.92098 2.03
-117.44799 35.648218 2.31
-117.692098 35.853182 2.46
-117.692057 35.851603 2.77
-117.462923 35.642424 2.87
-117.423503 35.542424 2.15
-117.681917 35.891036 2.8
-117.746387 35.91735 2.12
-117.625985 35.8026 2.28
-117.327368 35.561796 2.11
-117.666911 35.828422 2.11
-117.542855 35.687577 2.0
-117.528695 35.654248 2.02
-117.684782 35.91108 2.32
-117.718245 35.926355 2.99
-117.682088 35.871167 2.63
-117.728662 35.916435 2.24
-117.360994 35.943583 2.01
-117.732161 35.889095 3.28
-117.328662 35.559578 2.04
-117.686572 35.897913 2.01
-117.707495 35.915035 2.5
-117.47478 35.629728 2.21
-117.422974 35.596387 3.59
-117.453792 35.646651 2.75
-117.707878 35.899569 2.41
-117.672795 35.84637 2.13
-117.511377 35.702421 2.48
-117.718229 35.889653 2.26
-117.414404 35.617004 2.09
-117.46849 35.656034 3.25
-117.728735 35.904024 2.48
-117.541219 35.686043 2.26
-117.592619 35.771883 2.01
-117.632064 35.818355 2.59
-117.476774 35.657178 2.16
-117.726831 35.918176 2.67
-117.706331 35.877653 2.68
-117.658472 35.832646 2.58
-117.464071 35.644686 2.19
-117.667204 35.833065 2.17
-117.521069 35.655632 3.19
-117.533936 35.675232 2.46
-117.543221 35.921977 2.2
-117.698006 35.939657 2.19
-117.69952 35.940824 2.97
-117.494043 35.666789 2.77
-117.677262 35.981734 2.02
-117.692139 35.879451 2.09
-117.624601 35.816402 2.05
-117.624951 35.793746 2.55
-117.473877 35.619657 2.38
-117.702376 35.90203 2.52
-117.620467 35.78337 2.03
-117.502962 35.676318 2.04
-117.524862 35.853703 2.11
-117.468001 35.638509 2.65
-117.691553 35.862431 2.27
-117.50612 35.704883 2.06
-117.376221 35.590267 2.22
-117.591016 35.815458 3.25
-117.485685 35.683419 2.03
-117.693685 35.924866 2.09
-117.649121 35.867851 2.4
-117.572754 35.722477 2.28
-117.539876 35.68877 2.07
-117.718669 35.875732 2.36
-117.707878 35.907133 2.05
-117.600098 35.777193 3.45
-117.690601 35.944478 3.79
-117.689364 35.936019 2.74
-117.692017 35.946021 2.03
-117.542749 35.745911 2.37
-117.281169 35.980754 2.09
-117.723242 35.94683 2.52
-117.678971 35.853984 2.72
-117.750822 35.93311 2.4
-117.556714 35.78748 2.44
-117.692065 35.943144 2.83
-117.725382 35.878255 2.11
-117.445467 35.649626 2.79
-117.554443 35.672713 2.0
-117.618042 35.783158 2.01
-117.512858 35.569287 2.8
-117.735018 35.88481 2.44
-117.67509 35.924048 2.76
-117.720972 35.918864 2.13
-117.625081 35.794377 2.17
-117.527254 35.686108 3.26
-117.649788 35.821171 2.8
-117.516813 35.673775 2.04
-117.455143 35.608598 2.5
-117.561711 35.789681 2.14
-117.550269 35.641435 3.38
-117.72373 35.889075 2.64
-117.676034 35.920793 2.36
-117.406787 35.544885 2.98
-117.490788 35.663806 2.41
-117.735075 35.915226 2.08
-117.499707 35.643591 2.18
-117.688232 35.907426 2.06
-117.710872 35.867969 2.73
-117.48326 35.656132 2.22
-117.535368 35.687292 2.52
-117.464543 35.677946 2.35
-117.699691 35.887569 2.04
-117.688965 35.852026 2.19
-117.66617 35.830257 3.93
-117.374308 35.547872 2.22
-117.38077 35.555111 3.41
-117.486442 35.6764 3.2
-117.674276 35.859969 2.26
-117.714119 35.915568 2.4
-117.701904 35.917513 2.1
-117.706323 35.866553 2.05
-117.723942 35.889779 2.31
-117.665267 35.82804 3.01
-117.356795 35.574019 2.47
-117.510303 35.671773 2.22
-117.348958 35.570756 2.76
-117.431755 35.633411 2.21
-117.538737 35.737679 2.05
-117.472778 35.964197 2.12
-117.687972 35.904915 2.16
-117.695874 35.890438 2.02
-117.739478 35.892139 2.42
-117.724471 35.858639 2.03
-117.530168 35.657414 2.11
-117.640544 35.802958 2.27
-117.469914 35.968351 2.1
-117.701961 35.905868 3.23
-117.525838 35.671261 2.16
-117.54965 35.688513 2.45
-117.547225 35.687838 2.47
-117.355111 35.657572 2.03
-117.732511 35.890084 2.54
-117.686963 35.934672 2.04
-117.684774 35.85481 2.1
-117.492863 35.66178 2.11
-117.552767 35.639046 2.3
-117.374585 35.54847 2.1
-117.683366 35.84753 2.24
-117.546842 35.733358 2.81
-117.441593 35.643221 2.64
-117.679883 35.978923 2.05
-117.463208 35.673979 2.48
-117.482772 35.666691 2.64
-117.436019 35.639412 2.39
-117.551619 35.685291 2.05
-117.729834 35.885673 2.68
-117.586597 35.753967 2.16
-117.49856 35.667712 3.11
-117.439128 35.616292 2.1
-117.484814 35.671301 2.2
-117.698844 35.900366 2.06
-117.528711 35.719157 2.5
-117.546102 35.688045 2.55
-117.444507 35.643083 2.06
-117.750822 35.903687 2.25
-117.699113 35.867969 2.49
-117.486076 35.730546 2.08
-117.734538 35.898059 2.29
-117.698682 35.900114 2.58
-117.523779 35.659949 2.58
-117.687606 35.859998 2.07
-117.554126 35.723145 2.16
-117.526147 35.659151 2.45
-117.712492 35.873812 2.21
-117.382487 35.60863 3.01
-117.474121 35.603715 2.23
-117.634595 35.905115 2.01
-117.541854 35.70507 2.37
-117.556217 35.690002 2.15
-117.634896 35.810933 2.53
-117.751449 35.903402 2.37
-117.605868 35.783028 2.35
-117.750863 35.904801 2.0
-117.729997 35.914107 2.13
-117.416292 35.64611 2.83
-117.270483 35.966642 2.81
-117.720614 35.874003 3.13
-117.73973 35.918359 2.26
-117.61748 35.784408 2.01
-117.355257 35.576046 2.54
-117.732446 35.892371 2.51
-117.589421 35.615816 2.45
-117.726611 35.885437 2.07
-117.542253 35.679024 3.09
-117.428532 35.631116 2.01
-117.740153 35.91875 2.68
-117.370882 35.547607 2.0
-117.723625 35.946004 3.19
-117.474463 35.603052 2.04
-117.61508 35.773649 2.35
-117.661768 35.915751 2.06
-117.709399 35.875895 3.55
-117.708976 35.874727 2.15
-117.650814 35.816707 2.18
-117.515072 35.711995 2.43
-117.579956 35.756185 2.15
-117.668856 35.867969 2.08
-117.680575 35.847673 2.09
-117.669067 35.869189 2.28
-117.566398 35.730127 3.15
-117.726335 35.894161 2.67
-117.424447 35.624089 2.24
-117.268457 35.964722 2.53
-117.546818 35.681612 2.05
-117.536906 35.684607 2.2
-117.36932 35.542712 3.4
-117.714209 35.897868 2.28
-117.552157 35.674939 2.34
-117.371883 35.546464 2.1
-117.488159 35.662012 2.59
-117.480762 35.644682 2.6
-117.368473 35.54917 2.01
-117.699951 35.887252 2.49
-117.438826 35.639453 2.59
-117.37133 35.547095 2.29
-117.694645 35.887122 2.05
-117.540999 35.694999 2.89
-117.61613 35.791268 2.4
-117.681665 35.978609 2.26
-117.398169 35.569857 2.5
-117.345483 35.548478 2.17
-117.442261 35.645406 2.08
-117.571126 35.707186 2.08
-117.592684 35.761556 2.19
-117.702051 35.907629 2.18
-117.346517 35.533301 2.73
-117.588631 35.760221 2.19
-117.347453 35.532556 2.29
-117.591789 35.7795 2.29
-117.568473 35.763448 2.71
-117.536662 35.681002 2.11
-117.353141 35.568563 2.08
-117.476953 35.68385 2.68
-117.457479 35.654801 3.5
-117.704191 35.890031 2.38
-117.556193 35.676961 2.13
-117.482707 35.676872 2.19
-117.387915 35.564172 2.0
-117.38776 35.564124 2.52
-117.427157 35.632141 2.25
-117.730005 35.903829 2.8
-117.645589 35.813668 2.11
-117.356584 35.533822 2.1
-117.681169 35.891667 2.13
-117.691732 35.867362 2.03
-117.61971 35.794767 2.46
-117.708317 35.910038 3.21
-117.708651 35.911572 2.01
-117.710848 35.874654 2.12
-117.723641 35.944714 2.95
-117.734106 35.898771 2.78
-117.47137 35.966695 2.02
-117.48759 35.659977 2.1
-117.431584 35.622306 2.61
-117.547795 35.726257 2.19
-117.434163 35.622026 3.55
-117.724601 35.913949 2.03
-117.522949 35.671021 3.26
-117.34541 35.592924 2.45
-117.740584 35.919336 2.16
-117.740666 35.918994 2.18
-117.552368 35.675012 2.06
-117.690137 35.898991 2.17
-117.567204 35.716886 3.07
-117.555998 35.688521 2.3
-117.689746 35.860681 2.05
-117.687174 35.924194 2.64
-117.590015 35.780668 2.42
-117.514722 35.682385 2.17
-117.670011 35.832813 2.27
-117.609269 35.855098 2.37
-117.586418 35.812988 2.03
-117.656169 35.907682 2.1
-117.372835 35.551876 2.67
-117.698503 35.93488 2.1
-117.547648 35.682694 2.02
-117.622005 35.954297 2.12
-117.718807 35.942399 2.45
-117.534676 35.680237 2.21
-117.385327 35.557642 3.02
-117.719141 35.942769 2.39
-117.689054 35.905575 2.44
-117.397282 35.600281 2.42
-117.53514 35.680481 2.43
-117.719425 35.943372 2.01
-117.373739 35.583691 2.85
-117.557015 35.741577 2.1
-117.688867 35.927775 2.02
-117.575179 35.762614 2.06
-117.597965 35.77439 2.61
-117.482267 35.659465 3.18
-117.585661 35.773206 2.03
-117.521842 35.691182 2.29
-117.542179 35.723157 2.25
-117.34554 35.548421 2.47
-117.686401 35.951754 2.07
-117.690552 35.885864 2.14
-117.502507 35.651265 2.01
-117.659318 35.839018 2.23
-117.700309 35.882279 2.18
-117.550301 35.677783 2.47
-117.648242 35.821615 2.29
-117.729159 35.885901 2.04
-117.702808 35.879057 2.32
-117.48313 35.670886 2.39
-117.611206 35.780176 2.29
-117.311922 35.540971 2.34
-117.679867 35.980998 2.09
-117.731958 35.912948 2.6
-117.404126 35.736133 2.2
-117.417407 35.589868 2.09
-117.68269 35.876925 2.16
-117.31687 35.998779 2.41
-117.504622 35.678772 3.83
-117.316976 35.998291 2.0
-117.625806 35.803328 2.48
-117.695052 35.855428 2.38
-117.695109 35.855363 2.4
-117.423942 35.621289 3.33
-117.680973 35.875472 2.66
-117.699015 35.935075 2.54
-117.727808 35.891162 2.88
-117.725635 35.891309 2.95
-117.564185 35.743005 3.04
-117.727962 35.892411 2.43
-117.681543 35.967147 2.33
-117.623283 35.796688 2.21
-117.677539 35.86886 2.78
-117.650838 35.83737 2.08
-117.731665 35.909473 2.1
-117.49694 35.668762 2.54
-117.438403 35.563534 2.04
-117.521061 35.693982 2.41
-117.542114 35.699736 2.55
-117.457031 35.657235 2.55
-117.580648 35.850085 2.14
-117.671436 35.85033 2.32
-117.451758 35.663074 2.01
-117.512834 35.672876 2.14
-117.73374 35.897131 2.54
-117.369718 35.525684 2.0
-117.686051 35.931905 2.18
-117.701131 35.895837 2.18
-117.496663 35.668616 3.52
-117.69012 35.869194 2.3
-117.301571 35.552136 3.81
-117.444759 35.64576 2.32
-117.655884 35.829028 2.14
-117.557764 35.676184 2.08
-117.564412 35.740942 3.04
-117.490503 35.670801 3.03
-117.688062 35.916675 2.94
-117.687028 35.915479 2.93
-117.603312 35.783598 2.43
-117.410164 35.666931 2.09
-117.540495 35.734981 2.22
-117.522583 35.878406 2.18
-117.40516 35.617208 2.04
-117.681828 35.875431 2.18
-117.415934 35.611031 2.23
-117.723739 35.944942 2.42
-117.587313 35.614278 2.4
-117.688053 35.915719 2.11
-117.733822 35.934285 3.2
-117.691577 35.945797 2.18
-117.691732 35.855562 2.07
-117.687646 35.862793 2.23
-117.691626 35.94467 2.1
-117.672949 35.914872 2.24
-117.473421 35.603731 2.23
-117.365934 35.534875 2.02
-117.709212 35.865108 2.17
-117.587777 35.77275 2.72
-117.345239 35.549064 2.09
-117.376774 35.689282 2.1
-117.476961 35.657043 2.14
-117.735588 35.91359 2.62
-117.356185 35.533378 2.08
-117.395833 35.598617 2.81
-117.695353 35.865576 2.43
-117.70061 35.938851 2.16
-117.448055 35.627047 2.06
-117.698429 35.909526 2.66
-117.472746 35.965544 2.42
-117.598258 35.775724 2.15
-117.576619 35.749382 2.07
-117.717505 35.876396 2.2
-117.641642 35.813949 2.62
-117.521704 35.65435 2.27
-117.69384 35.880973 2.28
-117.445654 35.64633 2.89
-117.505225 35.680204 2.36
-117.514038 35.710897 2.11
-117.626489 35.801933 2.09
-117.545483 35.68453 2.04
-117.300155 35.930908 3.15
-117.424723 35.629081 2.74
-117.424064 35.630607 2.78
-117.42876 35.629427 2.19
-117.60647 35.78527 2.32
-117.695182 35.889539 2.67
-117.394051 35.594108 2.08
-117.593384 35.613635 3.1
-117.269189 35.963399 2.14
-117.708455 35.880908 2.27
-117.738615 35.911112 2.41
-117.725382 35.878735 2.26
-117.654077 35.892419 2.03
-117.424927 35.626782 3.15
-117.542432 35.657463 2.06
-117.493132 35.661064 2.48
-117.460213 35.638916 2.05
-117.69257 35.854215 2.63
-117.641968 35.830501 2.05
-117.508569 35.680343 3.31
-117.685343 35.862126 2.1
-117.565438 35.744633 2.06
-117.469189 35.661414 2.78
-117.471851 35.964522 2.13
-117.714966 35.922803 2.09
-117.415812 35.589685 2.03
-117.477344 35.598637 2.04
-117.671663 35.948364 2.12
-117.692928 35.86401 3.2
-117.563338 35.743298 2.06
-117.473682 35.51733 2.37
-117.485905 35.679903 2.13
-117.462907 35.650671 2.03
-117.355485 35.533118 2.53
-117.440088 35.643754 2.54
-117.593701 35.693538 2.42
-117.498446 35.709851 2.31
-117.725977 35.878048 2.13
-117.562394 35.751567 2.28
-117.708724 35.868034 2.36
-117.311629 35.541101 2.44
-117.6677 35.909001 2.3
-117.702336 35.905363 2.03
-117.483439 35.667358 2.11
-117.466561 35.612297 2.07
-117.456787 35.924695 3.56
-117.682414 35.847709 2.17
-117.31766 35.550399 2.41
-117.548649 35.715397 2.92
-117.695426 35.947473 2.58
-117.713436 35.903337 2.05
-117.37675 35.590523 2.1
-117.414836 35.554765 2.45
-117.573145 35.713017 2.35
-117.688371 35.85061 2.11
-117.3677 35.989982 2.11
-117.417057 35.593848 2.35
-117.603149 35.774707 2.57
-117.728198 35.900419 2.67
-117.532935 35.684985 3.0
-117.728483 35.900525 2.18
-117.695508 35.927128 2.79
-117.49471 35.704199 2.8
-117.331112 35.559819 2.15
-117.702604 35.862272 2.14
-117.701424 35.86285 2.15
-117.507894 35.65249 2.55
-117.545247 35.727775 2.35
-117.670068 35.865409 2.25
-117.685465 35.894914 2.08
-117.34244 35.562524 2.4
-117.68575 35.896139 3.01
-117.502718 35.713371 2.68
-117.68973 35.855953 2.57
-117.722681 35.89316 2.04
-117.293921 35.962577 2.16
-117.697404 35.874316 2.53
-117.463778 35.65553 2.28
-117.672127 35.901302 3.17
-117.596232 35.686466 2.08
-117.689608 35.907076 2.13
-117.688997 35.899133 2.15
-117.532585 35.66025 2.09
-117.667139 35.899638 2.06
-117.570361 35.739591 2.83
-117.683561 35.893298 2.52
-117.750391 35.919088 2.35
-117.614933 35.783537 3.58
-117.673706 35.847697 2.96
-117.663688 35.838875 2.47
-117.534692 35.669938 2.24
-117.469645 35.620414 2.4
-117.692147 35.73914 2.21
-117.692692 35.949548 2.07
-117.52124 35.6717 2.86
-117.426335 35.624117 2.3
-117.541439 35.663395 3.11
-117.729704 35.890861 2.35
-117.446623 35.645715 2.14
-117.447192 35.645398 2.24
-117.687069 35.881405 3.16
-117.553182 35.685482 2.57
-117.717179 35.911764 2.09
-117.498999 35.670121 2.63
-117.728573 35.91025 2.3
-117.442651 35.578923 2.41
-117.677327 35.956136 2.27
-117.44069 35.691162 2.08
-117.71263 35.876282 2.06
-117.6788 35.959469 3.54
-117.434342 35.630688 2.34
-117.542472 35.685286 3.0
-117.723901 35.910925 2.34
-117.565568 35.754671 2.65
-117.677246 35.959562 2.49
-117.689038 35.86016 2.25
-117.368278 35.989364 2.56
-117.69978 35.93007 2.36
-117.508431 35.708724 2.21
-117.426099 35.624703 2.3
-117.649357 35.820178 2.72
-117.714486 35.88101 2.09
-117.550114 35.693872 2.45
-117.590177 35.706079 2.27
-117.694507 35.866972 2.6
-117.445776 35.660291 2.18
-117.454964 35.646558 2.35
-117.677352 35.850012 2.45
-117.707113 35.873413 2.18
-117.707316 35.872697 2.19
-117.541252 35.658211 2.01
-117.480859 35.676078 3.47
-117.479899 35.657039 2.05
-117.530257 35.725252 2.12
-117.577661 35.758313 2.48
-117.666886 35.861926 2.28
-117.683472 35.928235 2.12
-117.668758 35.92159 2.2
-117.494084 35.66119 2.16
-117.524967 35.693892 2.77
-117.702702 35.948556 2.57
-117.640617 35.823462 2.07
-117.511816 35.701326 2.41
-117.71071 35.871973 2.12
-117.537134 35.660347 2.8
-117.733952 35.919295 2.9
-117.637394 35.822782 2.19
-117.687964 35.953658 2.67
-117.698966 35.903735 2.07
-117.655778 35.806974 2.18
-117.347819 35.571541 3.49
-117.490373 35.651611 2.03
-117.703727 35.903548 2.17
-117.71241 35.926611 2.06
-117.601603 35.777983 2.01
-117.376717 35.589844 2.22
-117.707544 35.893656 2.1
-117.483049 35.680249 2.02
-117.707137 35.893693 3.46
-117.522168 35.719747 2.0
-117.491349 35.701904 3.55
-117.548405 35.684224 2.28
-117.397616 35.605758 2.04
-117.675545 35.872144 2.21
-117.717391 35.91875 2.13
-117.479468 35.6559 2.56
-117.416756 35.588684 2.01
-117.675553 35.850854 2.08
-117.357406 35.601188 2.0
-117.542773 35.728849 3.47
-117.690129 35.923767 3.0
-117.47915 35.678768 2.29
-117.413582 35.610661 2.33
-117.704533 35.888245 2.28
-117.586621 35.75533 2.46
-117.490365 35.683008 2.52
-117.719897 35.90343 3.12
-117.397111 35.842891 2.05
-117.504932 35.71224 2.31
-117.680941 35.960189 2.69
-117.407406 35.670833 2.18
-117.424186 35.54554 2.11
-117.46613 35.596037 2.19
-117.542204 35.663078 2.5
-117.495719 35.667594 2.1
-117.635701 35.821407 2.2
-117.59161 35.765304 2.02
-117.634261 35.817741 2.33
-117.636955 35.814954 2.88
-117.728117 35.888481 3.25
-117.454329 35.649622 2.01
-117.581934 35.777091 2.19
-117.70306 35.890226 3.33
-117.458081 35.649361 2.08
-117.554972 35.744446 2.19
-117.595264 35.859208 2.39
-117.521313 35.671183 2.48
-117.521232 35.671155 2.11
-117.732788 35.924068 2.52
-117.633944 35.811194 2.37
-117.702694 35.863859 2.67
-117.725415 35.893909 2.2
-117.656999 35.887032 2.84
-117.716512 35.891211 2.54
-117.705981 35.863806 2.0
-117.725602 35.889396 2.73
-117.716593 35.913285 2.7
-117.725342 35.890088 2.0
-117.584993 35.767159 2.43
-117.699333 35.961528 2.09
-117.722087 35.88901 2.04
-117.5736 35.722693 2.71
-117.696419 35.912573 2.39
-117.466707 35.684831 2.14
-117.676481 35.879549 2.66
-117.513411 35.663399 2.02
-117.519474 35.683577 2.52
-117.73147 35.895439 2.24
-117.520101 35.682023 2.11
-117.351799 35.885937 2.0
-117.430127 35.627633 2.22
-117.44388 35.629008 2.53
-117.657015 35.922408 2.04
-117.505916 35.680086 2.13
-117.697542 35.904439 3.96
-117.594491 35.821688 2.46
-117.689526 35.903145 2.36
-117.687882 35.908455 2.56
-117.68846 35.907365 2.88
-117.518799 35.68219 2.67
-117.536841 35.675736 2.17
-117.686768 35.902641 2.43
-117.726668 35.907703 2.09
-117.471322 35.678455 2.11
-117.666951 35.828434 2.21
-117.408057 35.582357 2.05
-117.4441 35.638566 3.56
-117.722803 35.946297 2.2
-117.722559 35.940735 2.0
-117.683219 35.945215 3.03
-117.51849 35.681852 2.1
-117.656071 35.805961 2.06
-117.587174 35.752543 2.13
-117.68798 35.893449 2.13
-117.702677 35.904842 2.25
-117.396069 35.564909 2.44
-117.438395 35.620931 2.11
-117.367879 35.545329 2.12
-117.444556 35.613082 2.05
-117.458716 35.609489 2.55
-117.707731 35.906954 2.56
-117.397974 35.569275 2.38
-117.637956 35.707292 2.06
-117.676229 35.942554 2.21
-117.700399 35.85273 2.06
-117.616309 35.786751 2.2
-117.720492 35.941581 3.03
-117.628662 35.828585 2.6
-117.432992 35.963993 2.05
-117.718986 35.873649 2.0
-117.402816 35.504753 2.13
-117.674447 35.873014 2.04
-117.390869 35.598718 2.04
-117.488338 35.66182 2.47
-117.3802 35.945431 2.33
-117.530225 35.660803 2.22
-117.369979 35.543205 2.26
-117.467741 35.673535 2.16
-117.551074 35.642277 2.76
-117.599674 35.769853 2.38
-117.59008 35.767322 2.66
-117.455656 35.613383 2.53
-117.54397 35.724093 2.54
-117.611157 35.788615 3.01
-117.494116 35.665039 3.08
-117.522729 35.680404 2.01
-117.706665 35.882332 2.65
-117.569466 35.622978 2.62
-117.596615 35.775777 2.56
-117.58147 35.775822 2.14
-117.68785 35.867224 3.44
-117.459351 35.636511 2.17
-117.388826 35.598779 2.51
-117.438859 35.641768 2.17
-117.728198 35.889555 2.63
-117.703825 35.907821 2.03
-117.708675 35.875122 3.81
-117.710392 35.876969 2.74
-117.521289 35.651066 2.55
-117.495703 35.642118 2.1
-117.729647 35.885453 2.1
-117.467928 35.679102 2.51
-117.531055 35.72467 3.23
-117.702726 35.8927 2.71
-117.481836 35.645386 3.24
-117.558626 35.767676 3.28
-117.678402 35.828845 2.52
-117.365047 35.54578 2.1
-117.681356 35.891337 2.26
-117.681608 35.878048 3.13
-117.682389 35.876868 3.56
-117.485881 35.96554 2.82
-117.509757 35.67111 3.2
-117.478499 35.637301 2.3
-117.457804 35.65022 2.02
-117.468929 35.624609 2.06
-117.355168 35.561153 2.85
-117.37391 35.588253 2.1
-117.694971 35.938725 2.3
-117.652067 35.827966 3.41
-117.456217 35.632365 2.14
-117.555355 35.678459 2.79
-117.557129 35.717725 2.02
-117.722168 35.908752 2.0
-117.55791 35.914388 2.11
-117.57784 35.762675 2.02
-117.782023 35.98151 2.92
-117.437744 35.635628 2.76
-117.601929 35.777771 2.26
-117.52911 35.671456 2.37
-117.527043 35.70811 2.02
-117.499642 35.654077 2.42
-117.518799 35.675171 2.18
-117.755981 35.9236 2.34
-117.752783 35.901416 2.19
-117.482365 35.66499 2.2
-117.726204 35.886845 2.58
-117.487305 35.644942 2.25
-117.437646 35.639697 2.0
-117.630933 35.940898 2.02
-117.558797 35.717082 2.03
-117.518717 35.666768 4.17
-117.499626 35.646537 2.67
-117.700342 35.863656 2.33
-117.464714 35.604594 2.24
-117.520475 35.666052 2.21
-117.460815 35.613285 2.89
-117.676489 35.980367 2.04
-117.436475 35.550033 2.35
-117.443392 35.606563 2.31
-117.446159 35.651229 2.21
-117.691642 35.864575 2.78
-117.483512 35.655489 2.33
-117.514217 35.567558 2.98
-117.506462 35.684241 2.19
-117.709391 35.911987 2.98
-117.46285 35.666654 3.14
-117.469727 35.67498 2.23
-117.456095 35.621 2.12
-117.457235 35.630286 2.49
-117.405802 35.669535 2.59
-117.47098 35.963717 2.24
-117.651367 35.826103 2.04
-117.535824 35.721594 2.68
-117.737809 35.910811 2.78
-117.517196 35.673812 2.83
-117.266943 35.961629 2.91
-117.704004 35.880444 2.17
-117.432389 35.617228 3.26
-117.485075 35.674512 3.62
-117.512044 35.569763 2.57
-117.47889 35.687362 2.4
-117.717554 35.887887 2.95
-117.697445 35.862708 2.03
-117.667082 35.971346 2.43
-117.656852 35.88798 2.19
-117.710669 35.873063 2.75
-117.427612 35.602091 2.18
-117.425643 35.60085 2.08
-117.684424 35.894482 2.53
-117.378304 35.669507 2.18
-117.70424 35.847091 2.04
-117.465202 35.606657 2.39
-117.720988 35.942773 3.51
-117.719165 35.941272 2.26
-117.693807 35.906726 2.31
-117.400033 35.847791 2.12
-117.266284 35.96217 2.38
-117.541056 35.732707 2.02
-117.675382 35.868433 2.67
-117.674406 35.867729 2.77
-117.717057 35.938656 2.37
-117.719189 35.873446 2.37
-117.475724 35.646053 2.29
-117.68291 35.932133 2.19
-117.459782 35.60968 2.3
-117.46757 35.677303 2.02
-117.723608 35.940597 2.5
-117.631209 35.808468 2.38
-117.550903 35.679 2.48
-117.267708 35.96307 2.67
-117.271883 35.968547 2.67
-117.267472 35.964559 2.17
-117.36993 35.539152 2.23
-117.644881 35.802214 2.07
-117.482015 35.645007 2.7
-117.434302 35.731498 2.37
-117.695589 35.891496 2.74
-117.437752 35.638289 2.7
-117.684285 35.936108 2.1
-117.716821 35.931685 2.03
-117.515885 35.681079 2.08
-117.375228 35.837915 2.01
-117.565299 35.749882 2.03
-117.460286 35.60813 2.85
-117.50708 35.671411 2.59
-117.567757 35.750724 2.3
-117.462093 35.659741 3.28
-117.564079 35.742867 2.24
-117.574162 35.698808 2.22
-117.435612 35.635055 2.0
-117.705802 35.898368 3.48
-117.705754 35.88949 2.41
-117.716984 35.878988 2.03
-117.354256 35.569625 2.12
-117.623136 35.810982 2.12
-117.629948 35.829704 2.6
-117.379533 35.946855 3.67
-117.534139 35.605054 2.24
-117.497241 35.711056 2.75
-117.412793 35.617419 2.29
-117.413118 35.616451 3.53
-117.416113 35.61827 2.4
-117.417074 35.617196 2.99
-117.37474 35.541378 2.61
-117.570036 35.723877 2.32
-117.3802 35.945577 3.52
-117.381746 35.94458 2.74
-117.381909 35.944014 2.32
-117.605916 35.785844 2.15
-117.433236 35.65931 2.37
-117.498958 35.66285 2.2
-117.386198 35.519963 2.32
-117.449829 35.637887 2.28
-117.646387 35.817098 3.14
-117.551904 35.742623 2.08
-117.378833 35.948002 2.51
-117.520882 35.737948 2.1
-117.38269 35.942806 2.49
-117.382812 35.94246 2.46
-117.381649 35.944495 2.04
-117.62216 35.795129 2.19
-117.378052 35.949308 2.04
-117.34681 35.585091 2.49
-117.518018 35.667208 2.11
-117.515031 35.670711 2.27
-117.681502 35.92948 2.71
-117.520101 35.692017 3.81
-117.667301 35.972343 2.16
-117.567407 35.748877 3.12
-117.745687 35.910962 2.1
-117.487467 35.718294 2.19
-117.503711 35.70579 3.53
-117.434041 35.664604 2.17
-117.336141 35.562415 2.05
-117.564185 35.742741 2.39
-117.466951 35.611922 2.23
-117.691276 35.936051 2.64
-117.476636 35.962406 3.06
-117.742432 35.866691 2.5
-117.455501 35.647282 2.03
-117.409408 35.630811 2.37
-117.476123 35.962158 2.54
-117.29987 35.77054 2.54
-117.351009 35.673096 2.14
-117.536019 35.777454 2.29
-117.723869 35.896505 2.23
-117.489258 35.589689 2.05
-117.382845 35.942558 2.32
-117.37841 35.948556 2.64
-117.379468 35.946936 2.14
-117.673145 35.854513 2.77
-117.507967 35.707564 2.43
-117.660978 35.912663 2.13
-117.352726 35.638607 2.05
-117.553971 35.683012 2.03
-117.743254 35.867131 2.06
-117.543783 35.700618 2.24
-117.636556 35.811772 2.47
-117.517041 35.68846 2.01
-117.590218 35.755269 2.34
-117.270573 35.948519 2.33
-117.546151 35.729097 2.66
-117.504419 35.662817 2.5
-117.52688 35.700598 2.41
-117.494482 35.66685 2.41
-117.488892 35.661027 2.0
-117.675602 35.894914 2.0
-117.696265 35.875655 2.48
-117.539689 35.693933 2.01
-117.720508 35.910645 2.1
-117.454419 35.666602 2.34
-117.740723 35.933818 2.96
-117.704305 35.951473 4.13
-117.3177 35.550419 3.02
-117.37666 35.539758 3.29
-117.69825 35.947986 3.64
-117.70577 35.952844 2.05
-117.48776 35.67109 2.12
-117.44576 35.674731 2.01
-117.377767 35.949955 3.09
-117.455705 35.623946 2.06
-117.606079 35.723153 2.36
-117.454712 35.640824 2.11
-117.610531 35.778658 2.03
-117.695809 35.872921 2.25
-117.409847 35.548962 2.19
-117.330485 35.559473 2.38
-117.352474 35.565002 2.46
-117.704631 35.953125 2.1
-117.54598 35.686446 2.49
-117.516724 35.680473 2.39
-117.707316 35.867094 3.05
-117.377173 35.941252 3.94
-117.724609 35.889864 3.26
-117.479549 35.904 2.02
-117.523031 35.697786 3.15
-117.376522 35.95022 2.37
-117.379199 35.948771 2.51
-117.377271 35.947921 2.66
-117.421818 35.673372 2.08
-117.42653 35.67454 2.0
-117.457829 35.603194 2.44
-117.704142 35.916813 2.04
-117.51189 35.701428 2.33
-117.59598 35.774341 2.31
-117.369637 35.549426 2.32
-117.4125 35.617476 2.0
-117.70096 35.901892 2.01
-117.412492 35.617851 2.76
-117.402563 35.514478 2.01
-117.387541 35.560608 2.29
-117.38894 35.745719 2.17
-117.463281 35.66886 2.12
-117.414575 35.587561 2.31
-117.742358 35.934928 2.38
-117.744173 35.933533 2.41
-117.523836 35.67395 2.46
-117.727832 35.912655 2.06
-117.516992 35.674988 2.09
-117.365739 35.548564 3.06
-117.527913 35.710319 2.81
-117.463949 35.607857 2.03
-117.380013 35.946582 2.05
-117.665959 35.84185 2.18
-117.596183 35.773417 2.27
-117.378776 35.947921 2.02
-117.450952 35.60918 2.03
-117.632308 35.805693 2.02
-117.46359 35.657658 2.04
-117.672274 35.850513 2.19
-117.461548 35.664119 2.74
-117.426261 35.620907 2.36
-117.410156 35.584294 2.01
-117.61512 35.570418 2.01
-117.443896 35.640161 2.07
-117.484049 35.662638 2.13
-117.697355 35.860026 2.41
-117.546606 35.70402 2.88
-117.531852 35.74882 2.06
-117.43881 35.636576 2.05
-117.513257 35.682992 2.1
-117.684839 35.92922 2.0
-117.69047 35.856311 2.01
-117.700187 35.94054 2.54
-117.699845 35.940523 2.09
-117.584253 35.635803 2.35
-117.582121 35.635555 4.9
-117.585075 35.635612 3.14
-117.605021 35.62478 2.83
-117.489315 35.72039 2.53
-117.602279 35.621684 2.43
-117.595654 35.598319 2.41
-117.589624 35.634941 2.09
-117.5059 35.706401 2.07
-117.531527 35.588212 2.27
-117.594897 35.630127 2.46
-117.628377 35.794629 2.42
-117.698055 35.939734 2.12
-117.638053 35.809696 2.26
-117.549202 35.6446 2.17
-117.483293 35.52454 2.77
-117.44423 35.639994 2.52
-117.481348 35.522693 2.2
-117.557617 35.718791 2.69
-117.590487 35.762459 2.25
-117.706885 35.866565 2.28
-117.34891 35.572375 2.22
-117.729761 35.888729 2.17
-117.344499 35.570662 2.59
-117.629175 35.829183 2.15
-117.448853 35.626318 2.33
-117.680306 35.875061 2.34
-117.482951 35.660905 2.12
-117.481014 35.668868 2.13
-117.445622 35.641345 2.01
-117.70682 35.926978 2.81
-117.568213 35.754411 2.03
-117.705086 35.929264 2.27
-117.742098 35.956376 2.85
-117.370247 35.541146 2.07
-117.545793 35.674532 2.48
-117.644897 35.822119 2.53
-117.573315 35.746541 2.38
-117.368009 35.548551 2.02
-117.414844 35.589124 2.34
-117.698861 35.897103 2.41
-117.517114 35.666805 2.03
-117.372396 35.54189 2.29
-117.426237 35.545235 2.09
-117.287223 35.991467 2.1
-117.287679 35.992094 2.03
-117.394149 35.602592 2.07
-117.633529 35.809562 2.23
-117.634595 35.811743 2.28
-117.475863 35.962077 2.25
-117.699211 35.864067 2.01
-117.522119 35.686869 3.05
-117.546859 35.63234 2.51
-117.666479 35.834875 2.1
-117.498112 35.658565 2.01
-117.588102 35.762207 2.5
-117.532397 35.680762 2.08
-117.71993 35.915942 2.6
-117.673088 35.823344 2.17
-117.455786 35.642985 2.07
-117.566903 35.7526 3.19
-117.715397 35.933952 2.22
-117.562118 35.723226 2.52
-117.537345 35.663033 2.8
-117.667928 35.839445 2.34
-117.705225 35.929891 2.46
-117.539901 35.663493 2.34
-117.477165 35.670882 2.21
-117.527165 35.679313 2.43
-117.528866 35.693144 2.7
-117.351807 35.572815 2.24
-117.486532 35.586178 2.21
-117.553158 35.707056 2.07
-117.475602 35.669491 2.96
-117.573332 35.784387 2.92
-117.575562 35.757361 2.18
-117.725505 35.943416 2.03
-117.476562 35.746134 2.04
-117.685628 35.86685 2.54
-117.542977 35.653113 2.55
-117.555762 35.689827 2.36
-117.718953 35.902157 2.17
-117.68973 35.861963 2.63
-117.48619 35.679134 2.04
-117.704085 35.864364 2.27
-117.531559 35.725081 2.28
-117.523592 35.717273 2.06
-117.478084 35.669853 2.15
-117.681982 35.848328 2.05
-117.667204 35.97404 2.33
-117.611825 35.787541 2.11
-117.371981 35.947168 3.83
-117.402604 35.596057 2.8
-117.739632 35.89502 2.24
-117.703491 35.862195 2.03
-117.651432 35.869527 2.23
-117.680892 35.875712 2.9
-117.686344 35.864596 2.9
-117.497469 35.645577 2.3
-117.426912 35.632788 3.05
-117.68728 35.933761 3.04
-117.696647 35.925798 2.01
-117.52133 35.654976 2.36
-117.718709 35.911629 2.38
-117.699471 35.895723 2.29
-117.588761 35.742188 2.01
-117.545711 35.680892 2.11
-117.470638 35.6651 2.52
-117.587744 35.764547 2.21
-117.670166 35.912272 3.09
-117.410628 35.605688 2.3
-117.63488 35.894918 3.1
-117.468823 35.649495 2.13
-117.563672 35.706685 2.21
-117.425244 35.596309 2.83
-117.711719 35.915743 2.0
-117.654631 35.910738 2.16
-117.395898 35.562793 2.3
-117.715291 35.934778 2.12
-117.65166 35.816508 2.13
-117.728442 35.962231 2.38
-117.583984 35.769747 2.0
-117.453784 35.647209 2.33
-117.428898 35.644071 2.02
-117.503898 35.693783 2.02
-117.552059 35.71241 2.19
-117.693604 35.952494 2.37
-117.591341 35.70979 2.71
-117.572762 35.7078 2.31
-117.53269 35.696098 3.27
-117.515975 35.683541 2.15
-117.709139 35.912443 2.0
-117.562703 35.675521 2.51
-117.69161 35.944495 2.05
-117.728394 35.96097 2.42
-117.471053 35.980619 2.37
-117.71613 35.876082 2.3
-117.710132 35.924691 2.16
-117.695947 35.899125 2.08
-117.441081 35.643888 2.33
-117.512996 35.673104 2.16
-117.373006 35.523596 2.96
-117.524251 35.72533 2.03
-117.541146 35.689246 2.28
-117.543953 35.688782 3.48
-117.70909 35.92594 2.14
-117.697453 35.935002 3.22
-117.348201 35.58359 2.8
-117.502669 35.680697 2.36
-117.449837 35.92181 2.29
-117.625635 35.814856 2.03
-117.512459 35.67581 2.1
-117.616219 35.792338 2.69
-117.599927 35.784363 2.19
-117.567952 35.628467 2.14
-117.703035 35.946041 2.15
-117.460457 35.615234 2.03
-117.609326 35.786926 2.26
-117.692537 35.879785 2.45
-117.426286 35.599951 2.76
-117.706698 35.91414 2.29
-117.33055 35.558704 2.21
-117.669523 35.978463 3.08
-117.715527 35.922087 2.14
-117.428703 35.626156 2.71
-117.427987 35.625895 2.59
-117.702962 35.871448 2.29
-117.594434 35.63479 2.25
-117.670378 35.979944 3.48
-117.722616 35.88809 3.3
-117.645964 35.823324 2.28
-117.658862 35.906596 2.61
-117.667139 35.916899 2.69
-117.320288 35.556091 2.43
-117.315259 35.996411 2.07
-117.672884 35.97876 2.54
-117.672933 35.979488 2.21
-117.511328 35.683085 2.66
-117.361637 35.538883 2.3
-117.513257 35.671956 2.17
-117.448999 35.966203 2.55
-117.676701 35.954761 2.36
-117.67535 35.969238 2.18
-117.480526 35.646265 2.3
-117.314242 35.950338 2.04
-117.677547 35.852002 2.2
-117.495898 35.972481 2.21
-117.489388 35.654488 2.55
-117.619515 35.784106 2.77
-117.486401 35.661458 2.99
-117.450529 35.649386 2.42
-117.669596 35.928402 2.86
-117.380713 35.592485 2.97
-117.486564 35.724862 2.29
-117.50284 35.680945 2.21
-117.467985 35.68549 2.28
-117.678743 35.853748 2.1
-117.692244 35.944259 2.01
-117.60009 35.77408 2.43
-117.462988 35.648079 2.01
-117.701204 35.864181 2.02
-117.577393 35.78383 2.32
-117.500179 35.682271 2.42
-117.467301 35.646265 2.35
-117.679264 35.877966 2.18
-117.557243 35.689355 2.14
-117.526082 35.664376 2.19
-117.69423 35.908333 2.01
-117.579517 35.765938 3.03
-117.696436 35.86381 2.01
-117.459806 35.613708 2.12
-117.4087 35.621899 2.53
-117.429671 35.623804 2.4
-117.545931 35.733248 2.17
-117.45988 35.614726 2.93
-117.456535 35.653251 2.04
-117.373291 35.593494 3.41
-117.348747 35.981632 2.44
-117.552018 35.693331 2.55
-117.736149 35.914689 2.13
-117.530583 35.690002 2.14
-117.32382 35.559941 2.14
-117.682267 35.861043 2.32
-117.687972 35.930827 2.06
-117.696143 35.93571 2.36
-117.487459 35.624243 2.16
-117.704826 35.900952 2.05
-117.497534 35.666097 3.64
-117.427563 35.62913 2.5
-117.696419 35.93606 2.14
-117.520231 35.677869 2.38
-117.510099 35.701367 2.19
-117.528516 35.725627 2.67
-117.541829 35.681946 2.01
-117.600985 35.613729 3.02
-117.738354 35.917875 2.15
-117.591284 35.767879 2.04
-117.605729 35.693009 2.1
-117.538932 35.69093 2.07
-117.683317 35.914518 2.91
-117.685368 35.914884 2.37
-117.506665 35.671407 2.66
-117.709285 35.903516 2.35
-117.70979 35.904049 2.18
-117.446191 35.92015 2.0
-117.574382 35.744771 2.32
-117.718506 35.925374 2.88
-117.657463 35.907393 2.17
-117.475513 35.685673 2.86
-117.713957 35.930347 2.62
-117.586711 35.75929 2.25
-117.704061 35.901843 2.06
-117.7045 35.930278 2.57
-117.42321 35.596232 2.36
-117.429655 35.630107 2.23
-117.598193 35.776001 2.38
-117.403947 35.669177 3.61
-117.508537 35.744137 2.88
-117.437826 35.669779 2.42
-117.438184 35.662374 2.42
-117.701229 35.945125 2.45
-117.538957 35.724064 2.35
-117.694035 35.90651 3.0
-117.337451 35.568278 2.05
-117.641113 35.808122 2.1
-117.488558 35.954549 2.56
-117.693726 35.948047 2.09
-117.3368 35.567249 2.01
-117.549805 35.716256 2.24
-117.628394 35.810168 2.08
-117.521362 35.673735 3.17
-117.502791 35.680461 3.69
-117.430493 35.631555 2.17
-117.429598 35.633118 2.26
-117.689315 35.902559 2.17
-117.441243 35.644198 2.0
-117.592017 35.768457 2.1
-117.703662 35.94718 3.08
-117.704679 35.94978 2.66
-117.72474 35.895109 2.45
-117.460368 35.61366 2.08
-117.70245 35.870268 2.96
-117.42325 35.634428 3.8
-117.404354 35.599674 2.04
-117.651562 35.824609 2.08
-117.419979 35.586812 2.44
-117.674561 35.853992 3.21
-117.445589 35.659692 2.81
-117.596021 35.774988 2.02
-117.626034 35.803442 2.46
-117.702832 35.945992 2.48
-117.522461 35.696696 2.07
-117.67998 35.877136 2.97
-117.584334 35.60297 2.33
-117.623804 35.793547 3.55
-117.625879 35.822538 2.48
-117.704663 35.949638 2.05
-117.525505 35.788627 2.42
-117.70485 35.950061 2.13
-117.534652 35.675977 2.89
-117.453092 35.650313 2.34
-117.56106 35.718368 2.39
-117.615568 35.581295 2.64
-117.375155 35.545475 2.69
-117.678141 35.944035 2.51
-117.623356 35.794019 2.76
-117.40603 35.540304 2.11
-117.365959 35.594141 3.48
-117.436491 35.571476 2.6
-117.434733 35.610217 2.21
-117.432552 35.536389 2.19
-117.692285 35.880843 2.07
-117.734351 35.913212 2.39
-117.55188 35.749141 2.11
-117.530868 35.704321 2.25
-117.424658 35.633317 2.57
-117.468978 35.659147 3.08
-117.69174 35.880107 2.11
-117.40498 35.99471 3.46
-117.667668 35.899569 2.09
-117.626481 35.80568 2.94
-117.68339 35.913989 2.28
-117.286157 35.965023 2.11
-117.425854 35.545671 2.04
-117.464567 35.67371 2.27
-117.535124 35.664197 2.02
-117.521029 35.652401 2.04
-117.558757 35.741012 2.69
-117.414844 35.588314 2.06
-117.536792 35.680766 2.48
-117.452466 35.615698 2.06
-117.460734 35.612846 2.28
-117.611198 35.784912 4.47
-117.513867 35.675366 3.6
-117.423486 35.546106 2.76
-117.651367 35.825122 2.03
-117.69113 35.861491 2.22
-117.691585 35.8809 3.05
-117.450309 35.643433 2.12
-117.588737 35.778442 2.65
-117.480233 35.634831 2.28
-117.391341 35.568844 2.13
-117.624105 35.794649 2.45
