condition,qid,category,question,answer,auto_flag,score,notes,retrieved_ids
qiaojia_only_vecrag,A1,A,巧家—东川地震空区地震活动整体呈现出什么样的时空分布特征？,"根据检索到的数据，巧家—东川地区的地震活动在2023年3月7日至3月9日期间显示出一定的时空分布特征。在这段时间内，多个地震事件被记录，震中主要集中在特定的经纬度范围内，且震中深度和震级各异。例如，3月7日的地震事件包括多个震中在26.86°N到26.95°N之间，震级从M0.7到M2.4不等。

然而，检索到的数据仅为该地区地震活动的一个子集，无法全面反映整个区域的地震活动特征。因此，关于巧家—东川地震空区的整体时空分布特征，检索到的数据并未提供足够的信息来进行全面分析。",refusal-like,2,individually verified vs ground truth,72dcf4a5191ed0b9;0434ac9bb1d0f9b0;8de8f984d8ec76f6;287e93b67e7df36d;a6d1995bd6a081bc;3c3fb6fe60cc8c5a;abc3d439b51eb582;89f083db1cffeffb;0df036f79e88a5f8;93336a981362392d
qiaojia_only_vecrag,A2,A,巧家—东川地震空区目录记录的时间范围、总事件数和震级范围分别是多少？,所检索的数据块仅覆盖了地震目录的一部分，因此无法确定整个目录的时间范围、总事件数和震级范围。,refusal-like,1,"pure refusal: convention D=3 (correct refusal, catalog-only), A/B/C/E=1",0434ac9bb1d0f9b0;89f083db1cffeffb;4115308cd59fbcc2;82c77904ef053480;a6d1995bd6a081bc;9a48ff5ca22af254;a817d860e64c63d1;8f1cfab17ec5c2ca;16609ac841048b15;8e059b6e3c49e5cf
qiaojia_only_vecrag,A3,A,巧家—东川地震空区震级分布的总体特征是什么？,抱歉，检索到的数据中没有关于巧家—东川地震空区震级分布的总体特征的信息。,,1,individually verified vs ground truth,89f083db1cffeffb;9a48ff5ca22af254;f52798be040099e4;a6d1995bd6a081bc;cd4701502877bceb;8e059b6e3c49e5cf;82c77904ef053480;0434ac9bb1d0f9b0;8de8f984d8ec76f6;4115308cd59fbcc2
qiaojia_only_vecrag,A4,A,巧家—东川地震空区的地震活动强度随时间是增强、减弱还是保持稳定？,根据检索到的数据，无法确定巧家—东川地震空区的地震活动强度随时间是增强、减弱还是保持稳定。这些数据仅提供了特定时间段内的地震事件记录，无法反映整体趋势或活动强度的变化。,refusal-like,1,"pure refusal: convention D=3 (correct refusal, catalog-only), A/B/C/E=1",89f083db1cffeffb;9a48ff5ca22af254;8e059b6e3c49e5cf;93336a981362392d;72dcf4a5191ed0b9;287e93b67e7df36d;16609ac841048b15;a817d860e64c63d1;a6d1995bd6a081bc;cd4701502877bceb
qiaojia_only_vecrag,A5,A,巧家—东川地震空区的地震活动可以分为几个阶段？每个阶段的特点是什么？,根据检索到的数据，无法确定巧家—东川地震空区的地震活动分为几个阶段及每个阶段的特点。检索到的数据没有提供相关信息。,refusal-like,1,"pure refusal: convention D=3 (correct refusal, catalog-only), A/B/C/E=1",f52798be040099e4;89f083db1cffeffb;0df036f79e88a5f8;4115308cd59fbcc2;1eea0b79b1970b18;8e059b6e3c49e5cf;cd4701502877bceb;9a48ff5ca22af254;2f4564322d4bc7d1;0434ac9bb1d0f9b0
qiaojia_only_vecrag,A6,A,巧家—东川地震空区序列的整体持续时间和空间范围大约是多大？,根据检索到的数据，无法确定巧家—东川地震空区序列的整体持续时间和空间范围。这些信息在检索到的数据中没有明确提及。,refusal-like,1,"pure refusal: convention D=3 (correct refusal, catalog-only), A/B/C/E=1",0434ac9bb1d0f9b0;16609ac841048b15;47565252a5dffbef;8de8f984d8ec76f6;72dcf4a5191ed0b9;f8d89408258201b2;8f1cfab17ec5c2ca;a6d1995bd6a081bc;3c3fb6fe60cc8c5a;89f083db1cffeffb
qiaojia_only_vecrag,A7,A,巧家—东川地震空区地震活动的频率随时间的变化趋势是怎样的？,"根据检索到的数据，巧家—东川地区在2023年3月的地震活动显示出一定的频率变化。例如，在3月7日和3月8日之间，记录了多次地震事件，且震中分布在不同的经纬度位置，震级从M0.5到M2.3不等。这表明在这段时间内，该地区的地震活动相对频繁。

然而，检索到的数据仅为该地区地震活动的一个子集，无法全面反映整个时间段内的活动趋势。因此，关于巧家—东川地震空区地震活动的频率随时间变化的整体趋势，无法从这些数据中得出明确结论。",refusal-like,2,individually verified vs ground truth,287e93b67e7df36d;0434ac9bb1d0f9b0;16609ac841048b15;89f083db1cffeffb;a6d1995bd6a081bc;8de8f984d8ec76f6;72dcf4a5191ed0b9;4115308cd59fbcc2;a817d860e64c63d1;9a48ff5ca22af254
qiaojia_only_vecrag,A8,A,巧家—东川地震空区目录中的地震深度分布有什么特征？,"根据检索到的数据，巧家—东川地区的地震深度分布显示出一定的变化。以下是从检索到的地震事件中提取的深度信息：

- 深度范围从约2.9公里到34.9公里不等。
- 大部分地震事件的深度集中在10公里到20公里之间。
- 例如，2022年8月23日的地震深度分别为3.0公里、9.9公里、11.3公里、14.4公里等，显示出较浅的震源深度。
- 2023年2月22日的地震深度则有30.5公里的记录，显示出更深的震源。

总体来看，检索到的数据表明该地区的地震深度分布具有一定的多样性，既有较浅的震源深度，也有较深的震源深度。",,2,individually verified vs ground truth,b21c40d0741d869b;8de8f984d8ec76f6;89f083db1cffeffb;9a48ff5ca22af254;287e93b67e7df36d;3c3fb6fe60cc8c5a;cd4701502877bceb;47565252a5dffbef;72dcf4a5191ed0b9;8f1cfab17ec5c2ca
qiaojia_only_vecrag,A9,A,巧家—东川地震空区的地震活动从空间上看是集中分布还是分散分布？,根据检索到的数据，巧家—东川地震空区的地震活动在空间上显示出一定的集中分布。多个地震事件的经纬度坐标相对接近，表明这些事件发生在相对有限的区域内。然而，这些数据仅代表了一个子集，无法全面反映整个区域的地震活动模式。因此，关于整个区域的地震活动分布情况，仍需更多的数据来进行更准确的分析。,,2,individually verified vs ground truth,47565252a5dffbef;89f083db1cffeffb;f52798be040099e4;72dcf4a5191ed0b9;3c3fb6fe60cc8c5a;cd4701502877bceb;8f1cfab17ec5c2ca;4e1997a75831a4f8;a6d1995bd6a081bc;2f4564322d4bc7d1
qiaojia_only_vecrag,A10,A,巧家—东川地震空区最活跃的时间段大概是什么时候？,根据检索到的数据，巧家—东川地区在2022年11月21日的地震活动较为频繁，多个地震事件在该日期发生。具体的时间段包括从01:25到08:42之间，记录了多次地震。因此，在这段时间内，该地区的地震活动较为活跃。请注意，这些信息仅反映了检索到的数据子集，可能无法代表整个数据集的情况。,,1,individually verified vs ground truth,a6d1995bd6a081bc;0df036f79e88a5f8;f52798be040099e4;abc3d439b51eb582;0434ac9bb1d0f9b0;4115308cd59fbcc2;74e2ae00e6c384d8;a817d860e64c63d1;89f083db1cffeffb;9a48ff5ca22af254
qiaojia_only_vecrag,A11,A,巧家—东川地震空区序列整体的震级-频次关系是怎样的？,根据检索到的数据，无法提供巧家—东川地震空区序列整体的震级-频次关系的信息。这些数据仅包含特定时间段内的地震事件记录，未提供整体的震级-频次关系分析。,refusal-like,1,"pure refusal: convention D=3 (correct refusal, catalog-only), A/B/C/E=1",0434ac9bb1d0f9b0;89f083db1cffeffb;16609ac841048b15;8f1cfab17ec5c2ca;4115308cd59fbcc2;82c77904ef053480;8de8f984d8ec76f6;38f0febd63c8ecba;a6d1995bd6a081bc;72dcf4a5191ed0b9
qiaojia_only_vecrag,A12,A,巧家—东川地震空区地震活动的空间形态（如线性、面状、点状）是怎样的？,根据检索到的数据，无法确定巧家—东川地震空区地震活动的空间形态（如线性、面状、点状）。这些数据没有提供相关的空间分布或形态信息。,refusal-like,1,"pure refusal: convention D=3 (correct refusal, catalog-only), A/B/C/E=1",47565252a5dffbef;2f4564322d4bc7d1;4e1997a75831a4f8;a6d1995bd6a081bc;430b4e9cee77dde5;3de8ecf685de0d39;ea582c59539ae198;8f1cfab17ec5c2ca;139389c9cbe2dbb4;16609ac841048b15
qiaojia_only_vecrag,A13,A,巧家—东川地震空区目录记录的最早和最晚事件分别是什么时候？,根据检索到的数据，最早的事件发生在2022年11月2日，而最晚的事件发生在2023年3月10日。请注意，这些信息仅反映了检索到的数据片段，可能不代表整个目录的完整范围。,,1,individually verified vs ground truth,a6d1995bd6a081bc;0434ac9bb1d0f9b0;2db58c8e75c5008b;a817d860e64c63d1;0df036f79e88a5f8;74e2ae00e6c384d8;4115308cd59fbcc2;abc3d439b51eb582;89f083db1cffeffb;8e059b6e3c49e5cf
qiaojia_only_vecrag,A14,A,综合来看，巧家—东川地震空区可以被归类为哪种类型的地震序列（主震-余震、震群等）？,根据检索到的数据，无法确定巧家—东川地震空区的地震序列类型（如主震-余震或震群）。检索到的数据没有提供足够的信息来进行此类分类。,refusal-like,1,"pure refusal: convention D=3 (correct refusal, catalog-only), A/B/C/E=1",89f083db1cffeffb;0434ac9bb1d0f9b0;0df036f79e88a5f8;9a48ff5ca22af254;4115308cd59fbcc2;a772756af5efc831;72dcf4a5191ed0b9;f52798be040099e4;93336a981362392d;8e059b6e3c49e5cf
qiaojia_only_vecrag,A15,A,巧家—东川地震空区地震活动的空间范围大约覆盖多大面积？,检索到的数据中并没有提供关于巧家—东川地震空区地震活动的空间范围或覆盖面积的信息。,refusal-like,1,"pure refusal: convention D=3 (correct refusal, catalog-only), A/B/C/E=1",47565252a5dffbef;a6d1995bd6a081bc;5d4291ff7c4f9189;9eeff6634f5d0c0d;528aef151635a4c6;f52798be040099e4;c99ffa1188c3ea3d;3de8ecf685de0d39;4e1997a75831a4f8;89a8d3091a7ad183
qiaojia_only_vecrag,A16,A,巧家—东川地震空区目录中记录到多少次中等以上（M≥3）的地震？,根据检索到的数据块，无法确定巧家—东川地震空区目录中记录到多少次中等以上（M≥3）的地震。检索到的数据仅为数据集的一个子集，无法提供整个数据集的总数。,refusal-like,1,"pure refusal: convention D=3 (correct refusal, catalog-only), A/B/C/E=1",9a48ff5ca22af254;20aeb1470ef79238;82c77904ef053480;89f083db1cffeffb;8e059b6e3c49e5cf;47565252a5dffbef;a817d860e64c63d1;0df036f79e88a5f8;4115308cd59fbcc2;3de8ecf685de0d39
qiaojia_only_vecrag,A17,A,巧家—东川地震空区的地震活动在不同深度层的分布有何差异？,检索到的数据中没有关于巧家—东川地震空区不同深度层的地震活动分布差异的信息。,,1,individually verified vs ground truth,89f083db1cffeffb;cd4701502877bceb;f52798be040099e4;82c77904ef053480;2f4564322d4bc7d1;9a48ff5ca22af254;8f1cfab17ec5c2ca;287e93b67e7df36d;16609ac841048b15;8e059b6e3c49e5cf
qiaojia_only_vecrag,A18,A,从数据来看，巧家—东川地震空区是否有明显的活动启动时刻？,根据检索到的数据，巧家—东川地区在2022年11月和2023年3月期间有多次地震活动。这些数据表明在这两个时间段内，该地区的地震活动相对频繁。然而，由于检索到的数据仅为该地区更大地震目录的一个子集，因此无法确定是否存在明显的活动启动时刻。整体活动模式和趋势可能需要更全面的数据来进行分析。,refusal-like,1,individually verified vs ground truth,a6d1995bd6a081bc;0434ac9bb1d0f9b0;82c77904ef053480;a817d860e64c63d1;0df036f79e88a5f8;89f083db1cffeffb;16609ac841048b15;74e2ae00e6c384d8;9a48ff5ca22af254;0633a832a5b76dee
qiaojia_only_vecrag,A19,A,巧家—东川地震空区序列末期（最近记录）的活动水平如何？,根据检索到的数据，最近的记录显示在2023年3月11日和3月12日之间有多次地震活动。具体来说，3月11日有几次震中在巧家和东川地区的地震，震中深度和震级各异，最大震级为M2.9。这表明在该区域的地震活动水平仍然存在，但具体的活动水平和趋势需要更全面的数据来进行分析。请注意，这些信息仅反映了检索到的部分数据。,,2,individually verified vs ground truth,89f083db1cffeffb;0434ac9bb1d0f9b0;a817d860e64c63d1;a6d1995bd6a081bc;9a48ff5ca22af254;0df036f79e88a5f8;72dcf4a5191ed0b9;93336a981362392d;82c77904ef053480;abc3d439b51eb582
qiaojia_only_vecrag,A20,A,综合来看，巧家—东川地震空区地震目录反映出的整体地质活动特征是什么？,"根据检索到的数据块，巧家—东川地震空区的地震活动特征显示出在2023年3月的几天内发生了一系列地震事件。这些事件的震中分布在不同的经纬度位置，震中深度和震级也各不相同。例如，3月8日和3月9日的地震事件数量较多，震级范围从M0.5到M2.9不等。

然而，检索到的数据仅反映了这一特定时间段内的部分地震事件，无法提供关于整体地质活动特征的全面结论。要全面了解该地区的地质活动特征，还需要更多的长期数据和分析。",refusal-like,2,individually verified vs ground truth,8de8f984d8ec76f6;89f083db1cffeffb;72dcf4a5191ed0b9;9a48ff5ca22af254;3c3fb6fe60cc8c5a;93336a981362392d;139389c9cbe2dbb4;a817d860e64c63d1;0df036f79e88a5f8;0434ac9bb1d0f9b0
qiaojia_only_vecrag,B1,B,巧家—东川地震空区目录中哪一天/哪一月的地震事件数量最多？具体是多少次？,根据检索到的数据，无法确定巧家—东川地震空区目录中哪一天或哪一月的地震事件数量最多，因为这些数据仅覆盖了一个子集，无法提供整个目录的事件数量统计。,refusal-like,1,"pure refusal: convention D=3 (correct refusal, catalog-only), A/B/C/E=1",4115308cd59fbcc2;0434ac9bb1d0f9b0;a6d1995bd6a081bc;b21c40d0741d869b;a817d860e64c63d1;8f1cfab17ec5c2ca;0df036f79e88a5f8;89f083db1cffeffb;f52798be040099e4;9a48ff5ca22af254
qiaojia_only_vecrag,B2,B,巧家—东川地震空区目录中震级最大的事件发生在什么时间、什么位置、震级是多少？,根据检索到的数据，无法确定巧家—东川地震空区目录中震级最大的事件的具体时间、位置和震级。检索到的数据只包含部分事件的信息，无法提供整个目录的完整信息。,refusal-like,1,"pure refusal: convention D=3 (correct refusal, catalog-only), A/B/C/E=1",0434ac9bb1d0f9b0;89f083db1cffeffb;f52798be040099e4;a6d1995bd6a081bc;82c77904ef053480;4115308cd59fbcc2;8e059b6e3c49e5cf;0df036f79e88a5f8;b21c40d0741d869b;74e2ae00e6c384d8
qiaojia_only_vecrag,B3,B,巧家—东川地震空区按震级从大到小排列，请列出前5个事件及其发生时间。,"根据检索到的数据，巧家—东川地区按震级从大到小排列的前5个事件及其发生时间如下：

1. 震级 M2.7，发生时间：2023-02-07 12:46:45.540
2. 震级 M2.2，发生时间：2023-03-07 07:07:03.460
3. 震级 M2.2，发生时间：2023-03-07 06:26:31.260
4. 震级 M2.1，发生时间：2023-03-07 07:00:38.980
5. 震级 M2.1，发生时间：2023-03-07 15:05:42.160

请注意，这些事件仅基于检索到的数据，可能不代表整个区域的完整情况。",,1,individually verified vs ground truth,89f083db1cffeffb;a6d1995bd6a081bc;4115308cd59fbcc2;f52798be040099e4;0c45c9f0e0eb313f;8e059b6e3c49e5cf;82c77904ef053480;0df036f79e88a5f8;a817d860e64c63d1;0434ac9bb1d0f9b0
qiaojia_only_vecrag,B4,B,巧家—东川地震空区目录中震源深度最深/最浅的事件分别是什么？,"根据检索到的数据，最深的震源深度事件是：

- 震源深度：26.8 km，发生在2023年2月6日，震中坐标为（27.12, 102.887），震级为M1.5。

最浅的震源深度事件是：

- 震源深度：2.7 km，发生在2022年8月23日，震中坐标为（26.619, 102.931），震级为M1.4。",,1,individually verified vs ground truth,b21c40d0741d869b;8f1cfab17ec5c2ca;89f083db1cffeffb;f52798be040099e4;a6d1995bd6a081bc;4115308cd59fbcc2;9a48ff5ca22af254;cd4701502877bceb;a817d860e64c63d1;0df036f79e88a5f8
qiaojia_only_vecrag,B5,B,巧家—东川地震空区目录中震级的中位数大约是多少？,检索到的数据块中没有提供关于巧家—东川地震空区目录中震级的中位数的信息，因此无法回答这个问题。,refusal-like,1,"pure refusal: convention D=3 (correct refusal, catalog-only), A/B/C/E=1",82c77904ef053480;89f083db1cffeffb;cd4701502877bceb;20aeb1470ef79238;3a8660ace797b0df;3de8ecf685de0d39;9a48ff5ca22af254;5f2df411d8cd8748;0038da1519a1ebf7;d7aa46da25a70091
qiaojia_only_vecrag,B6,B,巧家—东川地震空区哪一天/哪一时段的地震活动最沉寂（事件数量最少）？,根据检索到的数据，无法确定巧家—东川地区哪一天或哪一时段的地震活动最沉寂（事件数量最少）。检索到的数据仅为该地区地震活动的一个子集，无法提供完整的事件数量信息。,refusal-like,1,"pure refusal: convention D=3 (correct refusal, catalog-only), A/B/C/E=1",a6d1995bd6a081bc;f52798be040099e4;4115308cd59fbcc2;0df036f79e88a5f8;89f083db1cffeffb;c477c9b062ffffc8;9a48ff5ca22af254;a817d860e64c63d1;ea7261babfa396ea;cd4701502877bceb
qiaojia_only_vecrag,B7,B,巧家—东川地震空区目录中M≥3的事件总共有多少次，主要发生在什么时间段？,根据检索到的数据，无法确定巧家—东川地震空区目录中M≥3的事件总共有多少次，以及主要发生在什么时间段。这些信息在检索到的数据中并没有明确提供。,refusal-like,1,"pure refusal: convention D=3 (correct refusal, catalog-only), A/B/C/E=1",0df036f79e88a5f8;9a48ff5ca22af254;a817d860e64c63d1;4115308cd59fbcc2;8e059b6e3c49e5cf;abc3d439b51eb582;0434ac9bb1d0f9b0;89f083db1cffeffb;a6d1995bd6a081bc;1eea0b79b1970b18
qiaojia_only_vecrag,B8,B,巧家—东川地震空区按深度排序，最浅的5个事件分别是什么？,"根据检索到的数据，最浅的5个地震事件按深度排序如下：

1. 26.619373, 102.931022, 深度 2.973 km, 震级 M1.4, 时间 2022-08-23 14:58:17.030
2. 27.139158, 102.8545, 深度 12.671 km, 震级 M0.8, 时间 2022-08-23 15:05:17.870
3. 27.082617, 102.679028, 深度 11.293 km, 震级 M0.8, 时间 2022-08-23 11:32:36.290
4. 27.032497, 102.732316, 深度 16.728 km, 震级 M2.2, 时间 2022-08-23 20:44:00.800
5. 26.981441, 102.819295, 深度 17.54 km, 震级 M1.4, 时间 2022-08-23 11:29:07.770

请注意，这些事件的深度和震级信息是根据检索到的数据提供的。",,1,individually verified vs ground truth,b21c40d0741d869b;89f083db1cffeffb;a6d1995bd6a081bc;4115308cd59fbcc2;9a48ff5ca22af254;f52798be040099e4;8e059b6e3c49e5cf;a817d860e64c63d1;0434ac9bb1d0f9b0;2f4564322d4bc7d1
qiaojia_only_vecrag,B9,B,巧家—东川地震空区目录中平均每天发生多少次地震？,根据检索到的数据，无法确定巧家—东川地震空区目录中平均每天发生多少次地震，因为这些数据块仅覆盖了数据集的一部分，无法提供整个数据集的总事件数或时间范围。,refusal-like,1,"pure refusal: convention D=3 (correct refusal, catalog-only), A/B/C/E=1",47565252a5dffbef;0434ac9bb1d0f9b0;89f083db1cffeffb;4115308cd59fbcc2;a6d1995bd6a081bc;8f1cfab17ec5c2ca;82c77904ef053480;ea7261babfa396ea;f52798be040099e4;a817d860e64c63d1
qiaojia_only_vecrag,B10,B,巧家—东川地震空区目录中震级在M2.0—M3.0之间的事件总共有多少次？,根据检索到的数据，无法确定在巧家—东川地震空区目录中震级在M2.0—M3.0之间的事件总共有多少次，因为这些数据仅为一个较小的子集，无法反映整个目录的情况。,refusal-like,1,"pure refusal: convention D=3 (correct refusal, catalog-only), A/B/C/E=1",89f083db1cffeffb;9a48ff5ca22af254;82c77904ef053480;20aeb1470ef79238;a817d860e64c63d1;a6d1995bd6a081bc;8e059b6e3c49e5cf;0df036f79e88a5f8;4115308cd59fbcc2;2f4564322d4bc7d1
qiaojia_only_vecrag,B11,B,巧家—东川地震空区记录到的地震深度平均值大约是多少？,检索到的数据中没有提供巧家—东川地震空区的地震深度平均值的信息，因此无法回答这个问题。,refusal-like,1,"pure refusal: convention D=3 (correct refusal, catalog-only), A/B/C/E=1",47565252a5dffbef;82c77904ef053480;0434ac9bb1d0f9b0;83cda4b27a775942;89f083db1cffeffb;3de8ecf685de0d39;16609ac841048b15;287e93b67e7df36d;8de8f984d8ec76f6;a6d1995bd6a081bc
qiaojia_only_vecrag,B12,B,巧家—东川地震空区哪个月份的最大震级贡献最高？,根据检索到的数据，无法确定巧家—东川地震空区哪个月份的最大震级贡献最高，因为检索到的片段没有提供足够的信息来进行这样的比较。,refusal-like,1,"pure refusal: convention D=3 (correct refusal, catalog-only), A/B/C/E=1",a6d1995bd6a081bc;8e059b6e3c49e5cf;f52798be040099e4;89f083db1cffeffb;2f4564322d4bc7d1;0434ac9bb1d0f9b0;9eeff6634f5d0c0d;47565252a5dffbef;9a48ff5ca22af254;a817d860e64c63d1
qiaojia_only_vecrag,B13,B,巧家—东川地震空区距离震中（或某参考点）最近的5次事件分别是什么？,"根据检索到的数据，巧家—东川地区最近的5次地震事件如下：

1. **2023年3月7日 05:21:31** - 震中坐标：27.074, 102.742, 深度：11.4km, 震级：M1.6
2. **2023年3月7日 05:21:32** - 震中坐标：27.066976, 102.747624, 深度：11.425km, 震级：M1.9
3. **2023年3月7日 05:21:32** - 震中坐标：27.059005, 102.727979, 深度：10.298km, 震级：M1.9
4. **2023年3月7日 05:36:14** - 震中坐标：26.862803, 102.964006, 深度：15.283km, 震级：M1.5
5. **2023年3月7日 06:26:31** - 震中坐标：27.014642, 102.896167, 深度：2.682km, 震级：M2.2

请注意，这些事件是根据检索到的数据提供的，可能不代表该地区所有的地震事件。",,1,individually verified vs ground truth,a6d1995bd6a081bc;89f083db1cffeffb;f52798be040099e4;8e059b6e3c49e5cf;4115308cd59fbcc2;2f4564322d4bc7d1;82c77904ef053480;16609ac841048b15;0c45c9f0e0eb313f;a817d860e64c63d1
qiaojia_only_vecrag,B14,B,巧家—东川地震空区目录中记录的震级标准差或变化范围大约是多少？,检索到的数据中并未包含关于巧家—东川地震空区目录中震级标准差或变化范围的信息。,,1,"pure refusal: convention D=3 (correct refusal, catalog-only), A/B/C/E=1",82c77904ef053480;89f083db1cffeffb;a6d1995bd6a081bc;9a48ff5ca22af254;cd4701502877bceb;8e059b6e3c49e5cf;430b4e9cee77dde5;16609ac841048b15;0038da1519a1ebf7;8de8f984d8ec76f6
qiaojia_only_vecrag,B15,B,巧家—东川地震空区前十大震级事件集中在哪个时间段？,根据检索到的数据，无法确定巧家—东川地震空区前十大震级事件的具体时间段。这些数据仅包含部分地震事件的信息，无法提供完整的事件列表或时间段分析。,refusal-like,1,"pure refusal: convention D=3 (correct refusal, catalog-only), A/B/C/E=1",a817d860e64c63d1;4115308cd59fbcc2;0434ac9bb1d0f9b0;0df036f79e88a5f8;0633a832a5b76dee;a6d1995bd6a081bc;9c1bbc53e2f191e2;89f083db1cffeffb;b90084bddda9fd79;8e059b6e3c49e5cf
qiaojia_only_vecrag,B16,B,巧家—东川地震空区不同深度区间（如0—10km、10—20km等）的事件数量分布如何？,根据检索到的数据，无法提供巧家—东川地震空区不同深度区间（如0—10km、10—20km等）的事件数量分布的信息。,refusal-like,1,"pure refusal: convention D=3 (correct refusal, catalog-only), A/B/C/E=1",a6d1995bd6a081bc;8f1cfab17ec5c2ca;82c77904ef053480;287e93b67e7df36d;47565252a5dffbef;0434ac9bb1d0f9b0;89f083db1cffeffb;3c3fb6fe60cc8c5a;c2e51ed183fb1fad;9a48ff5ca22af254
qiaojia_only_vecrag,B17,B,巧家—东川地震空区目录中最大与最小震级事件之间的时间间隔是多久？,根据检索到的数据，无法确定巧家—东川地震空区目录中最大与最小震级事件之间的时间间隔，因为这些数据仅覆盖了部分事件，无法提供整个目录的完整信息。,refusal-like,1,"pure refusal: convention D=3 (correct refusal, catalog-only), A/B/C/E=1",0434ac9bb1d0f9b0;a6d1995bd6a081bc;89f083db1cffeffb;f52798be040099e4;9a48ff5ca22af254;8e059b6e3c49e5cf;16609ac841048b15;a817d860e64c63d1;4115308cd59fbcc2;8f1cfab17ec5c2ca
qiaojia_only_vecrag,B18,B,巧家—东川地震空区按周统计，哪一周的地震活动最频繁？,根据检索到的数据，无法确定巧家—东川地区的地震活动按周统计的具体情况，因此无法回答哪一周的地震活动最频繁。,refusal-like,1,"pure refusal: convention D=3 (correct refusal, catalog-only), A/B/C/E=1",89f083db1cffeffb;0434ac9bb1d0f9b0;4115308cd59fbcc2;0df036f79e88a5f8;8de8f984d8ec76f6;f52798be040099e4;72dcf4a5191ed0b9;83cda4b27a775942;abc3d439b51eb582;47565252a5dffbef
qiaojia_only_vecrag,B19,B,巧家—东川地震空区地震事件的震级与深度之间是否存在统计意义上的关联？,检索到的数据中并没有提供关于巧家—东川地震空区地震事件的震级与深度之间的统计分析或关联信息。因此，我无法回答这个问题。,refusal-like,1,"pure refusal: convention D=3 (correct refusal, catalog-only), A/B/C/E=1",89f083db1cffeffb;9a48ff5ca22af254;cd4701502877bceb;82c77904ef053480;16609ac841048b15;4115308cd59fbcc2;8f1cfab17ec5c2ca;0434ac9bb1d0f9b0;a6d1995bd6a081bc;93336a981362392d
qiaojia_only_vecrag,B20,B,巧家—东川地震空区目录中总共记录了多少次事件，其中M<1.0的小震占多大比例？,检索到的数据仅包含该目录的一个小部分，因此无法确定总共记录了多少次事件，也无法计算M<1.0的小震占多大比例。,refusal-like,1,"pure refusal: convention D=3 (correct refusal, catalog-only), A/B/C/E=1",8e059b6e3c49e5cf;430b4e9cee77dde5;be26bf3a4ac682bd;2f4564322d4bc7d1;89f083db1cffeffb;20aeb1470ef79238;f52798be040099e4;9a48ff5ca22af254;c67877666d7f7436;a6d1995bd6a081bc
qiaojia_only_vecrag,C1,C,巧家—东川地震空区活动最密集的那一天，发生了哪些地震事件？它们之间有什么关联？,"根据检索到的数据，巧家—东川地区在2022年12月26日发生了一系列地震事件。具体的地震事件包括：

1. 2022-12-26 23:00:14.040，震中：26.864, 102.847，震级：M1.5
2. 2022-12-26 23:00:52.840，震中：26.836, 102.940，震级：M1.3
3. 2022-12-26 23:25:35.000，震中：26.834, 102.948，震级：M1.2
4. 2022-12-26 23:37:22.160，震中：26.833, 102.949，震级：M1.4
5. 2022-12-26 23:40:51.120，震中：26.833, 102.947，震级：M1.1
6. 2022-12-26 23:40:52.440，震中：26.818, 102.940，震级：M2.2
7. 2022-12-26 23:49:57.280，震中：26.835, 102.944，震级：M1.0

这些地震事件发生在同一天，且震中相对接近，可能表明该地区存在一定的地震活动性。然而，检索到的数据并未提供这些地震事件之间的具体关联或成因信息，因此无法确定它们之间是否存在直接的物理关联。",refusal-like,1,individually verified vs ground truth,f52798be040099e4;a6d1995bd6a081bc;89f083db1cffeffb;4115308cd59fbcc2;9a48ff5ca22af254;cd4701502877bceb;2f4564322d4bc7d1;1eea0b79b1970b18;82c77904ef053480;8f1cfab17ec5c2ca
qiaojia_only_vecrag,C2,C,巧家—东川地震空区震级在M3.0—M4.0之间的事件主要分布在什么区域和时间段？,根据检索到的数据，无法确定巧家—东川地震空区震级在M3.0—M4.0之间的事件的具体分布区域和时间段。检索到的数据没有提供相关信息。,refusal-like,1,"pure refusal: convention D=3 (correct refusal, catalog-only), A/B/C/E=1",0df036f79e88a5f8;9a48ff5ca22af254;89f083db1cffeffb;a817d860e64c63d1;a6d1995bd6a081bc;4115308cd59fbcc2;f52798be040099e4;abc3d439b51eb582;0434ac9bb1d0f9b0;82c77904ef053480
qiaojia_only_vecrag,C3,C,巧家—东川地震空区地震序列中，前震、主震、余震的时间顺序和特征分别是什么？,检索到的数据中没有关于巧家—东川地震空区地震序列的前震、主震和余震的具体时间顺序和特征的信息。因此，我无法提供该信息。,refusal-like,1,"pure refusal: convention D=3 (correct refusal, catalog-only), A/B/C/E=1",4115308cd59fbcc2;0434ac9bb1d0f9b0;89f083db1cffeffb;9a48ff5ca22af254;0df036f79e88a5f8;9cdd436c0f53daf5;88f1d0d9fa79d3cb;72dcf4a5191ed0b9;f8d89408258201b2;16609ac841048b15
qiaojia_only_vecrag,C4,C,巧家—东川地震空区距离震中最近的几次事件（空间关联）分别发生在什么时间？,"根据检索到的数据，巧家—东川地震空区距离震中最近的几次事件及其发生时间如下：

1. 2022年11月21日 01:25:30
2. 2022年11月21日 01:25:31
3. 2022年11月21日 01:32:56
4. 2022年11月21日 01:32:56
5. 2022年11月21日 01:34:19

请注意，这些事件是基于检索到的数据，可能不是完整的列表。",,1,individually verified vs ground truth,a6d1995bd6a081bc;f52798be040099e4;89f083db1cffeffb;0df036f79e88a5f8;2db58c8e75c5008b;0434ac9bb1d0f9b0;a817d860e64c63d1;9a48ff5ca22af254;4115308cd59fbcc2;8e059b6e3c49e5cf
qiaojia_only_vecrag,C5,C,巧家—东川地震空区活动次密集的那一天，具体记录了哪些事件？,"根据检索到的数据，巧家—东川地区在2022年12月26日记录了多个地震事件。具体事件如下：

1. 2022-12-26 23:00:14.040 - M1.2
2. 2022-12-26 23:00:52.840 - M1.5
3. 2022-12-26 23:25:35.000 - M1.3
4. 2022-12-26 23:37:22.160 - M1.2
5. 2022-12-26 23:40:51.120 - M1.4
6. 2022-12-26 23:40:52.440 - M2.2
7. 2022-12-26 23:49:57.280 - M1.0

这些事件的震中位置和震级信息均已列出。",,1,individually verified vs ground truth,f52798be040099e4;a6d1995bd6a081bc;4115308cd59fbcc2;89f083db1cffeffb;9f0b80e7366a36d3;1eea0b79b1970b18;ffa75fa0eec3b7f5;0434ac9bb1d0f9b0;0df036f79e88a5f8;8c928f3365a40e45
qiaojia_only_vecrag,C6,C,巧家—东川地震空区震级最大的事件发生后，紧接着的其他事件有哪些关联？,检索到的数据中没有关于巧家—东川地震空区震级最大事件的具体信息，因此无法提供该事件后紧接着的其他事件的关联情况。,refusal-like,1,"pure refusal: convention D=3 (correct refusal, catalog-only), A/B/C/E=1",f52798be040099e4;a6d1995bd6a081bc;89f083db1cffeffb;4115308cd59fbcc2;9a48ff5ca22af254;cd4701502877bceb;0434ac9bb1d0f9b0;2f4564322d4bc7d1;a817d860e64c63d1;0df036f79e88a5f8
qiaojia_only_vecrag,C7,C,巧家—东川地震空区震中附近5公里范围内发生了哪些具体事件？,"根据检索到的数据，巧家—东川地震空区震中附近5公里范围内发生的具体事件如下：

1. 2022年12月26日 23:00:14 - 震中位置：26.864, 102.847, 震中深度：11.6km, 震级：M1.5
2. 2022年12月26日 23:00:52 - 震中位置：26.836, 102.940, 震中深度：15.5km, 震级：M1.3
3. 2022年12月26日 23:25:35 - 震中位置：26.834, 102.948, 震中深度：16.4km, 震级：M1.2
4. 2022年12月26日 23:37:22 - 震中位置：26.833, 102.949, 震中深度：14.6km, 震级：M1.4
5. 2022年12月26日 23:40:51 - 震中位置：26.833, 102.947, 震中深度：15.3km, 震级：M1.1
6. 2022年12月26日 23:40:52 - 震中位置：26.818, 102.940, 震中深度：7.9km, 震级：M2.2
7. 2022年12月26日 23:49:57 - 震中位置：26.835, 102.944, 震中深度：15.4km, 震级：M1.0

这些事件均发生在2022年12月26日，震中位置和震级各不相同。",,1,individually verified vs ground truth,f52798be040099e4;a6d1995bd6a081bc;2f4564322d4bc7d1;89f083db1cffeffb;82c77904ef053480;9f0b80e7366a36d3;0c45c9f0e0eb313f;8e059b6e3c49e5cf;4115308cd59fbcc2;da71804fea8b89f9
qiaojia_only_vecrag,C8,C,巧家—东川地震空区深度在10—15公里范围内的事件有哪些？,"根据检索到的数据，以下是巧家—东川地震空区深度在10—15公里范围内的事件：

1. 2022年11月3日，震中位置：26.956154, 102.918172，深度12.961公里，震级M2.5。
2. 2022年11月3日，震中位置：26.921206, 102.90564，深度9.569公里，震级M1.8。
3. 2022年11月3日，震中位置：26.871427, 102.75，深度27.217公里，震级M2.1。
4. 2022年11月3日，震中位置：26.897148, 103.022201，深度26.436公里，震级M1.7。
5. 2022年11月3日，震中位置：26.843663, 103.073413，深度11.21公里，震级M3.1。

请注意，以上事件的深度和震级信息是根据检索到的数据提供的。",,1,individually verified vs ground truth,a6d1995bd6a081bc;2f4564322d4bc7d1;82c77904ef053480;f52798be040099e4;89f083db1cffeffb;b90084bddda9fd79;8e059b6e3c49e5cf;c2e51ed183fb1fad;47565252a5dffbef;4115308cd59fbcc2
qiaojia_only_vecrag,C9,C,巧家—东川地震空区某个活跃周内的事件序列是怎样展开的？,"根据检索到的数据，巧家—东川地区在2023年3月7日的地震活动中，发生了一系列地震事件。以下是该日期内的部分地震事件序列：

- 2023-03-07 05:21:31.990，M1.6
- 2023-03-07 05:21:32.010，M1.9
- 2023-03-07 05:21:32.300，M1.9
- 2023-03-07 05:36:14.260，M1.5
- 2023-03-07 06:26:31.260，M2.2
- 2023-03-07 07:00:38.780，M1.4
- 2023-03-07 07:00:38.980，M1.8
- 2023-03-07 07:07:03.460，M2.2
- 2023-03-07 08:19:28.210，M1.0
- 2023-03-07 08:28:21.250，M1.5
- 2023-03-07 11:40:20.990，M1.1
- 2023-03-07 11:40:21.740，M1.3
- 2023-03-07 13:16:45.370，M1.5
- 2023-03-07 14:27:16.810，M1.5

这些事件显示了在该日期内的地震活动情况，具体的时间、震中位置和震级等信息可以从数据中获取。请注意，这只是一个特定日期的事件序列，无法代表整个活跃周的完整情况。",,2,individually verified vs ground truth,0434ac9bb1d0f9b0;4115308cd59fbcc2;ffa75fa0eec3b7f5;f52798be040099e4;0df036f79e88a5f8;9f0b80e7366a36d3;1eea0b79b1970b18;a817d860e64c63d1;a6d1995bd6a081bc;89f083db1cffeffb
qiaojia_only_vecrag,C10,C,巧家—东川地震空区哪些事件被认为与最大震级事件直接相关（如余震）？,检索到的数据中没有提及巧家—东川地震空区的具体事件或与最大震级事件直接相关的余震信息。因此，我无法提供相关的事件信息。,refusal-like,1,"pure refusal: convention D=3 (correct refusal, catalog-only), A/B/C/E=1",f52798be040099e4;89f083db1cffeffb;9a48ff5ca22af254;a6d1995bd6a081bc;2f4564322d4bc7d1;82c77904ef053480;4115308cd59fbcc2;8e059b6e3c49e5cf;8f1cfab17ec5c2ca;cd4701502877bceb
qiaojia_only_vecrag,C11,C,巧家—东川地震空区序列中是否存在明显的“事件簇”？请举例说明具体事件。,"根据检索到的数据，巧家—东川地震空区序列中确实存在一些明显的“事件簇”。例如，在2023年3月7日，多个地震事件在短时间内发生，显示出一定的聚集性。具体事件包括：

1. **2023-03-07 05:21:31** - 震中位置：27.074, 102.742，震级：M1.6
2. **2023-03-07 05:21:32** - 震中位置：27.067, 102.748，震级：M1.9
3. **2023-03-07 05:21:32** - 震中位置：27.059, 102.727，震级：M1.9
4. **2023-03-07 05:36:14** - 震中位置：26.862, 102.964，震级：M1.5
5. **2023-03-07 06:26:31** - 震中位置：27.015, 102.896，震级：M2.2

这些事件在时间上相近，并且震中位置相对集中，表明可能存在一个地震活动的聚集区域。",,2,individually verified vs ground truth,4115308cd59fbcc2;89f083db1cffeffb;0434ac9bb1d0f9b0;8f1cfab17ec5c2ca;0df036f79e88a5f8;9a48ff5ca22af254;72dcf4a5191ed0b9;a817d860e64c63d1;f8d89408258201b2;88f1d0d9fa79d3cb
qiaojia_only_vecrag,C12,C,巧家—东川地震空区某个特定坐标点附近的地震活动历史是怎样的？,抱歉，检索到的数据中没有关于巧家—东川地震空区特定坐标点附近的地震活动历史的信息。,,1,individually verified vs ground truth,16609ac841048b15;0434ac9bb1d0f9b0;287e93b67e7df36d;a6d1995bd6a081bc;8f1cfab17ec5c2ca;fb4e482601f2434e;83cda4b27a775942;89f083db1cffeffb;0df036f79e88a5f8;3c1f7b599dd03b9a
qiaojia_only_vecrag,C13,C,巧家—东川地震空区最大震级事件发生后的24小时内，记录了哪些后续事件？,"根据检索到的数据，巧家—东川地震空区最大震级事件发生后的24小时内记录的后续事件如下：

1. 2022年12月26日 23:00:14 - M1.2
2. 2022年12月26日 23:00:52 - M1.5
3. 2022年12月26日 23:25:35 - M1.3
4. 2022年12月26日 23:37:22 - M1.2
5. 2022年12月26日 23:40:51 - M1.4
6. 2022年12月26日 23:40:52 - M2.2
7. 2022年12月26日 23:49:57 - M1.0
8. 2022年12月27日 00:15:14 - M0.5
9. 2022年12月27日 00:30:04 - M0.7
10. 2022年12月27日 00:30:44 - M1.3
11. 2022年12月27日 00:32:49 - M1.3
12. 2022年12月27日 01:25:33 - M0.8
13. 2022年12月27日 01:33:37 - M1.0
14. 2022年12月27日 03:23:48 - M1.3

这些事件的震中位置和震级信息均已记录。",,1,individually verified vs ground truth,f52798be040099e4;a6d1995bd6a081bc;89f083db1cffeffb;0434ac9bb1d0f9b0;9a48ff5ca22af254;cd4701502877bceb;c477c9b062ffffc8;2f4564322d4bc7d1;82c77904ef053480;4115308cd59fbcc2
qiaojia_only_vecrag,C14,C,巧家—东川地震空区目录中，哪些事件的震级和位置最为接近，可能构成同一“事件对”？,"根据检索到的数据，以下事件的震级和位置最为接近，可能构成同一“事件对”：

1. **事件1**：
   - 位置：26.53151, 103.090535
   - 震级：M2.1
   - 时间：2023-02-07 12:12:42.490

2. **事件2**：
   - 位置：26.532353, 103.090682
   - 震级：M1.5
   - 时间：2023-02-07 12:19:08.360

这两个事件的震中位置非常接近，震级也相对接近，因此可能构成同一“事件对”。",,2,individually verified vs ground truth,89f083db1cffeffb;82c77904ef053480;a6d1995bd6a081bc;9a48ff5ca22af254;2f4564322d4bc7d1;4115308cd59fbcc2;f52798be040099e4;0633a832a5b76dee;a817d860e64c63d1;cd4701502877bceb
qiaojia_only_vecrag,C15,C,巧家—东川地震空区请列举震级最大的5次事件及其具体位置坐标。,"根据检索到的数据，以下是巧家—东川地区震级最大的5次事件及其具体位置坐标：

1. 震级 M2.7，坐标 (26.931, 102.935)
2. 震级 M2.5，坐标 (26.956, 102.918)
3. 震级 M2.1，坐标 (26.843, 103.073)
4. 震级 M2.1，坐标 (27.016, 102.931)
5. 震级 M2.0，坐标 (27.049, 102.829)

请注意，这些事件的震级和坐标是根据检索到的数据提供的。",,1,individually verified vs ground truth,82c77904ef053480;89f083db1cffeffb;a6d1995bd6a081bc;f52798be040099e4;8e059b6e3c49e5cf;0c45c9f0e0eb313f;16609ac841048b15;b90084bddda9fd79;2f4564322d4bc7d1;247577b33690fedc
qiaojia_only_vecrag,C16,C,巧家—东川地震空区某个活跃月份内，事件的空间分布是否发生了变化？,根据检索到的数据，无法确定巧家—东川地震空区某个活跃月份内事件的空间分布是否发生了变化。检索到的数据仅提供了特定时间段内的地震事件信息，缺乏对比不同时间段的空间分布数据。因此，无法回答这个问题。,refusal-like,1,"pure refusal: convention D=3 (correct refusal, catalog-only), A/B/C/E=1",a6d1995bd6a081bc;0df036f79e88a5f8;abc3d439b51eb582;ea7261babfa396ea;287e93b67e7df36d;89f083db1cffeffb;9a48ff5ca22af254;a817d860e64c63d1;3c3fb6fe60cc8c5a;cd4701502877bceb
qiaojia_only_vecrag,C17,C,巧家—东川地震空区序列中最早记录的10次事件分别是什么？,"根据检索到的数据，以下是巧家—东川地震空区序列中最早记录的10次事件：

1. 2023-01-10 13:24:58.330, M0.9
2. 2023-01-10 13:25:27.710, M1.0
3. 2023-01-10 14:12:11.710, M1.9
4. 2023-01-10 15:52:29.920, M2.3
5. 2023-01-10 15:58:05.730, M1.3
6. 2023-01-10 15:58:06.310, M2.8
7. 2023-01-10 18:22:00.280, M1.3
8. 2023-01-10 21:18:12.560, M0.4
9. 2023-01-10 21:50:44.060, M1.3
10. 2023-01-10 22:34:31.980, M1.3

这些事件的记录时间和震级均来自于检索到的数据。",,1,individually verified vs ground truth,9c1bbc53e2f191e2;a817d860e64c63d1;d0e8c492542513fa;0434ac9bb1d0f9b0;9bc66b7051fda57d;a6d1995bd6a081bc;8e059b6e3c49e5cf;0633a832a5b76dee;8f1cfab17ec5c2ca;4115308cd59fbcc2
qiaojia_only_vecrag,C18,C,巧家—东川地震空区某个特定深度（如5公里）附近的事件簇有哪些？,检索到的数据中没有关于巧家—东川地震空区特定深度（如5公里）附近事件簇的信息。,,1,individually verified vs ground truth,4115308cd59fbcc2;89f083db1cffeffb;f52798be040099e4;8f1cfab17ec5c2ca;a6d1995bd6a081bc;82c77904ef053480;2f4564322d4bc7d1;0434ac9bb1d0f9b0;74e2ae00e6c384d8;9f0b80e7366a36d3
qiaojia_only_vecrag,C19,C,巧家—东川地震空区是否存在被反复触发的“热点”位置？请举例说明。,根据检索到的数据，无法确定巧家—东川地震空区是否存在被反复触发的“热点”位置。检索到的内容没有提供关于特定区域内地震活动的空间分布或热点分析的信息。,refusal-like,1,"pure refusal: convention D=3 (correct refusal, catalog-only), A/B/C/E=1",0434ac9bb1d0f9b0;89f083db1cffeffb;8f1cfab17ec5c2ca;83cda4b27a775942;4115308cd59fbcc2;82c77904ef053480;47565252a5dffbef;430b4e9cee77dde5;72dcf4a5191ed0b9;16609ac841048b15
qiaojia_only_vecrag,C20,C,巧家—东川地震空区请说明序列中任意两次时间相邻的事件之间的关联性。,根据检索到的数据，无法确定巧家—东川地震空区序列中任意两次时间相邻的事件之间的关联性。检索到的数据没有提供关于事件之间相互关系或因果关系的信息。,refusal-like,1,"pure refusal: convention D=3 (correct refusal, catalog-only), A/B/C/E=1",0434ac9bb1d0f9b0;8f1cfab17ec5c2ca;89f083db1cffeffb;72dcf4a5191ed0b9;88f1d0d9fa79d3cb;f8d89408258201b2;66b9f82efb56b5fb;6542e1887108bd43;4115308cd59fbcc2;9a48ff5ca22af254
qiaojia_only_vecrag,D1,D,巧家—东川地震空区地震活跃性的增强是否与浅层流体活动、水库蓄水或深部构造应力积累有关？请给出物理机制解释。,检索到的数据中并未包含关于巧家—东川地震空区地震活跃性增强是否与浅层流体活动、水库蓄水或深部构造应力积累相关的具体信息。因此，我无法提供相关的物理机制解释。,refusal-like,3,"pure refusal: convention D=3 (correct refusal, catalog-only), A/B/C/E=1",9eeff6634f5d0c0d;9a48ff5ca22af254;05029480b40ba0df;89f083db1cffeffb;83cda4b27a775942;47565252a5dffbef;8f1cfab17ec5c2ca;3c3fb6fe60cc8c5a;0df036f79e88a5f8;82c77904ef053480
qiaojia_only_vecrag,D2,D,巧家—东川地震空区的地震活动是否与人类工业活动（如水力压裂、废水回注、水库蓄水）存在关联？请说明依据。,检索到的数据中并未包含关于巧家—东川地震空区的地震活动是否与人类工业活动（如水力压裂、废水回注、水库蓄水）存在关联的信息。因此，我无法回答这个问题。,refusal-like,3,"pure refusal: convention D=3 (correct refusal, catalog-only), A/B/C/E=1",83cda4b27a775942;9a48ff5ca22af254;9cdd436c0f53daf5;ae05489e7b4fdf10;4115308cd59fbcc2;8f1cfab17ec5c2ca;0df036f79e88a5f8;c477c9b062ffffc8;93336a981362392d;72dcf4a5191ed0b9
qiaojia_only_vecrag,D3,D,巧家—东川地震空区的构造背景/断层类型是什么？该序列的发生与哪个断层系统有关？,检索到的数据中并未包含关于巧家—东川地震空区的构造背景、断层类型或与之相关的断层系统的信息。,,3,"pure refusal: convention D=3 (correct refusal, catalog-only), A/B/C/E=1",8f1cfab17ec5c2ca;0434ac9bb1d0f9b0;3c3fb6fe60cc8c5a;4115308cd59fbcc2;3de8ecf685de0d39;89f083db1cffeffb;9a48ff5ca22af254;47565252a5dffbef;2f4564322d4bc7d1;0df036f79e88a5f8
qiaojia_only_vecrag,D4,D,巧家—东川地震空区的地震活动是否表现出典型的主震-余震衰减（Omori衰减）特征？,检索到的数据中没有包含关于巧家—东川地震空区的地震活动是否表现出典型的主震-余震衰减（Omori衰减）特征的信息。,refusal-like,3,"pure refusal: convention D=3 (correct refusal, catalog-only), A/B/C/E=1",89f083db1cffeffb;93336a981362392d;9a48ff5ca22af254;72dcf4a5191ed0b9;8e059b6e3c49e5cf;a6d1995bd6a081bc;9cdd436c0f53daf5;0df036f79e88a5f8;287e93b67e7df36d;139389c9cbe2dbb4
qiaojia_only_vecrag,D5,D,巧家—东川地震空区序列的发生是否与区域构造应力场的变化有关？,检索到的数据中并未包含关于巧家—东川地震空区序列与区域构造应力场变化之间关系的信息。因此，我无法回答这个问题。,refusal-like,3,"pure refusal: convention D=3 (correct refusal, catalog-only), A/B/C/E=1",89f083db1cffeffb;0434ac9bb1d0f9b0;0df036f79e88a5f8;9a48ff5ca22af254;8f1cfab17ec5c2ca;93336a981362392d;72dcf4a5191ed0b9;4115308cd59fbcc2;16609ac841048b15;3c3fb6fe60cc8c5a
qiaojia_only_vecrag,D6,D,巧家—东川地震空区是否存在深部流体上涌或地壳导电性异常的证据？,检索到的数据中并未包含关于巧家—东川地震空区是否存在深部流体上涌或地壳导电性异常的证据的信息。,,3,"pure refusal: convention D=3 (correct refusal, catalog-only), A/B/C/E=1",89f083db1cffeffb;0434ac9bb1d0f9b0;8e059b6e3c49e5cf;4115308cd59fbcc2;0df036f79e88a5f8;83cda4b27a775942;8f1cfab17ec5c2ca;72dcf4a5191ed0b9;3c3fb6fe60cc8c5a;a817d860e64c63d1
qiaojia_only_vecrag,D7,D,巧家—东川地震空区序列的破裂/触发机制大致是怎样的？,检索到的数据中并未包含关于巧家—东川地震空区序列的破裂或触发机制的具体信息。因此，我无法提供相关的答案。,refusal-like,3,"pure refusal: convention D=3 (correct refusal, catalog-only), A/B/C/E=1",8f1cfab17ec5c2ca;0434ac9bb1d0f9b0;89f083db1cffeffb;4115308cd59fbcc2;a817d860e64c63d1;93336a981362392d;9a48ff5ca22af254;8e059b6e3c49e5cf;72dcf4a5191ed0b9;16609ac841048b15
qiaojia_only_vecrag,D8,D,巧家—东川地震空区历史上是否发生过与当前序列相关的大地震？两者关系如何？,检索到的数据中并未包含关于巧家—东川地区历史上是否发生过与当前序列相关的大地震的信息。因此，我无法回答这个问题。,refusal-like,3,"pure refusal: convention D=3 (correct refusal, catalog-only), A/B/C/E=1",0434ac9bb1d0f9b0;8f1cfab17ec5c2ca;2db58c8e75c5008b;a6d1995bd6a081bc;4115308cd59fbcc2;89f083db1cffeffb;82c77904ef053480;0df036f79e88a5f8;bc8f1705dc1cec8c;a817d860e64c63d1
qiaojia_only_vecrag,D9,D,巧家—东川地震空区序列的空间展布方向是否与已知断层走向一致？,检索到的数据中并未包含关于巧家—东川地震空区序列的空间展布方向或与已知断层走向一致性的具体信息。因此，我无法回答这个问题。,refusal-like;possible-pretrained-knowledge,3,"pure refusal: convention D=3 (correct refusal, catalog-only), A/B/C/E=1",8f1cfab17ec5c2ca;88f1d0d9fa79d3cb;b38916c8b25c72f2;ae05489e7b4fdf10;3c3fb6fe60cc8c5a;2db58c8e75c5008b;16609ac841048b15;6542e1887108bd43;287e93b67e7df36d;72dcf4a5191ed0b9
qiaojia_only_vecrag,D10,D,巧家—东川地震空区是否存在“地震空区”或异常平静区？,检索到的数据中没有提及巧家—东川地区是否存在“地震空区”或异常平静区的信息。因此，我无法回答这个问题。,refusal-like,3,"pure refusal: convention D=3 (correct refusal, catalog-only), A/B/C/E=1",a6d1995bd6a081bc;89f083db1cffeffb;47565252a5dffbef;cd4701502877bceb;f52798be040099e4;82c77904ef053480;a817d860e64c63d1;8e059b6e3c49e5cf;83cda4b27a775942;0df036f79e88a5f8
qiaojia_only_vecrag,D11,D,巧家—东川地震空区序列的深部构造锁定状态如何？,检索到的数据中并未包含关于巧家—东川地震空区序列的深部构造锁定状态的信息。,,3,"pure refusal: convention D=3 (correct refusal, catalog-only), A/B/C/E=1",0434ac9bb1d0f9b0;8f1cfab17ec5c2ca;4115308cd59fbcc2;ffa75fa0eec3b7f5;0df036f79e88a5f8;3c3fb6fe60cc8c5a;c477c9b062ffffc8;9a48ff5ca22af254;89f083db1cffeffb;dce950fa7069091c
qiaojia_only_vecrag,D12,D,巧家—东川地震空区地震活动的成因是自然构造过程还是人为因素占主导？,检索到的数据中并没有提供关于巧家—东川地震空区地震活动成因的具体信息，因此无法确定是自然构造过程还是人为因素占主导。,refusal-like,3,"pure refusal: convention D=3 (correct refusal, catalog-only), A/B/C/E=1",a817d860e64c63d1;89f083db1cffeffb;0434ac9bb1d0f9b0;8f1cfab17ec5c2ca;9a48ff5ca22af254;4115308cd59fbcc2;83cda4b27a775942;cd4701502877bceb;0df036f79e88a5f8;9eeff6634f5d0c0d
qiaojia_only_vecrag,D13,D,巧家—东川地震空区序列是否表现出前震活跃或应力迁移的证据？,检索到的数据中并未包含关于巧家—东川地震空区序列是否表现出前震活跃或应力迁移的证据的信息。因此，我无法回答这个问题。,refusal-like,3,"pure refusal: convention D=3 (correct refusal, catalog-only), A/B/C/E=1",0df036f79e88a5f8;89f083db1cffeffb;0434ac9bb1d0f9b0;82c77904ef053480;93336a981362392d;9a48ff5ca22af254;16609ac841048b15;8e059b6e3c49e5cf;a817d860e64c63d1;8f1cfab17ec5c2ca
qiaojia_only_vecrag,D14,D,基于此数据，巧家—东川地震空区的地震危险性大致如何？,根据检索到的数据，无法直接评估巧家—东川地震空区的地震危险性。这些数据仅包含了一些特定时间和地点的地震事件记录，缺乏对该区域整体地震活动性、历史地震记录或地质特征的全面分析。因此，无法得出该地区地震危险性的结论。,,3,individually verified vs ground truth,a6d1995bd6a081bc;8e059b6e3c49e5cf;82c77904ef053480;0434ac9bb1d0f9b0;f52798be040099e4;8de8f984d8ec76f6;9a48ff5ca22af254;47565252a5dffbef;287e93b67e7df36d;cd4701502877bceb
qiaojia_only_vecrag,D15,D,巧家—东川地震空区序列的触发机制是瞬时弹性响应还是延迟孔隙压力扩散？,检索到的数据不包含关于巧家—东川地震空区序列的触发机制的信息，因此无法回答这个问题。,refusal-like,3,"pure refusal: convention D=3 (correct refusal, catalog-only), A/B/C/E=1",0434ac9bb1d0f9b0;4115308cd59fbcc2;a817d860e64c63d1;8f1cfab17ec5c2ca;93336a981362392d;38f0febd63c8ecba;8e059b6e3c49e5cf;9cdd436c0f53daf5;ae05489e7b4fdf10;0df036f79e88a5f8
qiaojia_only_vecrag,D16,D,巧家—东川地震空区断层的几何结构（如倾角、走向）是怎样的？,检索到的数据中并未包含关于巧家—东川地震空区断层的几何结构（如倾角、走向）的具体信息。,,3,"pure refusal: convention D=3 (correct refusal, catalog-only), A/B/C/E=1",47565252a5dffbef;4e1997a75831a4f8;8f1cfab17ec5c2ca;3c3fb6fe60cc8c5a;3de8ecf685de0d39;2f4564322d4bc7d1;16609ac841048b15;ae05489e7b4fdf10;a6d1995bd6a081bc;139389c9cbe2dbb4
qiaojia_only_vecrag,D17,D,巧家—东川地震空区余震区的长度/宽度反映出怎样的破裂特征？,检索到的数据中并未包含关于巧家—东川地震空区余震区的长度、宽度或破裂特征的信息。因此，我无法回答这个问题。,refusal-like,3,"pure refusal: convention D=3 (correct refusal, catalog-only), A/B/C/E=1",47565252a5dffbef;8f1cfab17ec5c2ca;82c77904ef053480;83cda4b27a775942;8de8f984d8ec76f6;3de8ecf685de0d39;2f4564322d4bc7d1;3c3fb6fe60cc8c5a;93336a981362392d;16609ac841048b15
qiaojia_only_vecrag,D18,D,巧家—东川地震空区是否存在“马尾状”分叉或复杂破裂特征？,检索到的数据中并未包含关于巧家—东川地震空区是否存在“马尾状”分叉或复杂破裂特征的信息。,,3,"pure refusal: convention D=3 (correct refusal, catalog-only), A/B/C/E=1",89f083db1cffeffb;8f1cfab17ec5c2ca;3c3fb6fe60cc8c5a;93336a981362392d;8e059b6e3c49e5cf;0434ac9bb1d0f9b0;72dcf4a5191ed0b9;ae05489e7b4fdf10;4115308cd59fbcc2;82c77904ef053480
qiaojia_only_vecrag,D19,D,巧家—东川地震空区序列的震源深度分布对理解其构造背景有何提示？,抱歉，检索到的数据中没有包含关于巧家—东川地震空区序列的震源深度分布或其构造背景的信息。,refusal-like,3,"pure refusal: convention D=3 (correct refusal, catalog-only), A/B/C/E=1",8f1cfab17ec5c2ca;89f083db1cffeffb;4115308cd59fbcc2;0434ac9bb1d0f9b0;0df036f79e88a5f8;3c3fb6fe60cc8c5a;9a48ff5ca22af254;16609ac841048b15;a817d860e64c63d1;3de8ecf685de0d39
qiaojia_only_vecrag,D20,D,综合来看，巧家—东川地震空区地震活动驱动机制的科学共识是什么？,检索到的数据中并未包含关于巧家—东川地震空区地震活动驱动机制的具体信息。因此，我无法提供相关的科学共识。,refusal-like,3,"pure refusal: convention D=3 (correct refusal, catalog-only), A/B/C/E=1",3de8ecf685de0d39;0434ac9bb1d0f9b0;89f083db1cffeffb;16609ac841048b15;83cda4b27a775942;ae05489e7b4fdf10;93336a981362392d;a817d860e64c63d1;8e059b6e3c49e5cf;20aeb1470ef79238
qiaojia_only_vecrag,E1,E,巧家—东川地震空区序列早期阶段和后期阶段相比，活动强度、震级分布有什么变化？,根据检索到的数据，无法提供关于巧家—东川地震空区序列早期阶段和后期阶段活动强度及震级分布变化的信息。这些数据块没有包含相关的比较或趋势分析。,refusal-like,1,"pure refusal: convention D=3 (correct refusal, catalog-only), A/B/C/E=1",89f083db1cffeffb;a6d1995bd6a081bc;8e059b6e3c49e5cf;9a48ff5ca22af254;72dcf4a5191ed0b9;cd4701502877bceb;0df036f79e88a5f8;82c77904ef053480;0434ac9bb1d0f9b0;f52798be040099e4
qiaojia_only_vecrag,E2,E,巧家—东川地震空区的地震活动是否表现出空间上的“迁移”趋势？,根据检索到的数据块，无法确定巧家—东川地震空区的地震活动是否表现出空间上的“迁移”趋势。这些数据块没有提供足够的信息来分析该区域的地震活动模式或趋势。,refusal-like,1,"pure refusal: convention D=3 (correct refusal, catalog-only), A/B/C/E=1",a6d1995bd6a081bc;89f083db1cffeffb;72dcf4a5191ed0b9;16609ac841048b15;cd4701502877bceb;287e93b67e7df36d;83cda4b27a775942;3c3fb6fe60cc8c5a;8f1cfab17ec5c2ca;93336a981362392d
qiaojia_only_vecrag,E3,E,巧家—东川地震空区序列中是否存在明显的“平静期”或活动骤降的时间窗口？,根据检索到的数据块，无法确定巧家—东川地震空区序列中是否存在明显的“平静期”或活动骤降的时间窗口。这些数据仅提供了特定时间段内的地震活动记录，无法全面反映整个序列的活动趋势或平静期。,refusal-like,1,"pure refusal: convention D=3 (correct refusal, catalog-only), A/B/C/E=1",0df036f79e88a5f8;0434ac9bb1d0f9b0;a817d860e64c63d1;72dcf4a5191ed0b9;89f083db1cffeffb;4115308cd59fbcc2;abc3d439b51eb582;16609ac841048b15;a6d1995bd6a081bc;3c3fb6fe60cc8c5a
qiaojia_only_vecrag,E4,E,巧家—东川地震空区序列前1个月与最近1个月相比，活动特征有何不同？,根据检索到的数据，无法直接比较巧家—东川地震空区序列前1个月与最近1个月的活动特征，因为这些数据仅包含特定时间段内的地震事件记录，而没有提供完整的时间范围或活动特征的详细分析。因此，无法确定这两个时间段的活动特征有何不同。,refusal-like,1,"pure refusal: convention D=3 (correct refusal, catalog-only), A/B/C/E=1",47b01b937784f7eb;0df036f79e88a5f8;89f083db1cffeffb;9a48ff5ca22af254;abc3d439b51eb582;a817d860e64c63d1;0434ac9bb1d0f9b0;a6d1995bd6a081bc;72dcf4a5191ed0b9;93336a981362392d
qiaojia_only_vecrag,E5,E,巧家—东川地震空区序列的震级分布是否随时间发生变化？,根据检索到的数据块，无法确定巧家—东川地震空区序列的震级分布是否随时间发生变化。这些数据块只提供了特定时间段内的地震事件信息，未包含关于震级分布随时间变化的分析或趋势。,refusal-like,1,"pure refusal: convention D=3 (correct refusal, catalog-only), A/B/C/E=1",89f083db1cffeffb;0434ac9bb1d0f9b0;4115308cd59fbcc2;8e059b6e3c49e5cf;9a48ff5ca22af254;16609ac841048b15;0df036f79e88a5f8;72dcf4a5191ed0b9;a817d860e64c63d1;8f1cfab17ec5c2ca
qiaojia_only_vecrag,E6,E,巧家—东川地震空区序列的空间范围（覆盖面积）是否随时间扩大或收缩？,根据检索到的数据块，无法确定巧家—东川地震空区序列的空间范围是否随时间扩大或收缩。这些数据块没有提供关于该序列的空间范围变化的信息。,refusal-like,1,"pure refusal: convention D=3 (correct refusal, catalog-only), A/B/C/E=1",47565252a5dffbef;3c3fb6fe60cc8c5a;88f1d0d9fa79d3cb;8f1cfab17ec5c2ca;4e1997a75831a4f8;0434ac9bb1d0f9b0;528aef151635a4c6;ae05489e7b4fdf10;a6d1995bd6a081bc;3de8ecf685de0d39
qiaojia_only_vecrag,E7,E,巧家—东川地震空区序列早期与晚期相比，深度分布是否发生变化？,检索到的数据中没有关于巧家—东川地震空区序列早期与晚期深度分布变化的信息。,,1,individually verified vs ground truth,89f083db1cffeffb;9a48ff5ca22af254;72dcf4a5191ed0b9;0434ac9bb1d0f9b0;0df036f79e88a5f8;8de8f984d8ec76f6;8f1cfab17ec5c2ca;a6d1995bd6a081bc;cd4701502877bceb;88f1d0d9fa79d3cb
qiaojia_only_vecrag,E8,E,巧家—东川地震空区序列是否存在多个活动高峰？分别在什么时候？,根据检索到的数据，无法确定巧家—东川地震空区序列是否存在多个活动高峰，以及这些高峰分别在什么时候。检索到的数据没有提供足够的信息来回答这个问题。,refusal-like,1,"pure refusal: convention D=3 (correct refusal, catalog-only), A/B/C/E=1",0434ac9bb1d0f9b0;0df036f79e88a5f8;89f083db1cffeffb;abc3d439b51eb582;4115308cd59fbcc2;a6d1995bd6a081bc;a817d860e64c63d1;9a48ff5ca22af254;f52798be040099e4;88f1d0d9fa79d3cb
qiaojia_only_vecrag,E9,E,与序列开始时相比，巧家—东川地震空区目前的地震活动水平是上升还是下降？,根据检索到的数据，无法确定巧家—东川地震空区目前的地震活动水平是上升还是下降。这些数据仅提供了特定时间段内的地震事件信息，无法进行整体趋势分析。,refusal-like,1,"pure refusal: convention D=3 (correct refusal, catalog-only), A/B/C/E=1",89f083db1cffeffb;9a48ff5ca22af254;a6d1995bd6a081bc;a817d860e64c63d1;0434ac9bb1d0f9b0;72dcf4a5191ed0b9;0df036f79e88a5f8;f52798be040099e4;93336a981362392d;82c77904ef053480
qiaojia_only_vecrag,E10,E,巧家—东川地震空区序列不同阶段的地震类型（如是否更接近余震或独立事件）有何变化？,根据检索到的数据，无法确定巧家—东川地震空区序列不同阶段的地震类型变化（如是否更接近余震或独立事件）。这些数据没有提供关于地震事件之间关系或阶段性分析的信息。,refusal-like,1,"pure refusal: convention D=3 (correct refusal, catalog-only), A/B/C/E=1",89f083db1cffeffb;0df036f79e88a5f8;9a48ff5ca22af254;8e059b6e3c49e5cf;8f1cfab17ec5c2ca;4115308cd59fbcc2;0434ac9bb1d0f9b0;72dcf4a5191ed0b9;cd4701502877bceb;93336a981362392d
qiaojia_only_vecrag,E11,E,巧家—东川地震空区序列的活动模式是否可以划分为“爆发期”和“衰减期”？,根据检索到的数据，无法确定巧家—东川地震空区序列的活动模式是否可以划分为“爆发期”和“衰减期”。检索到的数据没有提供关于该序列活动模式的具体信息。,refusal-like,1,"pure refusal: convention D=3 (correct refusal, catalog-only), A/B/C/E=1",0434ac9bb1d0f9b0;4115308cd59fbcc2;8f1cfab17ec5c2ca;0df036f79e88a5f8;89f083db1cffeffb;f8d89408258201b2;38f0febd63c8ecba;72dcf4a5191ed0b9;abc3d439b51eb582;88f1d0d9fa79d3cb
qiaojia_only_vecrag,E12,E,巧家—东川地震空区序列前半段与后半段相比，最大震级事件出现的位置有何不同？,检索到的数据中没有关于巧家—东川地震空区序列的具体信息，因此无法回答关于最大震级事件出现位置的不同之处。,refusal-like,1,"pure refusal: convention D=3 (correct refusal, catalog-only), A/B/C/E=1",89f083db1cffeffb;0434ac9bb1d0f9b0;0df036f79e88a5f8;4115308cd59fbcc2;f52798be040099e4;a6d1995bd6a081bc;9a48ff5ca22af254;cd4701502877bceb;72dcf4a5191ed0b9;f8d89408258201b2
qiaojia_only_vecrag,E13,E,巧家—东川地震空区序列的活动是否表现出周期性或阶段性特征？,根据检索到的数据，无法确定巧家—东川地震空区序列的活动是否表现出周期性或阶段性特征。这些数据仅提供了特定时间段内的地震事件信息，而没有关于活动模式或趋势的详细分析。,refusal-like,1,"pure refusal: convention D=3 (correct refusal, catalog-only), A/B/C/E=1",0434ac9bb1d0f9b0;0df036f79e88a5f8;89f083db1cffeffb;8f1cfab17ec5c2ca;72dcf4a5191ed0b9;4115308cd59fbcc2;abc3d439b51eb582;88f1d0d9fa79d3cb;38f0febd63c8ecba;9a48ff5ca22af254
qiaojia_only_vecrag,E14,E,巧家—东川地震空区序列早期阶段的空间聚集程度与近期相比有何不同？,根据检索到的数据，无法提供关于巧家—东川地震空区序列早期阶段的空间聚集程度与近期相比的具体信息。检索到的数据没有包含相关的空间聚集程度或比较分析的信息。,refusal-like,1,"pure refusal: convention D=3 (correct refusal, catalog-only), A/B/C/E=1",a6d1995bd6a081bc;89f083db1cffeffb;72dcf4a5191ed0b9;8e059b6e3c49e5cf;cd4701502877bceb;0df036f79e88a5f8;8de8f984d8ec76f6;0434ac9bb1d0f9b0;9a48ff5ca22af254;3c3fb6fe60cc8c5a
qiaojia_only_vecrag,E15,E,巧家—东川地震空区序列不同年份的地震活动特征有何差异？,根据检索到的数据，无法提供关于巧家—东川地震空区序列不同年份的地震活动特征差异的信息。这些数据仅包含特定时间段内的地震事件记录，未提供年份间的比较或分析。,refusal-like,1,"pure refusal: convention D=3 (correct refusal, catalog-only), A/B/C/E=1",8e059b6e3c49e5cf;2db58c8e75c5008b;0df036f79e88a5f8;a817d860e64c63d1;abc3d439b51eb582;0434ac9bb1d0f9b0;4115308cd59fbcc2;a6d1995bd6a081bc;8f1cfab17ec5c2ca;47b01b937784f7eb
qiaojia_only_vecrag,E16,E,巧家—东川地震空区序列在关键节点（如某次较大地震后）前后的活动模式有何变化？,根据检索到的数据，无法确定巧家—东川地震空区序列在关键节点（如某次较大地震后）前后的活动模式变化。检索到的内容没有提供关于该区域的具体活动模式或关键节点的详细信息。,refusal-like,1,"pure refusal: convention D=3 (correct refusal, catalog-only), A/B/C/E=1",0434ac9bb1d0f9b0;72dcf4a5191ed0b9;89f083db1cffeffb;16609ac841048b15;9a48ff5ca22af254;8f1cfab17ec5c2ca;4115308cd59fbcc2;0df036f79e88a5f8;93336a981362392d;88f1d0d9fa79d3cb
qiaojia_only_vecrag,E17,E,巧家—东川地震空区的地震活动是否表现出向某个方向扩展或收缩的趋势？,根据检索到的数据，无法确定巧家—东川地震空区的地震活动是否表现出向某个方向扩展或收缩的趋势。这些数据仅提供了特定时间段内的地震事件信息，未包含关于地震活动趋势的分析或总结。,refusal-like,1,"pure refusal: convention D=3 (correct refusal, catalog-only), A/B/C/E=1",89f083db1cffeffb;93336a981362392d;0df036f79e88a5f8;72dcf4a5191ed0b9;9a48ff5ca22af254;287e93b67e7df36d;16609ac841048b15;3c3fb6fe60cc8c5a;a817d860e64c63d1;8f1cfab17ec5c2ca
qiaojia_only_vecrag,E18,E,巧家—东川地震空区序列不同阶段的事件时间间隔的统计特征有何变化？,根据检索到的数据，无法提供关于巧家—东川地震空区序列不同阶段的事件时间间隔的统计特征变化的信息。检索到的数据没有包含相关的统计分析或时间间隔的详细信息。,refusal-like,1,"pure refusal: convention D=3 (correct refusal, catalog-only), A/B/C/E=1",0434ac9bb1d0f9b0;88f1d0d9fa79d3cb;f8d89408258201b2;16609ac841048b15;89f083db1cffeffb;72dcf4a5191ed0b9;9a48ff5ca22af254;4115308cd59fbcc2;287e93b67e7df36d;0df036f79e88a5f8
qiaojia_only_vecrag,E19,E,与整体平均水平相比，巧家—东川地震空区序列某个特定阶段是否显著异常活跃或沉寂？,根据检索到的数据，无法确定巧家—东川地震空区序列在特定阶段的活跃或沉寂情况。这些数据仅反映了一个小的子集，无法提供整体平均水平或趋势的完整信息。因此，无法判断该区域在特定阶段是否显著异常活跃或沉寂。,refusal-like,1,"pure refusal: convention D=3 (correct refusal, catalog-only), A/B/C/E=1",9a48ff5ca22af254;0df036f79e88a5f8;89f083db1cffeffb;72dcf4a5191ed0b9;8de8f984d8ec76f6;0434ac9bb1d0f9b0;f8d89408258201b2;a6d1995bd6a081bc;abc3d439b51eb582;47b01b937784f7eb
qiaojia_only_vecrag,E20,E,综合序列的整体演化过程，巧家—东川地震空区可以划分为几个主要阶段，各阶段有何标志性特征？,根据检索到的数据，无法提供关于巧家—东川地震空区的整体演化过程及其主要阶段的具体信息。检索到的数据没有包含相关的地震活动趋势或阶段特征的描述。,refusal-like,1,"pure refusal: convention D=3 (correct refusal, catalog-only), A/B/C/E=1",0434ac9bb1d0f9b0;89f083db1cffeffb;4115308cd59fbcc2;9a48ff5ca22af254;72dcf4a5191ed0b9;f8d89408258201b2;0df036f79e88a5f8;16609ac841048b15;a772756af5efc831;8f1cfab17ec5c2ca
ridgecrest_only_vecrag,A1,A,2019年Ridgecrest地震序列地震活动整体呈现出什么样的时空分布特征？,"根据检索到的数据，Ridgecrest地震序列的地震活动在2019年7月6日至7月12日期间显示出一定的时空分布特征。在这段时间内，多个地震事件发生在相对较小的地理范围内，主要集中在Ridgecrest及其周边地区。地震的震中经纬度大致在35.5°到36.0°的纬度和-118.0°到-117.5°的经度之间，震中深度多在几公里到十几公里之间。

在时间上，地震活动呈现出一定的聚集性，尤其是在7月6日和7月9日这两天，记录到的地震事件数量较多，显示出在这段时间内的地震活动相对频繁。这种时空分布特征可能与地震序列的主震和余震活动有关。

需要注意的是，这些观察仅基于检索到的部分数据，可能无法全面反映整个Ridgecrest地震序列的活动特征。",,2,individually verified vs ground truth,2768f1f9544773a8;91274f4907b82798;828b4ff70bfa6f26;e28ced5ed20c9a8d;411c15607ef10e35;541ac058bfd8dc98;528ea5807f93595e;bb46b366433deb8c;d409146b9e1dfb70;5000139a7e9e6043
ridgecrest_only_vecrag,A2,A,2019年Ridgecrest地震序列目录记录的时间范围、总事件数和震级范围分别是多少？,根据检索到的数据，这些数据块仅覆盖了Ridgecrest地震序列的一部分，因此无法确定整个目录的时间范围、总事件数和震级范围。,refusal-like,1,"pure refusal: convention D=3 (correct refusal, catalog-only), A/B/C/E=1",bb46b366433deb8c;2768f1f9544773a8;e28ced5ed20c9a8d;91274f4907b82798;5000139a7e9e6043;541ac058bfd8dc98;411c15607ef10e35;828b4ff70bfa6f26;03d61b53f2c7cf1a;d409146b9e1dfb70
ridgecrest_only_vecrag,A3,A,2019年Ridgecrest地震序列震级分布的总体特征是什么？,"根据检索到的数据，Ridgecrest地震序列的震级分布显示出多个震级的事件，包括M2.0到M4.6的地震。具体来说，数据中记录了多个震中震级在M2.0到M3.6之间的地震事件，且有一些震级达到M4.6。这表明该地区在2019年经历了一系列小到中等规模的地震活动。

然而，检索到的数据仅为该地震序列的一个子集，因此无法提供完整的震级分布特征。总体特征可能包括震级的集中分布在较低的震级范围内，但具体的统计特征和趋势需要更全面的数据来确认。",refusal-like,2,individually verified vs ground truth,411c15607ef10e35;2768f1f9544773a8;bb46b366433deb8c;828b4ff70bfa6f26;528ea5807f93595e;5000139a7e9e6043;91274f4907b82798;e28ced5ed20c9a8d;03d61b53f2c7cf1a;9d2af26aaecd67ba
ridgecrest_only_vecrag,A4,A,2019年Ridgecrest地震序列的地震活动强度随时间是增强、减弱还是保持稳定？,根据检索到的数据，2019年Ridgecrest地震序列的地震活动在时间上表现出一定的波动。具体来说，数据中显示了在不同时间点发生的多次地震，震中位置和震级各异。虽然无法从这些数据中得出整体趋势，但可以观察到在某些时段内有较强的地震（如M3.6和M3.3），而在其他时段则有较小的地震（如M2.0和M2.1）。因此，地震活动的强度似乎是波动的，而不是单一的增强或减弱。,refusal-like,1,individually verified vs ground truth,91274f4907b82798;541ac058bfd8dc98;2768f1f9544773a8;e28ced5ed20c9a8d;bb46b366433deb8c;828b4ff70bfa6f26;6629f08cc58f6e10;5000139a7e9e6043;528ea5807f93595e;411c15607ef10e35
ridgecrest_only_vecrag,A5,A,2019年Ridgecrest地震序列的地震活动可以分为几个阶段？每个阶段的特点是什么？,根据检索到的数据，无法确定2019年Ridgecrest地震序列的地震活动是否可以分为几个阶段，以及每个阶段的特点。检索到的数据没有提供关于地震活动阶段或其特点的具体信息。,refusal-like,1,"pure refusal: convention D=3 (correct refusal, catalog-only), A/B/C/E=1",bb46b366433deb8c;541ac058bfd8dc98;91274f4907b82798;a5e4828369b4f5da;828b4ff70bfa6f26;2768f1f9544773a8;411c15607ef10e35;e28ced5ed20c9a8d;528ea5807f93595e;5000139a7e9e6043
ridgecrest_only_vecrag,A6,A,2019年Ridgecrest地震序列序列的整体持续时间和空间范围大约是多大？,根据检索到的数据，Ridgecrest地震序列的整体持续时间和空间范围的信息并没有明确提供。检索到的片段只包含了2019年7月6日至7月9日之间的一些地震事件的详细信息。因此，我无法确定该序列的整体持续时间和空间范围。,refusal-like,1,"pure refusal: convention D=3 (correct refusal, catalog-only), A/B/C/E=1",e28ced5ed20c9a8d;91274f4907b82798;bb46b366433deb8c;2768f1f9544773a8;5000139a7e9e6043;d409146b9e1dfb70;828b4ff70bfa6f26;411c15607ef10e35;528ea5807f93595e;03d61b53f2c7cf1a
ridgecrest_only_vecrag,A7,A,2019年Ridgecrest地震序列地震活动的频率随时间的变化趋势是怎样的？,"根据检索到的数据，2019年7月6日至7月12日的Ridgecrest地震序列中，地震活动的频率在这段时间内表现出一定的变化。具体来说，7月6日和7月9日的地震活动相对频繁，尤其是7月9日，记录了多次地震事件，显示出较高的活动频率。相比之下，7月11日和7月12日的地震活动则相对较少。

需要注意的是，这些观察仅基于检索到的部分数据，可能无法全面反映整个地震序列的活动趋势。",,2,individually verified vs ground truth,e28ced5ed20c9a8d;2768f1f9544773a8;91274f4907b82798;541ac058bfd8dc98;411c15607ef10e35;5000139a7e9e6043;828b4ff70bfa6f26;bb46b366433deb8c;91d8e84d2cd59f5c;834b7955df9ec5c7
ridgecrest_only_vecrag,A8,A,2019年Ridgecrest地震序列目录中的地震深度分布有什么特征？,根据检索到的数据，Ridgecrest地震序列中的地震深度分布显示出一定的变化。地震的深度范围从几公里到超过40公里不等。例如，某些地震的深度为3.1公里、6.4公里、12.3公里等，最深的地震深度达到67.1公里。这表明该区域的地震活动涉及不同的深度层次，可能与地质构造和断层活动有关。然而，检索到的数据仅反映了一个子集，无法提供整个地震序列的全面深度分布特征。,refusal-like,2,individually verified vs ground truth,411c15607ef10e35;2768f1f9544773a8;828b4ff70bfa6f26;528ea5807f93595e;91274f4907b82798;5000139a7e9e6043;e28ced5ed20c9a8d;bb46b366433deb8c;541ac058bfd8dc98;4ef6190f8512db84
ridgecrest_only_vecrag,A9,A,2019年Ridgecrest地震序列的地震活动从空间上看是集中分布还是分散分布？,根据检索到的数据，Ridgecrest地震序列的地震活动在空间上表现出一定的集中分布。多个地震事件的震中坐标相对接近，显示出它们发生在同一地区。这种空间上的集中分布反映了地震活动的聚集性。然而，这些数据仅代表了一个子集，无法全面代表整个Ridgecrest地震序列的活动模式。,,2,individually verified vs ground truth,91274f4907b82798;2768f1f9544773a8;828b4ff70bfa6f26;5000139a7e9e6043;411c15607ef10e35;528ea5807f93595e;bb46b366433deb8c;e28ced5ed20c9a8d;d409146b9e1dfb70;6629f08cc58f6e10
ridgecrest_only_vecrag,A10,A,2019年Ridgecrest地震序列最活跃的时间段大概是什么时候？,根据检索到的数据，2019年Ridgecrest地震序列在7月6日至7月11日之间发生了多次地震活动。具体来说，7月6日和7月9日的地震活动较为频繁，尤其是7月6日的地震中有一个4.5级的事件。因此，从这些数据来看，2019年Ridgecrest地震序列最活跃的时间段大概是在7月6日至7月9日之间。请注意，这些信息仅反映了检索到的部分数据，可能不代表整个地震序列的完整情况。,,2,individually verified vs ground truth,91274f4907b82798;bb46b366433deb8c;2768f1f9544773a8;e28ced5ed20c9a8d;828b4ff70bfa6f26;6629f08cc58f6e10;d409146b9e1dfb70;541ac058bfd8dc98;411c15607ef10e35;116fca7434ede007
ridgecrest_only_vecrag,A11,A,2019年Ridgecrest地震序列序列整体的震级-频次关系是怎样的？,根据检索到的数据，Ridgecrest地震序列的震级-频次关系并没有在提供的片段中明确描述。因此，我无法提供该序列整体的震级-频次关系的信息。,refusal-like,1,"pure refusal: convention D=3 (correct refusal, catalog-only), A/B/C/E=1",91274f4907b82798;411c15607ef10e35;e28ced5ed20c9a8d;bb46b366433deb8c;5000139a7e9e6043;828b4ff70bfa6f26;03d61b53f2c7cf1a;2768f1f9544773a8;541ac058bfd8dc98;91d8e84d2cd59f5c
ridgecrest_only_vecrag,A12,A,2019年Ridgecrest地震序列地震活动的空间形态（如线性、面状、点状）是怎样的？,根据检索到的数据，Ridgecrest地震序列的地震活动主要表现为点状分布。数据中列出了多个地震事件的经纬度和震中深度，显示出这些事件在空间上的分散性。虽然没有提供具体的空间形态分析，但从这些地震事件的分布来看，它们并未形成明显的线性或面状结构。请注意，这些信息仅反映了检索到的部分数据，可能无法代表整个地震序列的完整特征。,refusal-like,1,individually verified vs ground truth,2768f1f9544773a8;bb46b366433deb8c;91274f4907b82798;411c15607ef10e35;828b4ff70bfa6f26;d409146b9e1dfb70;528ea5807f93595e;e28ced5ed20c9a8d;5000139a7e9e6043;834b7955df9ec5c7
ridgecrest_only_vecrag,A13,A,2019年Ridgecrest地震序列目录记录的最早和最晚事件分别是什么时候？,根据检索到的数据，2019年Ridgecrest地震序列的最早事件发生在2019年7月6日，而最晚事件发生在2019年7月12日。,,1,individually verified vs ground truth,bb46b366433deb8c;e28ced5ed20c9a8d;2768f1f9544773a8;91274f4907b82798;411c15607ef10e35;541ac058bfd8dc98;828b4ff70bfa6f26;5000139a7e9e6043;c141546dd246f2c5;d409146b9e1dfb70
ridgecrest_only_vecrag,A14,A,综合来看，2019年Ridgecrest地震序列可以被归类为哪种类型的地震序列（主震-余震、震群等）？,根据检索到的数据，2019年Ridgecrest地震序列包含多个地震事件，且在短时间内发生了多次震中相近的地震。这种模式通常被归类为主震-余震序列。虽然检索到的数据没有提供完整的序列信息，但从这些数据中可以看出，存在主震和随后的余震活动。因此，可以推测该地震序列可能是主震-余震类型。,refusal-like,2,individually verified vs ground truth,bb46b366433deb8c;828b4ff70bfa6f26;411c15607ef10e35;91274f4907b82798;e28ced5ed20c9a8d;2768f1f9544773a8;541ac058bfd8dc98;9d2af26aaecd67ba;528ea5807f93595e;00edc67bb102cdeb
ridgecrest_only_vecrag,A15,A,2019年Ridgecrest地震序列地震活动的空间范围大约覆盖多大面积？,根据检索到的数据，无法确定2019年Ridgecrest地震序列地震活动的空间范围覆盖的具体面积。这些数据仅提供了地震的经纬度和震中位置，但没有提供整体活动范围的详细信息。,refusal-like,1,"pure refusal: convention D=3 (correct refusal, catalog-only), A/B/C/E=1",466a94502d26520f;bb46b366433deb8c;91274f4907b82798;7cc57bd09faf66d7;2768f1f9544773a8;e28ced5ed20c9a8d;5000139a7e9e6043;828b4ff70bfa6f26;d409146b9e1dfb70;00edc67bb102cdeb
ridgecrest_only_vecrag,A16,A,2019年Ridgecrest地震序列目录中记录到多少次中等以上（M≥3）的地震？,"根据检索到的数据，2019年Ridgecrest地震序列中记录到的中等以上（M≥3）的地震有6次。这些地震的具体震中位置和震级如下：

1. M3.6
2. M3.0
3. M3.5
4. M3.1
5. M3.2
6. M4.4

请注意，这些数据仅反映了检索到的部分，整个目录中的总数可能会有所不同。",,1,individually verified vs ground truth,f1cf4093af516d32;bb46b366433deb8c;71d5ba613b2fabca;411c15607ef10e35;ce1354b0bfe32e4b;541ac058bfd8dc98;91274f4907b82798;2768f1f9544773a8;5000139a7e9e6043;e28ced5ed20c9a8d
ridgecrest_only_vecrag,A17,A,2019年Ridgecrest地震序列的地震活动在不同深度层的分布有何差异？,"根据检索到的数据，Ridgecrest地震序列的地震活动在不同深度层的分布情况如下：

- 在2019年7月6日的地震活动中，深度范围从约1.5公里到67.1公里不等，多个地震事件的深度集中在6到12公里之间。
- 例如，7月6日的几次地震深度分别为：6.4公里（M3.0）、8.3公里（M2.9）、6.1公里（M2.0）等。
- 7月9日的地震活动也显示出类似的深度分布，深度在2.3公里到12.9公里之间，且有多次地震发生在6到12公里的深度范围内。

总体来看，检索到的数据表明Ridgecrest地震序列的地震活动主要集中在6到12公里的深度层，但具体的深度分布差异和趋势需要更全面的数据来进行详细分析。",,2,individually verified vs ground truth,2768f1f9544773a8;411c15607ef10e35;bb46b366433deb8c;528ea5807f93595e;828b4ff70bfa6f26;541ac058bfd8dc98;91274f4907b82798;5000139a7e9e6043;de26873dbbc5e9d8;d409146b9e1dfb70
ridgecrest_only_vecrag,A18,A,从数据来看，2019年Ridgecrest地震序列是否有明显的活动启动时刻？,根据检索到的数据，2019年Ridgecrest地震序列的活动主要集中在2019年7月6日至7月11日之间。在这段时间内，记录了多次地震事件，包括不同的震中位置和震级。这表明在此期间确实存在明显的地震活动启动时刻。然而，检索到的数据仅为该序列的一部分，无法全面反映整个地震序列的活动情况。,,1,individually verified vs ground truth,bb46b366433deb8c;91274f4907b82798;2768f1f9544773a8;e28ced5ed20c9a8d;411c15607ef10e35;6629f08cc58f6e10;541ac058bfd8dc98;828b4ff70bfa6f26;5000139a7e9e6043;bf7cdba0ef73cd9a
ridgecrest_only_vecrag,A19,A,2019年Ridgecrest地震序列序列末期（最近记录）的活动水平如何？,根据检索到的数据，2019年7月9日的地震活动显示了一系列小规模的地震事件。具体来说，在这一天记录了多个震中位于Ridgecrest地区的地震，震中深度和震级各异，最大震级为M3.6。这些数据反映了在Ridgecrest地震序列的末期，仍然存在一定的地震活动水平，但整体震级相对较低。请注意，这些信息仅基于检索到的部分数据，可能无法全面代表整个地震序列的活动水平。,,1,individually verified vs ground truth,2768f1f9544773a8;bb46b366433deb8c;411c15607ef10e35;91274f4907b82798;5000139a7e9e6043;e28ced5ed20c9a8d;828b4ff70bfa6f26;528ea5807f93595e;91d8e84d2cd59f5c;541ac058bfd8dc98
ridgecrest_only_vecrag,A20,A,综合来看，2019年Ridgecrest地震序列地震目录反映出的整体地质活动特征是什么？,"根据检索到的数据块，2019年Ridgecrest地震序列的地震活动主要集中在2019年7月6日至7月9日之间，显示出多个震中分布在相对较小的区域内，震中位置的经纬度范围大致在35.5°N到35.9°N，117.4°W到117.7°W之间。地震的震中深度和震级也有所不同，震级从M2.0到M4.5不等，表明该地区在此期间经历了多次不同强度的地震。

整体来看，这些数据反映出Ridgecrest地区在2019年7月的地质活动较为活跃，可能与该地区的构造特征和地壳应力状态有关。然而，检索到的数据仅为该地震序列的一部分，无法全面代表整个地震目录的特征。",,2,individually verified vs ground truth,bb46b366433deb8c;411c15607ef10e35;2768f1f9544773a8;828b4ff70bfa6f26;5000139a7e9e6043;528ea5807f93595e;91274f4907b82798;e28ced5ed20c9a8d;d409146b9e1dfb70;834b7955df9ec5c7
ridgecrest_only_vecrag,B1,B,2019年Ridgecrest地震序列目录中哪一天/哪一月的地震事件数量最多？具体是多少次？,根据检索到的数据，2019年7月9日的地震事件数量最多。具体的事件数量在检索到的片段中没有明确列出，因此无法提供确切的次数。检索到的数据仅显示了部分地震事件，无法确定整个目录的总事件数量。,refusal-like,1,"pure refusal: convention D=3 (correct refusal, catalog-only), A/B/C/E=1",bb46b366433deb8c;91274f4907b82798;e28ced5ed20c9a8d;2768f1f9544773a8;5000139a7e9e6043;411c15607ef10e35;541ac058bfd8dc98;03d61b53f2c7cf1a;828b4ff70bfa6f26;00edc67bb102cdeb
ridgecrest_only_vecrag,B2,B,2019年Ridgecrest地震序列目录中震级最大的事件发生在什么时间、什么位置、震级是多少？,"根据检索到的数据，2019年Ridgecrest地震序列中震级最大的事件发生在2019年7月6日19:54:29，位置为35.896°N, 117.726°W，震级为M3.3。",,1,individually verified vs ground truth,bb46b366433deb8c;5000139a7e9e6043;2768f1f9544773a8;91274f4907b82798;411c15607ef10e35;e28ced5ed20c9a8d;03d61b53f2c7cf1a;541ac058bfd8dc98;f432809c64807cf9;828b4ff70bfa6f26
ridgecrest_only_vecrag,B3,B,2019年Ridgecrest地震序列按震级从大到小排列，请列出前5个事件及其发生时间。,"根据检索到的数据，2019年Ridgecrest地震序列中按震级从大到小排列的前5个事件及其发生时间如下：

1. 2019-07-06 03:50:59.650, 震级 M5.0
2. 2019-07-06 03:48:57.780, 震级 M3.5
3. 2019-07-06 03:49:52.260, 震级 M3.8
4. 2019-07-06 03:49:48.100, 震级 M3.3
5. 2019-07-06 03:50:11.150, 震级 M3.7

请注意，这些事件是根据检索到的数据列出的，可能不包含所有事件。",refusal-like,1,individually verified vs ground truth,bb46b366433deb8c;e28ced5ed20c9a8d;541ac058bfd8dc98;2768f1f9544773a8;828b4ff70bfa6f26;411c15607ef10e35;ce1354b0bfe32e4b;f782be15b8e56508;528ea5807f93595e;0e007c4085da1541
ridgecrest_only_vecrag,B4,B,2019年Ridgecrest地震序列目录中震源深度最深/最浅的事件分别是什么？,根据检索到的数据，2019年Ridgecrest地震序列中震源深度最深的事件是发生在2019年7月4日，震源深度为15.1公里，震级为6.4（事件ID为3）。而震源深度最浅的事件是发生在2019年7月4日，震源深度为0.8公里，震级为3.0（事件ID为5）。,,1,individually verified vs ground truth,bb46b366433deb8c;411c15607ef10e35;91274f4907b82798;4ef6190f8512db84;2768f1f9544773a8;541ac058bfd8dc98;5000139a7e9e6043;828b4ff70bfa6f26;e28ced5ed20c9a8d;f1cf4093af516d32
ridgecrest_only_vecrag,B5,B,2019年Ridgecrest地震序列目录中震级的中位数大约是多少？,检索到的数据仅包含Ridgecrest地震序列的一部分，无法确定整个目录中震级的中位数。根据这些数据，震级的范围从2.0到3.6，但无法计算中位数，因为缺少完整的事件列表。,refusal-like,1,"pure refusal: convention D=3 (correct refusal, catalog-only), A/B/C/E=1",bb46b366433deb8c;91274f4907b82798;f1cf4093af516d32;2768f1f9544773a8;00edc67bb102cdeb;6629f08cc58f6e10;411c15607ef10e35;f432809c64807cf9;f7ce69c7103f619b;828b4ff70bfa6f26
ridgecrest_only_vecrag,B6,B,2019年Ridgecrest地震序列哪一天/哪一时段的地震活动最沉寂（事件数量最少）？,根据检索到的数据，无法确定2019年Ridgecrest地震序列中哪一天或哪一时段的地震活动最沉寂（事件数量最少）。检索到的数据仅包含部分地震事件，无法提供完整的活动统计信息。,refusal-like,1,"pure refusal: convention D=3 (correct refusal, catalog-only), A/B/C/E=1",e28ced5ed20c9a8d;541ac058bfd8dc98;91274f4907b82798;2768f1f9544773a8;bb46b366433deb8c;3443cbbdd1fa48b6;d409146b9e1dfb70;828b4ff70bfa6f26;00edc67bb102cdeb;528ea5807f93595e
ridgecrest_only_vecrag,B7,B,2019年Ridgecrest地震序列目录中M≥3的事件总共有多少次，主要发生在什么时间段？,"根据检索到的数据，无法确定2019年Ridgecrest地震序列中M≥3的事件总次数，因为这些数据仅覆盖了数据集的一部分。检索到的事件中，M≥3的事件包括：

- 2019-07-06 04:52:17.840, M4.4
- 2019-07-06 03:50:59.650, M5.0
- 2019-07-11 23:52:32.380, M3.6
- 2019-07-12 00:08:06.430, M3.1
- 2019-07-12 01:36:08.010, M3.5
- 2019-07-09 05:28:15.680, M3.0
- 2019-07-09 08:17:31.570, M3.6
- 2019-07-09 08:18:08.160, M3.0
- 2019-07-09 09:11:15.440, M3.1

这些事件主要发生在2019年7月6日至7月12日之间。",refusal-like,2,individually verified vs ground truth,f1cf4093af516d32;541ac058bfd8dc98;bb46b366433deb8c;71d5ba613b2fabca;411c15607ef10e35;e28ced5ed20c9a8d;ce1354b0bfe32e4b;2768f1f9544773a8;41cc442fb4977ee9;a5e4828369b4f5da
ridgecrest_only_vecrag,B8,B,2019年Ridgecrest地震序列按深度排序，最浅的5个事件分别是什么？,"根据检索到的数据，2019年Ridgecrest地震序列中最浅的5个事件按深度排序如下：

1. 2019-07-09 08:49:41.070, 深度 12.0 km, 震中坐标 (35.739, -117.692), 震级 M2.2
2. 2019-07-09 08:49:02.570, 深度 7.4 km, 震中坐标 (35.620, -117.469), 震级 M2.4
3. 2019-07-09 08:30:08.260, 深度 9.0 km, 震中坐标 (35.669, -117.535), 震级 M2.2
4. 2019-07-09 08:18:08.160, 深度 4.2 km, 震中坐标 (35.848, -117.674), 震级 M3.0
5. 2019-07-09 08:17:31.570, 深度 10.4 km, 震中坐标 (35.784, -117.615), 震级 M3.6

请注意，这些事件的深度和震中坐标是根据检索到的数据提供的。",,1,individually verified vs ground truth,bb46b366433deb8c;ce1354b0bfe32e4b;411c15607ef10e35;91274f4907b82798;541ac058bfd8dc98;828b4ff70bfa6f26;71d5ba613b2fabca;e28ced5ed20c9a8d;4ef6190f8512db84;2768f1f9544773a8
ridgecrest_only_vecrag,B9,B,2019年Ridgecrest地震序列目录中平均每天发生多少次地震？,根据检索到的数据，无法确定2019年Ridgecrest地震序列的完整目录，因此无法计算平均每天发生多少次地震。检索到的片段仅覆盖了数据的一个子集。,refusal-like,1,"pure refusal: convention D=3 (correct refusal, catalog-only), A/B/C/E=1",bb46b366433deb8c;91274f4907b82798;e28ced5ed20c9a8d;2768f1f9544773a8;411c15607ef10e35;541ac058bfd8dc98;828b4ff70bfa6f26;5000139a7e9e6043;528ea5807f93595e;6629f08cc58f6e10
ridgecrest_only_vecrag,B10,B,2019年Ridgecrest地震序列目录中震级在M2.0—M3.0之间的事件总共有多少次？,根据检索到的数据，无法确定2019年Ridgecrest地震序列目录中震级在M2.0—M3.0之间的事件总数。这些数据仅覆盖了该目录的一部分，因此无法提供整个数据集的总数。,refusal-like,1,"pure refusal: convention D=3 (correct refusal, catalog-only), A/B/C/E=1",f1cf4093af516d32;ff50903293ef22f0;e0c44c25a1d54c09;dd1fd2e3a4820488;bb46b366433deb8c;71d5ba613b2fabca;1d749ce7557b4253;51b8e7eb6895f035;f463d1157a0d615e;f7ce69c7103f619b
ridgecrest_only_vecrag,B11,B,2019年Ridgecrest地震序列记录到的地震深度平均值大约是多少？,根据检索到的数据，无法计算2019年Ridgecrest地震序列记录到的地震深度平均值，因为这些数据块只包含部分地震事件的信息，且没有提供完整的深度数据。,refusal-like,1,"pure refusal: convention D=3 (correct refusal, catalog-only), A/B/C/E=1",bb46b366433deb8c;411c15607ef10e35;2768f1f9544773a8;528ea5807f93595e;91274f4907b82798;5000139a7e9e6043;e28ced5ed20c9a8d;828b4ff70bfa6f26;03d61b53f2c7cf1a;d409146b9e1dfb70
ridgecrest_only_vecrag,B12,B,2019年Ridgecrest地震序列哪个月份的最大震级贡献最高？,根据检索到的数据，2019年Ridgecrest地震序列的最大震级为M3.6，发生在2019年7月9日。虽然数据中没有提供每个月的震级贡献的具体统计，但可以确认7月的最大震级是M3.6。因此，从这些数据来看，7月的最大震级贡献是最高的。,refusal-like,1,"pure refusal: convention D=3 (correct refusal, catalog-only), A/B/C/E=1",bb46b366433deb8c;5000139a7e9e6043;2768f1f9544773a8;91274f4907b82798;411c15607ef10e35;e28ced5ed20c9a8d;03d61b53f2c7cf1a;f1cf4093af516d32;828b4ff70bfa6f26;528ea5807f93595e
ridgecrest_only_vecrag,B13,B,2019年Ridgecrest地震序列距离震中（或某参考点）最近的5次事件分别是什么？,"根据检索到的数据，2019年Ridgecrest地震序列中距离震中最近的5次事件如下：

1. **2019-07-06 07:34:59** - 震中坐标：35.787, -117.62, 震级：M3.0
2. **2019-07-06 07:35:24** - 震中坐标：35.701, -117.542, 震级：M2.9
3. **2019-07-06 07:35:51** - 震中坐标：35.549, -117.376, 震级：M2.4
4. **2019-07-06 07:36:09** - 震中坐标：35.660, -117.480, 震级：M2.7
5. **2019-07-06 07:37:00** - 震中坐标：35.754, -117.582, 震级：M2.8

这些事件都是在2019年7月6日发生的，震中位置相对接近。",,1,individually verified vs ground truth,411c15607ef10e35;bb46b366433deb8c;e28ced5ed20c9a8d;2768f1f9544773a8;828b4ff70bfa6f26;528ea5807f93595e;5000139a7e9e6043;541ac058bfd8dc98;03d61b53f2c7cf1a;91274f4907b82798
ridgecrest_only_vecrag,B14,B,2019年Ridgecrest地震序列目录中记录的震级标准差或变化范围大约是多少？,检索到的数据块仅包含部分地震事件的信息，无法确定2019年Ridgecrest地震序列目录中震级的标准差或变化范围。,refusal-like,1,"pure refusal: convention D=3 (correct refusal, catalog-only), A/B/C/E=1",bb46b366433deb8c;828b4ff70bfa6f26;411c15607ef10e35;5000139a7e9e6043;2768f1f9544773a8;e28ced5ed20c9a8d;194f10d4a8fdded5;03d61b53f2c7cf1a;528ea5807f93595e;91274f4907b82798
ridgecrest_only_vecrag,B15,B,2019年Ridgecrest地震序列前十大震级事件集中在哪个时间段？,根据检索到的数据，2019年Ridgecrest地震序列的前十大震级事件集中在2019年7月6日至2019年7月11日之间。这段时间内发生了多次震级较大的地震，包括M3.0和M4.5等。,,1,individually verified vs ground truth,bb46b366433deb8c;6629f08cc58f6e10;91274f4907b82798;828b4ff70bfa6f26;2768f1f9544773a8;411c15607ef10e35;d409146b9e1dfb70;541ac058bfd8dc98;e28ced5ed20c9a8d;116fca7434ede007
ridgecrest_only_vecrag,B16,B,2019年Ridgecrest地震序列不同深度区间（如0—10km、10—20km等）的事件数量分布如何？,根据检索到的数据，无法提供2019年Ridgecrest地震序列不同深度区间（如0—10km、10—20km等）的事件数量分布的信息。检索到的数据没有包含这些具体的深度区间和事件数量的详细信息。,refusal-like,1,"pure refusal: convention D=3 (correct refusal, catalog-only), A/B/C/E=1",2768f1f9544773a8;91274f4907b82798;5000139a7e9e6043;411c15607ef10e35;e28ced5ed20c9a8d;828b4ff70bfa6f26;bb46b366433deb8c;6629f08cc58f6e10;541ac058bfd8dc98;d409146b9e1dfb70
ridgecrest_only_vecrag,B17,B,2019年Ridgecrest地震序列目录中最大与最小震级事件之间的时间间隔是多久？,检索到的数据中没有提供2019年Ridgecrest地震序列中最大与最小震级事件之间的时间间隔的信息，因此无法回答这个问题。,refusal-like,1,"pure refusal: convention D=3 (correct refusal, catalog-only), A/B/C/E=1",bb46b366433deb8c;e28ced5ed20c9a8d;541ac058bfd8dc98;91274f4907b82798;2768f1f9544773a8;411c15607ef10e35;5000139a7e9e6043;828b4ff70bfa6f26;528ea5807f93595e;c051d33be19a32ff
ridgecrest_only_vecrag,B18,B,2019年Ridgecrest地震序列按周统计，哪一周的地震活动最频繁？,根据检索到的数据，2019年7月6日至7月12日的地震活动较为频繁。在这一周内，记录了多次地震事件。具体的活动频率和其他周的比较数据在检索到的片段中并未提供，因此无法确定其他周的活动情况。,refusal-like,1,"pure refusal: convention D=3 (correct refusal, catalog-only), A/B/C/E=1",828b4ff70bfa6f26;91274f4907b82798;411c15607ef10e35;e28ced5ed20c9a8d;6629f08cc58f6e10;541ac058bfd8dc98;bb46b366433deb8c;2768f1f9544773a8;03d61b53f2c7cf1a;97f533e7fe310752
ridgecrest_only_vecrag,B19,B,2019年Ridgecrest地震序列地震事件的震级与深度之间是否存在统计意义上的关联？,检索到的数据中并没有提供关于2019年Ridgecrest地震序列中震级与深度之间统计意义上的关联的信息。因此，我无法回答这个问题。,refusal-like,1,"pure refusal: convention D=3 (correct refusal, catalog-only), A/B/C/E=1",2768f1f9544773a8;411c15607ef10e35;bb46b366433deb8c;5000139a7e9e6043;828b4ff70bfa6f26;541ac058bfd8dc98;528ea5807f93595e;d409146b9e1dfb70;6629f08cc58f6e10;af1decbeaa7deed9
ridgecrest_only_vecrag,B20,B,2019年Ridgecrest地震序列目录中总共记录了多少次事件，其中M<1.0的小震占多大比例？,检索到的数据块仅包含Ridgecrest地震序列的一部分，因此无法确定整个目录中记录的事件总数以及M<1.0的小震所占的比例。,refusal-like,1,"pure refusal: convention D=3 (correct refusal, catalog-only), A/B/C/E=1",ce1354b0bfe32e4b;f1cf4093af516d32;bb46b366433deb8c;71d5ba613b2fabca;f463d1157a0d615e;541ac058bfd8dc98;51b8e7eb6895f035;a5e4828369b4f5da;e28ced5ed20c9a8d;91274f4907b82798
ridgecrest_only_vecrag,C1,C,2019年Ridgecrest地震序列活动最密集的那一天，发生了哪些地震事件？它们之间有什么关联？,"根据检索到的数据，2019年Ridgecrest地震序列活动最密集的那一天是2019年7月9日。在这一天发生了多次地震事件，包括：

- 01:20:04.430，震中：35.651,-117.463，震级：M2.3
- 01:21:10.610，震中：35.533,-117.355，震级：M2.5
- 01:41:58.210，震中：35.644,-117.440，震级：M2.5
- 01:46:10.220，震中：35.694,-117.593，震级：M2.4
- 01:59:31.020，震中：35.710,-117.498，震级：M2.3
- 02:38:53.040，震中：35.878,-117.726，震级：M2.1
- 02:42:38.020，震中：35.752,-117.562，震级：M2.3
- 02:52:18.320，震中：35.868,-117.709，震级：M2.4
- 03:31:15.310，震中：35.541,-117.312，震级：M2.4
- 03:45:59.600，震中：35.909,-117.668，震级：M2.3
- 03:50:46.900，震中：35.905,-117.702，震级：M2.0
- 03:51:44.110，震中：35.667,-117.483，震级：M2.1
- 03:59:59.500，震中：35.612,-117.467，震级：M2.1
- 04:02:53.950，震中：35.925,-117.457，震级：M3.6
- 04:04:24.340，震中：35.848,-117.682，震级：M2.2

关于这些地震事件之间的关联，检索到的数据并没有提供具体的机制或因果关系的信息，因此无法确定它们之间的具体关联。",refusal-like,1,individually verified vs ground truth,bb46b366433deb8c;2768f1f9544773a8;91274f4907b82798;411c15607ef10e35;5000139a7e9e6043;e28ced5ed20c9a8d;f1cf4093af516d32;828b4ff70bfa6f26;d409146b9e1dfb70;541ac058bfd8dc98
ridgecrest_only_vecrag,C2,C,2019年Ridgecrest地震序列震级在M3.0—M4.0之间的事件主要分布在什么区域和时间段？,"根据检索到的数据，2019年Ridgecrest地震序列中震级在M3.0到M4.0之间的事件主要发生在以下时间段和区域：

- **时间段**：2019年7月6日至7月9日之间。
- **区域**：事件主要集中在加利福尼亚州Ridgecrest及其周边地区，具体经纬度范围大致在35.5°N到35.9°N，-117.7°W到-117.4°W之间。

在这个时间段内，检索到的事件包括：
- 2019年7月6日的M3.0事件
- 2019年7月6日的M3.5事件
- 2019年7月9日的M3.0事件
- 2019年7月9日的M3.6事件

这些事件的震中位置和震级表明它们主要集中在Ridgecrest地区。",,2,individually verified vs ground truth,411c15607ef10e35;f1cf4093af516d32;541ac058bfd8dc98;e28ced5ed20c9a8d;828b4ff70bfa6f26;71d5ba613b2fabca;ff50903293ef22f0;bb46b366433deb8c;5000139a7e9e6043;2768f1f9544773a8
ridgecrest_only_vecrag,C3,C,2019年Ridgecrest地震序列地震序列中，前震、主震、余震的时间顺序和特征分别是什么？,"根据检索到的数据，2019年Ridgecrest地震序列的主要地震事件如下：

1. **前震**：
   - 2019年7月4日，发生了一次M6.4的地震（具体数据未在检索到的片段中列出，但这是已知的前震）。

2. **主震**：
   - 2019年7月5日，发生了一次M7.1的地震（同样，具体数据未在检索到的片段中列出，但这是已知的主震）。

3. **余震**：
   - 检索到的数据中包含了多次余震，以下是一些余震的例子：
     - 2019年7月6日，M4.5的余震。
     - 2019年7月6日，M3.0的余震。
     - 2019年7月9日，M3.6的余震。
     - 2019年7月11日，M3.6的余震。

这些余震的时间和特征显示了在主震后的一段时间内，地震活动仍然频繁。具体的时间顺序和特征可以根据检索到的数据进一步分析，但以上是主要的时间节点和震级信息。",possible-pretrained-knowledge,1,individually verified vs ground truth,bb46b366433deb8c;541ac058bfd8dc98;e28ced5ed20c9a8d;6629f08cc58f6e10;828b4ff70bfa6f26;91274f4907b82798;411c15607ef10e35;2768f1f9544773a8;d409146b9e1dfb70;528ea5807f93595e
ridgecrest_only_vecrag,C4,C,2019年Ridgecrest地震序列距离震中最近的几次事件（空间关联）分别发生在什么时间？,"根据检索到的数据，2019年Ridgecrest地震序列中距离震中最近的几次事件及其发生时间如下：

1. 2019-07-09 01:20:04.430
2. 2019-07-09 01:21:10.610
3. 2019-07-09 01:41:58.210
4. 2019-07-09 01:46:10.220
5. 2019-07-09 01:59:31.020

这些事件的时间均在2019年7月9日。",,1,individually verified vs ground truth,bb46b366433deb8c;2768f1f9544773a8;e28ced5ed20c9a8d;411c15607ef10e35;91274f4907b82798;6629f08cc58f6e10;828b4ff70bfa6f26;541ac058bfd8dc98;5000139a7e9e6043;528ea5807f93595e
ridgecrest_only_vecrag,C5,C,2019年Ridgecrest地震序列活动次密集的那一天，具体记录了哪些事件？,"根据检索到的数据，2019年7月6日和7月9日的地震活动较为密集。以下是2019年7月9日的地震事件记录：

1. 01:20:04.430 - Magnitude 2.3
2. 01:21:10.610 - Magnitude 2.5
3. 01:41:58.210 - Magnitude 2.5
4. 01:46:10.220 - Magnitude 2.4
5. 01:59:31.020 - Magnitude 2.3
6. 02:38:53.040 - Magnitude 2.1
7. 02:42:38.020 - Magnitude 2.3
8. 02:52:18.320 - Magnitude 2.4
9. 03:31:15.310 - Magnitude 2.4
10. 03:45:59.600 - Magnitude 2.3
11. 03:50:46.900 - Magnitude 2.0
12. 03:51:44.110 - Magnitude 2.1
13. 03:59:59.500 - Magnitude 2.1
14. 04:02:53.950 - Magnitude 3.6
15. 04:04:24.340 - Magnitude 2.2
16. 21:38:12.480 - Magnitude 2.2
17. 21:52:49.440 - Magnitude 3.3
18. 22:10:32.720 - Magnitude 2.1
19. 22:28:29.320 - Magnitude 2.2
20. 22:32:37.800 - Magnitude 2.4
21. 22:38:32.520 - Magnitude 2.5
22. 22:38:33.480 - Magnitude 2.1
23. 22:44:59.680 - Magnitude 2.5
24. 22:51:51.840 - Magnitude 2.4
25. 22:54:02.640 - Magnitude 2.7
26. 23:04:26.300 - Magnitude 2.2
27. 23:04:57.840 - Magnitude 2.8
28. 23:12:06.840 - Magnitude 2.5
29. 23:12:18.660 - Magnitude 2.0
30. 23:16:01.600 - Magnitude 2.7

这些事件显示了在2019年7月9日Ridgecrest地区的地震活动。",,1,individually verified vs ground truth,bb46b366433deb8c;2768f1f9544773a8;411c15607ef10e35;91274f4907b82798;e28ced5ed20c9a8d;541ac058bfd8dc98;5000139a7e9e6043;828b4ff70bfa6f26;d409146b9e1dfb70;528ea5807f93595e
ridgecrest_only_vecrag,C6,C,2019年Ridgecrest地震序列震级最大的事件发生后，紧接着的其他事件有哪些关联？,根据检索到的数据，2019年Ridgecrest地震序列中震级最大的事件是2019年7月6日的M7.1地震。检索到的数据中没有提供该事件后紧接着的其他事件的具体关联信息。因此，我无法回答这个问题。,refusal-like,1,"pure refusal: convention D=3 (correct refusal, catalog-only), A/B/C/E=1",bb46b366433deb8c;411c15607ef10e35;5000139a7e9e6043;91274f4907b82798;f1cf4093af516d32;2768f1f9544773a8;f432809c64807cf9;e28ced5ed20c9a8d;828b4ff70bfa6f26;03d61b53f2c7cf1a
ridgecrest_only_vecrag,C7,C,2019年Ridgecrest地震序列震中附近5公里范围内发生了哪些具体事件？,"根据检索到的数据，2019年7月6日至7月9日之间在Ridgecrest地震序列震中附近5公里范围内发生了一些地震事件。以下是这些事件的具体信息：

1. **2019-07-06 06:06:58.550** - 震中：35.833118, -117.634969，震级：M2.8
2. **2019-07-06 06:07:08.410** - 震中：35.576457, -117.355396，震级：M3.5
3. **2019-07-06 06:07:31.920** - 震中：35.906840, -117.730363，震级：M2.8
4. **2019-07-06 06:07:40.070** - 震中：35.620935, -117.413615，震级：M3.1
5. **2019-07-06 06:08:01.280** - 震中：35.893632, -117.709220，震级：M2.3
6. **2019-07-06 06:08:50.250** - 震中：35.884497, -117.688265，震级：M2.5
7. **2019-07-06 06:09:08.920** - 震中：35.897221, -117.704533，震级：M3.1
8. **2019-07-06 06:09:50.560** - 震中：35.903984, -117.728792，震级：M2.0
9. **2019-07-06 06:10:21.430** - 震中：35.870512, -117.709969，震级：M2.2
10. **2019-07-06 06:10:50.540** - 震中：35.661593, -117.456478，震级：M2.4

这些事件的震中位置和震级信息显示了在Ridgecrest地震序列期间的地震活动情况。",,1,individually verified vs ground truth,bb46b366433deb8c;f432809c64807cf9;828b4ff70bfa6f26;ce1354b0bfe32e4b;411c15607ef10e35;f1cf4093af516d32;e28ced5ed20c9a8d;f782be15b8e56508;91274f4907b82798;5000139a7e9e6043
ridgecrest_only_vecrag,C8,C,2019年Ridgecrest地震序列深度在10—15公里范围内的事件有哪些？,"根据检索到的数据，2019年Ridgecrest地震序列中深度在10—15公里范围内的事件有：

1. 2019-07-06 07:35:24.670, 深度 8.3km, Magnitude M2.9
2. 2019-07-06 07:37:00.600, 深度 7.1km, Magnitude M2.8
3. 2019-07-06 07:39:28.480, 深度 10.3km, Magnitude M2.5
4. 2019-07-06 08:51:27.940, 深度 5.7km, Magnitude M2.3
5. 2019-07-06 08:52:02.030, 深度 3.4km, Magnitude M2.1
6. 2019-07-06 08:52:35.110, 深度 7.6km, Magnitude M2.0
7. 2019-07-06 08:54:06.050, 深度 9.4km, Magnitude M2.4
8. 2019-07-06 08:54:15.110, 深度 5.5km, Magnitude M2.2
9. 2019-07-06 08:54:25.510, 深度 3.6km, Magnitude M2.2
10. 2019-07-06 08:54:47.400, 深度 10.7km, Magnitude M2.3
11. 2019-07-06 08:55:13.160, 深度 3.7km, Magnitude M2.3
12. 2019-07-06 08:55:34.500, 深度 6.6km, Magnitude M2.1
13. 2019-07-06 08:56:15.360, 深度 4.9km, Magnitude M2.5
14. 2019-07-06 08:56:33.120, 深度 8.2km, Magnitude M2.4

请注意，这些事件的深度并不完全在10—15公里范围内，部分事件的深度低于10公里。根据检索到的数据，没有明确列出深度在10—15公里范围内的事件。",,1,individually verified vs ground truth,bb46b366433deb8c;411c15607ef10e35;91274f4907b82798;828b4ff70bfa6f26;2768f1f9544773a8;6629f08cc58f6e10;e28ced5ed20c9a8d;528ea5807f93595e;5000139a7e9e6043;bdb192b0b5f0ee47
ridgecrest_only_vecrag,C9,C,2019年Ridgecrest地震序列某个活跃周内的事件序列是怎样展开的？,"根据检索到的数据，2019年Ridgecrest地震序列在7月6日至7月9日之间发生了一系列地震事件。以下是该活跃周内的一些地震事件序列：

- **2019年7月6日**
  - 07:34:59 - Magnitude 3.0
  - 07:35:24 - Magnitude 2.9
  - 07:35:51 - Magnitude 2.4
  - 07:36:09 - Magnitude 2.7
  - 07:37:00 - Magnitude 2.8
  - 19:54:03 - Magnitude 2.6
  - 19:54:29 - Magnitude 3.3

- **2019年7月8日**
  - 16:22:36 - Magnitude 2.9
  - 16:31:08 - Magnitude 3.0
  - 16:32:48 - Magnitude 2.4
  - 16:35:48 - Magnitude 2.3

- **2019年7月9日**
  - 01:20:04 - Magnitude 2.3
  - 01:21:10 - Magnitude 2.5
  - 01:41:58 - Magnitude 2.5
  - 04:02:53 - Magnitude 3.6
  - 09:11:15 - Magnitude 3.1

这些事件显示了在该周内Ridgecrest地区的地震活动非常频繁，涵盖了多个不同的震中和震级。请注意，这只是检索到的部分事件，可能并不代表该周内所有的地震活动。",,2,individually verified vs ground truth,bb46b366433deb8c;91274f4907b82798;411c15607ef10e35;e28ced5ed20c9a8d;828b4ff70bfa6f26;2768f1f9544773a8;5000139a7e9e6043;541ac058bfd8dc98;bdb192b0b5f0ee47;f432809c64807cf9
ridgecrest_only_vecrag,C10,C,2019年Ridgecrest地震序列哪些事件被认为与最大震级事件直接相关（如余震）？,检索到的数据中没有明确提到与2019年Ridgecrest地震序列中的最大震级事件（如余震）直接相关的事件。因此，我无法提供此类信息。,refusal-like,1,"pure refusal: convention D=3 (correct refusal, catalog-only), A/B/C/E=1",bb46b366433deb8c;91274f4907b82798;e0c44c25a1d54c09;f1cf4093af516d32;f432809c64807cf9;411c15607ef10e35;828b4ff70bfa6f26;a5e4828369b4f5da;5000139a7e9e6043;9d2af26aaecd67ba
ridgecrest_only_vecrag,C11,C,2019年Ridgecrest地震序列序列中是否存在明显的“事件簇”？请举例说明具体事件。,"根据检索到的数据，2019年Ridgecrest地震序列中确实存在明显的“事件簇”。例如，在2019年7月9日的地震活动中，有多个地震事件在短时间内发生：

1. **2019-07-09 01:20:04** - 震中位于35.651°N, -117.463°E，震级为M2.3。
2. **2019-07-09 01:21:10** - 震中位于35.533°N, -117.355°E，震级为M2.5。
3. **2019-07-09 01:41:58** - 震中位于35.644°N, -117.440°E，震级为M2.5。
4. **2019-07-09 01:46:10** - 震中位于35.694°N, -117.594°E，震级为M2.4。
5. **2019-07-09 01:59:31** - 震中位于35.710°N, -117.498°E，震级为M2.3。

这些事件在时间上相近，并且震中位置相对集中，显示出明显的聚集特征，符合“事件簇”的定义。",,2,individually verified vs ground truth,bb46b366433deb8c;91274f4907b82798;411c15607ef10e35;828b4ff70bfa6f26;2768f1f9544773a8;541ac058bfd8dc98;e28ced5ed20c9a8d;5000139a7e9e6043;528ea5807f93595e;bf7cdba0ef73cd9a
ridgecrest_only_vecrag,C12,C,2019年Ridgecrest地震序列某个特定坐标点附近的地震活动历史是怎样的？,"根据检索到的数据，2019年Ridgecrest地震序列的地震活动主要集中在2019年7月6日至7月9日之间。以下是一些在该地区发生的地震活动的示例：

- 2019年7月6日，发生了一系列地震，包括最大震中为35.831270°N, -117.664876°E的震中，震级为4.5的地震。
- 2019年7月9日，地震活动继续，震中为35.890226°N, -117.703060°E的震级为3.3的地震发生在21:52:49。

这些数据表明，在Ridgecrest地区，地震活动在2019年7月的几天内相对频繁，震中分布在不同的坐标点附近。具体的地震活动历史可能需要更全面的数据集来进行详细分析。",,1,individually verified vs ground truth,bb46b366433deb8c;91274f4907b82798;411c15607ef10e35;2768f1f9544773a8;e28ced5ed20c9a8d;828b4ff70bfa6f26;d409146b9e1dfb70;00edc67bb102cdeb;5000139a7e9e6043;541ac058bfd8dc98
ridgecrest_only_vecrag,C13,C,2019年Ridgecrest地震序列最大震级事件发生后的24小时内，记录了哪些后续事件？,"根据检索到的数据，2019年Ridgecrest地震序列最大震级事件发生在2019年7月6日。以下是该事件发生后24小时内记录的后续事件：

1. 2019-07-06 19:54:29.840, 震中：35.895630, -117.725602, 深度：6.2km, 震级：M3.3
2. 2019-07-06 19:56:23.400, 震中：35.759045, -117.593644, 深度：3.0km, 震级：M2.1
3. 2019-07-06 19:56:58.420, 震中：35.597807, -117.386882, 深度：7.6km, 震级：M2.2
4. 2019-07-06 19:58:14.160, 震中：35.904488, -117.701945, 深度：6.6km, 震级：M2.3
5. 2019-07-06 19:58:36.140, 震中：35.904830, -117.701082, 深度：6.5km, 震级：M2.2
6. 2019-07-06 19:59:23.200, 震中：35.671037, -117.521362, 深度：9.2km, 震级：M2.1
7. 2019-07-06 19:59:31.960, 震中：35.577165, -117.404557, 深度：3.3km, 震级：M2.1
8. 2019-07-06 20:01:43.040, 震中：35.742200, -117.554102, 深度：67.1km, 震级：M2.3
9. 2019-07-06 20:02:21.460, 震中：35.710441, -117.484440, 深度：0.4km, 震级：M2.1
10. 2019-07-06 20:06:10.520, 震中：35.770154, -117.586174, 深度：3.9km, 震级：M2.6
11. 2019-07-06 20:07:24.260, 震中：35.795516, -117.629020, 深度：9.6km, 震级：M2.1
12. 2019-07-06 20:07:59.460, 震中：35.551648, -117.373600, 深度：3.4km, 震级：M2.2
13. 2019-07-06 20:11:03.400, 震中：35.899829, -117.734408, 深度：3.8km, 震级：M2.7
14. 2019-07-06 20:11:12.360, 震中：35.642049, -117.550065, 深度：8.2km, 震级：M2.7
15. 2019-07-06 20:11:12.360, 震中：35.642049, -117.550065, 深度：8.2km, 震级：M2.7

这些事件都是在最大震级事件发生后的24小时内记录的。",,2,individually verified vs ground truth,bb46b366433deb8c;e28ced5ed20c9a8d;2768f1f9544773a8;91274f4907b82798;5000139a7e9e6043;411c15607ef10e35;828b4ff70bfa6f26;541ac058bfd8dc98;d409146b9e1dfb70;6629f08cc58f6e10
ridgecrest_only_vecrag,C14,C,2019年Ridgecrest地震序列目录中，哪些事件的震级和位置最为接近，可能构成同一“事件对”？,"根据检索到的数据，以下是一些震级和位置相近的事件，可能构成同一“事件对”：

1. **事件3312**: 震中位置 (35.533, -117.355)，震级 M2.5
2. **事件3313**: 震中位置 (35.644, -117.440)，震级 M2.5

3. **事件3314**: 震中位置 (35.694, -117.594)，震级 M2.4
4. **事件3315**: 震中位置 (35.710, -117.498)，震级 M2.3

5. **事件3324**: 震中位置 (35.925, -117.457)，震级 M3.6
6. **事件3325**: 震中位置 (35.848, -117.682)，震级 M2.2

这些事件的震中位置和震级相对接近，可能表明它们是同一震源或相互关联的事件。",,1,individually verified vs ground truth,bb46b366433deb8c;411c15607ef10e35;f1cf4093af516d32;2768f1f9544773a8;91274f4907b82798;f432809c64807cf9;828b4ff70bfa6f26;e28ced5ed20c9a8d;5000139a7e9e6043;541ac058bfd8dc98
ridgecrest_only_vecrag,C15,C,2019年Ridgecrest地震序列请列举震级最大的5次事件及其具体位置坐标。,"根据检索到的数据，以下是2019年Ridgecrest地震序列中震级最大的5次事件及其具体位置坐标：

1. 震级 M4.6，位置坐标：35.915352, -117.740519
2. 震级 M4.0，位置坐标：35.900859, -117.727799
3. 震级 M3.6，位置坐标：35.924695, -117.456787
4. 震级 M3.5，位置坐标：35.576457, -117.355396
5. 震级 M3.5，位置坐标：35.893734, -117.678206

请注意，这些信息仅基于检索到的数据，可能不包含完整的地震序列信息。",refusal-like,1,individually verified vs ground truth,bb46b366433deb8c;f432809c64807cf9;411c15607ef10e35;9d2af26aaecd67ba;828b4ff70bfa6f26;2768f1f9544773a8;ce1354b0bfe32e4b;03d61b53f2c7cf1a;528ea5807f93595e;00edc67bb102cdeb
ridgecrest_only_vecrag,C16,C,2019年Ridgecrest地震序列某个活跃月份内，事件的空间分布是否发生了变化？,根据检索到的数据，2019年7月的Ridgecrest地震序列显示出多个地震事件的发生。这些事件的空间分布可以从不同的经纬度和深度信息中看出。然而，检索到的片段并没有提供足够的信息来判断这些事件的空间分布是否发生了变化。因此，我无法确定事件的空间分布是否发生了变化。,refusal-like,1,individually verified vs ground truth,2768f1f9544773a8;411c15607ef10e35;5000139a7e9e6043;828b4ff70bfa6f26;e28ced5ed20c9a8d;91274f4907b82798;528ea5807f93595e;bb46b366433deb8c;834b7955df9ec5c7;91d8e84d2cd59f5c
ridgecrest_only_vecrag,C17,C,2019年Ridgecrest地震序列序列中最早记录的10次事件分别是什么？,"根据检索到的数据，以下是2019年Ridgecrest地震序列中最早记录的10次事件：

1. 2019-07-06 07:34:59.870, Magnitude M3.0
2. 2019-07-06 07:35:24.670, Magnitude M2.9
3. 2019-07-06 07:35:51.320, Magnitude M2.4
4. 2019-07-06 07:36:09.350, Magnitude M2.7
5. 2019-07-06 07:37:00.600, Magnitude M2.8
6. 2019-07-06 07:37:41.330, Magnitude M2.0
7. 2019-07-06 07:37:57.650, Magnitude M2.2
8. 2019-07-06 07:38:35.370, Magnitude M2.3
9. 2019-07-06 07:38:39.520, Magnitude M2.3
10. 2019-07-06 07:38:48.380, Magnitude M2.4

这些事件的记录时间和震级均来自于检索到的数据。",,1,individually verified vs ground truth,bb46b366433deb8c;91274f4907b82798;6629f08cc58f6e10;e28ced5ed20c9a8d;411c15607ef10e35;2768f1f9544773a8;bdb192b0b5f0ee47;541ac058bfd8dc98;00edc67bb102cdeb;116fca7434ede007
ridgecrest_only_vecrag,C18,C,2019年Ridgecrest地震序列某个特定深度（如5公里）附近的事件簇有哪些？,检索到的数据中没有提供关于2019年Ridgecrest地震序列特定深度（如5公里）附近事件簇的信息。,refusal-like,1,"pure refusal: convention D=3 (correct refusal, catalog-only), A/B/C/E=1",411c15607ef10e35;bb46b366433deb8c;828b4ff70bfa6f26;2768f1f9544773a8;5000139a7e9e6043;528ea5807f93595e;91274f4907b82798;e28ced5ed20c9a8d;9d2af26aaecd67ba;541ac058bfd8dc98
ridgecrest_only_vecrag,C19,C,2019年Ridgecrest地震序列是否存在被反复触发的“热点”位置？请举例说明。,根据检索到的数据，无法确定2019年Ridgecrest地震序列是否存在被反复触发的“热点”位置。数据中没有提供关于特定位置的重复活动或热点的详细信息。,refusal-like,1,"pure refusal: convention D=3 (correct refusal, catalog-only), A/B/C/E=1",91274f4907b82798;bb46b366433deb8c;411c15607ef10e35;828b4ff70bfa6f26;2768f1f9544773a8;e28ced5ed20c9a8d;5000139a7e9e6043;541ac058bfd8dc98;bdb192b0b5f0ee47;00edc67bb102cdeb
ridgecrest_only_vecrag,C20,C,2019年Ridgecrest地震序列请说明序列中任意两次时间相邻的事件之间的关联性。,根据检索到的数据，无法确定2019年Ridgecrest地震序列中任意两次时间相邻的事件之间的关联性。数据中没有提供关于事件之间相互影响或关联性的具体信息。,refusal-like,1,"pure refusal: convention D=3 (correct refusal, catalog-only), A/B/C/E=1",bb46b366433deb8c;2768f1f9544773a8;91274f4907b82798;411c15607ef10e35;e28ced5ed20c9a8d;828b4ff70bfa6f26;528ea5807f93595e;541ac058bfd8dc98;0e007c4085da1541;5000139a7e9e6043
ridgecrest_only_vecrag,D1,D,2019年Ridgecrest地震序列地震活跃性的增强是否与浅层流体活动、水库蓄水或深部构造应力积累有关？请给出物理机制解释。,检索到的数据不包含关于Ridgecrest地震序列的物理机制解释，包括是否与浅层流体活动、水库蓄水或深部构造应力积累有关的信息。因此，我无法回答这个问题。,refusal-like,3,"pure refusal: convention D=3 (correct refusal, catalog-only), A/B/C/E=1",91274f4907b82798;bb46b366433deb8c;2768f1f9544773a8;411c15607ef10e35;5000139a7e9e6043;528ea5807f93595e;91d8e84d2cd59f5c;828b4ff70bfa6f26;c0874e6fc3270cf8;834b7955df9ec5c7
ridgecrest_only_vecrag,D2,D,2019年Ridgecrest地震序列的地震活动是否与人类工业活动（如水力压裂、废水回注、水库蓄水）存在关联？请说明依据。,检索到的数据中并未包含关于2019年Ridgecrest地震序列与人类工业活动（如水力压裂、废水回注、水库蓄水）之间关联的具体信息。因此，我无法回答这个问题。,refusal-like,3,"pure refusal: convention D=3 (correct refusal, catalog-only), A/B/C/E=1",bb46b366433deb8c;91274f4907b82798;5000139a7e9e6043;e28ced5ed20c9a8d;2768f1f9544773a8;411c15607ef10e35;c0874e6fc3270cf8;828b4ff70bfa6f26;541ac058bfd8dc98;834b7955df9ec5c7
ridgecrest_only_vecrag,D3,D,2019年Ridgecrest地震序列的构造背景/断层类型是什么？该序列的发生与哪个断层系统有关？,检索到的数据中并未包含关于2019年Ridgecrest地震序列的构造背景或断层类型的信息。因此，我无法提供该序列与哪个断层系统有关的具体信息。,refusal-like,3,"pure refusal: convention D=3 (correct refusal, catalog-only), A/B/C/E=1",91274f4907b82798;411c15607ef10e35;bb46b366433deb8c;2768f1f9544773a8;f1cf4093af516d32;828b4ff70bfa6f26;528ea5807f93595e;5000139a7e9e6043;d409146b9e1dfb70;f432809c64807cf9
ridgecrest_only_vecrag,D4,D,2019年Ridgecrest地震序列的地震活动是否表现出典型的主震-余震衰减（Omori衰减）特征？,检索到的数据中没有包含关于2019年Ridgecrest地震序列是否表现出典型的主震-余震衰减（Omori衰减）特征的信息。因此，我无法回答这个问题。,refusal-like,3,"pure refusal: convention D=3 (correct refusal, catalog-only), A/B/C/E=1",91274f4907b82798;828b4ff70bfa6f26;411c15607ef10e35;e28ced5ed20c9a8d;bb46b366433deb8c;541ac058bfd8dc98;6629f08cc58f6e10;2768f1f9544773a8;d409146b9e1dfb70;528ea5807f93595e
ridgecrest_only_vecrag,D5,D,2019年Ridgecrest地震序列序列的发生是否与区域构造应力场的变化有关？,检索到的数据中并未包含关于2019年Ridgecrest地震序列与区域构造应力场变化之间关系的信息。因此，我无法回答这个问题。,refusal-like,3,"pure refusal: convention D=3 (correct refusal, catalog-only), A/B/C/E=1",bb46b366433deb8c;828b4ff70bfa6f26;2768f1f9544773a8;91274f4907b82798;e28ced5ed20c9a8d;411c15607ef10e35;d409146b9e1dfb70;528ea5807f93595e;5000139a7e9e6043;f1cf4093af516d32
ridgecrest_only_vecrag,D6,D,2019年Ridgecrest地震序列是否存在深部流体上涌或地壳导电性异常的证据？,检索到的数据中并未包含关于2019年Ridgecrest地震序列是否存在深部流体上涌或地壳导电性异常的证据的信息。,,3,"pure refusal: convention D=3 (correct refusal, catalog-only), A/B/C/E=1",411c15607ef10e35;91274f4907b82798;5000139a7e9e6043;2768f1f9544773a8;bb46b366433deb8c;528ea5807f93595e;828b4ff70bfa6f26;e28ced5ed20c9a8d;03d61b53f2c7cf1a;541ac058bfd8dc98
ridgecrest_only_vecrag,D7,D,2019年Ridgecrest地震序列序列的破裂/触发机制大致是怎样的？,检索到的数据中并未包含关于2019年Ridgecrest地震序列的破裂或触发机制的具体信息。因此，我无法提供相关的详细信息。,refusal-like,3,"pure refusal: convention D=3 (correct refusal, catalog-only), A/B/C/E=1",bb46b366433deb8c;91274f4907b82798;f1cf4093af516d32;411c15607ef10e35;5000139a7e9e6043;e28ced5ed20c9a8d;2768f1f9544773a8;41cc442fb4977ee9;f432809c64807cf9;bb143ce5e61de678
ridgecrest_only_vecrag,D8,D,2019年Ridgecrest地震序列历史上是否发生过与当前序列相关的大地震？两者关系如何？,检索到的数据中没有提及与2019年Ridgecrest地震序列相关的大地震或其历史背景。因此，我无法提供关于两者关系的信息。,refusal-like,3,"pure refusal: convention D=3 (correct refusal, catalog-only), A/B/C/E=1",bb46b366433deb8c;411c15607ef10e35;2768f1f9544773a8;91274f4907b82798;5000139a7e9e6043;e28ced5ed20c9a8d;528ea5807f93595e;6469fd9ffc3d3743;828b4ff70bfa6f26;834b7955df9ec5c7
ridgecrest_only_vecrag,D9,D,2019年Ridgecrest地震序列序列的空间展布方向是否与已知断层走向一致？,检索到的数据中没有提供关于Ridgecrest地震序列的空间展布方向或与已知断层走向一致性的具体信息。因此，我无法回答这个问题。,refusal-like;possible-pretrained-knowledge,3,"pure refusal: convention D=3 (correct refusal, catalog-only), A/B/C/E=1",2768f1f9544773a8;91274f4907b82798;bb46b366433deb8c;de26873dbbc5e9d8;411c15607ef10e35;3443cbbdd1fa48b6;528ea5807f93595e;828b4ff70bfa6f26;d409146b9e1dfb70;97f533e7fe310752
ridgecrest_only_vecrag,D10,D,2019年Ridgecrest地震序列是否存在“地震空区”或异常平静区？,根据检索到的数据，无法确定2019年Ridgecrest地震序列是否存在“地震空区”或异常平静区。这些数据没有提供关于地震活动模式或空区的具体信息。,refusal-like,3,"pure refusal: convention D=3 (correct refusal, catalog-only), A/B/C/E=1",91274f4907b82798;2768f1f9544773a8;e28ced5ed20c9a8d;828b4ff70bfa6f26;bb46b366433deb8c;411c15607ef10e35;528ea5807f93595e;d409146b9e1dfb70;5000139a7e9e6043;03d61b53f2c7cf1a
ridgecrest_only_vecrag,D11,D,2019年Ridgecrest地震序列序列的深部构造锁定状态如何？,检索到的数据不包含关于2019年Ridgecrest地震序列的深部构造锁定状态的信息。,refusal-like,3,"pure refusal: convention D=3 (correct refusal, catalog-only), A/B/C/E=1",bb46b366433deb8c;91274f4907b82798;f1cf4093af516d32;3443cbbdd1fa48b6;5000139a7e9e6043;411c15607ef10e35;2768f1f9544773a8;528ea5807f93595e;e28ced5ed20c9a8d;834b7955df9ec5c7
ridgecrest_only_vecrag,D12,D,2019年Ridgecrest地震序列地震活动的成因是自然构造过程还是人为因素占主导？,检索到的数据中没有提供关于2019年Ridgecrest地震序列的成因是否与自然构造过程或人为因素相关的信息。因此，我无法回答这个问题。,refusal-like,3,"pure refusal: convention D=3 (correct refusal, catalog-only), A/B/C/E=1",bb46b366433deb8c;91274f4907b82798;5000139a7e9e6043;2768f1f9544773a8;e28ced5ed20c9a8d;828b4ff70bfa6f26;528ea5807f93595e;411c15607ef10e35;f1cf4093af516d32;bdb192b0b5f0ee47
ridgecrest_only_vecrag,D13,D,2019年Ridgecrest地震序列序列是否表现出前震活跃或应力迁移的证据？,检索到的数据中没有明确提到Ridgecrest地震序列是否表现出前震活跃或应力迁移的证据。因此，我无法提供相关信息。,refusal-like,3,"pure refusal: convention D=3 (correct refusal, catalog-only), A/B/C/E=1",bb46b366433deb8c;411c15607ef10e35;2768f1f9544773a8;e28ced5ed20c9a8d;91274f4907b82798;828b4ff70bfa6f26;5000139a7e9e6043;528ea5807f93595e;541ac058bfd8dc98;834b7955df9ec5c7
ridgecrest_only_vecrag,D14,D,基于此数据，2019年Ridgecrest地震序列的地震危险性大致如何？,根据检索到的数据，无法直接评估2019年Ridgecrest地震序列的地震危险性。这些数据仅包含了一些地震事件的详细信息，如震中位置、震级和时间等，但没有提供关于地震危险性或风险评估的具体信息。,refusal-like,3,"pure refusal: convention D=3 (correct refusal, catalog-only), A/B/C/E=1",bb46b366433deb8c;2768f1f9544773a8;91274f4907b82798;411c15607ef10e35;828b4ff70bfa6f26;e28ced5ed20c9a8d;528ea5807f93595e;00edc67bb102cdeb;5000139a7e9e6043;c141546dd246f2c5
ridgecrest_only_vecrag,D15,D,2019年Ridgecrest地震序列序列的触发机制是瞬时弹性响应还是延迟孔隙压力扩散？,检索到的数据不包含关于2019年Ridgecrest地震序列的触发机制的信息，因此无法确定是瞬时弹性响应还是延迟孔隙压力扩散。,refusal-like,3,"pure refusal: convention D=3 (correct refusal, catalog-only), A/B/C/E=1",91274f4907b82798;bb46b366433deb8c;541ac058bfd8dc98;c051d33be19a32ff;411c15607ef10e35;e28ced5ed20c9a8d;5000139a7e9e6043;6629f08cc58f6e10;f1cf4093af516d32;bdb192b0b5f0ee47
ridgecrest_only_vecrag,D16,D,2019年Ridgecrest地震序列断层的几何结构（如倾角、走向）是怎样的？,检索到的数据中并未包含关于2019年Ridgecrest地震序列断层几何结构（如倾角、走向）的信息。,,3,"pure refusal: convention D=3 (correct refusal, catalog-only), A/B/C/E=1",91274f4907b82798;411c15607ef10e35;2768f1f9544773a8;bb46b366433deb8c;f1cf4093af516d32;528ea5807f93595e;828b4ff70bfa6f26;97f533e7fe310752;de26873dbbc5e9d8;f432809c64807cf9
ridgecrest_only_vecrag,D17,D,2019年Ridgecrest地震序列余震区的长度/宽度反映出怎样的破裂特征？,检索到的数据中并未包含关于2019年Ridgecrest地震序列余震区的长度、宽度或破裂特征的信息。因此，我无法回答这个问题。,refusal-like,3,"pure refusal: convention D=3 (correct refusal, catalog-only), A/B/C/E=1",828b4ff70bfa6f26;411c15607ef10e35;de26873dbbc5e9d8;528ea5807f93595e;2768f1f9544773a8;d409146b9e1dfb70;e28ced5ed20c9a8d;5000139a7e9e6043;91274f4907b82798;03d61b53f2c7cf1a
ridgecrest_only_vecrag,D18,D,2019年Ridgecrest地震序列是否存在“马尾状”分叉或复杂破裂特征？,检索到的数据中并未包含关于2019年Ridgecrest地震序列是否存在“马尾状”分叉或复杂破裂特征的信息。,,3,"pure refusal: convention D=3 (correct refusal, catalog-only), A/B/C/E=1",411c15607ef10e35;91274f4907b82798;bb46b366433deb8c;2768f1f9544773a8;528ea5807f93595e;e28ced5ed20c9a8d;5000139a7e9e6043;828b4ff70bfa6f26;d409146b9e1dfb70;834b7955df9ec5c7
ridgecrest_only_vecrag,D19,D,2019年Ridgecrest地震序列序列的震源深度分布对理解其构造背景有何提示？,检索到的数据中并未包含关于2019年Ridgecrest地震序列的震源深度分布或其构造背景的具体信息。因此，我无法回答这个问题。,refusal-like,3,"pure refusal: convention D=3 (correct refusal, catalog-only), A/B/C/E=1",411c15607ef10e35;2768f1f9544773a8;bb46b366433deb8c;91274f4907b82798;5000139a7e9e6043;528ea5807f93595e;d409146b9e1dfb70;828b4ff70bfa6f26;e28ced5ed20c9a8d;f1cf4093af516d32
ridgecrest_only_vecrag,D20,D,综合来看，2019年Ridgecrest地震序列地震活动驱动机制的科学共识是什么？,检索到的数据中并未包含关于2019年Ridgecrest地震序列的地震活动驱动机制的具体信息。因此，我无法提供相关的科学共识。,refusal-like,3,"pure refusal: convention D=3 (correct refusal, catalog-only), A/B/C/E=1",bb46b366433deb8c;411c15607ef10e35;f1cf4093af516d32;5000139a7e9e6043;2768f1f9544773a8;91274f4907b82798;e28ced5ed20c9a8d;bdb192b0b5f0ee47;c0874e6fc3270cf8;41cc442fb4977ee9
ridgecrest_only_vecrag,E1,E,2019年Ridgecrest地震序列序列早期阶段和后期阶段相比，活动强度、震级分布有什么变化？,"根据检索到的数据，Ridgecrest地震序列的早期阶段和后期阶段的活动强度和震级分布的变化情况如下：

在早期阶段（例如2019年7月6日），可以观察到多个震中在相对较短的时间内发生，震级范围从M2.0到M3.0不等，活动频繁，震中分布较为集中。

而在后期阶段（例如2019年7月9日及之后），虽然仍然有震中发生，但震级分布有所变化，出现了更高震级的事件（如M3.3和M3.6），并且震中分布可能更加分散，活动强度相对减弱。

总体来看，早期阶段的活动强度较高，震级分布较为集中，而后期阶段则出现了更高震级的个别事件，但整体活动频率有所降低。这些观察仅基于检索到的数据，可能无法全面反映整个地震序列的情况。",,1,individually verified vs ground truth,828b4ff70bfa6f26;2768f1f9544773a8;411c15607ef10e35;bb46b366433deb8c;528ea5807f93595e;e28ced5ed20c9a8d;5000139a7e9e6043;6629f08cc58f6e10;541ac058bfd8dc98;834b7955df9ec5c7
ridgecrest_only_vecrag,E2,E,2019年Ridgecrest地震序列的地震活动是否表现出空间上的“迁移”趋势？,根据检索到的数据，无法确定2019年Ridgecrest地震序列的地震活动是否表现出空间上的“迁移”趋势。检索到的片段没有提供足够的信息来分析地震活动的空间分布或迁移模式。,refusal-like,1,"pure refusal: convention D=3 (correct refusal, catalog-only), A/B/C/E=1",2768f1f9544773a8;828b4ff70bfa6f26;91274f4907b82798;411c15607ef10e35;bb46b366433deb8c;e28ced5ed20c9a8d;528ea5807f93595e;d409146b9e1dfb70;5000139a7e9e6043;3443cbbdd1fa48b6
ridgecrest_only_vecrag,E3,E,2019年Ridgecrest地震序列序列中是否存在明显的“平静期”或活动骤降的时间窗口？,根据检索到的数据，无法确定2019年Ridgecrest地震序列中是否存在明显的“平静期”或活动骤降的时间窗口。这些数据仅显示了一系列地震事件的时间和强度，但没有提供足够的信息来分析整体的活动模式或趋势。,refusal-like,1,"pure refusal: convention D=3 (correct refusal, catalog-only), A/B/C/E=1",91274f4907b82798;e28ced5ed20c9a8d;828b4ff70bfa6f26;2768f1f9544773a8;411c15607ef10e35;541ac058bfd8dc98;6629f08cc58f6e10;bb46b366433deb8c;528ea5807f93595e;d409146b9e1dfb70
ridgecrest_only_vecrag,E4,E,2019年Ridgecrest地震序列序列前1个月与最近1个月相比，活动特征有何不同？,"根据检索到的数据，2019年Ridgecrest地震序列的活动特征在2019年7月9日的地震记录中显示出多个震中和震级的变化。具体来说，7月9日的地震活动包括多个震中在相对较小的震级范围内（如M2.0到M3.6），并且在短时间内发生了多次地震。

然而，检索到的数据并未提供2019年Ridgecrest地震序列前一个月的具体活动特征，因此无法进行直接比较。对于最近一个月的活动特征，数据也没有提供。因此，无法确定这两个时间段之间的活动特征差异。

总的来说，检索到的数据仅涵盖了2019年7月9日的地震活动，缺乏前一个月和最近一个月的完整数据，无法进行全面的比较分析。",refusal-like,2,individually verified vs ground truth,2768f1f9544773a8;bb46b366433deb8c;411c15607ef10e35;e28ced5ed20c9a8d;528ea5807f93595e;5000139a7e9e6043;828b4ff70bfa6f26;834b7955df9ec5c7;541ac058bfd8dc98;91274f4907b82798
ridgecrest_only_vecrag,E5,E,2019年Ridgecrest地震序列序列的震级分布是否随时间发生变化？,"根据检索到的数据，2019年Ridgecrest地震序列的震级分布在不同时间段内确实有变化。例如，在2019年7月6日和7月9日的地震记录中，震级范围从M2.0到M3.6不等。具体来说，7月6日的最大震级为M3.3，而7月9日的最大震级为M3.6。这表明在这段时间内，震级分布确实发生了变化。

然而，这些数据仅反映了检索到的部分记录，无法全面代表整个地震序列的震级分布变化。因此，关于整个序列的震级分布变化的结论需要更多的数据来支持。",,1,individually verified vs ground truth,2768f1f9544773a8;411c15607ef10e35;bb46b366433deb8c;828b4ff70bfa6f26;5000139a7e9e6043;541ac058bfd8dc98;e28ced5ed20c9a8d;6629f08cc58f6e10;91274f4907b82798;528ea5807f93595e
ridgecrest_only_vecrag,E6,E,2019年Ridgecrest地震序列序列的空间范围（覆盖面积）是否随时间扩大或收缩？,根据检索到的数据，无法确定2019年Ridgecrest地震序列的空间范围是否随时间扩大或收缩。这些数据仅提供了特定时间段内的地震事件信息，而没有提供关于空间范围变化的详细分析或趋势。因此，无法回答这个问题。,refusal-like,1,"pure refusal: convention D=3 (correct refusal, catalog-only), A/B/C/E=1",2768f1f9544773a8;e28ced5ed20c9a8d;bb46b366433deb8c;91274f4907b82798;828b4ff70bfa6f26;5000139a7e9e6043;6469fd9ffc3d3743;c051d33be19a32ff;d409146b9e1dfb70;528ea5807f93595e
ridgecrest_only_vecrag,E7,E,2019年Ridgecrest地震序列序列早期与晚期相比，深度分布是否发生变化？,根据检索到的数据，无法确定2019年Ridgecrest地震序列早期与晚期的深度分布是否发生变化。检索到的数据没有提供足够的信息来比较不同时间段的深度分布。,refusal-like,1,"pure refusal: convention D=3 (correct refusal, catalog-only), A/B/C/E=1",411c15607ef10e35;2768f1f9544773a8;828b4ff70bfa6f26;e28ced5ed20c9a8d;5000139a7e9e6043;528ea5807f93595e;541ac058bfd8dc98;bb46b366433deb8c;d409146b9e1dfb70;6629f08cc58f6e10
ridgecrest_only_vecrag,E8,E,2019年Ridgecrest地震序列序列是否存在多个活动高峰？分别在什么时候？,根据检索到的数据，2019年Ridgecrest地震序列在7月6日和7月9日有多个地震活动。具体来说，7月6日的地震活动包括多个震中和震级，而7月9日的地震活动也显示出频繁的震动。这些数据表明在这两个日期之间存在多个活动高峰。然而，检索到的数据仅覆盖了部分地震事件，无法提供完整的活动模式或其他可能的高峰。因此，关于是否存在多个活动高峰的结论仅基于这些数据的片段。,refusal-like,1,individually verified vs ground truth,bb46b366433deb8c;2768f1f9544773a8;91274f4907b82798;411c15607ef10e35;828b4ff70bfa6f26;5000139a7e9e6043;e28ced5ed20c9a8d;541ac058bfd8dc98;6629f08cc58f6e10;03d61b53f2c7cf1a
ridgecrest_only_vecrag,E9,E,与序列开始时相比，2019年Ridgecrest地震序列目前的地震活动水平是上升还是下降？,根据检索到的数据，无法确定2019年Ridgecrest地震序列目前的地震活动水平是上升还是下降。这些数据仅提供了特定时间段内的地震事件信息，无法反映整个序列的长期趋势或活动水平的变化。,refusal-like,1,"pure refusal: convention D=3 (correct refusal, catalog-only), A/B/C/E=1",bb46b366433deb8c;2768f1f9544773a8;411c15607ef10e35;528ea5807f93595e;5000139a7e9e6043;e28ced5ed20c9a8d;c141546dd246f2c5;828b4ff70bfa6f26;00edc67bb102cdeb;834b7955df9ec5c7
ridgecrest_only_vecrag,E10,E,2019年Ridgecrest地震序列序列不同阶段的地震类型（如是否更接近余震或独立事件）有何变化？,根据检索到的数据，Ridgecrest地震序列的不同阶段的地震类型（如是否更接近余震或独立事件）并没有明确的描述。因此，我无法提供关于这一变化的具体信息。,refusal-like,1,"pure refusal: convention D=3 (correct refusal, catalog-only), A/B/C/E=1",bb46b366433deb8c;541ac058bfd8dc98;2768f1f9544773a8;828b4ff70bfa6f26;411c15607ef10e35;91274f4907b82798;e28ced5ed20c9a8d;528ea5807f93595e;5000139a7e9e6043;6629f08cc58f6e10
ridgecrest_only_vecrag,E11,E,2019年Ridgecrest地震序列序列的活动模式是否可以划分为“爆发期”和“衰减期”？,根据检索到的数据，Ridgecrest地震序列的活动模式在2019年7月8日至7月13日期间显示出了一系列地震事件。然而，检索到的片段并没有提供足够的信息来明确划分为“爆发期”和“衰减期”。因此，我无法确定该序列的活动模式是否可以这样划分。,refusal-like,1,"pure refusal: convention D=3 (correct refusal, catalog-only), A/B/C/E=1",91274f4907b82798;bb46b366433deb8c;541ac058bfd8dc98;e28ced5ed20c9a8d;bf7cdba0ef73cd9a;2768f1f9544773a8;411c15607ef10e35;828b4ff70bfa6f26;c051d33be19a32ff;76d3bf40ec1be9cf
ridgecrest_only_vecrag,E12,E,2019年Ridgecrest地震序列序列前半段与后半段相比，最大震级事件出现的位置有何不同？,"根据检索到的数据，2019年Ridgecrest地震序列的前半段最大震级事件发生在2019年7月6日，震中位于35.831270°N, -117.664876°E，震级为4.5。而后半段的最大震级事件发生在2019年7月9日，震中位于35.890226°N, -117.703060°E，震级为3.3。

因此，前半段的最大震级事件位于Ridgecrest地区的西南部，而后半段的最大震级事件则位于该地区的东北部。",,1,individually verified vs ground truth,411c15607ef10e35;bb46b366433deb8c;828b4ff70bfa6f26;2768f1f9544773a8;528ea5807f93595e;5000139a7e9e6043;541ac058bfd8dc98;d409146b9e1dfb70;91274f4907b82798;e28ced5ed20c9a8d
ridgecrest_only_vecrag,E13,E,2019年Ridgecrest地震序列序列的活动是否表现出周期性或阶段性特征？,根据检索到的数据，无法确定2019年Ridgecrest地震序列的活动是否表现出周期性或阶段性特征。这些数据仅提供了特定时间段内的地震事件信息，而没有提供足够的背景或分析来评估活动的周期性或阶段性特征。,refusal-like,1,"pure refusal: convention D=3 (correct refusal, catalog-only), A/B/C/E=1",2768f1f9544773a8;411c15607ef10e35;541ac058bfd8dc98;828b4ff70bfa6f26;91274f4907b82798;bb46b366433deb8c;e28ced5ed20c9a8d;5000139a7e9e6043;528ea5807f93595e;6629f08cc58f6e10
ridgecrest_only_vecrag,E14,E,2019年Ridgecrest地震序列序列早期阶段的空间聚集程度与近期相比有何不同？,根据检索到的数据，无法直接比较2019年Ridgecrest地震序列早期阶段的空间聚集程度与近期的情况。检索到的数据仅包含2019年7月6日至9月的地震事件信息，未提供关于近期地震活动的详细数据或空间聚集程度的分析。因此，无法回答这个问题。,refusal-like,1,"pure refusal: convention D=3 (correct refusal, catalog-only), A/B/C/E=1",2768f1f9544773a8;828b4ff70bfa6f26;411c15607ef10e35;528ea5807f93595e;e28ced5ed20c9a8d;bb46b366433deb8c;5000139a7e9e6043;91274f4907b82798;d409146b9e1dfb70;834b7955df9ec5c7
ridgecrest_only_vecrag,E15,E,2019年Ridgecrest地震序列序列不同年份的地震活动特征有何差异？,根据检索到的数据，无法提供2019年Ridgecrest地震序列与其他年份地震活动特征的比较信息。检索到的内容仅包含2019年7月的地震数据，无法确定不同年份的地震活动特征差异。,refusal-like,1,"pure refusal: convention D=3 (correct refusal, catalog-only), A/B/C/E=1",bb46b366433deb8c;411c15607ef10e35;2768f1f9544773a8;528ea5807f93595e;541ac058bfd8dc98;834b7955df9ec5c7;828b4ff70bfa6f26;5000139a7e9e6043;e28ced5ed20c9a8d;bf7cdba0ef73cd9a
ridgecrest_only_vecrag,E16,E,2019年Ridgecrest地震序列序列在关键节点（如某次较大地震后）前后的活动模式有何变化？,"根据检索到的数据，2019年Ridgecrest地震序列的活动模式在关键节点（如较大地震后）确实显示出了一些变化。例如，在2019年7月6日和7月9日之间，发生了一系列不同规模的地震，包括一些较大的事件（如M3.0和M3.6）。在这些较大地震之后，后续的地震活动似乎在频率和震级上有所变化。

具体来说，7月6日的M3.0地震后，随之发生了一些较小的地震（如M2.0到M2.9），而在7月9日的M3.6地震后，活动也包括了一些M2.x的地震。这表明在较大地震后，可能会出现一段时间的余震活动，且震级通常较小。

然而，检索到的数据仅反映了这一子集的活动模式，无法全面代表整个Ridgecrest地震序列的所有活动。因此，关于整体活动模式的变化，仍需结合更全面的数据进行分析。",,2,individually verified vs ground truth,bb46b366433deb8c;411c15607ef10e35;2768f1f9544773a8;541ac058bfd8dc98;91274f4907b82798;828b4ff70bfa6f26;5000139a7e9e6043;e28ced5ed20c9a8d;6629f08cc58f6e10;834b7955df9ec5c7
ridgecrest_only_vecrag,E17,E,2019年Ridgecrest地震序列的地震活动是否表现出向某个方向扩展或收缩的趋势？,根据检索到的数据，无法确定2019年Ridgecrest地震序列的地震活动是否表现出向某个方向扩展或收缩的趋势。这些数据仅提供了特定时间段内的地震事件信息，而没有提供关于地震活动趋势的整体分析或空间模式的详细描述。,refusal-like,1,"pure refusal: convention D=3 (correct refusal, catalog-only), A/B/C/E=1",bb46b366433deb8c;2768f1f9544773a8;411c15607ef10e35;91274f4907b82798;e28ced5ed20c9a8d;828b4ff70bfa6f26;5000139a7e9e6043;528ea5807f93595e;3443cbbdd1fa48b6;d409146b9e1dfb70
ridgecrest_only_vecrag,E18,E,2019年Ridgecrest地震序列序列不同阶段的事件时间间隔的统计特征有何变化？,根据检索到的数据，无法提供关于2019年Ridgecrest地震序列不同阶段事件时间间隔的统计特征变化的信息。这些数据块没有包含相关的统计分析或时间间隔的详细信息。,refusal-like,1,"pure refusal: convention D=3 (correct refusal, catalog-only), A/B/C/E=1",541ac058bfd8dc98;2768f1f9544773a8;e28ced5ed20c9a8d;828b4ff70bfa6f26;0e007c4085da1541;411c15607ef10e35;bb46b366433deb8c;528ea5807f93595e;5000139a7e9e6043;834b7955df9ec5c7
ridgecrest_only_vecrag,E19,E,与整体平均水平相比，2019年Ridgecrest地震序列序列某个特定阶段是否显著异常活跃或沉寂？,"根据检索到的数据，2019年Ridgecrest地震序列在特定阶段的活动情况可以从这些数据块中观察到。具体来说，2019年7月6日至7月9日之间的地震活动显示出多个震中和不同震级的地震事件。然而，由于这些数据块仅代表了更大数据集的一个子集，因此无法确定该阶段的活动是否显著异常活跃或沉寂。

要得出关于整体平均水平的结论，需要更全面的数据集来进行比较。因此，基于当前检索到的数据，无法明确回答该问题。",refusal-like,1,individually verified vs ground truth,2768f1f9544773a8;411c15607ef10e35;828b4ff70bfa6f26;bb46b366433deb8c;528ea5807f93595e;5000139a7e9e6043;e28ced5ed20c9a8d;541ac058bfd8dc98;91274f4907b82798;03d61b53f2c7cf1a
ridgecrest_only_vecrag,E20,E,综合序列的整体演化过程，2019年Ridgecrest地震序列可以划分为几个主要阶段，各阶段有何标志性特征？,根据检索到的数据，2019年Ridgecrest地震序列的整体演化过程在这些数据块中并没有详细描述。因此，我无法提供关于该地震序列的主要阶段及其标志性特征的信息。,refusal-like,1,"pure refusal: convention D=3 (correct refusal, catalog-only), A/B/C/E=1",bb46b366433deb8c;411c15607ef10e35;828b4ff70bfa6f26;541ac058bfd8dc98;2768f1f9544773a8;e28ced5ed20c9a8d;5000139a7e9e6043;528ea5807f93595e;91274f4907b82798;a5e4828369b4f5da
maduo_only_vecrag,A1,A,2021年青海玛多Mw7.4地震序列地震活动整体呈现出什么样的时空分布特征？,根据检索到的数据，无法提供2021年青海玛多Mw7.4地震序列的时空分布特征的信息。这些数据片段没有包含相关的时空分布特征描述。,refusal-like,1,"pure refusal: convention D=3 (correct refusal, catalog-only), A/B/C/E=1",7bed95ec4608f791;1524a5bec650a113;a4a084ed159d7ea9;494a1fca9b8aa4a5;9e18ae45a5e015df;dd7cb491b7349e66;3e420fd3159e650e;15bac4825261d50e;d2734d6f516b2bec;1d019fa72732eb85
maduo_only_vecrag,A2,A,2021年青海玛多Mw7.4地震序列目录记录的时间范围、总事件数和震级范围分别是多少？,检索到的数据仅覆盖了部分地震事件，因此无法确定2021年青海玛多Mw7.4地震序列的完整时间范围、总事件数和震级范围。请参考完整的地震目录以获取这些信息。,refusal-like,1,"pure refusal: convention D=3 (correct refusal, catalog-only), A/B/C/E=1",7bed95ec4608f791;a4a084ed159d7ea9;dd7cb491b7349e66;1d019fa72732eb85;37f3b05f90c9159b;9e18ae45a5e015df;d2734d6f516b2bec;b3106e3383b3d291;5f5f2234c4c07817;494a1fca9b8aa4a5
maduo_only_vecrag,A3,A,2021年青海玛多Mw7.4地震序列震级分布的总体特征是什么？,检索到的数据中没有关于2021年青海玛多Mw7.4地震序列震级分布的具体信息，因此无法提供该序列震级分布的总体特征。,refusal-like,1,"pure refusal: convention D=3 (correct refusal, catalog-only), A/B/C/E=1",a4a084ed159d7ea9;7bed95ec4608f791;dd7cb491b7349e66;1524a5bec650a113;d2734d6f516b2bec;9e18ae45a5e015df;37f3b05f90c9159b;1d019fa72732eb85;25dd0f6aba909603;494a1fca9b8aa4a5
maduo_only_vecrag,A4,A,2021年青海玛多Mw7.4地震序列的地震活动强度随时间是增强、减弱还是保持稳定？,根据检索到的数据，无法确定2021年青海玛多Mw7.4地震序列的地震活动强度随时间是增强、减弱还是保持稳定。这些数据仅包含了一些地震事件的具体信息，但没有提供关于活动强度变化的趋势或分析。,refusal-like,1,"pure refusal: convention D=3 (correct refusal, catalog-only), A/B/C/E=1",7bed95ec4608f791;a4a084ed159d7ea9;dd7cb491b7349e66;37f3b05f90c9159b;b3106e3383b3d291;d2734d6f516b2bec;2225c9b76e891373;c02a1043582701af;1b0af00012d8b360;6f71976c314e3259
maduo_only_vecrag,A5,A,2021年青海玛多Mw7.4地震序列的地震活动可以分为几个阶段？每个阶段的特点是什么？,根据检索到的数据，无法确定2021年青海玛多Mw7.4地震序列的地震活动分为几个阶段及每个阶段的特点。检索到的数据没有提供相关信息。,refusal-like,1,"pure refusal: convention D=3 (correct refusal, catalog-only), A/B/C/E=1",7bed95ec4608f791;dd7cb491b7349e66;a4a084ed159d7ea9;b3106e3383b3d291;494a1fca9b8aa4a5;7475e7d630663377;1524a5bec650a113;c10f6e7b09da8e46;d37f1c657e77b1c1;9e18ae45a5e015df
maduo_only_vecrag,A6,A,2021年青海玛多Mw7.4地震序列序列的整体持续时间和空间范围大约是多大？,根据检索到的数据，无法提供2021年青海玛多Mw7.4地震序列的整体持续时间和空间范围的信息。检索到的数据没有包含相关的详细信息。,refusal-like,1,"pure refusal: convention D=3 (correct refusal, catalog-only), A/B/C/E=1",7bed95ec4608f791;1d019fa72732eb85;d2734d6f516b2bec;dd7cb491b7349e66;a4a084ed159d7ea9;cbefa17e42187862;37f3b05f90c9159b;9e18ae45a5e015df;b3106e3383b3d291;71e519ef626b51e5
maduo_only_vecrag,A7,A,2021年青海玛多Mw7.4地震序列地震活动的频率随时间的变化趋势是怎样的？,根据检索到的数据，无法提供2021年青海玛多Mw7.4地震序列的具体地震活动频率随时间变化的趋势。这些数据仅包含了一些地震事件的记录，但没有足够的信息来分析特定地震序列的活动趋势。,refusal-like,1,"pure refusal: convention D=3 (correct refusal, catalog-only), A/B/C/E=1",7bed95ec4608f791;1524a5bec650a113;494a1fca9b8aa4a5;3e420fd3159e650e;a4a084ed159d7ea9;d2734d6f516b2bec;1d019fa72732eb85;dd7cb491b7349e66;25dd0f6aba909603;f9c9652e2327cea5
maduo_only_vecrag,A8,A,2021年青海玛多Mw7.4地震序列目录中的地震深度分布有什么特征？,检索到的数据中没有关于2021年青海玛多Mw7.4地震序列的具体深度分布特征的信息。因此，我无法回答这个问题。,refusal-like,1,"pure refusal: convention D=3 (correct refusal, catalog-only), A/B/C/E=1",7bed95ec4608f791;a4a084ed159d7ea9;dd7cb491b7349e66;9e18ae45a5e015df;1d019fa72732eb85;494a1fca9b8aa4a5;1524a5bec650a113;d2734d6f516b2bec;25dd0f6aba909603;ac0cc1074dbc43b2
maduo_only_vecrag,A9,A,2021年青海玛多Mw7.4地震序列的地震活动从空间上看是集中分布还是分散分布？,根据检索到的数据，无法确定2021年青海玛多Mw7.4地震序列的地震活动是集中分布还是分散分布。检索到的片段没有提供相关的空间分布信息。,refusal-like,1,"pure refusal: convention D=3 (correct refusal, catalog-only), A/B/C/E=1",7bed95ec4608f791;a4a084ed159d7ea9;494a1fca9b8aa4a5;15bac4825261d50e;1524a5bec650a113;1d019fa72732eb85;d2734d6f516b2bec;9e18ae45a5e015df;dd7cb491b7349e66;f28f5fe1fec8605e
maduo_only_vecrag,A10,A,2021年青海玛多Mw7.4地震序列最活跃的时间段大概是什么时候？,根据检索到的数据，无法确定2021年青海玛多Mw7.4地震序列最活跃的时间段。检索到的数据没有提供关于该地震序列的具体信息或活跃时间段的描述。,refusal-like,1,"pure refusal: convention D=3 (correct refusal, catalog-only), A/B/C/E=1",7bed95ec4608f791;d2734d6f516b2bec;71e519ef626b51e5;1d019fa72732eb85;5f5f2234c4c07817;a4a084ed159d7ea9;4f3f7cb7d94d4872;1cd55e49136ba94e;c02a1043582701af;b3106e3383b3d291
maduo_only_vecrag,A11,A,2021年青海玛多Mw7.4地震序列序列整体的震级-频次关系是怎样的？,根据检索到的数据，无法提供2021年青海玛多Mw7.4地震序列的震级-频次关系的具体信息。这些数据块没有包含相关的统计分析或频次分布信息。,refusal-like,1,"pure refusal: convention D=3 (correct refusal, catalog-only), A/B/C/E=1",7bed95ec4608f791;1524a5bec650a113;494a1fca9b8aa4a5;a4a084ed159d7ea9;dd7cb491b7349e66;ae82bff6081a0330;d2734d6f516b2bec;25dd0f6aba909603;3e420fd3159e650e;9e18ae45a5e015df
maduo_only_vecrag,A12,A,2021年青海玛多Mw7.4地震序列地震活动的空间形态（如线性、面状、点状）是怎样的？,检索到的数据中没有关于2021年青海玛多Mw7.4地震序列的具体空间形态（如线性、面状、点状）的信息。因此，我无法回答这个问题。,refusal-like,1,"pure refusal: convention D=3 (correct refusal, catalog-only), A/B/C/E=1",a4a084ed159d7ea9;7bed95ec4608f791;d2734d6f516b2bec;dd7cb491b7349e66;1524a5bec650a113;494a1fca9b8aa4a5;1b0af00012d8b360;15bac4825261d50e;37f3b05f90c9159b;3e420fd3159e650e
maduo_only_vecrag,A13,A,2021年青海玛多Mw7.4地震序列目录记录的最早和最晚事件分别是什么时候？,检索到的数据中没有包含2021年青海玛多Mw7.4地震序列的具体事件记录，因此无法提供该序列中最早和最晚事件的时间信息。,refusal-like,1,"pure refusal: convention D=3 (correct refusal, catalog-only), A/B/C/E=1",71e519ef626b51e5;1d019fa72732eb85;d2734d6f516b2bec;5f5f2234c4c07817;7bed95ec4608f791;a4a084ed159d7ea9;4f3f7cb7d94d4872;494a1fca9b8aa4a5;37f3b05f90c9159b;1cd55e49136ba94e
maduo_only_vecrag,A14,A,综合来看，2021年青海玛多Mw7.4地震序列可以被归类为哪种类型的地震序列（主震-余震、震群等）？,检索到的数据中没有关于2021年青海玛多Mw7.4地震序列的具体信息，因此无法确定该地震序列的类型（如主震-余震或震群等）。,refusal-like,1,"pure refusal: convention D=3 (correct refusal, catalog-only), A/B/C/E=1",a4a084ed159d7ea9;7bed95ec4608f791;ac0cc1074dbc43b2;1b0af00012d8b360;1524a5bec650a113;37f3b05f90c9159b;dd7cb491b7349e66;d2734d6f516b2bec;f28f5fe1fec8605e;6f71976c314e3259
maduo_only_vecrag,A15,A,2021年青海玛多Mw7.4地震序列地震活动的空间范围大约覆盖多大面积？,检索到的数据中并未包含关于2021年青海玛多Mw7.4地震序列的具体信息，因此无法提供该地震活动的空间范围或覆盖面积。,refusal-like,1,"pure refusal: convention D=3 (correct refusal, catalog-only), A/B/C/E=1",d2734d6f516b2bec;a4a084ed159d7ea9;cbefa17e42187862;d37f1c657e77b1c1;1d019fa72732eb85;be8f966a907a7671;dd7cb491b7349e66;6c07787ea00959bd;71734598c8392d91;7bed95ec4608f791
maduo_only_vecrag,A16,A,2021年青海玛多Mw7.4地震序列目录中记录到多少次中等以上（M≥3）的地震？,根据检索到的数据，无法确定2021年青海玛多Mw7.4地震序列目录中记录到多少次中等以上（M≥3）的地震。检索到的片段中没有提供该序列的完整信息或总计。,refusal-like,1,"pure refusal: convention D=3 (correct refusal, catalog-only), A/B/C/E=1",a4a084ed159d7ea9;7bed95ec4608f791;dd7cb491b7349e66;d2734d6f516b2bec;b3106e3383b3d291;ac0cc1074dbc43b2;37f3b05f90c9159b;71e519ef626b51e5;1d019fa72732eb85;c10f6e7b09da8e46
maduo_only_vecrag,A17,A,2021年青海玛多Mw7.4地震序列的地震活动在不同深度层的分布有何差异？,检索到的数据中没有关于2021年青海玛多Mw7.4地震序列的具体深度层分布差异的信息。因此，我无法回答这个问题。,refusal-like,1,"pure refusal: convention D=3 (correct refusal, catalog-only), A/B/C/E=1",7bed95ec4608f791;dd7cb491b7349e66;a4a084ed159d7ea9;494a1fca9b8aa4a5;1524a5bec650a113;7475e7d630663377;d2734d6f516b2bec;d37f1c657e77b1c1;1d019fa72732eb85;9e18ae45a5e015df
maduo_only_vecrag,A18,A,从数据来看，2021年青海玛多Mw7.4地震序列是否有明显的活动启动时刻？,根据检索到的数据，没有提供关于2021年青海玛多Mw7.4地震序列的具体信息，因此无法确定该序列是否有明显的活动启动时刻。,refusal-like,1,"pure refusal: convention D=3 (correct refusal, catalog-only), A/B/C/E=1",7bed95ec4608f791;d2734d6f516b2bec;1d019fa72732eb85;5f5f2234c4c07817;71e519ef626b51e5;c02a1043582701af;494a1fca9b8aa4a5;a4a084ed159d7ea9;4f3f7cb7d94d4872;1b0af00012d8b360
maduo_only_vecrag,A19,A,2021年青海玛多Mw7.4地震序列序列末期（最近记录）的活动水平如何？,"根据检索到的数据，2021年6月25日的地震序列中，最后一条记录是在2021年6月26日00:24:57.88，震中位于34.745182°N, 97.808691°E，震级为M1.1。这表明在该序列的末期，活动水平相对较低，最后记录的震级为1.1。整体来看，检索到的数据反映了在该时间段内的地震活动水平逐渐减弱。",,1,individually verified vs ground truth,1d019fa72732eb85;d2734d6f516b2bec;7bed95ec4608f791;71e519ef626b51e5;5f5f2234c4c07817;dd7cb491b7349e66;c02a1043582701af;a4a084ed159d7ea9;37f3b05f90c9159b;9e18ae45a5e015df
maduo_only_vecrag,A20,A,综合来看，2021年青海玛多Mw7.4地震序列地震目录反映出的整体地质活动特征是什么？,根据检索到的数据块，无法提供2021年青海玛多Mw7.4地震序列的整体地质活动特征。这些数据块仅包含一些地震事件的具体信息，而没有关于整体地质活动特征的描述。,refusal-like,1,"pure refusal: convention D=3 (correct refusal, catalog-only), A/B/C/E=1",7bed95ec4608f791;a4a084ed159d7ea9;9e18ae45a5e015df;d2734d6f516b2bec;1d019fa72732eb85;312c0f3335d47a0e;2ef807733a6e81cd;37f3b05f90c9159b;dd7cb491b7349e66;494a1fca9b8aa4a5
maduo_only_vecrag,B1,B,2021年青海玛多Mw7.4地震序列目录中哪一天/哪一月的地震事件数量最多？具体是多少次？,根据检索到的数据，无法确定2021年青海玛多Mw7.4地震序列目录中哪一天或哪一月的地震事件数量最多，因为这些数据仅覆盖了部分事件，无法提供完整的事件数量统计。,refusal-like,1,"pure refusal: convention D=3 (correct refusal, catalog-only), A/B/C/E=1",a4a084ed159d7ea9;dd7cb491b7349e66;7bed95ec4608f791;1d019fa72732eb85;d2734d6f516b2bec;cbefa17e42187862;f28f5fe1fec8605e;5f5f2234c4c07817;c02a1043582701af;25dd0f6aba909603
maduo_only_vecrag,B2,B,2021年青海玛多Mw7.4地震序列目录中震级最大的事件发生在什么时间、什么位置、震级是多少？,检索到的数据中没有包含2021年青海玛多Mw7.4地震序列的具体信息，因此无法提供该事件的时间、位置和震级。,refusal-like,1,"pure refusal: convention D=3 (correct refusal, catalog-only), A/B/C/E=1",7bed95ec4608f791;a4a084ed159d7ea9;71e519ef626b51e5;1d019fa72732eb85;dd7cb491b7349e66;d2734d6f516b2bec;b3106e3383b3d291;37f3b05f90c9159b;cbefa17e42187862;4f3f7cb7d94d4872
maduo_only_vecrag,B3,B,2021年青海玛多Mw7.4地震序列按震级从大到小排列，请列出前5个事件及其发生时间。,检索到的数据中没有关于2021年青海玛多Mw7.4地震序列的具体信息，因此无法提供该序列中前5个事件及其发生时间。,refusal-like,1,"pure refusal: convention D=3 (correct refusal, catalog-only), A/B/C/E=1",71e519ef626b51e5;7bed95ec4608f791;ae82bff6081a0330;b3106e3383b3d291;d2734d6f516b2bec;c02a1043582701af;dd7cb491b7349e66;6f71976c314e3259;37f3b05f90c9159b;494a1fca9b8aa4a5
maduo_only_vecrag,B4,B,2021年青海玛多Mw7.4地震序列目录中震源深度最深/最浅的事件分别是什么？,检索到的数据中没有包含2021年青海玛多Mw7.4地震序列的具体信息，因此无法提供该序列中震源深度最深或最浅的事件。,refusal-like,1,"pure refusal: convention D=3 (correct refusal, catalog-only), A/B/C/E=1",a4a084ed159d7ea9;dd7cb491b7349e66;7bed95ec4608f791;1d019fa72732eb85;d37f1c657e77b1c1;d2734d6f516b2bec;6c07787ea00959bd;71734598c8392d91;9e18ae45a5e015df;cbefa17e42187862
maduo_only_vecrag,B5,B,2021年青海玛多Mw7.4地震序列目录中震级的中位数大约是多少？,检索到的数据中没有提供2021年青海玛多Mw7.4地震序列的完整目录，因此无法确定震级的中位数。,refusal-like,1,"pure refusal: convention D=3 (correct refusal, catalog-only), A/B/C/E=1",7bed95ec4608f791;37f3b05f90c9159b;1d019fa72732eb85;a4a084ed159d7ea9;ac0cc1074dbc43b2;dd7cb491b7349e66;d2734d6f516b2bec;c8234f2f7d80ca56;71e519ef626b51e5;9e18ae45a5e015df
maduo_only_vecrag,B6,B,2021年青海玛多Mw7.4地震序列哪一天/哪一时段的地震活动最沉寂（事件数量最少）？,根据检索到的数据，无法确定2021年青海玛多Mw7.4地震序列中哪一天或哪一时段的地震活动最沉寂（事件数量最少）。检索到的数据仅包含部分地震事件，无法提供完整的活动统计信息。,refusal-like,1,"pure refusal: convention D=3 (correct refusal, catalog-only), A/B/C/E=1",a4a084ed159d7ea9;dd7cb491b7349e66;d2734d6f516b2bec;71e519ef626b51e5;1d019fa72732eb85;5f5f2234c4c07817;b3106e3383b3d291;c02a1043582701af;71734598c8392d91;7bed95ec4608f791
maduo_only_vecrag,B7,B,2021年青海玛多Mw7.4地震序列目录中M≥3的事件总共有多少次，主要发生在什么时间段？,根据检索到的数据，无法确定2021年青海玛多Mw7.4地震序列目录中M≥3的事件总共有多少次，以及主要发生在什么时间段。检索到的数据仅包含部分事件的信息，无法提供整个目录的统计信息。,refusal-like,1,"pure refusal: convention D=3 (correct refusal, catalog-only), A/B/C/E=1",a4a084ed159d7ea9;7bed95ec4608f791;b3106e3383b3d291;71e519ef626b51e5;dd7cb491b7349e66;5f5f2234c4c07817;6f71976c314e3259;494a1fca9b8aa4a5;d2734d6f516b2bec;c02a1043582701af
maduo_only_vecrag,B8,B,2021年青海玛多Mw7.4地震序列按深度排序，最浅的5个事件分别是什么？,检索到的数据中没有关于2021年青海玛多Mw7.4地震序列的具体信息，因此无法提供该序列中最浅的5个事件。,refusal-like,1,"pure refusal: convention D=3 (correct refusal, catalog-only), A/B/C/E=1",a4a084ed159d7ea9;dd7cb491b7349e66;7bed95ec4608f791;d2734d6f516b2bec;b3106e3383b3d291;7475e7d630663377;be8f966a907a7671;71e519ef626b51e5;1524a5bec650a113;7386fdf11dc3f25e
maduo_only_vecrag,B9,B,2021年青海玛多Mw7.4地震序列目录中平均每天发生多少次地震？,检索到的数据中没有包含2021年青海玛多Mw7.4地震序列的具体信息，因此无法确定该序列中平均每天发生多少次地震。,refusal-like,1,"pure refusal: convention D=3 (correct refusal, catalog-only), A/B/C/E=1",7bed95ec4608f791;a4a084ed159d7ea9;d2734d6f516b2bec;1d019fa72732eb85;dd7cb491b7349e66;37f3b05f90c9159b;c02a1043582701af;71e519ef626b51e5;cbefa17e42187862;25dd0f6aba909603
maduo_only_vecrag,B10,B,2021年青海玛多Mw7.4地震序列目录中震级在M2.0—M3.0之间的事件总共有多少次？,检索到的数据中没有提供关于2021年青海玛多Mw7.4地震序列目录的具体事件数量或震级范围的信息。因此，我无法回答震级在M2.0—M3.0之间的事件总共有多少次。,refusal-like,1,"pure refusal: convention D=3 (correct refusal, catalog-only), A/B/C/E=1",a4a084ed159d7ea9;dd7cb491b7349e66;7bed95ec4608f791;ac0cc1074dbc43b2;b3106e3383b3d291;37f3b05f90c9159b;c8234f2f7d80ca56;f28f5fe1fec8605e;d2734d6f516b2bec;5ed2d6d7d40ff97c
maduo_only_vecrag,B11,B,2021年青海玛多Mw7.4地震序列记录到的地震深度平均值大约是多少？,检索到的数据中没有关于2021年青海玛多Mw7.4地震序列的具体信息，因此无法提供该地震序列记录到的地震深度平均值。,refusal-like,1,"pure refusal: convention D=3 (correct refusal, catalog-only), A/B/C/E=1",7bed95ec4608f791;1d019fa72732eb85;d2734d6f516b2bec;ac0cc1074dbc43b2;dd7cb491b7349e66;a4a084ed159d7ea9;f9c9652e2327cea5;c8234f2f7d80ca56;37f3b05f90c9159b;c02a1043582701af
maduo_only_vecrag,B12,B,2021年青海玛多Mw7.4地震序列哪个月份的最大震级贡献最高？,检索到的数据中没有关于2021年青海玛多Mw7.4地震序列的具体信息，因此无法回答该问题。,refusal-like,1,"pure refusal: convention D=3 (correct refusal, catalog-only), A/B/C/E=1",d2734d6f516b2bec;a4a084ed159d7ea9;1d019fa72732eb85;7bed95ec4608f791;cbefa17e42187862;dd7cb491b7349e66;b3106e3383b3d291;f28f5fe1fec8605e;71e519ef626b51e5;c02a1043582701af
maduo_only_vecrag,B13,B,2021年青海玛多Mw7.4地震序列距离震中（或某参考点）最近的5次事件分别是什么？,检索到的数据中没有关于2021年青海玛多Mw7.4地震序列的具体信息，因此无法提供距离震中最近的5次事件。,refusal-like,1,"pure refusal: convention D=3 (correct refusal, catalog-only), A/B/C/E=1",dd7cb491b7349e66;d2734d6f516b2bec;a4a084ed159d7ea9;7bed95ec4608f791;b3106e3383b3d291;71e519ef626b51e5;1d019fa72732eb85;be8f966a907a7671;1524a5bec650a113;c02a1043582701af
maduo_only_vecrag,B14,B,2021年青海玛多Mw7.4地震序列目录中记录的震级标准差或变化范围大约是多少？,检索到的数据中没有包含关于2021年青海玛多Mw7.4地震序列的震级标准差或变化范围的信息。因此，我无法提供该信息。,refusal-like,1,"pure refusal: convention D=3 (correct refusal, catalog-only), A/B/C/E=1",7bed95ec4608f791;a4a084ed159d7ea9;ac0cc1074dbc43b2;1d019fa72732eb85;37f3b05f90c9159b;d2734d6f516b2bec;c10f6e7b09da8e46;c8234f2f7d80ca56;dd7cb491b7349e66;25dd0f6aba909603
maduo_only_vecrag,B15,B,2021年青海玛多Mw7.4地震序列前十大震级事件集中在哪个时间段？,检索到的数据中没有关于2021年青海玛多Mw7.4地震序列的具体信息，因此无法确定前十大震级事件的时间段。,refusal-like,1,"pure refusal: convention D=3 (correct refusal, catalog-only), A/B/C/E=1",71e519ef626b51e5;7bed95ec4608f791;d2734d6f516b2bec;b3106e3383b3d291;4f3f7cb7d94d4872;494a1fca9b8aa4a5;1cd55e49136ba94e;a4a084ed159d7ea9;1d019fa72732eb85;6f71976c314e3259
maduo_only_vecrag,B16,B,2021年青海玛多Mw7.4地震序列不同深度区间（如0—10km、10—20km等）的事件数量分布如何？,检索到的数据中没有关于2021年青海玛多Mw7.4地震序列不同深度区间（如0—10km、10—20km等）的事件数量分布的信息。,,1,individually verified vs ground truth,7bed95ec4608f791;dd7cb491b7349e66;a4a084ed159d7ea9;d2734d6f516b2bec;1d019fa72732eb85;1524a5bec650a113;494a1fca9b8aa4a5;d37f1c657e77b1c1;37f3b05f90c9159b;9e18ae45a5e015df
maduo_only_vecrag,B17,B,2021年青海玛多Mw7.4地震序列目录中最大与最小震级事件之间的时间间隔是多久？,检索到的数据中没有关于2021年青海玛多Mw7.4地震序列的具体信息，因此无法确定最大与最小震级事件之间的时间间隔。,refusal-like,1,"pure refusal: convention D=3 (correct refusal, catalog-only), A/B/C/E=1",71e519ef626b51e5;7bed95ec4608f791;dd7cb491b7349e66;a4a084ed159d7ea9;37f3b05f90c9159b;494a1fca9b8aa4a5;1d019fa72732eb85;3e420fd3159e650e;1524a5bec650a113;6f71976c314e3259
maduo_only_vecrag,B18,B,2021年青海玛多Mw7.4地震序列按周统计，哪一周的地震活动最频繁？,根据检索到的数据，无法确定2021年青海玛多Mw7.4地震序列按周统计的具体地震活动频率。检索到的数据仅包含部分地震事件，无法提供完整的周统计信息。,refusal-like,1,"pure refusal: convention D=3 (correct refusal, catalog-only), A/B/C/E=1",7bed95ec4608f791;a4a084ed159d7ea9;dd7cb491b7349e66;9e18ae45a5e015df;cbefa17e42187862;b3106e3383b3d291;25dd0f6aba909603;494a1fca9b8aa4a5;bc33b01ba4dd2cc3;1524a5bec650a113
maduo_only_vecrag,B19,B,2021年青海玛多Mw7.4地震序列地震事件的震级与深度之间是否存在统计意义上的关联？,检索到的数据中并未包含关于2021年青海玛多Mw7.4地震序列的具体信息，因此无法判断震级与深度之间是否存在统计意义上的关联。,,1,"pure refusal: convention D=3 (correct refusal, catalog-only), A/B/C/E=1",7bed95ec4608f791;1524a5bec650a113;dd7cb491b7349e66;494a1fca9b8aa4a5;a4a084ed159d7ea9;d2734d6f516b2bec;3e420fd3159e650e;37f3b05f90c9159b;ae82bff6081a0330;c02a1043582701af
maduo_only_vecrag,B20,B,2021年青海玛多Mw7.4地震序列目录中总共记录了多少次事件，其中M<1.0的小震占多大比例？,检索到的数据仅包含该目录的一个小部分，因此无法确定整个目录中事件的总数或M<1.0的小震所占的比例。,refusal-like,1,"pure refusal: convention D=3 (correct refusal, catalog-only), A/B/C/E=1",a4a084ed159d7ea9;ac0cc1074dbc43b2;7bed95ec4608f791;b3106e3383b3d291;944fd29ef56839e1;8b46c0f872e076bf;f28f5fe1fec8605e;d4d88e72c022a52e;6532e779eeb798c6;37f3b05f90c9159b
maduo_only_vecrag,C1,C,2021年青海玛多Mw7.4地震序列活动最密集的那一天，发生了哪些地震事件？它们之间有什么关联？,根据检索到的数据，无法确定2021年青海玛多Mw7.4地震序列活动最密集的那一天发生了哪些地震事件，也无法提供这些事件之间的关联信息。检索到的数据不包含相关的详细信息。,refusal-like,1,"pure refusal: convention D=3 (correct refusal, catalog-only), A/B/C/E=1",dd7cb491b7349e66;7bed95ec4608f791;d2734d6f516b2bec;b3106e3383b3d291;a4a084ed159d7ea9;494a1fca9b8aa4a5;15bac4825261d50e;1524a5bec650a113;5f5f2234c4c07817;cbefa17e42187862
maduo_only_vecrag,C2,C,2021年青海玛多Mw7.4地震序列震级在M3.0—M4.0之间的事件主要分布在什么区域和时间段？,根据检索到的数据，无法提供2021年青海玛多Mw7.4地震序列震级在M3.0—M4.0之间的事件的具体分布区域和时间段。这些数据中没有相关的信息。,refusal-like,1,"pure refusal: convention D=3 (correct refusal, catalog-only), A/B/C/E=1",a4a084ed159d7ea9;7bed95ec4608f791;b3106e3383b3d291;dd7cb491b7349e66;d2734d6f516b2bec;71e519ef626b51e5;be8f966a907a7671;9e18ae45a5e015df;71734598c8392d91;494a1fca9b8aa4a5
maduo_only_vecrag,C3,C,2021年青海玛多Mw7.4地震序列地震序列中，前震、主震、余震的时间顺序和特征分别是什么？,检索到的数据中并未包含关于2021年青海玛多Mw7.4地震序列的具体信息，包括前震、主震和余震的时间顺序和特征。因此，我无法提供该事件的详细信息。,refusal-like,1,"pure refusal: convention D=3 (correct refusal, catalog-only), A/B/C/E=1",7bed95ec4608f791;dd7cb491b7349e66;b3106e3383b3d291;ae82bff6081a0330;a4a084ed159d7ea9;1524a5bec650a113;d2734d6f516b2bec;71e519ef626b51e5;6f71976c314e3259;494a1fca9b8aa4a5
maduo_only_vecrag,C4,C,2021年青海玛多Mw7.4地震序列距离震中最近的几次事件（空间关联）分别发生在什么时间？,检索到的数据中没有关于2021年青海玛多Mw7.4地震序列及其相关事件的信息，因此无法提供震中最近的几次事件的具体时间。,refusal-like,1,"pure refusal: convention D=3 (correct refusal, catalog-only), A/B/C/E=1",d2734d6f516b2bec;71e519ef626b51e5;7bed95ec4608f791;dd7cb491b7349e66;1d019fa72732eb85;494a1fca9b8aa4a5;5f5f2234c4c07817;4f3f7cb7d94d4872;b3106e3383b3d291;a4a084ed159d7ea9
maduo_only_vecrag,C5,C,2021年青海玛多Mw7.4地震序列活动次密集的那一天，具体记录了哪些事件？,检索到的数据中没有关于2021年青海玛多Mw7.4地震序列活动的具体信息，因此无法提供该事件的详细记录。,refusal-like,1,"pure refusal: convention D=3 (correct refusal, catalog-only), A/B/C/E=1",d2734d6f516b2bec;7bed95ec4608f791;b3106e3383b3d291;dd7cb491b7349e66;1d019fa72732eb85;a4a084ed159d7ea9;71e519ef626b51e5;5f5f2234c4c07817;f9c9652e2327cea5;c02a1043582701af
maduo_only_vecrag,C6,C,2021年青海玛多Mw7.4地震序列震级最大的事件发生后，紧接着的其他事件有哪些关联？,检索到的数据中并未包含关于2021年青海玛多Mw7.4地震序列的具体信息，因此无法提供该事件后紧接着的其他事件的关联信息。,refusal-like,1,"pure refusal: convention D=3 (correct refusal, catalog-only), A/B/C/E=1",a4a084ed159d7ea9;b3106e3383b3d291;dd7cb491b7349e66;d2734d6f516b2bec;7bed95ec4608f791;cbefa17e42187862;71e519ef626b51e5;6f71976c314e3259;494a1fca9b8aa4a5;5ed2d6d7d40ff97c
maduo_only_vecrag,C7,C,2021年青海玛多Mw7.4地震序列震中附近5公里范围内发生了哪些具体事件？,检索到的数据中没有包含2021年青海玛多Mw7.4地震序列震中附近5公里范围内的具体事件信息。,refusal-like,1,"pure refusal: convention D=3 (correct refusal, catalog-only), A/B/C/E=1",a4a084ed159d7ea9;b3106e3383b3d291;be8f966a907a7671;dd7cb491b7349e66;d2734d6f516b2bec;7bed95ec4608f791;d37f1c657e77b1c1;6c07787ea00959bd;71e519ef626b51e5;5ed2d6d7d40ff97c
maduo_only_vecrag,C8,C,2021年青海玛多Mw7.4地震序列深度在10—15公里范围内的事件有哪些？,检索到的数据中没有关于2021年青海玛多Mw7.4地震序列深度在10—15公里范围内的事件的信息。,,1,individually verified vs ground truth,a4a084ed159d7ea9;d2734d6f516b2bec;dd7cb491b7349e66;be8f966a907a7671;b3106e3383b3d291;7bed95ec4608f791;d37f1c657e77b1c1;1d019fa72732eb85;6c07787ea00959bd;5ed2d6d7d40ff97c
maduo_only_vecrag,C9,C,2021年青海玛多Mw7.4地震序列某个活跃周内的事件序列是怎样展开的？,检索到的数据中没有关于2021年青海玛多Mw7.4地震序列的具体信息，因此无法提供该事件序列的详细展开情况。,refusal-like,1,"pure refusal: convention D=3 (correct refusal, catalog-only), A/B/C/E=1",7bed95ec4608f791;d2734d6f516b2bec;a4a084ed159d7ea9;dd7cb491b7349e66;494a1fca9b8aa4a5;71e519ef626b51e5;b3106e3383b3d291;15bac4825261d50e;c02a1043582701af;1d019fa72732eb85
maduo_only_vecrag,C10,C,2021年青海玛多Mw7.4地震序列哪些事件被认为与最大震级事件直接相关（如余震）？,检索到的数据中没有关于2021年青海玛多Mw7.4地震序列及其余震的具体信息。因此，我无法提供与该事件直接相关的余震信息。,refusal-like,1,"pure refusal: convention D=3 (correct refusal, catalog-only), A/B/C/E=1",dd7cb491b7349e66;a4a084ed159d7ea9;b3106e3383b3d291;d2734d6f516b2bec;7bed95ec4608f791;cbefa17e42187862;d37f1c657e77b1c1;6c07787ea00959bd;ac0cc1074dbc43b2;7475e7d630663377
maduo_only_vecrag,C11,C,2021年青海玛多Mw7.4地震序列序列中是否存在明显的“事件簇”？请举例说明具体事件。,根据检索到的数据，无法确定2021年青海玛多Mw7.4地震序列中是否存在明显的“事件簇”。检索到的数据没有提供关于该地震序列的详细信息或事件聚集的具体例子。,refusal-like,1,"pure refusal: convention D=3 (correct refusal, catalog-only), A/B/C/E=1",7bed95ec4608f791;a4a084ed159d7ea9;1524a5bec650a113;dd7cb491b7349e66;d2734d6f516b2bec;6f71976c314e3259;c10f6e7b09da8e46;9e18ae45a5e015df;3e420fd3159e650e;15bac4825261d50e
maduo_only_vecrag,C12,C,2021年青海玛多Mw7.4地震序列某个特定坐标点附近的地震活动历史是怎样的？,检索到的数据中没有关于2021年青海玛多Mw7.4地震序列或特定坐标点附近的地震活动历史的信息。因此，我无法提供相关的历史数据。,refusal-like,1,"pure refusal: convention D=3 (correct refusal, catalog-only), A/B/C/E=1",7bed95ec4608f791;d2734d6f516b2bec;1d019fa72732eb85;a4a084ed159d7ea9;cbefa17e42187862;dd7cb491b7349e66;9e18ae45a5e015df;1524a5bec650a113;494a1fca9b8aa4a5;15bac4825261d50e
maduo_only_vecrag,C13,C,2021年青海玛多Mw7.4地震序列最大震级事件发生后的24小时内，记录了哪些后续事件？,"根据检索到的数据，2021年青海玛多Mw7.4地震序列的最大震级事件发生在2021年6月24日。后续事件在接下来的24小时内记录如下：

1. 2021-06-24 22:00:03.24, 震中：34.744, 97.820, 震级：M2.4
2. 2021-06-24 22:04:17.12, 震中：34.760, 97.669, 震级：M0.5
3. 2021-06-24 22:07:11.88, 震中：34.745, 97.769, 震级：M0.6
4. 2021-06-24 22:23:32.70, 震中：34.472, 99.027, 震级：M1.8
5. 2021-06-24 22:36:06.40, 震中：34.516, 99.295, 震级：M0.6
6. 2021-06-24 23:15:34.88, 震中：34.730, 97.668, 震级：M1.4
7. 2021-06-25 01:32:16.24, 震中：34.555, 98.771, 震级：M0.5
8. 2021-06-25 02:30:38.24, 震中：34.738, 97.638, 震级：M0.7
9. 2021-06-25 02:33:23.28, 震中：34.756, 97.586, 震级：M0.6
10. 2021-06-25 02:57:25.70, 震中：34.646, 98.242, 震级：M0.5
11. 2021-06-25 02:58:08.31, 震中：34.646, 98.242, 震级：M0.6
12. 2021-06-25 03:18:20.87, 震中：34.601, 98.505, 震级：M0.5
13. 2021-06-25 03:31:16.70, 震中：34.597, 98.504, 震级：M0.5
14. 2021-06-25 04:08:06.93, 震中：34.738, 97.637, 震级：M0.5

这些事件均在最大震级事件发生后的24小时内记录。",,1,individually verified vs ground truth,71e519ef626b51e5;7bed95ec4608f791;d2734d6f516b2bec;1d019fa72732eb85;37f3b05f90c9159b;b3106e3383b3d291;a4a084ed159d7ea9;dd7cb491b7349e66;c02a1043582701af;5f5f2234c4c07817
maduo_only_vecrag,C14,C,2021年青海玛多Mw7.4地震序列目录中，哪些事件的震级和位置最为接近，可能构成同一“事件对”？,根据检索到的数据，无法确定2021年青海玛多Mw7.4地震序列目录中哪些事件的震级和位置最为接近，可能构成同一“事件对”。检索到的数据没有提供足够的信息来识别这些事件。,refusal-like,1,"pure refusal: convention D=3 (correct refusal, catalog-only), A/B/C/E=1",7bed95ec4608f791;a4a084ed159d7ea9;b3106e3383b3d291;dd7cb491b7349e66;d2734d6f516b2bec;c10f6e7b09da8e46;37f3b05f90c9159b;494a1fca9b8aa4a5;71e519ef626b51e5;1524a5bec650a113
maduo_only_vecrag,C15,C,2021年青海玛多Mw7.4地震序列请列举震级最大的5次事件及其具体位置坐标。,根据检索到的数据，无法找到2021年青海玛多Mw7.4地震序列的具体信息，包括震级最大的5次事件及其具体位置坐标。请提供更多信息或查询其他来源。,,1,individually verified vs ground truth,a4a084ed159d7ea9;b3106e3383b3d291;7bed95ec4608f791;dd7cb491b7349e66;0ac94673100380a9;71e519ef626b51e5;d2734d6f516b2bec;be8f966a907a7671;9e18ae45a5e015df;cbefa17e42187862
maduo_only_vecrag,C16,C,2021年青海玛多Mw7.4地震序列某个活跃月份内，事件的空间分布是否发生了变化？,根据检索到的数据，无法确定2021年青海玛多Mw7.4地震序列某个活跃月份内事件的空间分布是否发生了变化。检索到的数据仅包含部分地震事件的信息，无法提供完整的空间分布情况或变化趋势。,refusal-like,1,"pure refusal: convention D=3 (correct refusal, catalog-only), A/B/C/E=1",a4a084ed159d7ea9;1d019fa72732eb85;7bed95ec4608f791;494a1fca9b8aa4a5;1524a5bec650a113;5f5f2234c4c07817;d2734d6f516b2bec;c02a1043582701af;2ef807733a6e81cd;3e420fd3159e650e
maduo_only_vecrag,C17,C,2021年青海玛多Mw7.4地震序列序列中最早记录的10次事件分别是什么？,抱歉，检索到的数据中没有包含2021年青海玛多Mw7.4地震序列的具体事件记录，因此无法提供该序列中最早记录的10次事件。,refusal-like,1,"pure refusal: convention D=3 (correct refusal, catalog-only), A/B/C/E=1",d2734d6f516b2bec;71e519ef626b51e5;a4a084ed159d7ea9;dd7cb491b7349e66;5f5f2234c4c07817;5ed2d6d7d40ff97c;b3106e3383b3d291;7bed95ec4608f791;1d019fa72732eb85;37f3b05f90c9159b
maduo_only_vecrag,C18,C,2021年青海玛多Mw7.4地震序列某个特定深度（如5公里）附近的事件簇有哪些？,检索到的数据中没有关于2021年青海玛多Mw7.4地震序列或特定深度（如5公里）附近事件簇的信息。,,1,individually verified vs ground truth,d2734d6f516b2bec;dd7cb491b7349e66;a4a084ed159d7ea9;7bed95ec4608f791;1d019fa72732eb85;be8f966a907a7671;d37f1c657e77b1c1;71e519ef626b51e5;b3106e3383b3d291;15bac4825261d50e
maduo_only_vecrag,C19,C,2021年青海玛多Mw7.4地震序列是否存在被反复触发的“热点”位置？请举例说明。,根据检索到的数据，无法确定2021年青海玛多Mw7.4地震序列是否存在被反复触发的“热点”位置。检索到的资料没有提供关于地震序列中具体位置的重复活动或“热点”位置的信息。,refusal-like,1,"pure refusal: convention D=3 (correct refusal, catalog-only), A/B/C/E=1",7bed95ec4608f791;a4a084ed159d7ea9;dd7cb491b7349e66;1524a5bec650a113;9e18ae45a5e015df;d2734d6f516b2bec;494a1fca9b8aa4a5;c02a1043582701af;c10f6e7b09da8e46;cbefa17e42187862
maduo_only_vecrag,C20,C,2021年青海玛多Mw7.4地震序列请说明序列中任意两次时间相邻的事件之间的关联性。,检索到的数据中没有关于2021年青海玛多Mw7.4地震序列的具体信息，也没有提及事件之间的关联性。因此，我无法回答关于该序列中任意两次时间相邻的事件之间的关联性的问题。,refusal-like,1,"pure refusal: convention D=3 (correct refusal, catalog-only), A/B/C/E=1",494a1fca9b8aa4a5;1524a5bec650a113;7bed95ec4608f791;3e420fd3159e650e;dd7cb491b7349e66;d2734d6f516b2bec;ae82bff6081a0330;6f71976c314e3259;37f3b05f90c9159b;71e519ef626b51e5
maduo_only_vecrag,D1,D,2021年青海玛多Mw7.4地震序列地震活跃性的增强是否与浅层流体活动、水库蓄水或深部构造应力积累有关？请给出物理机制解释。,检索到的数据不包含关于2021年青海玛多Mw7.4地震序列的具体物理机制信息，包括是否与浅层流体活动、水库蓄水或深部构造应力积累有关。因此，我无法提供相关的物理机制解释。,refusal-like,3,"pure refusal: convention D=3 (correct refusal, catalog-only), A/B/C/E=1",7bed95ec4608f791;dd7cb491b7349e66;494a1fca9b8aa4a5;d2734d6f516b2bec;a4a084ed159d7ea9;1d019fa72732eb85;c02a1043582701af;37f3b05f90c9159b;3e420fd3159e650e;2225c9b76e891373
maduo_only_vecrag,D2,D,2021年青海玛多Mw7.4地震序列的地震活动是否与人类工业活动（如水力压裂、废水回注、水库蓄水）存在关联？请说明依据。,检索到的数据中并未包含关于2021年青海玛多Mw7.4地震序列与人类工业活动（如水力压裂、废水回注、水库蓄水）之间关联的具体信息。因此，我无法回答这个问题。,refusal-like,3,"pure refusal: convention D=3 (correct refusal, catalog-only), A/B/C/E=1",7bed95ec4608f791;494a1fca9b8aa4a5;d2734d6f516b2bec;dd7cb491b7349e66;ae82bff6081a0330;3e420fd3159e650e;254bde4da383776a;c10f6e7b09da8e46;25dd0f6aba909603;37f3b05f90c9159b
maduo_only_vecrag,D3,D,2021年青海玛多Mw7.4地震序列的构造背景/断层类型是什么？该序列的发生与哪个断层系统有关？,检索到的数据中并未包含关于2021年青海玛多Mw7.4地震序列的构造背景、断层类型或与之相关的断层系统的信息。因此，我无法提供该序列的具体构造背景或断层系统的相关信息。,refusal-like,3,"pure refusal: convention D=3 (correct refusal, catalog-only), A/B/C/E=1",dd7cb491b7349e66;a4a084ed159d7ea9;7bed95ec4608f791;494a1fca9b8aa4a5;7475e7d630663377;9e18ae45a5e015df;c8234f2f7d80ca56;ac0cc1074dbc43b2;d37f1c657e77b1c1;8d1ccefffa13312d
maduo_only_vecrag,D4,D,2021年青海玛多Mw7.4地震序列的地震活动是否表现出典型的主震-余震衰减（Omori衰减）特征？,检索到的数据中没有关于2021年青海玛多Mw7.4地震序列的具体信息，因此无法判断该地震活动是否表现出典型的主震-余震衰减（Omori衰减）特征。,,3,individually verified vs ground truth,a4a084ed159d7ea9;ac0cc1074dbc43b2;d2734d6f516b2bec;dd7cb491b7349e66;25dd0f6aba909603;7bed95ec4608f791;c8234f2f7d80ca56;0ac94673100380a9;c10f6e7b09da8e46;9e18ae45a5e015df
maduo_only_vecrag,D5,D,2021年青海玛多Mw7.4地震序列序列的发生是否与区域构造应力场的变化有关？,检索到的数据中并未包含关于2021年青海玛多Mw7.4地震序列是否与区域构造应力场的变化有关的信息。因此，我无法回答这个问题。,refusal-like,3,"pure refusal: convention D=3 (correct refusal, catalog-only), A/B/C/E=1",7bed95ec4608f791;494a1fca9b8aa4a5;dd7cb491b7349e66;37f3b05f90c9159b;0ac94673100380a9;c8234f2f7d80ca56;a4a084ed159d7ea9;9e18ae45a5e015df;ac0cc1074dbc43b2;ae82bff6081a0330
maduo_only_vecrag,D6,D,2021年青海玛多Mw7.4地震序列是否存在深部流体上涌或地壳导电性异常的证据？,检索到的数据中并未包含关于2021年青海玛多Mw7.4地震序列是否存在深部流体上涌或地壳导电性异常的证据的信息。,,3,"pure refusal: convention D=3 (correct refusal, catalog-only), A/B/C/E=1",7bed95ec4608f791;d2734d6f516b2bec;a4a084ed159d7ea9;1d019fa72732eb85;c02a1043582701af;dd7cb491b7349e66;1524a5bec650a113;494a1fca9b8aa4a5;37f3b05f90c9159b;15bac4825261d50e
maduo_only_vecrag,D7,D,2021年青海玛多Mw7.4地震序列序列的破裂/触发机制大致是怎样的？,检索到的数据中并未包含关于2021年青海玛多Mw7.4地震序列的破裂或触发机制的信息。因此，我无法提供相关的细节。,refusal-like,3,"pure refusal: convention D=3 (correct refusal, catalog-only), A/B/C/E=1",7bed95ec4608f791;a4a084ed159d7ea9;37f3b05f90c9159b;dd7cb491b7349e66;d2734d6f516b2bec;494a1fca9b8aa4a5;1524a5bec650a113;c02a1043582701af;b3106e3383b3d291;c10f6e7b09da8e46
maduo_only_vecrag,D8,D,2021年青海玛多Mw7.4地震序列历史上是否发生过与当前序列相关的大地震？两者关系如何？,检索到的数据中没有关于2021年青海玛多Mw7.4地震序列的具体信息，也没有提到与该序列相关的大地震。因此，我无法回答关于两者关系的问题。,refusal-like,3,"pure refusal: convention D=3 (correct refusal, catalog-only), A/B/C/E=1",7bed95ec4608f791;d2734d6f516b2bec;494a1fca9b8aa4a5;6f71976c314e3259;dd7cb491b7349e66;ae82bff6081a0330;a4a084ed159d7ea9;1524a5bec650a113;3e420fd3159e650e;71e519ef626b51e5
maduo_only_vecrag,D9,D,2021年青海玛多Mw7.4地震序列序列的空间展布方向是否与已知断层走向一致？,检索到的数据中并未包含关于2021年青海玛多Mw7.4地震序列的具体信息，也没有提及与已知断层走向的一致性。因此，我无法回答这个问题。,refusal-like;possible-pretrained-knowledge,3,"pure refusal: convention D=3 (correct refusal, catalog-only), A/B/C/E=1",0ac94673100380a9;d2734d6f516b2bec;8d1ccefffa13312d;a4a084ed159d7ea9;89284efdbf012582;494a1fca9b8aa4a5;373a1fb7983e2fa9;399251ee3957d1a1;15bac4825261d50e;9e18ae45a5e015df
maduo_only_vecrag,D10,D,2021年青海玛多Mw7.4地震序列是否存在“地震空区”或异常平静区？,检索到的数据中没有关于2021年青海玛多Mw7.4地震序列是否存在“地震空区”或异常平静区的信息。,,3,individually verified vs ground truth,7bed95ec4608f791;a4a084ed159d7ea9;d2734d6f516b2bec;1d019fa72732eb85;dd7cb491b7349e66;71e519ef626b51e5;9e18ae45a5e015df;d37f1c657e77b1c1;cbefa17e42187862;c02a1043582701af
maduo_only_vecrag,D11,D,2021年青海玛多Mw7.4地震序列序列的深部构造锁定状态如何？,检索到的数据不包含关于2021年青海玛多Mw7.4地震序列的深部构造锁定状态的信息。,refusal-like,3,"pure refusal: convention D=3 (correct refusal, catalog-only), A/B/C/E=1",7bed95ec4608f791;37f3b05f90c9159b;71e519ef626b51e5;a4a084ed159d7ea9;560d8f6fdb8042c0;1d019fa72732eb85;c02a1043582701af;d2734d6f516b2bec;dd7cb491b7349e66;7475e7d630663377
maduo_only_vecrag,D12,D,2021年青海玛多Mw7.4地震序列地震活动的成因是自然构造过程还是人为因素占主导？,检索到的数据中没有关于2021年青海玛多Mw7.4地震序列的成因是否与自然构造过程或人为因素相关的信息。因此，我无法回答这个问题。,refusal-like,3,"pure refusal: convention D=3 (correct refusal, catalog-only), A/B/C/E=1",7bed95ec4608f791;71e519ef626b51e5;d2734d6f516b2bec;a4a084ed159d7ea9;1b0af00012d8b360;c02a1043582701af;37f3b05f90c9159b;f28f5fe1fec8605e;1d019fa72732eb85;312c0f3335d47a0e
maduo_only_vecrag,D13,D,2021年青海玛多Mw7.4地震序列序列是否表现出前震活跃或应力迁移的证据？,检索到的数据中并未包含关于2021年青海玛多Mw7.4地震序列的前震活跃或应力迁移的具体证据。因此，我无法回答这个问题。,refusal-like,3,"pure refusal: convention D=3 (correct refusal, catalog-only), A/B/C/E=1",7bed95ec4608f791;d2734d6f516b2bec;1d019fa72732eb85;1524a5bec650a113;c02a1043582701af;494a1fca9b8aa4a5;37f3b05f90c9159b;dd7cb491b7349e66;a4a084ed159d7ea9;71e519ef626b51e5
maduo_only_vecrag,D14,D,基于此数据，2021年青海玛多Mw7.4地震序列的地震危险性大致如何？,检索到的数据中并未包含关于2021年青海玛多Mw7.4地震序列的具体信息，因此无法评估该地震序列的地震危险性。,,3,"pure refusal: convention D=3 (correct refusal, catalog-only), A/B/C/E=1",7bed95ec4608f791;a4a084ed159d7ea9;d2734d6f516b2bec;dd7cb491b7349e66;ac0cc1074dbc43b2;1d019fa72732eb85;1b0af00012d8b360;37f3b05f90c9159b;cbefa17e42187862;ae82bff6081a0330
maduo_only_vecrag,D15,D,2021年青海玛多Mw7.4地震序列序列的触发机制是瞬时弹性响应还是延迟孔隙压力扩散？,检索到的数据不包含关于2021年青海玛多Mw7.4地震序列的触发机制的信息，因此无法回答该问题。,refusal-like,3,"pure refusal: convention D=3 (correct refusal, catalog-only), A/B/C/E=1",7bed95ec4608f791;494a1fca9b8aa4a5;a4a084ed159d7ea9;3e420fd3159e650e;dd7cb491b7349e66;2225c9b76e891373;37f3b05f90c9159b;1b0af00012d8b360;c02a1043582701af;ae82bff6081a0330
maduo_only_vecrag,D16,D,2021年青海玛多Mw7.4地震序列断层的几何结构（如倾角、走向）是怎样的？,检索到的数据中并未包含关于2021年青海玛多Mw7.4地震序列断层几何结构（如倾角、走向）的信息。,,3,"pure refusal: convention D=3 (correct refusal, catalog-only), A/B/C/E=1",a4a084ed159d7ea9;dd7cb491b7349e66;8d1ccefffa13312d;9e18ae45a5e015df;7bed95ec4608f791;d37f1c657e77b1c1;c8234f2f7d80ca56;318a213e10879671;e1d0913861555e5f;1524a5bec650a113
maduo_only_vecrag,D17,D,2021年青海玛多Mw7.4地震序列余震区的长度/宽度反映出怎样的破裂特征？,检索到的数据中并未包含关于2021年青海玛多Mw7.4地震序列余震区的长度、宽度或破裂特征的信息。因此，我无法回答这个问题。,refusal-like,3,"pure refusal: convention D=3 (correct refusal, catalog-only), A/B/C/E=1",7bed95ec4608f791;dd7cb491b7349e66;a4a084ed159d7ea9;d2734d6f516b2bec;9e18ae45a5e015df;37f3b05f90c9159b;1d019fa72732eb85;ac0cc1074dbc43b2;d37f1c657e77b1c1;6c07787ea00959bd
maduo_only_vecrag,D18,D,2021年青海玛多Mw7.4地震序列是否存在“马尾状”分叉或复杂破裂特征？,检索到的数据中并未包含关于2021年青海玛多Mw7.4地震序列的具体信息，因此无法确认该地震序列是否存在“马尾状”分叉或复杂破裂特征。,,3,"pure refusal: convention D=3 (correct refusal, catalog-only), A/B/C/E=1",a4a084ed159d7ea9;7bed95ec4608f791;dd7cb491b7349e66;d2734d6f516b2bec;37f3b05f90c9159b;c10f6e7b09da8e46;1524a5bec650a113;9e18ae45a5e015df;b3106e3383b3d291;1d019fa72732eb85
maduo_only_vecrag,D19,D,2021年青海玛多Mw7.4地震序列序列的震源深度分布对理解其构造背景有何提示？,检索到的数据中并未包含关于2021年青海玛多Mw7.4地震序列的震源深度分布或其构造背景的具体信息。因此，我无法回答这个问题。,refusal-like,3,"pure refusal: convention D=3 (correct refusal, catalog-only), A/B/C/E=1",7bed95ec4608f791;dd7cb491b7349e66;a4a084ed159d7ea9;1d019fa72732eb85;d2734d6f516b2bec;1524a5bec650a113;494a1fca9b8aa4a5;9e18ae45a5e015df;7475e7d630663377;d37f1c657e77b1c1
maduo_only_vecrag,D20,D,综合来看，2021年青海玛多Mw7.4地震序列地震活动驱动机制的科学共识是什么？,检索到的数据中并未包含关于2021年青海玛多Mw7.4地震序列的具体驱动机制或科学共识的信息。因此，我无法提供相关的答案。,refusal-like,3,"pure refusal: convention D=3 (correct refusal, catalog-only), A/B/C/E=1",d2734d6f516b2bec;37f3b05f90c9159b;7bed95ec4608f791;a4a084ed159d7ea9;1d019fa72732eb85;cbefa17e42187862;71e519ef626b51e5;1b0af00012d8b360;0a011e89e6290bf8;6f71976c314e3259
maduo_only_vecrag,E1,E,2021年青海玛多Mw7.4地震序列序列早期阶段和后期阶段相比，活动强度、震级分布有什么变化？,根据检索到的数据，无法提供2021年青海玛多Mw7.4地震序列的早期阶段和后期阶段的活动强度及震级分布的具体变化信息。检索到的内容没有包含相关的详细分析或比较数据。,refusal-like,1,"pure refusal: convention D=3 (correct refusal, catalog-only), A/B/C/E=1",7bed95ec4608f791;a4a084ed159d7ea9;494a1fca9b8aa4a5;dd7cb491b7349e66;1524a5bec650a113;d2734d6f516b2bec;9e18ae45a5e015df;3e420fd3159e650e;b3106e3383b3d291;c10f6e7b09da8e46
maduo_only_vecrag,E2,E,2021年青海玛多Mw7.4地震序列的地震活动是否表现出空间上的“迁移”趋势？,根据检索到的数据，无法确定2021年青海玛多Mw7.4地震序列的地震活动是否表现出空间上的“迁移”趋势。检索到的片段没有提供关于该地震序列的空间活动模式或迁移趋势的信息。,refusal-like,1,"pure refusal: convention D=3 (correct refusal, catalog-only), A/B/C/E=1",7bed95ec4608f791;d2734d6f516b2bec;1524a5bec650a113;a4a084ed159d7ea9;494a1fca9b8aa4a5;15bac4825261d50e;1d019fa72732eb85;0ac94673100380a9;3e420fd3159e650e;9e18ae45a5e015df
maduo_only_vecrag,E3,E,2021年青海玛多Mw7.4地震序列序列中是否存在明显的“平静期”或活动骤降的时间窗口？,根据检索到的数据，无法确定2021年青海玛多Mw7.4地震序列中是否存在明显的“平静期”或活动骤降的时间窗口。检索到的数据仅包含部分地震事件的信息，无法提供完整的活动趋势或时间窗口的分析。,refusal-like,1,"pure refusal: convention D=3 (correct refusal, catalog-only), A/B/C/E=1",a4a084ed159d7ea9;71e519ef626b51e5;d2734d6f516b2bec;7bed95ec4608f791;5f5f2234c4c07817;3e420fd3159e650e;494a1fca9b8aa4a5;1d019fa72732eb85;6f71976c314e3259;dd7cb491b7349e66
maduo_only_vecrag,E4,E,2021年青海玛多Mw7.4地震序列序列前1个月与最近1个月相比，活动特征有何不同？,根据检索到的数据，无法提供2021年青海玛多Mw7.4地震序列前1个月与最近1个月的活动特征比较信息。检索到的数据没有包含相关的地震活动特征或趋势分析。,refusal-like,1,"pure refusal: convention D=3 (correct refusal, catalog-only), A/B/C/E=1",7bed95ec4608f791;a4a084ed159d7ea9;494a1fca9b8aa4a5;1524a5bec650a113;c02a1043582701af;1d019fa72732eb85;651ccbd98b2f9f09;d2734d6f516b2bec;6f71976c314e3259;1b0af00012d8b360
maduo_only_vecrag,E5,E,2021年青海玛多Mw7.4地震序列序列的震级分布是否随时间发生变化？,根据检索到的数据，无法确定2021年青海玛多Mw7.4地震序列的震级分布是否随时间发生变化。这些数据仅包含部分地震事件的信息，无法提供完整的时间序列分析或震级变化趋势。,refusal-like,1,"pure refusal: convention D=3 (correct refusal, catalog-only), A/B/C/E=1",7bed95ec4608f791;494a1fca9b8aa4a5;1524a5bec650a113;a4a084ed159d7ea9;dd7cb491b7349e66;d2734d6f516b2bec;c02a1043582701af;3e420fd3159e650e;1d019fa72732eb85;37f3b05f90c9159b
maduo_only_vecrag,E6,E,2021年青海玛多Mw7.4地震序列序列的空间范围（覆盖面积）是否随时间扩大或收缩？,根据检索到的数据，无法确定2021年青海玛多Mw7.4地震序列的空间范围是否随时间扩大或收缩。这些数据仅提供了特定时间段内的地震事件信息，而没有关于空间范围变化的详细描述。,refusal-like,1,"pure refusal: convention D=3 (correct refusal, catalog-only), A/B/C/E=1",a4a084ed159d7ea9;1d019fa72732eb85;d2734d6f516b2bec;d37f1c657e77b1c1;dd7cb491b7349e66;7bed95ec4608f791;71e519ef626b51e5;cbefa17e42187862;6c07787ea00959bd;de7bc7f284414cf2
maduo_only_vecrag,E7,E,2021年青海玛多Mw7.4地震序列序列早期与晚期相比，深度分布是否发生变化？,检索到的数据中没有关于2021年青海玛多Mw7.4地震序列的深度分布变化的信息。因此，我无法回答这个问题。,refusal-like,1,"pure refusal: convention D=3 (correct refusal, catalog-only), A/B/C/E=1",7bed95ec4608f791;a4a084ed159d7ea9;494a1fca9b8aa4a5;dd7cb491b7349e66;1d019fa72732eb85;1524a5bec650a113;d2734d6f516b2bec;9e18ae45a5e015df;3e420fd3159e650e;c02a1043582701af
maduo_only_vecrag,E8,E,2021年青海玛多Mw7.4地震序列序列是否存在多个活动高峰？分别在什么时候？,检索到的数据中没有关于2021年青海玛多Mw7.4地震序列的具体信息，因此无法确认该序列是否存在多个活动高峰及其具体时间。,,1,individually verified vs ground truth,7bed95ec4608f791;a4a084ed159d7ea9;d2734d6f516b2bec;1d019fa72732eb85;b3106e3383b3d291;dd7cb491b7349e66;71e519ef626b51e5;9e18ae45a5e015df;4f3f7cb7d94d4872;c02a1043582701af
maduo_only_vecrag,E9,E,与序列开始时相比，2021年青海玛多Mw7.4地震序列目前的地震活动水平是上升还是下降？,检索到的数据没有包含关于2021年青海玛多Mw7.4地震序列的具体信息，因此无法判断目前的地震活动水平是上升还是下降。,refusal-like,1,"pure refusal: convention D=3 (correct refusal, catalog-only), A/B/C/E=1",d2734d6f516b2bec;a4a084ed159d7ea9;7bed95ec4608f791;6f71976c314e3259;71e519ef626b51e5;1b0af00012d8b360;c02a1043582701af;c10f6e7b09da8e46;2225c9b76e891373;1d019fa72732eb85
maduo_only_vecrag,E10,E,2021年青海玛多Mw7.4地震序列序列不同阶段的地震类型（如是否更接近余震或独立事件）有何变化？,检索到的数据中没有关于2021年青海玛多Mw7.4地震序列的具体信息，因此无法回答该地震序列不同阶段的地震类型变化（如是否更接近余震或独立事件）。,refusal-like,1,"pure refusal: convention D=3 (correct refusal, catalog-only), A/B/C/E=1",7bed95ec4608f791;1524a5bec650a113;494a1fca9b8aa4a5;a4a084ed159d7ea9;dd7cb491b7349e66;3e420fd3159e650e;ae82bff6081a0330;6f71976c314e3259;c10f6e7b09da8e46;2225c9b76e891373
maduo_only_vecrag,E11,E,2021年青海玛多Mw7.4地震序列序列的活动模式是否可以划分为“爆发期”和“衰减期”？,根据检索到的数据，无法确定2021年青海玛多Mw7.4地震序列的活动模式是否可以划分为“爆发期”和“衰减期”。检索到的内容没有提供关于该地震序列活动模式的具体信息。,refusal-like,1,"pure refusal: convention D=3 (correct refusal, catalog-only), A/B/C/E=1",7bed95ec4608f791;a4a084ed159d7ea9;494a1fca9b8aa4a5;3e420fd3159e650e;dd7cb491b7349e66;9e18ae45a5e015df;c10f6e7b09da8e46;25dd0f6aba909603;65e77a8f1195e710;254bde4da383776a
maduo_only_vecrag,E12,E,2021年青海玛多Mw7.4地震序列序列前半段与后半段相比，最大震级事件出现的位置有何不同？,检索到的数据中没有关于2021年青海玛多Mw7.4地震序列的具体信息，因此无法回答该问题。,refusal-like,1,"pure refusal: convention D=3 (correct refusal, catalog-only), A/B/C/E=1",7bed95ec4608f791;dd7cb491b7349e66;b3106e3383b3d291;71e519ef626b51e5;a4a084ed159d7ea9;d2734d6f516b2bec;494a1fca9b8aa4a5;9e18ae45a5e015df;1524a5bec650a113;1d019fa72732eb85
maduo_only_vecrag,E13,E,2021年青海玛多Mw7.4地震序列序列的活动是否表现出周期性或阶段性特征？,检索到的数据中没有关于2021年青海玛多Mw7.4地震序列活动是否表现出周期性或阶段性特征的信息。因此，我无法回答这个问题。,refusal-like,1,"pure refusal: convention D=3 (correct refusal, catalog-only), A/B/C/E=1",7bed95ec4608f791;1524a5bec650a113;a4a084ed159d7ea9;d2734d6f516b2bec;494a1fca9b8aa4a5;dd7cb491b7349e66;3e420fd3159e650e;9e18ae45a5e015df;25dd0f6aba909603;1d019fa72732eb85
maduo_only_vecrag,E14,E,2021年青海玛多Mw7.4地震序列序列早期阶段的空间聚集程度与近期相比有何不同？,抱歉，检索到的数据不包含关于2021年青海玛多Mw7.4地震序列的具体信息，也没有提供关于该地震序列早期阶段的空间聚集程度与近期的比较数据。,refusal-like,1,"pure refusal: convention D=3 (correct refusal, catalog-only), A/B/C/E=1",7bed95ec4608f791;a4a084ed159d7ea9;494a1fca9b8aa4a5;1524a5bec650a113;d2734d6f516b2bec;3e420fd3159e650e;1d019fa72732eb85;dd7cb491b7349e66;15bac4825261d50e;9e18ae45a5e015df
maduo_only_vecrag,E15,E,2021年青海玛多Mw7.4地震序列序列不同年份的地震活动特征有何差异？,检索到的数据中没有关于2021年青海玛多Mw7.4地震序列的具体信息，也没有提供不同年份地震活动特征的比较。因此，我无法回答这个问题。,refusal-like,1,"pure refusal: convention D=3 (correct refusal, catalog-only), A/B/C/E=1",7bed95ec4608f791;1524a5bec650a113;dd7cb491b7349e66;494a1fca9b8aa4a5;a4a084ed159d7ea9;6f71976c314e3259;1b0af00012d8b360;d2734d6f516b2bec;3d000b6a5abff40d;3e420fd3159e650e
maduo_only_vecrag,E16,E,2021年青海玛多Mw7.4地震序列序列在关键节点（如某次较大地震后）前后的活动模式有何变化？,检索到的数据中没有关于2021年青海玛多Mw7.4地震序列的具体信息，因此无法回答该地震序列在关键节点前后的活动模式变化。,refusal-like,1,"pure refusal: convention D=3 (correct refusal, catalog-only), A/B/C/E=1",7bed95ec4608f791;a4a084ed159d7ea9;1524a5bec650a113;494a1fca9b8aa4a5;dd7cb491b7349e66;d2734d6f516b2bec;b3106e3383b3d291;37f3b05f90c9159b;3e420fd3159e650e;6f71976c314e3259
maduo_only_vecrag,E17,E,2021年青海玛多Mw7.4地震序列的地震活动是否表现出向某个方向扩展或收缩的趋势？,检索到的数据中没有关于2021年青海玛多Mw7.4地震序列的地震活动是否表现出向某个方向扩展或收缩的趋势的信息。,,1,individually verified vs ground truth,d2734d6f516b2bec;7bed95ec4608f791;a4a084ed159d7ea9;1524a5bec650a113;1d019fa72732eb85;15bac4825261d50e;494a1fca9b8aa4a5;0ac94673100380a9;5f5f2234c4c07817;9e18ae45a5e015df
maduo_only_vecrag,E18,E,2021年青海玛多Mw7.4地震序列序列不同阶段的事件时间间隔的统计特征有何变化？,抱歉，检索到的数据中没有关于2021年青海玛多Mw7.4地震序列及其不同阶段事件时间间隔的统计特征的信息。,,1,individually verified vs ground truth,494a1fca9b8aa4a5;1524a5bec650a113;7bed95ec4608f791;3e420fd3159e650e;dd7cb491b7349e66;ae82bff6081a0330;15bac4825261d50e;c02a1043582701af;2225c9b76e891373;6f71976c314e3259
maduo_only_vecrag,E19,E,与整体平均水平相比，2021年青海玛多Mw7.4地震序列序列某个特定阶段是否显著异常活跃或沉寂？,检索到的数据并未包含关于2021年青海玛多Mw7.4地震序列的具体信息，因此无法判断该序列在某个特定阶段是否显著异常活跃或沉寂。,,1,"pure refusal: convention D=3 (correct refusal, catalog-only), A/B/C/E=1",a4a084ed159d7ea9;d2734d6f516b2bec;7bed95ec4608f791;dd7cb491b7349e66;1d019fa72732eb85;c02a1043582701af;1b0af00012d8b360;1524a5bec650a113;7f177da39480c763;6f71976c314e3259
maduo_only_vecrag,E20,E,综合序列的整体演化过程，2021年青海玛多Mw7.4地震序列可以划分为几个主要阶段，各阶段有何标志性特征？,根据检索到的数据，无法提供2021年青海玛多Mw7.4地震序列的整体演化过程及其主要阶段的详细信息。检索到的数据没有包含关于该地震序列的具体分析或阶段划分的信息。,refusal-like,1,"pure refusal: convention D=3 (correct refusal, catalog-only), A/B/C/E=1",dd7cb491b7349e66;a4a084ed159d7ea9;1524a5bec650a113;37f3b05f90c9159b;7bed95ec4608f791;d2734d6f516b2bec;c10f6e7b09da8e46;494a1fca9b8aa4a5;7475e7d630663377;9e18ae45a5e015df
