condition,qid,method,question_en,answer_en
qiaojia_only_vecrag,A1,vector_top10,What overall spatiotemporal distribution characteristics does the seismic activity in the Qiaojia-Dongchuan seismic-gap catalog show?,"According to the retrieved data, the seismic activity in the Qiaojia-Dongchuan area exhibited certain spatiotemporal distribution characteristics between March 7 and March 9, 2023. During this period, multiple seismic events were recorded, with epicenters primarily concentrated within a specific range of latitude and longitude, and varying depths and magnitudes. For example, the seismic events on March 7 included multiple epicenters between 26.86°N and 26.95°N, with magnitudes ranging from M0.7 to M2.4.

However, the retrieved data only represent a subset of the seismic activity in the area and do not comprehensively reflect the overall seismic activity characteristics of the entire region. Therefore, the retrieved data did not provide sufficient information for a comprehensive analysis of the overall spatiotemporal distribution characteristics of the Qiaojia-Dongchuan seismic gap."
qiaojia_only_vecrag,A2,vector_top10,"What is the time range, total number of events, and magnitude range recorded in the Qiaojia-Dongchuan seismic-gap catalog?","The retrieved data block only covers a portion of the earthquake catalog, so it is not possible to determine the overall time range, total number of events, and magnitude range of the entire catalog."
qiaojia_only_vecrag,A3,vector_top10,What are the overall characteristics of the magnitude distribution in the Qiaojia-Dongchuan seismic-gap catalog?,"Sorry, there is no information about the overall characteristics of the magnitude distribution of the Qiaojia-Dongchuan earthquake void area in the retrieved data."
qiaojia_only_vecrag,A4,vector_top10,"Is the seismic activity in the Qiaojia-Dongchuan seismic-gap catalog increasing, decreasing, or remaining stable over time?","Based on the retrieved data, it is not possible to determine whether the seismic activity intensity in the Qiaojia–Dongchuan earthquake gap has increased, decreased, or remained stable over time. These data only provide records of seismic events within a specific time period and do not reflect overall trends or changes in activity intensity."
qiaojia_only_vecrag,A5,vector_top10,How many phases can the seismic activity in the Qiaojia-Dongchuan seismic-gap catalog be divided into? What are the characteristics of each phase?,"Based on the retrieved data, it is not possible to determine how many stages the seismic activity in the Qiaojia-Dongchuan earthquake gap is divided into and the characteristics of each stage. The retrieved data did not provide relevant information."
qiaojia_only_vecrag,A6,vector_top10,What is the approximate overall duration and spatial extent of the sequence in the Qiaojia-Dongchuan seismic-gap catalog?,"Based on the retrieved data, it is not possible to determine the overall duration and spatial extent of the Qiaojia–Dongchuan earthquake gap sequence. This information is not explicitly mentioned in the retrieved data."
qiaojia_only_vecrag,A7,vector_top10,What is the trend of the frequency of seismic activity in the Qiaojia-Dongchuan seismic-gap catalog over time?,"According to the retrieved data, the earthquake activity in the Qiaojia-Dongchuan area in March 2023 showed a certain frequency variation. For example, between March 7 and March 8, multiple earthquake events were recorded, with epicenters distributed at different latitude and longitude positions, and magnitudes ranging from M0.5 to M2.3. This indicates that the earthquake activity in the area was relatively frequent during this period.

However, the retrieved data only represents a subset of the earthquake activity in the region and cannot comprehensively reflect the activity trend over the entire time period. Therefore, no clear conclusions can be drawn from this data regarding the overall trend of the frequency of earthquake activity in the Qiaojia-Dongchuan seismic gap over time."
qiaojia_only_vecrag,A8,vector_top10,What are the characteristics of the depth distribution of earthquakes in the Qiaojia-Dongchuan seismic-gap catalog?,"According to the retrieved data, the earthquake depth distribution in the Qiaojia-Dongchuan area shows certain variations. The following depth information has been extracted from the retrieved earthquake events:

- The depth ranges from approximately 2.9 kilometers to 34.9 kilometers.
- Most earthquake events have depths concentrated between 10 kilometers and 20 kilometers.
- For example, the earthquake on August 23, 2022, had depths of 3.0 kilometers, 9.9 kilometers, 11.3 kilometers, and 14.4 kilometers, indicating relatively shallow source depths.
- The earthquake on February 22, 2023, recorded a depth of 30.5 kilometers, indicating a deeper source.

Overall, the retrieved data indicate that the earthquake depth distribution in this area has a certain diversity, with both relatively shallow and deeper source depths."
qiaojia_only_vecrag,A9,vector_top10,Is the seismic activity in the Qiaojia-Dongchuan seismic-gap catalog spatially concentrated or dispersed?,"According to the retrieved data, the seismic activity in the Qiaojia-Dongchuan earthquake gap shows a certain degree of spatial concentration. The latitude and longitude coordinates of multiple seismic events are relatively close, indicating that these events occurred within a relatively limited area. However, this data only represents a subset and cannot comprehensively reflect the seismic activity patterns of the entire region. Therefore, more data is needed for a more accurate analysis of the seismic activity distribution across the entire area."
qiaojia_only_vecrag,A10,vector_top10,What is the approximate time period of the most active seismic activity in the Qiaojia-Dongchuan seismic-gap catalog?,"According to the retrieved data, the Qiaojia-Dongchuan area experienced frequent seismic activity on November 21, 2022, with multiple earthquake events occurring on that date. The specific time period includes several earthquakes recorded between 01:25 and 08:42. Therefore, the seismic activity in the region was relatively active during this time. Please note that this information only reflects a subset of the retrieved data and may not represent the entire dataset."
qiaojia_only_vecrag,A11,vector_top10,What is the overall magnitude-frequency relationship of the sequence in the Qiaojia-Dongchuan seismic-gap catalog?,"According to the retrieved data, it is not possible to provide information on the magnitude-frequency relationship of the Qiaojia-Dongchuan earthquake void sequence as a whole. These data only include records of earthquake events within a specific time period and do not provide an overall analysis of the magnitude-frequency relationship."
qiaojia_only_vecrag,A12,vector_top10,"What is the spatial morphology of seismic activity in the Qiaojia-Dongchuan seismic-gap catalog (e.g., linear, planar, point-like)?","Based on the retrieved data, it is not possible to determine the spatial pattern of seismic activity in the Qiaojia-Dongchuan earthquake gap (such as linear, planar, or point-like). This data does not provide relevant spatial distribution or morphological information."
qiaojia_only_vecrag,A13,vector_top10,What are the times of the earliest and latest events recorded in the Qiaojia-Dongchuan seismic-gap catalog?,"According to the retrieved data, the earliest event occurred on November 2, 2022, while the latest event occurred on March 10, 2023. Please note that this information only reflects the retrieved data segments and may not represent the complete range of the entire catalog."
qiaojia_only_vecrag,A14,vector_top10,"Overall, what type of seismic sequence can the Qiaojia-Dongchuan seismic-gap catalog be classified as (mainshock-aftershock, swarm, etc.)?","Based on the retrieved data, it is not possible to determine the type of earthquake sequence (such as mainshock-aftershock or swarm) for the Qiaojia-Dongchuan earthquake gap. The retrieved data does not provide sufficient information for such classification."
qiaojia_only_vecrag,A15,vector_top10,What is the approximate spatial extent covered by the seismic activity in the Qiaojia-Dongchuan seismic-gap catalog?,The retrieved data does not provide information on the spatial extent or coverage area of seismic activity in the Qiaojia-Dongchuan earthquake gap.
qiaojia_only_vecrag,A16,vector_top10,How many earthquakes of magnitude M≥3 are recorded in the Qiaojia-Dongchuan seismic-gap catalog?,"Based on the retrieved data block, it is not possible to determine how many moderate or larger (M≥3) earthquakes are recorded in the Qiaojia-Dongchuan earthquake catalog. The retrieved data is only a subset of the dataset and cannot provide the total number for the entire dataset."
qiaojia_only_vecrag,A17,vector_top10,What are the differences in the distribution of seismic activity at different depth levels in the Qiaojia-Dongchuan seismic-gap catalog?,The retrieved data does not contain information on the differences in seismic activity distribution at different depth layers in the Qiaojia-Dongchuan earthquake void area.
qiaojia_only_vecrag,A18,vector_top10,Does the Qiaojia-Dongchuan seismic-gap catalog show a clear moment of activity initiation based on the data?,"According to the retrieved data, the Qiaojia-Dongchuan area experienced multiple seismic activities between November 2022 and March 2023. This data indicates that seismic activity in the region was relatively frequent during these two periods. However, since the retrieved data is only a subset of the larger earthquake catalog for the area, it is not possible to determine if there was a significant onset of activity. The overall activity patterns and trends may require more comprehensive data for analysis."
qiaojia_only_vecrag,A19,vector_top10,What is the level of activity at the end of the sequence (most recent record) in the Qiaojia-Dongchuan seismic-gap catalog?,"According to the retrieved data, the most recent records show multiple seismic activities between March 11 and March 12, 2023. Specifically, on March 11, there were several earthquakes with epicenters in the Qiaojia and Dongchuan areas, with varying depths and magnitudes, the largest being M2.9. This indicates that the level of seismic activity in the region is still present, but a more comprehensive dataset is needed to analyze the specific activity levels and trends. Please note that this information only reflects a portion of the retrieved data."
qiaojia_only_vecrag,A20,vector_top10,"Overall, what geological activity characteristics are reflected in the the Qiaojia-Dongchuan seismic-gap catalog earthquake catalog?","According to the retrieved data block, the seismic activity characteristics of the Qiaojia-Dongchuan earthquake void show that a series of seismic events occurred over several days in March 2023. The epicenters of these events are distributed across different latitude and longitude positions, with varying depths and magnitudes. For example, there were a larger number of seismic events on March 8 and March 9, with magnitudes ranging from M0.5 to M2.9.

However, the retrieved data only reflects a portion of the seismic events during this specific time period and cannot provide a comprehensive conclusion about the overall geological activity characteristics. A more complete understanding of the geological activity characteristics in this area requires additional long-term data and analysis."
qiaojia_only_vecrag,B1,vector_top10,On which day/month did the highest number of earthquake events occur in the Qiaojia-Dongchuan seismic-gap catalog? How many events were there?,"According to the retrieved data, it is not possible to determine which day or month had the highest number of earthquake events in the Qiaojia–Dongchuan earthquake catalog, as this data only covers a subset and cannot provide a complete count of events in the entire catalog."
qiaojia_only_vecrag,B2,vector_top10,"When and where did the largest magnitude event in the Qiaojia-Dongchuan seismic-gap catalog occur, and what was its magnitude?","According to the retrieved data, it is not possible to determine the specific time, location, and magnitude of the largest event in the Qiaojia–Dongchuan earthquake catalog. The retrieved data only contains information on some events and cannot provide the complete information for the entire catalog."
qiaojia_only_vecrag,B3,vector_top10,"Please list the top 5 events in the Qiaojia-Dongchuan seismic-gap catalog arranged by magnitude from largest to smallest, along with their occurrence times.","According to the retrieved data, the top 5 events in the Qiaojia-Dongchuan area arranged by magnitude from largest to smallest and their occurrence times are as follows:

1. Magnitude M2.7, Occurrence time: 2023-02-07 12:46:45.540
2. Magnitude M2.2, Occurrence time: 2023-03-07 07:07:03.460
3. Magnitude M2.2, Occurrence time: 2023-03-07 06:26:31.260
4. Magnitude M2.1, Occurrence time: 2023-03-07 07:00:38.980
5. Magnitude M2.1, Occurrence time: 2023-03-07 15:05:42.160

Please note that these events are based solely on the retrieved data and may not represent the complete situation of the entire area."
qiaojia_only_vecrag,B4,vector_top10,What are the deepest and shallowest events recorded in the Qiaojia-Dongchuan seismic-gap catalog?,"According to the retrieved data, the event with the deepest focal depth is:

- Focal depth: 26.8 km, occurred on February 6, 2023, epicenter coordinates (27.12, 102.887), magnitude M1.5.

The event with the shallowest focal depth is:

- Focal depth: 2.7 km, occurred on August 23, 2022, epicenter coordinates (26.619, 102.931), magnitude M1.4."
qiaojia_only_vecrag,B5,vector_top10,What is the approximate median magnitude of the events in the Qiaojia-Dongchuan seismic-gap catalog?,"The retrieved data block does not provide information about the median magnitude in the Qiaojia-Dongchuan earthquake void catalog, so this question cannot be answered."
qiaojia_only_vecrag,B6,vector_top10,On which day/time period was the seismic activity in the Qiaojia-Dongchuan seismic-gap catalog the quietest (fewest events)?,"Based on the retrieved data, it is not possible to determine which day or time period had the least seismic activity (the fewest events) in the Qiaojia-Dongchuan area. The retrieved data only represents a subset of the seismic activity in this region and cannot provide complete information on the number of events."
qiaojia_only_vecrag,B7,vector_top10,"How many events of M≥3 are there in the Qiaojia-Dongchuan seismic-gap catalog, and when did they mainly occur?","Based on the retrieved data, it is not possible to determine how many M≥3 events occurred in the Qiaojia-Dongchuan earthquake catalog, nor the main time period in which they occurred. This information is not explicitly provided in the retrieved data."
qiaojia_only_vecrag,B8,vector_top10,What are the five shallowest events in the Qiaojia-Dongchuan seismic-gap catalog when sorted by depth?,"According to the retrieved data, the five shallowest earthquake events sorted by depth are as follows:

1. 26.619373, 102.931022, Depth 2.973 km, Magnitude M1.4, Time 2022-08-23 14:58:17.030
2. 27.139158, 102.8545, Depth 12.671 km, Magnitude M0.8, Time 2022-08-23 15:05:17.870
3. 27.082617, 102.679028, Depth 11.293 km, Magnitude M0.8, Time 2022-08-23 11:32:36.290
4. 27.032497, 102.732316, Depth 16.728 km, Magnitude M2.2, Time 2022-08-23 20:44:00.800
5. 26.981441, 102.819295, Depth 17.54 km, Magnitude M1.4, Time 2022-08-23 11:29:07.770

Please note that the depth and magnitude information for these events is provided based on the retrieved data."
qiaojia_only_vecrag,B9,vector_top10,"On average, how many earthquakes occur per day in the Qiaojia-Dongchuan seismic-gap catalog?","Based on the retrieved data, it is not possible to determine how many earthquakes occur on average each day in the Qiaojia-Dongchuan earthquake gap catalog, as these data blocks only cover a portion of the dataset and cannot provide the total number of events or the time range for the entire dataset."
qiaojia_only_vecrag,B10,vector_top10,How many events in the Qiaojia-Dongchuan seismic-gap catalog have magnitudes between M2.0 and M3.0?,"According to the retrieved data, it is not possible to determine how many events with magnitudes between M2.0 and M3.0 are in the Qiaojia–Dongchuan earthquake catalog, as this data only represents a smaller subset and cannot reflect the entire catalog."
qiaojia_only_vecrag,B11,vector_top10,What is the approximate average depth of the recorded earthquakes in the Qiaojia-Dongchuan seismic-gap catalog?,"The retrieved data does not provide information on the average earthquake depth for the Qiaojia-Dongchuan seismic gap, so this question cannot be answered."
qiaojia_only_vecrag,B12,vector_top10,Which month contributed the highest maximum magnitude in the Qiaojia-Dongchuan seismic-gap catalog?,"Based on the retrieved data, it is not possible to determine which month had the highest contribution to the maximum magnitude of the Qiaojia-Dongchuan earthquake void area, as the retrieved fragments do not provide sufficient information to make such a comparison."
qiaojia_only_vecrag,B13,vector_top10,What are the five events closest to the epicenter (or a reference point) in the Qiaojia-Dongchuan seismic-gap catalog?,"According to the retrieved data, the most recent 5 earthquake events in the Qiaojia-Dongchuan area are as follows:

1. **March 7, 2023 05:21:31** - Epicenter coordinates: 27.074, 102.742, Depth: 11.4 km, Magnitude: M1.6
2. **March 7, 2023 05:21:32** - Epicenter coordinates: 27.066976, 102.747624, Depth: 11.425 km, Magnitude: M1.9
3. **March 7, 2023 05:21:32** - Epicenter coordinates: 27.059005, 102.727979, Depth: 10.298 km, Magnitude: M1.9
4. **March 7, 2023 05:36:14** - Epicenter coordinates: 26.862803, 102.964006, Depth: 15.283 km, Magnitude: M1.5
5. **March 7, 2023 06:26:31** - Epicenter coordinates: 27.014642, 102.896167, Depth: 2.682 km, Magnitude: M2.2

Please note that these events are provided based on the retrieved data and may not represent all earthquake events in the area."
qiaojia_only_vecrag,B14,vector_top10,What is the approximate standard deviation or range of magnitudes recorded in the Qiaojia-Dongchuan seismic-gap catalog?,The retrieved data does not include information about the standard deviation or range of magnitudes for the Qiaojia-Dongchuan earthquake void catalog.
qiaojia_only_vecrag,B15,vector_top10,In which time period are the top ten magnitude events in the Qiaojia-Dongchuan seismic-gap catalog concentrated?,"According to the retrieved data, it is not possible to determine the specific time period of the top ten magnitude events in the Qiaojia–Dongchuan earthquake void. This data only contains information on some earthquake events and cannot provide a complete list of events or a time period analysis."
qiaojia_only_vecrag,B16,vector_top10,"How is the distribution of event counts across different depth intervals (e.g., 0-10 km, 10-20 km, etc.) in the Qiaojia-Dongchuan seismic-gap catalog?","According to the retrieved data, it is not possible to provide information on the event count distribution in different depth intervals (such as 0-10 km, 10-20 km, etc.) for the Qiaojia-Dongchuan earthquake void area."
qiaojia_only_vecrag,B17,vector_top10,What is the time interval between the maximum and minimum magnitude events in the Qiaojia-Dongchuan seismic-gap catalog?,"According to the retrieved data, it is not possible to determine the time interval between the maximum and minimum magnitude events in the Qiaojia–Dongchuan earthquake catalog, as this data only covers a portion of the events and cannot provide complete information for the entire catalog."
qiaojia_only_vecrag,B18,vector_top10,Which week had the most frequent seismic activity in the Qiaojia-Dongchuan seismic-gap catalog?,"Based on the retrieved data, it is not possible to determine the specific situation of earthquake activity in the Qiaojia-Dongchuan area on a weekly basis, and therefore it is not possible to answer which week had the most frequent earthquake activity."
qiaojia_only_vecrag,B19,vector_top10,Is there a statistically significant correlation between the magnitude and depth of earthquake events in the Qiaojia-Dongchuan seismic-gap catalog?,"The retrieved data does not provide statistical analysis or correlation information regarding the magnitude and depth of the Qiaojia–Dongchuan earthquake event in the seismic gap. Therefore, I am unable to answer this question."
qiaojia_only_vecrag,B20,vector_top10,"How many events are recorded in total in the Qiaojia-Dongchuan seismic-gap catalog, and what proportion do small earthquakes (M<1.0) account for?","The retrieved data only contains a small portion of the catalog, so it is not possible to determine how many events have been recorded in total, nor to calculate what proportion of small earthquakes with M<1.0 represent."
qiaojia_only_vecrag,C1,vector_top10,What earthquake events occurred on the most active day in the Qiaojia-Dongchuan seismic-gap catalog? What connections exist between them?,"According to the retrieved data, a series of earthquake events occurred in the Qiaojia-Dongchuan area on December 26, 2022. The specific earthquake events include:

1. 2022-12-26 23:00:14.040, Epicenter: 26.864, 102.847, Magnitude: M1.5
2. 2022-12-26 23:00:52.840, Epicenter: 26.836, 102.940, Magnitude: M1.3
3. 2022-12-26 23:25:35.000, Epicenter: 26.834, 102.948, Magnitude: M1.2
4. 2022-12-26 23:37:22.160, Epicenter: 26.833, 102.949, Magnitude: M1.4
5. 2022-12-26 23:40:51.120, Epicenter: 26.833, 102.947, Magnitude: M1.1
6. 2022-12-26 23:40:52.440, Epicenter: 26.818, 102.940, Magnitude: M2.2
7. 2022-12-26 23:49:57.280, Epicenter: 26.835, 102.944, Magnitude: M1.0

These earthquake events occurred on the same day, and the epicenters are relatively close, which may indicate a certain level of seismic activity in the area. However, the retrieved data does not provide specific information on the relationships or causes between these earthquake events, so it is not possible to determine if there is a direct physical connection among them."
qiaojia_only_vecrag,C2,vector_top10,Where and when are the events with magnitudes between M3.0 and M4.0 mainly distributed in the Qiaojia-Dongchuan seismic-gap catalog?,"Based on the retrieved data, it is not possible to determine the specific distribution area and time period of events with magnitudes between M3.0 and M4.0 in the Qiaojia-Dongchuan earthquake void zone. The retrieved data did not provide relevant information."
qiaojia_only_vecrag,C3,vector_top10,"What is the time order and characteristics of foreshocks, mainshocks, and aftershocks in the sequence of the Qiaojia-Dongchuan seismic-gap catalog?","The retrieved data does not contain specific information about the foreshocks, main shock, and aftershocks of the Qiaojia-Dongchuan earthquake sequence, including their chronological order and characteristics. Therefore, I am unable to provide that information."
qiaojia_only_vecrag,C4,vector_top10,When did the closest events to the epicenter occur in the Qiaojia-Dongchuan seismic-gap catalog (spatial correlation)?,"According to the retrieved data, the closest events to the epicenter of the Qiaojia-Dongchuan earthquake and their occurrence times are as follows:

1. November 21, 2022 01:25:30
2. November 21, 2022 01:25:31
3. November 21, 2022 01:32:56
4. November 21, 2022 01:32:56
5. November 21, 2022 01:34:19

Please note that these events are based on the retrieved data and may not be a complete list."
qiaojia_only_vecrag,C5,vector_top10,What specific events were recorded on the second most active day in the Qiaojia-Dongchuan seismic-gap catalog?,"According to the retrieved data, the Qiaojia-Dongchuan area recorded multiple earthquake events on December 26, 2022. The specific events are as follows:

1. 2022-12-26 23:00:14.040 - M1.2
2. 2022-12-26 23:00:52.840 - M1.5
3. 2022-12-26 23:25:35.000 - M1.3
4. 2022-12-26 23:37:22.160 - M1.2
5. 2022-12-26 23:40:51.120 - M1.4
6. 2022-12-26 23:40:52.440 - M2.2
7. 2022-12-26 23:49:57.280 - M1.0

The epicenter locations and magnitude information for these events have been listed."
qiaojia_only_vecrag,C6,vector_top10,What connections exist between the events that occurred immediately after the largest magnitude event in the Qiaojia-Dongchuan seismic-gap catalog?,"There is no specific information about the largest event in the Qiaojia-Dongchuan earthquake gap in the retrieved data, so it is not possible to provide the correlation of other events that immediately followed that event."
qiaojia_only_vecrag,C7,vector_top10,What specific events occurred within a 5 km radius of the epicenter in the Qiaojia-Dongchuan seismic-gap catalog?,"According to the retrieved data, the specific events that occurred within a 5-kilometer radius of the epicenter of the Qiaojia-Dongchuan earthquake are as follows:

1. December 26, 2022, 23:00:14 - Epicenter location: 26.864, 102.847, Depth: 11.6 km, Magnitude: M1.5
2. December 26, 2022, 23:00:52 - Epicenter location: 26.836, 102.940, Depth: 15.5 km, Magnitude: M1.3
3. December 26, 2022, 23:25:35 - Epicenter location: 26.834, 102.948, Depth: 16.4 km, Magnitude: M1.2
4. December 26, 2022, 23:37:22 - Epicenter location: 26.833, 102.949, Depth: 14.6 km, Magnitude: M1.4
5. December 26, 2022, 23:40:51 - Epicenter location: 26.833, 102.947, Depth: 15.3 km, Magnitude: M1.1
6. December 26, 2022, 23:40:52 - Epicenter location: 26.818, 102.940, Depth: 7.9 km, Magnitude: M2.2
7. December 26, 2022, 23:49:57 - Epicenter location: 26.835, 102.944, Depth: 15.4 km, Magnitude: M1.0

These events all occurred on December 26, 2022, with different epicenter locations and magnitudes."
qiaojia_only_vecrag,C8,vector_top10,What events are there in the Qiaojia-Dongchuan seismic-gap catalog with depths ranging from 10 to 15 kilometers?,"According to the retrieved data, the following are the events in the Qiaojia–Dongchuan earthquake void area with depths ranging from 10 to 15 kilometers:

1. November 3, 2022, epicenter location: 26.956154, 102.918172, depth 12.961 kilometers, magnitude M2.5.
2. November 3, 2022, epicenter location: 26.921206, 102.90564, depth 9.569 kilometers, magnitude M1.8.
3. November 3, 2022, epicenter location: 26.871427, 102.75, depth 27.217 kilometers, magnitude M2.1.
4. November 3, 2022, epicenter location: 26.897148, 103.022201, depth 26.436 kilometers, magnitude M1.7.
5. November 3, 2022, epicenter location: 26.843663, 103.073413, depth 11.21 kilometers, magnitude M3.1.

Please note that the depth and magnitude information for the above events is provided based on the retrieved data."
qiaojia_only_vecrag,C9,vector_top10,How did the event sequence unfold during a particular active week in the Qiaojia-Dongchuan seismic-gap catalog?,"According to the retrieved data, a series of seismic events occurred in the Qiaojia-Dongchuan area on March 7, 2023. Below is a partial sequence of earthquake events for that date:

- 2023-03-07 05:21:31.990, M1.6
- 2023-03-07 05:21:32.010, M1.9
- 2023-03-07 05:21:32.300, M1.9
- 2023-03-07 05:36:14.260, M1.5
- 2023-03-07 06:26:31.260, M2.2
- 2023-03-07 07:00:38.780, M1.4
- 2023-03-07 07:00:38.980, M1.8
- 2023-03-07 07:07:03.460, M2.2
- 2023-03-07 08:19:28.210, M1.0
- 2023-03-07 08:28:21.250, M1.5
- 2023-03-07 11:40:20.990, M1.1
- 2023-03-07 11:40:21.740, M1.3
- 2023-03-07 13:16:45.370, M1.5
- 2023-03-07 14:27:16.810, M1.5

These events illustrate the seismic activity on that date, and specific information such as time, epicenter location, and magnitude can be obtained from the data. Please note that this is just a sequence of events for a specific date and does not represent the complete situation for the entire active week."
qiaojia_only_vecrag,C10,vector_top10,"Which events are considered directly related to the largest magnitude event in the Qiaojia-Dongchuan seismic-gap catalog (e.g., aftershocks)?","The retrieved data does not mention specific events in the Qiaojia–Dongchuan earthquake void or aftershock information directly related to the maximum magnitude event. Therefore, I am unable to provide relevant event information."
qiaojia_only_vecrag,C11,vector_top10,Are there any obvious 'event clusters' in the sequence of the Qiaojia-Dongchuan seismic-gap catalog? Please provide examples of specific events.,"According to the retrieved data, there are indeed some notable ""event clusters"" in the Qiaojia-Dongchuan earthquake void sequence. For example, on March 7, 2023, multiple earthquake events occurred in a short period of time, showing a certain degree of clustering. The specific events include:

1. **2023-03-07 05:21:31** - Epicenter location: 27.074, 102.742, Magnitude: M1.6
2. **2023-03-07 05:21:32** - Epicenter location: 27.067, 102.748, Magnitude: M1.9
3. **2023-03-07 05:21:32** - Epicenter location: 27.059, 102.727, Magnitude: M1.9
4. **2023-03-07 05:36:14** - Epicenter location: 26.862, 102.964, Magnitude: M1.5
5. **2023-03-07 06:26:31** - Epicenter location: 27.015, 102.896, Magnitude: M2.2

These events are close in time and have relatively concentrated epicenter locations, indicating the possible existence of a clustered area of seismic activity."
qiaojia_only_vecrag,C12,vector_top10,What is the historical seismic activity near a specific coordinate point in the Qiaojia-Dongchuan seismic-gap catalog?,"Sorry, there is no information on the historical seismic activity near the specific coordinates of the Qiaojia-Dongchuan earthquake void area in the retrieved data."
qiaojia_only_vecrag,C13,vector_top10,What subsequent events were recorded within 24 hours after the largest magnitude event in the Qiaojia-Dongchuan seismic-gap catalog?,"According to the retrieved data, the aftershocks recorded within 24 hours following the largest magnitude event in the Qiaojia-Dongchuan earthquake gap are as follows:

1. December 26, 2022 23:00:14 - M1.2
2. December 26, 2022 23:00:52 - M1.5
3. December 26, 2022 23:25:35 - M1.3
4. December 26, 2022 23:37:22 - M1.2
5. December 26, 2022 23:40:51 - M1.4
6. December 26, 2022 23:40:52 - M2.2
7. December 26, 2022 23:49:57 - M1.0
8. December 27, 2022 00:15:14 - M0.5
9. December 27, 2022 00:30:04 - M0.7
10. December 27, 2022 00:30:44 - M1.3
11. December 27, 2022 00:32:49 - M1.3
12. December 27, 2022 01:25:33 - M0.8
13. December 27, 2022 01:33:37 - M1.0
14. December 27, 2022 03:23:48 - M1.3

The epicenter locations and magnitude information for these events have been recorded."
qiaojia_only_vecrag,C14,vector_top10,Which events in the Qiaojia-Dongchuan seismic-gap catalog have magnitudes and locations that are closest and may form the same 'event pair'?,"According to the retrieved data, the following events have magnitudes and locations that are very close and may constitute the same ""event pair"":

1. **Event 1**:
   - Location: 26.53151, 103.090535
   - Magnitude: M2.1
   - Time: 2023-02-07 12:12:42.490

2. **Event 2**:
   - Location: 26.532353, 103.090682
   - Magnitude: M1.5
   - Time: 2023-02-07 12:19:08.360

The epicenter locations of these two events are very close, and the magnitudes are also relatively close, so they may constitute the same ""event pair."""
qiaojia_only_vecrag,C15,vector_top10,Please list the five largest magnitude events in the Qiaojia-Dongchuan seismic-gap catalog along with their specific location coordinates.,"According to the retrieved data, the following are the five largest seismic events in the Qiaojia–Dongchuan area along with their specific location coordinates:

1. Magnitude M2.7, coordinates (26.931, 102.935)
2. Magnitude M2.5, coordinates (26.956, 102.918)
3. Magnitude M2.1, coordinates (26.843, 103.073)
4. Magnitude M2.1, coordinates (27.016, 102.931)
5. Magnitude M2.0, coordinates (27.049, 102.829)

Please note that the magnitudes and coordinates of these events are provided based on the retrieved data."
qiaojia_only_vecrag,C16,vector_top10,Did the spatial distribution of events in the Qiaojia-Dongchuan seismic-gap catalog change during a particular active month?,"Based on the retrieved data, it is not possible to determine whether the spatial distribution of events in a certain active month of the Qiaojia-Dongchuan earthquake gap has changed. The retrieved data only provides information on earthquake events within a specific time period, lacking comparative spatial distribution data for different time periods. Therefore, this question cannot be answered."
qiaojia_only_vecrag,C17,vector_top10,What are the ten earliest recorded events in the sequence of the Qiaojia-Dongchuan seismic-gap catalog?,"According to the retrieved data, the following are the 10 earliest recorded events in the Qiaojia–Dongchuan earthquake void sequence:

1. 2023-01-10 13:24:58.330, M0.9
2. 2023-01-10 13:25:27.710, M1.0
3. 2023-01-10 14:12:11.710, M1.9
4. 2023-01-10 15:52:29.920, M2.3
5. 2023-01-10 15:58:05.730, M1.3
6. 2023-01-10 15:58:06.310, M2.8
7. 2023-01-10 18:22:00.280, M1.3
8. 2023-01-10 21:18:12.560, M0.4
9. 2023-01-10 21:50:44.060, M1.3
10. 2023-01-10 22:34:31.980, M1.3

The recording times and magnitudes of these events are all sourced from the retrieved data."
qiaojia_only_vecrag,C18,vector_top10,"What event clusters are present near a specific depth (e.g., 5 kilometers) in the Qiaojia-Dongchuan seismic-gap catalog?",There is no information about event clusters near specific depths (such as 5 kilometers) in the Qiaojia-Dongchuan earthquake void area in the retrieved data.
qiaojia_only_vecrag,C19,vector_top10,Are there any 'hotspot' locations that are repeatedly triggered in the Qiaojia-Dongchuan seismic-gap catalog? Please provide examples.,"Based on the retrieved data, it is not possible to determine whether there are ""hotspot"" locations in the Qiaojia-Dongchuan earthquake gap that have been triggered repeatedly. The retrieved content does not provide information on the spatial distribution of seismic activity or hotspot analysis within specific areas."
qiaojia_only_vecrag,C20,vector_top10,Please describe the correlation between any two temporally adjacent events in the sequence of the Qiaojia-Dongchuan seismic-gap catalog.,"Based on the retrieved data, it is not possible to determine the correlation between any two temporally adjacent events in the Qiaojia-Dongchuan earthquake void sequence. The retrieved data does not provide information regarding the relationships or causal connections between the events."
qiaojia_only_vecrag,D1,vector_top10,"Is the increase in seismic activity in the Qiaojia-Dongchuan seismic-gap catalog related to shallow fluid activity, reservoir storage, or deep structural stress accumulation? Please provide a physical mechanism explanation.","The retrieved data does not contain specific information regarding whether the increased seismic activity in the Qiaojia-Dongchuan earthquake gap is related to shallow fluid activity, reservoir water storage, or deep structural stress accumulation. Therefore, I am unable to provide an explanation of the relevant physical mechanisms."
qiaojia_only_vecrag,D2,vector_top10,"Is the seismic activity in the Qiaojia-Dongchuan seismic-gap catalog associated with human industrial activities (e.g., hydraulic fracturing, wastewater injection, reservoir storage)? Please explain the basis.","The retrieved data does not include information on whether the seismic activity in the Qiaojia-Dongchuan seismic gap is related to human industrial activities (such as hydraulic fracturing, wastewater injection, reservoir storage). Therefore, I cannot answer this question."
qiaojia_only_vecrag,D3,vector_top10,What is the tectonic background/fault type of the Qiaojia-Dongchuan seismic-gap catalog? Which fault system is related to the occurrence of this sequence?,"The retrieved data does not include information about the tectonic background, fault type, or related fault systems of the Qiaojia-Dongchuan earthquake gap."
qiaojia_only_vecrag,D4,vector_top10,Does the seismic activity in the Qiaojia-Dongchuan seismic-gap catalog exhibit typical mainshock-aftershock decay (Omori decay) characteristics?,The retrieved data does not contain information on whether the seismic activity in the Qiaojia-Dongchuan earthquake gap exhibits typical mainshock-aftershock decay (Omori decay) characteristics.
qiaojia_only_vecrag,D5,vector_top10,Is the occurrence of the sequence in the Qiaojia-Dongchuan seismic-gap catalog related to changes in the regional tectonic stress field?,"The retrieved data does not contain information regarding the relationship between the Qiaojia-Dongchuan earthquake gap sequence and the changes in the regional tectonic stress field. Therefore, I am unable to answer this question."
qiaojia_only_vecrag,D6,vector_top10,Is there evidence of deep fluid upwelling or abnormal crustal conductivity in the Qiaojia-Dongchuan seismic-gap catalog?,The retrieved data does not contain information regarding whether there is evidence of deep fluid upwelling or abnormal crustal conductivity in the Qiaojia-Dongchuan earthquake gap.
qiaojia_only_vecrag,D7,vector_top10,What is the general rupture/trigger mechanism of the sequence in the Qiaojia-Dongchuan seismic-gap catalog?,"The retrieved data does not contain specific information about the rupture or triggering mechanisms of the Qiaojia-Dongchuan earthquake gap sequence. Therefore, I am unable to provide a relevant answer."
qiaojia_only_vecrag,D8,vector_top10,Have there been significant earthquakes in history related to the current sequence in the Qiaojia-Dongchuan seismic-gap catalog? How are they related?,"The retrieved data does not contain information about whether significant earthquakes related to the current sequence have occurred historically in the Qiaojia-Dongchuan area. Therefore, I cannot answer this question."
qiaojia_only_vecrag,D9,vector_top10,Does the spatial distribution direction of the sequence in the Qiaojia-Dongchuan seismic-gap catalog align with known fault orientations?,"The retrieved data does not contain specific information about the spatial distribution direction of the Qiaojia-Dongchuan earthquake gap sequence or its consistency with the known fault orientation. Therefore, I cannot answer this question."
qiaojia_only_vecrag,D10,vector_top10,Are there any 'seismic gaps' or anomalously quiet zones in the Qiaojia-Dongchuan seismic-gap catalog?,"The retrieved data does not mention whether there is a ""seismic void"" or an area of abnormal calm in the Qiaojia-Dongchuan region. Therefore, I cannot answer this question."
qiaojia_only_vecrag,D11,vector_top10,What is the locking state of the deep structure in the sequence of the Qiaojia-Dongchuan seismic-gap catalog?,The retrieved data does not include information about the deep structural locking state of the Qiaojia-Dongchuan earthquake gap sequence.
qiaojia_only_vecrag,D12,vector_top10,Is the cause of seismic activity in the Qiaojia-Dongchuan seismic-gap catalog primarily a natural tectonic process or human factors?,"The retrieved data does not provide specific information about the causes of seismic activity in the Qiaojia-Dongchuan earthquake gap, so it is not possible to determine whether natural tectonic processes or human factors are dominant."
qiaojia_only_vecrag,D13,vector_top10,Does the sequence in the Qiaojia-Dongchuan seismic-gap catalog show evidence of foreshock activity or stress migration?,"The retrieved data does not contain information regarding whether the Qiaojia-Dongchuan earthquake gap sequence shows evidence of foreshock activity or stress transfer. Therefore, I cannot answer this question."
qiaojia_only_vecrag,D14,vector_top10,"Based on this data, what is the approximate seismic hazard level of the Qiaojia-Dongchuan seismic-gap catalog?","Based on the retrieved data, it is not possible to directly assess the seismic hazard of the Qiaojia-Dongchuan earthquake gap. This data only includes records of seismic events at specific times and locations, lacking a comprehensive analysis of the overall seismic activity, historical earthquake records, or geological features of the area. Therefore, no conclusions can be drawn regarding the seismic hazard of this region."
qiaojia_only_vecrag,D15,vector_top10,Is the triggering mechanism of the sequence in the Qiaojia-Dongchuan seismic-gap catalog an instantaneous elastic response or delayed pore pressure diffusion?,"The retrieved data does not contain information about the triggering mechanism of the Qiaojia-Dongchuan earthquake gap sequence, so this question cannot be answered."
qiaojia_only_vecrag,D16,vector_top10,"What is the geometric structure of the fault in the Qiaojia-Dongchuan seismic-gap catalog (e.g., dip angle, strike)?",The retrieved data does not include specific information about the geometric structure of the Qiaojia-Dongchuan earthquake gap fault (such as dip angle and strike).
qiaojia_only_vecrag,D17,vector_top10,What rupture characteristics are reflected in the length/width of the aftershock zone in the Qiaojia-Dongchuan seismic-gap catalog?,"The retrieved data does not include information about the length, width, or rupture characteristics of the aftershock zone of the Qiaojia-Dongchuan earthquake. Therefore, I cannot answer this question."
qiaojia_only_vecrag,D18,vector_top10,Are there any 'horsetail-shaped' bifurcations or complex rupture features in the Qiaojia-Dongchuan seismic-gap catalog?,"The retrieved data does not contain information regarding whether the Qiaojia-Dongchuan earthquake gap exhibits ""tail-like"" branching or complex rupture characteristics."
qiaojia_only_vecrag,D19,vector_top10,What insights does the depth distribution of the sequence in the Qiaojia-Dongchuan seismic-gap catalog provide for understanding its tectonic background?,"Sorry, the retrieved data does not include information on the source depth distribution or tectonic background of the Qiaojia-Dongchuan earthquake gap sequence."
qiaojia_only_vecrag,D20,vector_top10,"Overall, what is the scientific consensus on the driving mechanisms of seismic activity in the Qiaojia-Dongchuan seismic-gap catalog?","The retrieved data does not contain specific information about the driving mechanisms of seismic activity in the Qiaojia-Dongchuan earthquake gap. Therefore, I cannot provide relevant scientific consensus."
qiaojia_only_vecrag,E1,vector_top10,How does the activity intensity and magnitude distribution in the early stage of the sequence in the Qiaojia-Dongchuan seismic-gap catalog compare to the later stage?,"According to the retrieved data, it is not possible to provide information on the activity intensity and magnitude distribution changes during the early and later stages of the Qiaojia–Dongchuan earthquake gap sequence. These data blocks do not contain relevant comparisons or trend analyses."
qiaojia_only_vecrag,E2,vector_top10,Does the seismic activity in the Qiaojia-Dongchuan seismic-gap catalog show a spatial 'migration' trend?,"Based on the retrieved data blocks, it is not possible to determine whether the earthquake activity in the Qiaojia-Dongchuan seismic gap exhibits a spatial ""migration"" trend. These data blocks do not provide sufficient information to analyze the seismic activity patterns or trends in this area."
qiaojia_only_vecrag,E3,vector_top10,Are there any obvious 'quiet periods' or time windows of sudden activity drop in the sequence of the Qiaojia-Dongchuan seismic-gap catalog?,"Based on the retrieved data blocks, it is not possible to determine whether there are significant ""quiet periods"" or time windows of activity decline in the Qiaojia-Dongchuan earthquake gap sequence. These data only provide records of seismic activity within specific time periods and do not comprehensively reflect the activity trends or quiet periods of the entire sequence."
qiaojia_only_vecrag,E4,vector_top10,How do the activity characteristics of the first month of the sequence in the Qiaojia-Dongchuan seismic-gap catalog compare with those of the most recent month?,"Based on the retrieved data, it is not possible to directly compare the activity characteristics of the Qiaojia–Dongchuan earthquake void sequence for the month prior to the event with the most recent month, as this data only includes records of seismic events within specific time periods and does not provide a complete time range or detailed analysis of activity characteristics. Therefore, it is not possible to determine how the activity characteristics of these two time periods differ."
qiaojia_only_vecrag,E5,vector_top10,Does the magnitude distribution of the sequence in the Qiaojia-Dongchuan seismic-gap catalog change over time?,"Based on the retrieved data blocks, it is not possible to determine whether the magnitude distribution of the Qiaojia-Dongchuan earthquake gap sequence changes over time. These data blocks only provide information on seismic events within a specific time period and do not include any analysis or trends regarding the changes in magnitude distribution over time."
qiaojia_only_vecrag,E6,vector_top10,Does the spatial extent (coverage area) of the sequence in the Qiaojia-Dongchuan seismic-gap catalog expand or contract over time?,"Based on the retrieved data blocks, it is not possible to determine whether the spatial extent of the Qiaojia-Dongchuan earthquake gap sequence has expanded or contracted over time. These data blocks do not provide information on changes in the spatial extent of this sequence."
qiaojia_only_vecrag,E7,vector_top10,How does the depth distribution of the sequence in the Qiaojia-Dongchuan seismic-gap catalog change between the early and late stages?,The retrieved data does not contain information about the early and late depth distribution changes of the Qiaojia-Dongchuan earthquake gap sequence.
qiaojia_only_vecrag,E8,vector_top10,Are there multiple peaks of activity in the sequence of the Qiaojia-Dongchuan seismic-gap catalog? When do they occur?,"Based on the retrieved data, it is not possible to determine whether there are multiple activity peaks in the Qiaojia-Dongchuan earthquake gap sequence, or when these peaks occurred. The retrieved data does not provide sufficient information to answer this question."
qiaojia_only_vecrag,E9,vector_top10,Is the current level of seismic activity in the Qiaojia-Dongchuan seismic-gap catalog increasing or decreasing compared to the beginning of the sequence?,"Based on the retrieved data, it is not possible to determine whether the seismic activity level in the Qiaojia-Dongchuan earthquake gap is currently increasing or decreasing. These data only provide information on seismic events within a specific time period and do not allow for an overall trend analysis."
qiaojia_only_vecrag,E10,vector_top10,"How do the types of earthquakes in different stages of the sequence in the Qiaojia-Dongchuan seismic-gap catalog (e.g., whether they are closer to aftershocks or independent events) change?","Based on the retrieved data, it is not possible to determine the changes in earthquake types at different stages of the Qiaojia-Dongchuan seismic gap sequence (such as whether they are closer to aftershocks or independent events). This data does not provide information on the relationships between earthquake events or phase analysis."
qiaojia_only_vecrag,E11,vector_top10,Can the activity pattern of the sequence in the Qiaojia-Dongchuan seismic-gap catalog be divided into 'eruption periods' and 'decay periods'?,"Based on the retrieved data, it is not possible to determine whether the activity pattern of the Qiaojia–Dongchuan earthquake gap sequence can be divided into ""eruption period"" and ""decay period."" The retrieved data does not provide specific information about the activity pattern of this sequence."
qiaojia_only_vecrag,E12,vector_top10,How does the location of the maximum magnitude event differ between the first half and the second half of the sequence in the Qiaojia-Dongchuan seismic-gap catalog?,"There is no specific information about the Qiaojia-Dongchuan earthquake gap sequence in the retrieved data, so it is not possible to answer the differences regarding the location of the maximum magnitude event."
qiaojia_only_vecrag,E13,vector_top10,Does the activity of the sequence in the Qiaojia-Dongchuan seismic-gap catalog exhibit periodic or phased characteristics?,"Based on the retrieved data, it is not possible to determine whether the Qiaojia-Dongchuan earthquake gap sequence exhibits periodic or phased characteristics. This data only provides information on seismic events within a specific time period, without a detailed analysis of activity patterns or trends."
qiaojia_only_vecrag,E14,vector_top10,How does the spatial clustering degree of the early stage of the sequence in the Qiaojia-Dongchuan seismic-gap catalog compare to the recent stage?,"According to the retrieved data, it is not possible to provide specific information about the spatial clustering degree of the Qiaojia-Dongchuan earthquake void sequence in its early stage compared to recent times. The retrieved data does not include information on the relevant spatial clustering degree or comparative analysis."
qiaojia_only_vecrag,E15,vector_top10,What differences are there in the seismic activity characteristics of different years in the sequence of the Qiaojia-Dongchuan seismic-gap catalog?,"Based on the retrieved data, it is not possible to provide information on the differences in seismic activity characteristics of the Qiaojia–Dongchuan earthquake gap sequence across different years. These data only contain records of seismic events within a specific time period and do not provide comparisons or analyses between years."
qiaojia_only_vecrag,E16,vector_top10,"What changes occur in the activity pattern of the sequence in the Qiaojia-Dongchuan seismic-gap catalog before and after key points (e.g., after a significant earthquake)?","Based on the retrieved data, it is not possible to determine the changes in the activity pattern of the Qiaojia-Dongchuan earthquake gap sequence before and after key events (such as a larger earthquake). The retrieved content does not provide specific details about the activity patterns or key events in that area."
qiaojia_only_vecrag,E17,vector_top10,Does the seismic activity in the Qiaojia-Dongchuan seismic-gap catalog show a trend of expansion or contraction in a certain direction?,"According to the retrieved data, it is not possible to determine whether the seismic activity in the Qiaojia-Dongchuan earthquake void area shows a trend of expansion or contraction in a certain direction. This data only provides information on seismic events within a specific time period and does not include any analysis or summary regarding the trends of seismic activity."
qiaojia_only_vecrag,E18,vector_top10,What changes occur in the statistical characteristics of event time intervals in different stages of the sequence in the Qiaojia-Dongchuan seismic-gap catalog?,"Based on the retrieved data, it is not possible to provide information on the statistical characteristics of the time intervals of events at different stages of the Qiaojia–Dongchuan earthquake gap sequence. The retrieved data does not include relevant statistical analyses or detailed information on time intervals."
qiaojia_only_vecrag,E19,vector_top10,Is there a specific stage in the sequence of the Qiaojia-Dongchuan seismic-gap catalog that is significantly more active or quiet compared to the overall average level?,"Based on the retrieved data, it is not possible to determine the active or quiet status of the Qiaojia-Dongchuan earthquake void sequence during specific phases. This data only reflects a small subset and cannot provide complete information on overall average levels or trends. Therefore, it is not possible to assess whether the area was significantly abnormally active or quiet during specific phases."
qiaojia_only_vecrag,E20,vector_top10,"Overall, how can the evolution process of the sequence in the Qiaojia-Dongchuan seismic-gap catalog be divided into several main stages, and what are the characteristic features of each stage?","According to the retrieved data, it is not possible to provide specific information about the overall evolution process and main stages of the Qiaojia-Dongchuan earthquake void area. The retrieved data does not include descriptions of relevant seismic activity trends or stage characteristics."
ridgecrest_only_vecrag,A1,vector_top10,What overall spatiotemporal distribution characteristics does the seismic activity in the 2019 Ridgecrest earthquake sequence show?,"According to the retrieved data, the seismic activity of the Ridgecrest earthquake sequence exhibited certain spatiotemporal distribution characteristics between July 6 and July 12, 2019. During this period, multiple earthquake events occurred within a relatively small geographical range, primarily concentrated in Ridgecrest and its surrounding areas. The epicenter coordinates were approximately between 35.5° to 36.0° latitude and -118.0° to -117.5° longitude, with focal depths mostly ranging from a few kilometers to over ten kilometers.

In terms of timing, the seismic activity showed a certain degree of clustering, particularly on July 6 and July 9, when a higher number of recorded earthquake events indicated relatively frequent seismic activity during this time. This spatiotemporal distribution characteristic may be related to the main shock and aftershock activity of the earthquake sequence.

It is important to note that these observations are based solely on the retrieved partial data and may not comprehensively reflect the activity characteristics of the entire Ridgecrest earthquake sequence."
ridgecrest_only_vecrag,A2,vector_top10,"What is the time range, total number of events, and magnitude range recorded in the 2019 Ridgecrest earthquake sequence?","According to the retrieved data, these data blocks only cover a portion of the Ridgecrest earthquake sequence, so it is not possible to determine the time range, total number of events, and magnitude range for the entire catalog."
ridgecrest_only_vecrag,A3,vector_top10,What are the overall characteristics of the magnitude distribution in the 2019 Ridgecrest earthquake sequence?,"According to the retrieved data, the magnitude distribution of the Ridgecrest earthquake sequence shows events of various magnitudes, including earthquakes ranging from M2.0 to M4.6. Specifically, the data recorded multiple seismic events with magnitudes between M2.0 and M3.6, with some reaching magnitudes of M4.6. This indicates that the region experienced a series of small to moderate seismic activities in 2019.

However, the retrieved data only represents a subset of this earthquake sequence, and therefore cannot provide a complete characterization of the magnitude distribution. The overall characteristics may include a concentration of magnitudes in the lower range, but specific statistical features and trends require more comprehensive data for confirmation."
ridgecrest_only_vecrag,A4,vector_top10,"Is the seismic activity in the 2019 Ridgecrest earthquake sequence increasing, decreasing, or remaining stable over time?","According to the retrieved data, the seismic activity of the 2019 Ridgecrest earthquake sequence exhibited certain fluctuations over time. Specifically, the data shows multiple earthquakes occurring at different time points, with varying epicenter locations and magnitudes. Although an overall trend cannot be derived from this data, it can be observed that there were stronger earthquakes during certain periods (such as M3.6 and M3.3), while smaller earthquakes occurred during other periods (such as M2.0 and M2.1). Therefore, the intensity of seismic activity appears to be fluctuating rather than a singular increase or decrease."
ridgecrest_only_vecrag,A5,vector_top10,How many phases can the seismic activity in the 2019 Ridgecrest earthquake sequence be divided into? What are the characteristics of each phase?,"Based on the retrieved data, it is not possible to determine whether the seismic activity of the 2019 Ridgecrest earthquake sequence can be divided into several phases, as well as the characteristics of each phase. The retrieved data does not provide specific information about the phases of seismic activity or their characteristics."
ridgecrest_only_vecrag,A6,vector_top10,What is the approximate overall duration and spatial extent of the sequence in the 2019 Ridgecrest earthquake sequence?,"According to the retrieved data, there is no clear information on the overall duration and spatial extent of the Ridgecrest earthquake sequence. The retrieved fragments only contain details of some seismic events that occurred between July 6 and July 9, 2019. Therefore, I cannot determine the overall duration and spatial extent of the sequence."
ridgecrest_only_vecrag,A7,vector_top10,What is the trend of the frequency of seismic activity in the 2019 Ridgecrest earthquake sequence over time?,"According to the retrieved data, the frequency of seismic activity during the Ridgecrest earthquake sequence from July 6 to July 12, 2019, showed some variation during this period. Specifically, seismic activity was relatively frequent on July 6 and July 9, with July 9 recording multiple seismic events, indicating a higher activity rate. In contrast, seismic activity on July 11 and July 12 was relatively low.

It is important to note that these observations are based only on the retrieved partial data and may not fully reflect the activity trends of the entire earthquake sequence."
ridgecrest_only_vecrag,A8,vector_top10,What are the characteristics of the depth distribution of earthquakes in the 2019 Ridgecrest earthquake sequence?,"According to the retrieved data, the depth distribution of earthquakes in the Ridgecrest earthquake sequence shows certain variations. The depth of the earthquakes ranges from a few kilometers to over 40 kilometers. For example, some earthquakes have depths of 3.1 kilometers, 6.4 kilometers, 12.3 kilometers, etc., with the deepest earthquake reaching a depth of 67.1 kilometers. This indicates that the seismic activity in the area involves different depth levels, which may be related to geological structures and fault activity. However, the retrieved data only reflects a subset and cannot provide a comprehensive depth distribution characteristic of the entire earthquake sequence."
ridgecrest_only_vecrag,A9,vector_top10,Is the seismic activity in the 2019 Ridgecrest earthquake sequence spatially concentrated or dispersed?,"According to the retrieved data, the seismic activity of the Ridgecrest earthquake sequence shows a certain degree of spatial concentration. The epicenter coordinates of multiple seismic events are relatively close, indicating that they occurred in the same area. This spatial concentration reflects the clustering of seismic activity. However, this data only represents a subset and cannot comprehensively represent the activity pattern of the entire Ridgecrest earthquake sequence."
ridgecrest_only_vecrag,A10,vector_top10,What is the approximate time period of the most active seismic activity in the 2019 Ridgecrest earthquake sequence?,"According to the retrieved data, the Ridgecrest earthquake sequence in 2019 experienced multiple seismic activities between July 6 and July 11. Specifically, the seismic activity was more frequent on July 6 and July 9, particularly with a 4.5 magnitude event on July 6. Therefore, based on this data, the most active period of the 2019 Ridgecrest earthquake sequence was approximately between July 6 and July 9. Please note that this information only reflects a portion of the retrieved data and may not represent the complete picture of the entire earthquake sequence."
ridgecrest_only_vecrag,A11,vector_top10,What is the overall magnitude-frequency relationship of the sequence in the 2019 Ridgecrest earthquake sequence?,"According to the retrieved data, the magnitude-frequency relationship of the Ridgecrest earthquake sequence is not explicitly described in the provided excerpt. Therefore, I cannot provide information on the overall magnitude-frequency relationship of that sequence."
ridgecrest_only_vecrag,A12,vector_top10,"What is the spatial morphology of seismic activity in the 2019 Ridgecrest earthquake sequence (e.g., linear, planar, point-like)?","According to the retrieved data, the seismic activity of the Ridgecrest earthquake sequence is primarily characterized by a point distribution. The data lists the latitude and longitude as well as the focal depth of multiple seismic events, indicating the spatial dispersion of these events. Although no specific spatial morphology analysis is provided, the distribution of these seismic events does not appear to form any obvious linear or planar structures. Please note that this information only reflects a portion of the retrieved data and may not represent the complete characteristics of the entire earthquake sequence."
ridgecrest_only_vecrag,A13,vector_top10,What are the times of the earliest and latest events recorded in the 2019 Ridgecrest earthquake sequence?,"According to the retrieved data, the earliest event of the 2019 Ridgecrest earthquake sequence occurred on July 6, 2019, while the latest event occurred on July 12, 2019."
ridgecrest_only_vecrag,A14,vector_top10,"Overall, what type of seismic sequence can the 2019 Ridgecrest earthquake sequence be classified as (mainshock-aftershock, swarm, etc.)?","According to the retrieved data, the 2019 Ridgecrest earthquake sequence includes multiple seismic events, with several earthquakes occurring in close proximity within a short period of time. This pattern is typically classified as a mainshock-aftershock sequence. Although the retrieved data does not provide complete sequence information, it is evident from this data that there is a mainshock followed by aftershock activity. Therefore, it can be inferred that this earthquake sequence is likely of the mainshock-aftershock type."
ridgecrest_only_vecrag,A15,vector_top10,What is the approximate spatial extent covered by the seismic activity in the 2019 Ridgecrest earthquake sequence?,"Based on the retrieved data, it is not possible to determine the specific area covered by the spatial extent of the earthquake activity of the 2019 Ridgecrest earthquake sequence. This data only provides the latitude and longitude of the earthquakes and the epicenter location, but does not offer detailed information on the overall activity range."
ridgecrest_only_vecrag,A16,vector_top10,How many earthquakes of magnitude M≥3 are recorded in the 2019 Ridgecrest earthquake sequence?,"According to the retrieved data, there were 6 recorded earthquakes of moderate magnitude or higher (M≥3) in the 2019 Ridgecrest earthquake sequence. The specific epicenter locations and magnitudes of these earthquakes are as follows:

1. M3.6
2. M3.0
3. M3.5
4. M3.1
5. M3.2
6. M4.4

Please note that this data only reflects a portion of what was retrieved, and the total number in the entire catalog may differ."
ridgecrest_only_vecrag,A17,vector_top10,What are the differences in the distribution of seismic activity at different depth levels in the 2019 Ridgecrest earthquake sequence?,"According to the retrieved data, the distribution of seismic activity in the Ridgecrest earthquake sequence at different depth levels is as follows:

- In the seismic activity on July 6, 2019, the depth ranged from approximately 1.5 kilometers to 67.1 kilometers, with multiple seismic events concentrated between 6 and 12 kilometers.
- For example, the depths of several earthquakes on July 6 were: 6.4 kilometers (M3.0), 8.3 kilometers (M2.9), 6.1 kilometers (M2.0), etc.
- The seismic activity on July 9 also showed a similar depth distribution, with depths ranging from 2.3 kilometers to 12.9 kilometers, and multiple earthquakes occurring within the 6 to 12 kilometer depth range.

Overall, the retrieved data indicate that the seismic activity of the Ridgecrest earthquake sequence is primarily concentrated at depths of 6 to 12 kilometers, but specific depth distribution differences and trends require more comprehensive data for detailed analysis."
ridgecrest_only_vecrag,A18,vector_top10,Does the 2019 Ridgecrest earthquake sequence show a clear moment of activity initiation based on the data?,"According to the retrieved data, the activity of the Ridgecrest earthquake sequence in 2019 was mainly concentrated between July 6 and July 11, 2019. During this period, multiple seismic events were recorded, including different epicenter locations and magnitudes. This indicates that there was indeed a significant initiation of seismic activity during this time. However, the retrieved data only represents a portion of the sequence and cannot fully reflect the activity of the entire earthquake sequence."
ridgecrest_only_vecrag,A19,vector_top10,What is the level of activity at the end of the sequence (most recent record) in the 2019 Ridgecrest earthquake sequence?,"According to the retrieved data, the seismic activity on July 9, 2019, showed a series of small-scale earthquake events. Specifically, multiple earthquakes were recorded on this day, with epicenters located in the Ridgecrest area, varying in depth and magnitude, with the maximum magnitude being M3.6. This data reflects that there was still a certain level of seismic activity at the end of the Ridgecrest earthquake sequence, although the overall magnitudes were relatively low. Please note that this information is based solely on the retrieved partial data and may not fully represent the activity level of the entire earthquake sequence."
ridgecrest_only_vecrag,A20,vector_top10,"Overall, what geological activity characteristics are reflected in the the 2019 Ridgecrest earthquake sequence earthquake catalog?","According to the retrieved data block, the seismic activity of the 2019 Ridgecrest earthquake sequence was mainly concentrated between July 6 and July 9, 2019, showing multiple epicenters distributed within a relatively small area. The latitude and longitude range of the epicenter locations was approximately between 35.5°N to 35.9°N and 117.4°W to 117.7°W. The depths and magnitudes of the earthquakes also varied, with magnitudes ranging from M2.0 to M4.5, indicating that the area experienced multiple earthquakes of different intensities during this period.

Overall, these data reflect that the Ridgecrest area was geologically active in July 2019, which may be related to the tectonic features and crustal stress state of the region. However, the retrieved data only represent a portion of this earthquake sequence and cannot comprehensively represent the characteristics of the entire earthquake catalog."
ridgecrest_only_vecrag,B1,vector_top10,On which day/month did the highest number of earthquake events occur in the 2019 Ridgecrest earthquake sequence? How many events were there?,"According to the retrieved data, the highest number of earthquake events occurred on July 9, 2019. The specific number of events is not clearly listed in the retrieved fragments, so an exact count cannot be provided. The retrieved data only shows a portion of the earthquake events, making it impossible to determine the total number of events in the entire catalog."
ridgecrest_only_vecrag,B2,vector_top10,"When and where did the largest magnitude event in the 2019 Ridgecrest earthquake sequence occur, and what was its magnitude?","According to the retrieved data, the largest event in the Ridgecrest earthquake sequence occurred on July 6, 2019, at 19:54:29, located at 35.896°N, 117.726°W, with a magnitude of M3.3."
ridgecrest_only_vecrag,B3,vector_top10,"Please list the top 5 events in the 2019 Ridgecrest earthquake sequence arranged by magnitude from largest to smallest, along with their occurrence times.","According to the retrieved data, the top 5 events of the Ridgecrest earthquake sequence in 2019, arranged by magnitude from largest to smallest, along with their occurrence times, are as follows:

1. 2019-07-06 03:50:59.650, Magnitude M5.0
2. 2019-07-06 03:48:57.780, Magnitude M3.5
3. 2019-07-06 03:49:52.260, Magnitude M3.8
4. 2019-07-06 03:49:48.100, Magnitude M3.3
5. 2019-07-06 03:50:11.150, Magnitude M3.7

Please note that these events are listed based on the retrieved data and may not include all events."
ridgecrest_only_vecrag,B4,vector_top10,What are the deepest and shallowest events recorded in the 2019 Ridgecrest earthquake sequence?,"According to the retrieved data, the deepest event in the 2019 Ridgecrest earthquake sequence occurred on July 4, 2019, with a depth of 15.1 kilometers and a magnitude of 6.4 (Event ID 3). The shallowest event occurred on July 4, 2019, with a depth of 0.8 kilometers and a magnitude of 3.0 (Event ID 5)."
ridgecrest_only_vecrag,B5,vector_top10,What is the approximate median magnitude of the events in the 2019 Ridgecrest earthquake sequence?,"The retrieved data only contains a portion of the Ridgecrest earthquake sequence, making it impossible to determine the median magnitude for the entire catalog. Based on this data, the magnitude ranges from 2.0 to 3.6, but the median cannot be calculated due to the lack of a complete event list."
ridgecrest_only_vecrag,B6,vector_top10,On which day/time period was the seismic activity in the 2019 Ridgecrest earthquake sequence the quietest (fewest events)?,"Based on the retrieved data, it is not possible to determine which day or time period had the least seismic activity (fewest events) during the 2019 Ridgecrest earthquake sequence. The retrieved data only includes a portion of the seismic events and cannot provide a complete activity statistic."
ridgecrest_only_vecrag,B7,vector_top10,"How many events of M≥3 are there in the 2019 Ridgecrest earthquake sequence, and when did they mainly occur?","According to the retrieved data, it is not possible to determine the total number of M≥3 events in the 2019 Ridgecrest earthquake sequence, as this data only covers a portion of the dataset. The retrieved events with M≥3 include:

- 2019-07-06 04:52:17.840, M4.4
- 2019-07-06 03:50:59.650, M5.0
- 2019-07-11 23:52:32.380, M3.6
- 2019-07-12 00:08:06.430, M3.1
- 2019-07-12 01:36:08.010, M3.5
- 2019-07-09 05:28:15.680, M3.0
- 2019-07-09 08:17:31.570, M3.6
- 2019-07-09 08:18:08.160, M3.0
- 2019-07-09 09:11:15.440, M3.1

These events mainly occurred between July 6 and July 12, 2019."
ridgecrest_only_vecrag,B8,vector_top10,What are the five shallowest events in the 2019 Ridgecrest earthquake sequence when sorted by depth?,"According to the retrieved data, the five shallowest events in the 2019 Ridgecrest earthquake sequence, sorted by depth, are as follows:

1. 2019-07-09 08:49:41.070, Depth 12.0 km, Epicenter coordinates (35.739, -117.692), Magnitude M2.2
2. 2019-07-09 08:49:02.570, Depth 7.4 km, Epicenter coordinates (35.620, -117.469), Magnitude M2.4
3. 2019-07-09 08:30:08.260, Depth 9.0 km, Epicenter coordinates (35.669, -117.535), Magnitude M2.2
4. 2019-07-09 08:18:08.160, Depth 4.2 km, Epicenter coordinates (35.848, -117.674), Magnitude M3.0
5. 2019-07-09 08:17:31.570, Depth 10.4 km, Epicenter coordinates (35.784, -117.615), Magnitude M3.6

Please note that the depths and epicenter coordinates of these events are provided based on the retrieved data."
ridgecrest_only_vecrag,B9,vector_top10,"On average, how many earthquakes occur per day in the 2019 Ridgecrest earthquake sequence?","Based on the retrieved data, it is not possible to determine the complete catalog of the 2019 Ridgecrest earthquake sequence, and therefore, the average number of earthquakes occurring per day cannot be calculated. The retrieved fragments only cover a subset of the data."
ridgecrest_only_vecrag,B10,vector_top10,How many events in the 2019 Ridgecrest earthquake sequence have magnitudes between M2.0 and M3.0?,"According to the retrieved data, it is not possible to determine the total number of events with magnitudes between M2.0 and M3.0 in the 2019 Ridgecrest earthquake sequence catalog. This data only covers a portion of the catalog, so the total for the entire dataset cannot be provided."
ridgecrest_only_vecrag,B11,vector_top10,What is the approximate average depth of the recorded earthquakes in the 2019 Ridgecrest earthquake sequence?,"According to the retrieved data, it is not possible to calculate the average depth of the earthquakes recorded in the 2019 Ridgecrest earthquake sequence, as these data blocks only contain information on a portion of the seismic events and do not provide complete depth data."
ridgecrest_only_vecrag,B12,vector_top10,Which month contributed the highest maximum magnitude in the 2019 Ridgecrest earthquake sequence?,"According to the retrieved data, the maximum magnitude of the Ridgecrest earthquake sequence in 2019 was M3.6, which occurred on July 9, 2019. Although the data does not provide specific statistics on the monthly contributions of magnitudes, it can be confirmed that the maximum magnitude in July was M3.6. Therefore, based on this data, the maximum magnitude contribution in July is the highest."
ridgecrest_only_vecrag,B13,vector_top10,What are the five events closest to the epicenter (or a reference point) in the 2019 Ridgecrest earthquake sequence?,"According to the retrieved data, the 5 events closest to the epicenter during the Ridgecrest earthquake sequence in 2019 are as follows:

1. **2019-07-06 07:34:59** - Epicenter coordinates: 35.787, -117.62, Magnitude: M3.0
2. **2019-07-06 07:35:24** - Epicenter coordinates: 35.701, -117.542, Magnitude: M2.9
3. **2019-07-06 07:35:51** - Epicenter coordinates: 35.549, -117.376, Magnitude: M2.4
4. **2019-07-06 07:36:09** - Epicenter coordinates: 35.660, -117.480, Magnitude: M2.7
5. **2019-07-06 07:37:00** - Epicenter coordinates: 35.754, -117.582, Magnitude: M2.8

All these events occurred on July 6, 2019, and the epicenter locations are relatively close to each other."
ridgecrest_only_vecrag,B14,vector_top10,What is the approximate standard deviation or range of magnitudes recorded in the 2019 Ridgecrest earthquake sequence?,"The retrieved data block only contains partial information about earthquake events, making it impossible to determine the standard deviation or range of variation of magnitudes in the 2019 Ridgecrest earthquake sequence catalog."
ridgecrest_only_vecrag,B15,vector_top10,In which time period are the top ten magnitude events in the 2019 Ridgecrest earthquake sequence concentrated?,"According to the retrieved data, the top ten magnitude events of the 2019 Ridgecrest earthquake sequence occurred between July 6, 2019, and July 11, 2019. During this period, multiple significant earthquakes occurred, including magnitudes of M3.0 and M4.5."
ridgecrest_only_vecrag,B16,vector_top10,"How is the distribution of event counts across different depth intervals (e.g., 0-10 km, 10-20 km, etc.) in the 2019 Ridgecrest earthquake sequence?","According to the retrieved data, it is not possible to provide information on the event count distribution for different depth intervals (such as 0-10 km, 10-20 km, etc.) of the 2019 Ridgecrest earthquake sequence. The retrieved data does not include detailed information on these specific depth intervals and event counts."
ridgecrest_only_vecrag,B17,vector_top10,What is the time interval between the maximum and minimum magnitude events in the 2019 Ridgecrest earthquake sequence?,"The retrieved data does not provide information on the time interval between the maximum and minimum magnitude events in the 2019 Ridgecrest earthquake sequence, so this question cannot be answered."
ridgecrest_only_vecrag,B18,vector_top10,Which week had the most frequent seismic activity in the 2019 Ridgecrest earthquake sequence?,"According to the retrieved data, earthquake activity was relatively frequent from July 6 to July 12, 2019. Multiple earthquake events were recorded during this week. Specific activity frequency and comparative data for other weeks were not provided in the retrieved fragments, so it is not possible to determine the activity situation for other weeks."
ridgecrest_only_vecrag,B19,vector_top10,Is there a statistically significant correlation between the magnitude and depth of earthquake events in the 2019 Ridgecrest earthquake sequence?,"The retrieved data does not provide information on the statistical significance of the relationship between magnitude and depth in the 2019 Ridgecrest earthquake sequence. Therefore, I cannot answer this question."
ridgecrest_only_vecrag,B20,vector_top10,"How many events are recorded in total in the 2019 Ridgecrest earthquake sequence, and what proportion do small earthquakes (M<1.0) account for?","The retrieved data block only contains a portion of the Ridgecrest earthquake sequence, so it is not possible to determine the total number of events recorded in the entire catalog and the proportion of small earthquakes with M<1.0."
ridgecrest_only_vecrag,C1,vector_top10,What earthquake events occurred on the most active day in the 2019 Ridgecrest earthquake sequence? What connections exist between them?,"According to the retrieved data, the day with the most intense activity of the Ridgecrest earthquake sequence in 2019 was July 9, 2019. On this day, multiple earthquake events occurred, including:

- 01:20:04.430, Epicenter: 35.651, -117.463, Magnitude: M2.3
- 01:21:10.610, Epicenter: 35.533, -117.355, Magnitude: M2.5
- 01:41:58.210, Epicenter: 35.644, -117.440, Magnitude: M2.5
- 01:46:10.220, Epicenter: 35.694, -117.593, Magnitude: M2.4
- 01:59:31.020, Epicenter: 35.710, -117.498, Magnitude: M2.3
- 02:38:53.040, Epicenter: 35.878, -117.726, Magnitude: M2.1
- 02:42:38.020, Epicenter: 35.752, -117.562, Magnitude: M2.3
- 02:52:18.320, Epicenter: 35.868, -117.709, Magnitude: M2.4
- 03:31:15.310, Epicenter: 35.541, -117.312, Magnitude: M2.4
- 03:45:59.600, Epicenter: 35.909, -117.668, Magnitude: M2.3
- 03:50:46.900, Epicenter: 35.905, -117.702, Magnitude: M2.0
- 03:51:44.110, Epicenter: 35.667, -117.483, Magnitude: M2.1
- 03:59:59.500, Epicenter: 35.612, -117.467, Magnitude: M2.1
- 04:02:53.950, Epicenter: 35.925, -117.457, Magnitude: M3.6
- 04:04:24.340, Epicenter: 35.848, -117.682, Magnitude: M2.2

Regarding the relationships between these earthquake events, the retrieved data did not provide specific information on the mechanisms or causal relationships, so it is not possible to determine their specific connections."
ridgecrest_only_vecrag,C2,vector_top10,Where and when are the events with magnitudes between M3.0 and M4.0 mainly distributed in the 2019 Ridgecrest earthquake sequence?,"According to the retrieved data, events with magnitudes between M3.0 and M4.0 during the 2019 Ridgecrest earthquake sequence mainly occurred in the following time period and area:

- **Time Period**: Between July 6 and July 9, 2019.
- **Area**: The events were primarily concentrated in Ridgecrest, California, and its surrounding areas, with approximate latitude and longitude ranges from 35.5°N to 35.9°N and -117.7°W to -117.4°W.

During this time period, the retrieved events include:
- M3.0 event on July 6, 2019
- M3.5 event on July 6, 2019
- M3.0 event on July 9, 2019
- M3.6 event on July 9, 2019

The epicenter locations and magnitudes of these events indicate that they were primarily concentrated in the Ridgecrest area."
ridgecrest_only_vecrag,C3,vector_top10,"What is the time order and characteristics of foreshocks, mainshocks, and aftershocks in the sequence of the 2019 Ridgecrest earthquake sequence?","According to the retrieved data, the main seismic events of the 2019 Ridgecrest earthquake sequence are as follows:

1. **Foreshock**:
   - On July 4, 2019, a M6.4 earthquake occurred (specific data not listed in the retrieved segments, but this is a known foreshock).

2. **Main Shock**:
   - On July 5, 2019, a M7.1 earthquake occurred (similarly, specific data not listed in the retrieved segments, but this is a known main shock).

3. **Aftershocks**:
   - The retrieved data includes multiple aftershocks, with the following being some examples:
     - On July 6, 2019, a M4.5 aftershock.
     - On July 6, 2019, a M3.0 aftershock.
     - On July 9, 2019, a M3.6 aftershock.
     - On July 11, 2019, a M3.6 aftershock.

The timing and characteristics of these aftershocks indicate that seismic activity remained frequent for a period following the main shock. The specific chronological order and characteristics can be further analyzed based on the retrieved data, but the above are the main time points and magnitude information."
ridgecrest_only_vecrag,C4,vector_top10,When did the closest events to the epicenter occur in the 2019 Ridgecrest earthquake sequence (spatial correlation)?,"According to the retrieved data, the closest events to the epicenter of the Ridgecrest earthquake sequence in 2019 and their occurrence times are as follows:

1. 2019-07-09 01:20:04.430
2. 2019-07-09 01:21:10.610
3. 2019-07-09 01:41:58.210
4. 2019-07-09 01:46:10.220
5. 2019-07-09 01:59:31.020

All of these events occurred on July 9, 2019."
ridgecrest_only_vecrag,C5,vector_top10,What specific events were recorded on the second most active day in the 2019 Ridgecrest earthquake sequence?,"According to the retrieved data, the earthquake activity on July 6 and July 9, 2019, was relatively intense. Below are the earthquake event records for July 9, 2019:

1. 01:20:04.430 - Magnitude 2.3
2. 01:21:10.610 - Magnitude 2.5
3. 01:41:58.210 - Magnitude 2.5
4. 01:46:10.220 - Magnitude 2.4
5. 01:59:31.020 - Magnitude 2.3
6. 02:38:53.040 - Magnitude 2.1
7. 02:42:38.020 - Magnitude 2.3
8. 02:52:18.320 - Magnitude 2.4
9. 03:31:15.310 - Magnitude 2.4
10. 03:45:59.600 - Magnitude 2.3
11. 03:50:46.900 - Magnitude 2.0
12. 03:51:44.110 - Magnitude 2.1
13. 03:59:59.500 - Magnitude 2.1
14. 04:02:53.950 - Magnitude 3.6
15. 04:04:24.340 - Magnitude 2.2
16. 21:38:12.480 - Magnitude 2.2
17. 21:52:49.440 - Magnitude 3.3
18. 22:10:32.720 - Magnitude 2.1
19. 22:28:29.320 - Magnitude 2.2
20. 22:32:37.800 - Magnitude 2.4
21. 22:38:32.520 - Magnitude 2.5
22. 22:38:33.480 - Magnitude 2.1
23. 22:44:59.680 - Magnitude 2.5
24. 22:51:51.840 - Magnitude 2.4
25. 22:54:02.640 - Magnitude 2.7
26. 23:04:26.300 - Magnitude 2.2
27. 23:04:57.840 - Magnitude 2.8
28. 23:12:06.840 - Magnitude 2.5
29. 23:12:18.660 - Magnitude 2.0
30. 23:16:01.600 - Magnitude 2.7

These events indicate the earthquake activity in the Ridgecrest area on July 9, 2019."
ridgecrest_only_vecrag,C6,vector_top10,What connections exist between the events that occurred immediately after the largest magnitude event in the 2019 Ridgecrest earthquake sequence?,"According to the retrieved data, the largest event in the 2019 Ridgecrest earthquake sequence was the M7.1 earthquake on July 6, 2019. The retrieved data does not provide specific correlation information for other events immediately following this event. Therefore, I cannot answer this question."
ridgecrest_only_vecrag,C7,vector_top10,What specific events occurred within a 5 km radius of the epicenter in the 2019 Ridgecrest earthquake sequence?,"According to the retrieved data, several seismic events occurred within a 5-kilometer radius of the epicenter of the Ridgecrest earthquake sequence between July 6 and July 9, 2019. The specific information for these events is as follows:

1. **2019-07-06 06:06:58.550** - Epicenter: 35.833118, -117.634969, Magnitude: M2.8
2. **2019-07-06 06:07:08.410** - Epicenter: 35.576457, -117.355396, Magnitude: M3.5
3. **2019-07-06 06:07:31.920** - Epicenter: 35.906840, -117.730363, Magnitude: M2.8
4. **2019-07-06 06:07:40.070** - Epicenter: 35.620935, -117.413615, Magnitude: M3.1
5. **2019-07-06 06:08:01.280** - Epicenter: 35.893632, -117.709220, Magnitude: M2.3
6. **2019-07-06 06:08:50.250** - Epicenter: 35.884497, -117.688265, Magnitude: M2.5
7. **2019-07-06 06:09:08.920** - Epicenter: 35.897221, -117.704533, Magnitude: M3.1
8. **2019-07-06 06:09:50.560** - Epicenter: 35.903984, -117.728792, Magnitude: M2.0
9. **2019-07-06 06:10:21.430** - Epicenter: 35.870512, -117.709969, Magnitude: M2.2
10. **2019-07-06 06:10:50.540** - Epicenter: 35.661593, -117.456478, Magnitude: M2.4

The epicenter locations and magnitude information of these events indicate the seismic activity during the Ridgecrest earthquake sequence."
ridgecrest_only_vecrag,C8,vector_top10,What events are there in the 2019 Ridgecrest earthquake sequence with depths ranging from 10 to 15 kilometers?,"According to the retrieved data, the events in the 2019 Ridgecrest earthquake sequence with depths in the range of 10—15 kilometers are:

1. 2019-07-06 07:35:24.670, Depth 8.3km, Magnitude M2.9
2. 2019-07-06 07:37:00.600, Depth 7.1km, Magnitude M2.8
3. 2019-07-06 07:39:28.480, Depth 10.3km, Magnitude M2.5
4. 2019-07-06 08:51:27.940, Depth 5.7km, Magnitude M2.3
5. 2019-07-06 08:52:02.030, Depth 3.4km, Magnitude M2.1
6. 2019-07-06 08:52:35.110, Depth 7.6km, Magnitude M2.0
7. 2019-07-06 08:54:06.050, Depth 9.4km, Magnitude M2.4
8. 2019-07-06 08:54:15.110, Depth 5.5km, Magnitude M2.2
9. 2019-07-06 08:54:25.510, Depth 3.6km, Magnitude M2.2
10. 2019-07-06 08:54:47.400, Depth 10.7km, Magnitude M2.3
11. 2019-07-06 08:55:13.160, Depth 3.7km, Magnitude M2.3
12. 2019-07-06 08:55:34.500, Depth 6.6km, Magnitude M2.1
13. 2019-07-06 08:56:15.360, Depth 4.9km, Magnitude M2.5
14. 2019-07-06 08:56:33.120, Depth 8.2km, Magnitude M2.4

Please note that the depths of these events are not entirely within the 10—15 kilometer range, as some events have depths less than 10 kilometers. According to the retrieved data, there are no explicitly listed events with depths in the 10—15 kilometer range."
ridgecrest_only_vecrag,C9,vector_top10,How did the event sequence unfold during a particular active week in the 2019 Ridgecrest earthquake sequence?,"According to the retrieved data, the Ridgecrest earthquake sequence occurred between July 6 and July 9, 2019, with a series of seismic events. Here are some of the earthquake events from that active week:

- **July 6, 2019**
  - 07:34:59 - Magnitude 3.0
  - 07:35:24 - Magnitude 2.9
  - 07:35:51 - Magnitude 2.4
  - 07:36:09 - Magnitude 2.7
  - 07:37:00 - Magnitude 2.8
  - 19:54:03 - Magnitude 2.6
  - 19:54:29 - Magnitude 3.3

- **July 8, 2019**
  - 16:22:36 - Magnitude 2.9
  - 16:31:08 - Magnitude 3.0
  - 16:32:48 - Magnitude 2.4
  - 16:35:48 - Magnitude 2.3

- **July 9, 2019**
  - 01:20:04 - Magnitude 2.3
  - 01:21:10 - Magnitude 2.5
  - 01:41:58 - Magnitude 2.5
  - 04:02:53 - Magnitude 3.6
  - 09:11:15 - Magnitude 3.1

These events indicate that seismic activity in the Ridgecrest area was very frequent during that week, covering multiple different epicenters and magnitudes. Please note that this is only a portion of the events retrieved and may not represent all seismic activity during that week."
ridgecrest_only_vecrag,C10,vector_top10,"Which events are considered directly related to the largest magnitude event in the 2019 Ridgecrest earthquake sequence (e.g., aftershocks)?","The retrieved data does not explicitly mention events directly related to the maximum magnitude event (such as aftershocks) in the 2019 Ridgecrest earthquake sequence. Therefore, I cannot provide such information."
ridgecrest_only_vecrag,C11,vector_top10,Are there any obvious 'event clusters' in the sequence of the 2019 Ridgecrest earthquake sequence? Please provide examples of specific events.,"According to the retrieved data, there is indeed a significant ""event cluster"" in the Ridgecrest earthquake sequence of 2019. For example, during the seismic activity on July 9, 2019, multiple earthquake events occurred in a short time frame:

1. **2019-07-09 01:20:04** - Epicenter located at 35.651°N, -117.463°E, magnitude M2.3.
2. **2019-07-09 01:21:10** - Epicenter located at 35.533°N, -117.355°E, magnitude M2.5.
3. **2019-07-09 01:41:58** - Epicenter located at 35.644°N, -117.440°E, magnitude M2.5.
4. **2019-07-09 01:46:10** - Epicenter located at 35.694°N, -117.594°E, magnitude M2.4.
5. **2019-07-09 01:59:31** - Epicenter located at 35.710°N, -117.498°E, magnitude M2.3.

These events are closely spaced in time and have relatively concentrated epicenter locations, demonstrating a clear clustering characteristic that aligns with the definition of an ""event cluster."""
ridgecrest_only_vecrag,C12,vector_top10,What is the historical seismic activity near a specific coordinate point in the 2019 Ridgecrest earthquake sequence?,"According to the retrieved data, the seismic activity of the Ridgecrest earthquake sequence in 2019 was mainly concentrated between July 6 and July 9, 2019. Here are some examples of the seismic activity that occurred in the area:

- On July 6, 2019, a series of earthquakes occurred, including one with a magnitude of 4.5 and an epicenter at 35.831270°N, -117.664876°E.
- On July 9, 2019, seismic activity continued, with a magnitude 3.3 earthquake occurring at 21:52:49, with an epicenter at 35.890226°N, -117.703060°E.

These data indicate that seismic activity in the Ridgecrest area was relatively frequent over a few days in July 2019, with epicenters distributed around different coordinate points. A more comprehensive dataset may be needed for a detailed analysis of the specific seismic activity history."
ridgecrest_only_vecrag,C13,vector_top10,What subsequent events were recorded within 24 hours after the largest magnitude event in the 2019 Ridgecrest earthquake sequence?,"According to the retrieved data, the largest magnitude event of the Ridgecrest earthquake sequence occurred on July 6, 2019. The following are the aftershocks recorded within 24 hours after this event:

1. 2019-07-06 19:54:29.840, Epicenter: 35.895630, -117.725602, Depth: 6.2 km, Magnitude: M3.3
2. 2019-07-06 19:56:23.400, Epicenter: 35.759045, -117.593644, Depth: 3.0 km, Magnitude: M2.1
3. 2019-07-06 19:56:58.420, Epicenter: 35.597807, -117.386882, Depth: 7.6 km, Magnitude: M2.2
4. 2019-07-06 19:58:14.160, Epicenter: 35.904488, -117.701945, Depth: 6.6 km, Magnitude: M2.3
5. 2019-07-06 19:58:36.140, Epicenter: 35.904830, -117.701082, Depth: 6.5 km, Magnitude: M2.2
6. 2019-07-06 19:59:23.200, Epicenter: 35.671037, -117.521362, Depth: 9.2 km, Magnitude: M2.1
7. 2019-07-06 19:59:31.960, Epicenter: 35.577165, -117.404557, Depth: 3.3 km, Magnitude: M2.1
8. 2019-07-06 20:01:43.040, Epicenter: 35.742200, -117.554102, Depth: 67.1 km, Magnitude: M2.3
9. 2019-07-06 20:02:21.460, Epicenter: 35.710441, -117.484440, Depth: 0.4 km, Magnitude: M2.1
10. 2019-07-06 20:06:10.520, Epicenter: 35.770154, -117.586174, Depth: 3.9 km, Magnitude: M2.6
11. 2019-07-06 20:07:24.260, Epicenter: 35.795516, -117.629020, Depth: 9.6 km, Magnitude: M2.1
12. 2019-07-06 20:07:59.460, Epicenter: 35.551648, -117.373600, Depth: 3.4 km, Magnitude: M2.2
13. 2019-07-06 20:11:03.400, Epicenter: 35.899829, -117.734408, Depth: 3.8 km, Magnitude: M2.7
14. 2019-07-06 20:11:12.360, Epicenter: 35.642049, -117.550065, Depth: 8.2 km, Magnitude: M2.7
15. 2019-07-06 20:11:12.360, Epicenter: 35.642049, -117.550065, Depth: 8.2 km, Magnitude: M2.7

These events were all recorded within 24 hours after the largest magnitude event occurred."
ridgecrest_only_vecrag,C14,vector_top10,Which events in the 2019 Ridgecrest earthquake sequence have magnitudes and locations that are closest and may form the same 'event pair'?,"According to the retrieved data, the following are some events with similar magnitudes and locations that may constitute the same ""event pair"":

1. **Event 3312**: Epicenter location (35.533, -117.355), magnitude M2.5
2. **Event 3313**: Epicenter location (35.644, -117.440), magnitude M2.5

3. **Event 3314**: Epicenter location (35.694, -117.594), magnitude M2.4
4. **Event 3315**: Epicenter location (35.710, -117.498), magnitude M2.3

5. **Event 3324**: Epicenter location (35.925, -117.457), magnitude M3.6
6. **Event 3325**: Epicenter location (35.848, -117.682), magnitude M2.2

The epicenter locations and magnitudes of these events are relatively close, which may indicate that they are from the same source or are interrelated events."
ridgecrest_only_vecrag,C15,vector_top10,Please list the five largest magnitude events in the 2019 Ridgecrest earthquake sequence along with their specific location coordinates.,"According to the retrieved data, the following are the five largest events in the 2019 Ridgecrest earthquake sequence along with their specific location coordinates:

1. Magnitude M4.6, location coordinates: 35.915352, -117.740519
2. Magnitude M4.0, location coordinates: 35.900859, -117.727799
3. Magnitude M3.6, location coordinates: 35.924695, -117.456787
4. Magnitude M3.5, location coordinates: 35.576457, -117.355396
5. Magnitude M3.5, location coordinates: 35.893734, -117.678206

Please note that this information is based solely on the retrieved data and may not include the complete earthquake sequence information."
ridgecrest_only_vecrag,C16,vector_top10,Did the spatial distribution of events in the 2019 Ridgecrest earthquake sequence change during a particular active month?,"According to the retrieved data, the Ridgecrest earthquake sequence in July 2019 showed multiple seismic events. The spatial distribution of these events can be observed from different latitude and longitude coordinates and depth information. However, the retrieved segments did not provide sufficient information to determine whether there was a change in the spatial distribution of these events. Therefore, I cannot ascertain whether the spatial distribution of the events has changed."
ridgecrest_only_vecrag,C17,vector_top10,What are the ten earliest recorded events in the sequence of the 2019 Ridgecrest earthquake sequence?,"According to the retrieved data, the following are the first 10 recorded events of the 2019 Ridgecrest earthquake sequence:

1. 2019-07-06 07:34:59.870, Magnitude M3.0
2. 2019-07-06 07:35:24.670, Magnitude M2.9
3. 2019-07-06 07:35:51.320, Magnitude M2.4
4. 2019-07-06 07:36:09.350, Magnitude M2.7
5. 2019-07-06 07:37:00.600, Magnitude M2.8
6. 2019-07-06 07:37:41.330, Magnitude M2.0
7. 2019-07-06 07:37:57.650, Magnitude M2.2
8. 2019-07-06 07:38:35.370, Magnitude M2.3
9. 2019-07-06 07:38:39.520, Magnitude M2.3
10. 2019-07-06 07:38:48.380, Magnitude M2.4

The recording times and magnitudes of these events are sourced from the retrieved data."
ridgecrest_only_vecrag,C18,vector_top10,"What event clusters are present near a specific depth (e.g., 5 kilometers) in the 2019 Ridgecrest earthquake sequence?",The retrieved data does not provide information about event clusters near specific depths (such as 5 kilometers) for the 2019 Ridgecrest earthquake sequence.
ridgecrest_only_vecrag,C19,vector_top10,Are there any 'hotspot' locations that are repeatedly triggered in the 2019 Ridgecrest earthquake sequence? Please provide examples.,"According to the retrieved data, it is not possible to determine whether there are ""hotspot"" locations that have been repeatedly triggered during the 2019 Ridgecrest earthquake sequence. The data does not provide detailed information about repeated activity or hotspots at specific locations."
ridgecrest_only_vecrag,C20,vector_top10,Please describe the correlation between any two temporally adjacent events in the sequence of the 2019 Ridgecrest earthquake sequence.,"Based on the retrieved data, it is not possible to determine the correlation between any two temporally adjacent events in the 2019 Ridgecrest earthquake sequence. The data does not provide specific information regarding the interactions or correlations between the events."
ridgecrest_only_vecrag,D1,vector_top10,"Is the increase in seismic activity in the 2019 Ridgecrest earthquake sequence related to shallow fluid activity, reservoir storage, or deep structural stress accumulation? Please provide a physical mechanism explanation.","The retrieved data does not include explanations of the physical mechanisms behind the Ridgecrest earthquake sequence, including whether it is related to shallow fluid activity, reservoir impoundment, or deep structural stress accumulation. Therefore, I cannot answer this question."
ridgecrest_only_vecrag,D2,vector_top10,"Is the seismic activity in the 2019 Ridgecrest earthquake sequence associated with human industrial activities (e.g., hydraulic fracturing, wastewater injection, reservoir storage)? Please explain the basis.","The retrieved data does not contain specific information regarding the relationship between the 2019 Ridgecrest earthquake sequence and human industrial activities (such as hydraulic fracturing, wastewater injection, and reservoir storage). Therefore, I am unable to answer this question."
ridgecrest_only_vecrag,D3,vector_top10,What is the tectonic background/fault type of the 2019 Ridgecrest earthquake sequence? Which fault system is related to the occurrence of this sequence?,"The retrieved data does not include information about the tectonic background or fault type of the 2019 Ridgecrest earthquake sequence. Therefore, I cannot provide specific information about which fault system the sequence is related to."
ridgecrest_only_vecrag,D4,vector_top10,Does the seismic activity in the 2019 Ridgecrest earthquake sequence exhibit typical mainshock-aftershock decay (Omori decay) characteristics?,"The retrieved data does not contain information regarding whether the 2019 Ridgecrest earthquake sequence exhibited typical mainshock-aftershock decay (Omori decay) characteristics. Therefore, I am unable to answer this question."
ridgecrest_only_vecrag,D5,vector_top10,Is the occurrence of the sequence in the 2019 Ridgecrest earthquake sequence related to changes in the regional tectonic stress field?,"The retrieved data does not contain information regarding the relationship between the 2019 Ridgecrest earthquake sequence and changes in the regional tectonic stress field. Therefore, I am unable to answer this question."
ridgecrest_only_vecrag,D6,vector_top10,Is there evidence of deep fluid upwelling or abnormal crustal conductivity in the 2019 Ridgecrest earthquake sequence?,The retrieved data does not contain information regarding whether there is evidence of deep fluid upwelling or crustal conductivity anomalies associated with the 2019 Ridgecrest earthquake sequence.
ridgecrest_only_vecrag,D7,vector_top10,What is the general rupture/trigger mechanism of the sequence in the 2019 Ridgecrest earthquake sequence?,"The retrieved data does not contain specific information about the rupture or triggering mechanisms of the 2019 Ridgecrest earthquake sequence. Therefore, I am unable to provide relevant details."
ridgecrest_only_vecrag,D8,vector_top10,Have there been significant earthquakes in history related to the current sequence in the 2019 Ridgecrest earthquake sequence? How are they related?,"The retrieved data does not mention any major earthquakes related to the 2019 Ridgecrest earthquake sequence or its historical background. Therefore, I cannot provide information regarding the relationship between the two."
ridgecrest_only_vecrag,D9,vector_top10,Does the spatial distribution direction of the sequence in the 2019 Ridgecrest earthquake sequence align with known fault orientations?,"The retrieved data does not provide specific information about the spatial distribution direction of the Ridgecrest earthquake sequence or its consistency with the known fault orientation. Therefore, I cannot answer this question."
ridgecrest_only_vecrag,D10,vector_top10,Are there any 'seismic gaps' or anomalously quiet zones in the 2019 Ridgecrest earthquake sequence?,"Based on the retrieved data, it is not possible to determine whether there was a ""seismic gap"" or an anomalously quiet area during the 2019 Ridgecrest earthquake sequence. This data does not provide specific information regarding seismic activity patterns or gaps."
ridgecrest_only_vecrag,D11,vector_top10,What is the locking state of the deep structure in the sequence of the 2019 Ridgecrest earthquake sequence?,The retrieved data does not contain information about the deep structural locking state of the 2019 Ridgecrest earthquake sequence.
ridgecrest_only_vecrag,D12,vector_top10,Is the cause of seismic activity in the 2019 Ridgecrest earthquake sequence primarily a natural tectonic process or human factors?,"The retrieved data does not provide information on whether the causes of the 2019 Ridgecrest earthquake sequence are related to natural tectonic processes or human factors. Therefore, I cannot answer this question."
ridgecrest_only_vecrag,D13,vector_top10,Does the sequence in the 2019 Ridgecrest earthquake sequence show evidence of foreshock activity or stress migration?,"The retrieved data does not explicitly mention whether the Ridgecrest earthquake sequence exhibited evidence of foreshock activity or stress transfer. Therefore, I cannot provide relevant information."
ridgecrest_only_vecrag,D14,vector_top10,"Based on this data, what is the approximate seismic hazard level of the 2019 Ridgecrest earthquake sequence?","Based on the retrieved data, it is not possible to directly assess the seismic hazard of the 2019 Ridgecrest earthquake sequence. This data only includes detailed information about certain seismic events, such as epicenter location, magnitude, and time, but does not provide specific information regarding seismic hazard or risk assessment."
ridgecrest_only_vecrag,D15,vector_top10,Is the triggering mechanism of the sequence in the 2019 Ridgecrest earthquake sequence an instantaneous elastic response or delayed pore pressure diffusion?,"The retrieved data does not contain information about the triggering mechanism of the 2019 Ridgecrest earthquake sequence, so it is not possible to determine whether it was instantaneous elastic response or delayed pore pressure diffusion."
ridgecrest_only_vecrag,D16,vector_top10,"What is the geometric structure of the fault in the 2019 Ridgecrest earthquake sequence (e.g., dip angle, strike)?",The retrieved data does not include information about the fault geometry (such as dip angle and strike) of the 2019 Ridgecrest earthquake sequence.
ridgecrest_only_vecrag,D17,vector_top10,What rupture characteristics are reflected in the length/width of the aftershock zone in the 2019 Ridgecrest earthquake sequence?,"The retrieved data does not include information about the length, width, or rupture characteristics of the aftershock zone of the 2019 Ridgecrest earthquake sequence. Therefore, I cannot answer this question."
ridgecrest_only_vecrag,D18,vector_top10,Are there any 'horsetail-shaped' bifurcations or complex rupture features in the 2019 Ridgecrest earthquake sequence?,"The retrieved data does not contain information regarding whether the 2019 Ridgecrest earthquake sequence exhibited ""horsetail"" branching or complex rupture features."
ridgecrest_only_vecrag,D19,vector_top10,What insights does the depth distribution of the sequence in the 2019 Ridgecrest earthquake sequence provide for understanding its tectonic background?,"The retrieved data does not include specific information about the source depth distribution or tectonic background of the 2019 Ridgecrest earthquake sequence. Therefore, I am unable to answer this question."
ridgecrest_only_vecrag,D20,vector_top10,"Overall, what is the scientific consensus on the driving mechanisms of seismic activity in the 2019 Ridgecrest earthquake sequence?","The retrieved data does not contain specific information about the seismic activity driving mechanisms of the 2019 Ridgecrest earthquake sequence. Therefore, I cannot provide relevant scientific consensus."
ridgecrest_only_vecrag,E1,vector_top10,How does the activity intensity and magnitude distribution in the early stage of the sequence in the 2019 Ridgecrest earthquake sequence compare to the later stage?,"According to the retrieved data, the changes in activity intensity and magnitude distribution during the early and later stages of the Ridgecrest earthquake sequence are as follows:

In the early stage (e.g., July 6, 2019), multiple epicenters can be observed occurring within a relatively short period, with magnitudes ranging from M2.0 to M3.0, indicating frequent activity and a relatively concentrated distribution of epicenters.

In the later stage (e.g., July 9, 2019, and thereafter), although epicenters still occur, the magnitude distribution has changed, with higher magnitude events (such as M3.3 and M3.6) appearing, and the distribution of epicenters may be more dispersed, with a relative decrease in activity intensity.

Overall, the activity intensity in the early stage was higher, and the magnitude distribution was more concentrated, while in the later stage, there were individual events of higher magnitudes, but the overall activity frequency decreased. These observations are based solely on the retrieved data and may not fully reflect the entire earthquake sequence."
ridgecrest_only_vecrag,E2,vector_top10,Does the seismic activity in the 2019 Ridgecrest earthquake sequence show a spatial 'migration' trend?,"Based on the retrieved data, it is not possible to determine whether the seismic activity of the 2019 Ridgecrest earthquake sequence exhibited a spatial ""migration"" trend. The retrieved fragments do not provide sufficient information to analyze the spatial distribution or migration patterns of the seismic activity."
ridgecrest_only_vecrag,E3,vector_top10,Are there any obvious 'quiet periods' or time windows of sudden activity drop in the sequence of the 2019 Ridgecrest earthquake sequence?,"Based on the retrieved data, it is not possible to determine whether there was a significant ""quiet period"" or a time window of reduced activity during the 2019 Ridgecrest earthquake sequence. These data only show a series of earthquake events in terms of time and magnitude, but do not provide enough information to analyze the overall activity patterns or trends."
ridgecrest_only_vecrag,E4,vector_top10,How do the activity characteristics of the first month of the sequence in the 2019 Ridgecrest earthquake sequence compare with those of the most recent month?,"According to the retrieved data, the activity characteristics of the 2019 Ridgecrest earthquake sequence showed multiple epicenters and variations in magnitude in the earthquake records from July 9, 2019. Specifically, the seismic activity on July 9 included multiple epicenters within a relatively small magnitude range (e.g., M2.0 to M3.6), and several earthquakes occurred in a short period of time.

However, the retrieved data did not provide specific activity characteristics for the month prior to the 2019 Ridgecrest earthquake sequence, making direct comparisons impossible. Additionally, there was no data available for the activity characteristics of the most recent month. Therefore, it is not possible to determine the differences in activity characteristics between these two time periods.

Overall, the retrieved data only covers the seismic activity on July 9, 2019, lacking complete data for the previous month and the most recent month, which prevents a comprehensive comparative analysis."
ridgecrest_only_vecrag,E5,vector_top10,Does the magnitude distribution of the sequence in the 2019 Ridgecrest earthquake sequence change over time?,"According to the retrieved data, the magnitude distribution of the Ridgecrest earthquake sequence in 2019 did indeed change over different time periods. For example, in the earthquake records from July 6 and July 9, 2019, the magnitude ranged from M2.0 to M3.6. Specifically, the maximum magnitude on July 6 was M3.3, while the maximum magnitude on July 9 was M3.6. This indicates that the magnitude distribution did change during this time.

However, this data only reflects a portion of the retrieved records and cannot comprehensively represent the changes in magnitude distribution for the entire earthquake sequence. Therefore, conclusions about the changes in magnitude distribution for the entire sequence require more data to support them."
ridgecrest_only_vecrag,E6,vector_top10,Does the spatial extent (coverage area) of the sequence in the 2019 Ridgecrest earthquake sequence expand or contract over time?,"Based on the retrieved data, it is not possible to determine whether the spatial extent of the 2019 Ridgecrest earthquake sequence has expanded or contracted over time. This data only provides information on seismic events within a specific time period and does not offer a detailed analysis or trends regarding changes in spatial extent. Therefore, this question cannot be answered."
ridgecrest_only_vecrag,E7,vector_top10,How does the depth distribution of the sequence in the 2019 Ridgecrest earthquake sequence change between the early and late stages?,"Based on the retrieved data, it is not possible to determine whether the depth distribution of the early and late phases of the 2019 Ridgecrest earthquake sequence changed. The retrieved data does not provide sufficient information to compare the depth distributions over different time periods."
ridgecrest_only_vecrag,E8,vector_top10,Are there multiple peaks of activity in the sequence of the 2019 Ridgecrest earthquake sequence? When do they occur?,"According to the retrieved data, the Ridgecrest earthquake sequence in 2019 experienced multiple seismic activities on July 6 and July 9. Specifically, the seismic activity on July 6 included several epicenters and magnitudes, while the seismic activity on July 9 also showed frequent tremors. This data indicates that there were multiple activity peaks between these two dates. However, the retrieved data only covers a portion of the seismic events and cannot provide a complete activity pattern or other possible peaks. Therefore, the conclusion regarding the existence of multiple activity peaks is based solely on these fragments of data."
ridgecrest_only_vecrag,E9,vector_top10,Is the current level of seismic activity in the 2019 Ridgecrest earthquake sequence increasing or decreasing compared to the beginning of the sequence?,"Based on the retrieved data, it is not possible to determine whether the seismic activity level of the 2019 Ridgecrest earthquake sequence is currently increasing or decreasing. This data only provides information on seismic events within a specific time period and does not reflect the long-term trends or changes in activity levels of the entire sequence."
ridgecrest_only_vecrag,E10,vector_top10,"How do the types of earthquakes in different stages of the sequence in the 2019 Ridgecrest earthquake sequence (e.g., whether they are closer to aftershocks or independent events) change?","According to the retrieved data, there is no clear description of the types of earthquakes in different phases of the Ridgecrest earthquake sequence (such as whether they are closer to aftershocks or independent events). Therefore, I cannot provide specific information about this change."
ridgecrest_only_vecrag,E11,vector_top10,Can the activity pattern of the sequence in the 2019 Ridgecrest earthquake sequence be divided into 'eruption periods' and 'decay periods'?,"According to the retrieved data, the activity pattern of the Ridgecrest earthquake sequence showed a series of seismic events between July 8 and July 13, 2019. However, the retrieved segments did not provide enough information to clearly distinguish between ""eruption period"" and ""decay period."" Therefore, I cannot determine whether the activity pattern of this sequence can be classified in this way."
ridgecrest_only_vecrag,E12,vector_top10,How does the location of the maximum magnitude event differ between the first half and the second half of the sequence in the 2019 Ridgecrest earthquake sequence?,"According to the retrieved data, the largest magnitude event in the first half of the 2019 Ridgecrest earthquake sequence occurred on July 6, 2019, with an epicenter located at 35.831270°N, -117.664876°E, and a magnitude of 4.5. The largest magnitude event in the second half occurred on July 9, 2019, with an epicenter located at 35.890226°N, -117.703060°E, and a magnitude of 3.3.

Therefore, the largest magnitude event in the first half is located in the southwest of the Ridgecrest area, while the largest magnitude event in the second half is located in the northeast of the area."
ridgecrest_only_vecrag,E13,vector_top10,Does the activity of the sequence in the 2019 Ridgecrest earthquake sequence exhibit periodic or phased characteristics?,"Based on the retrieved data, it is not possible to determine whether the activity of the 2019 Ridgecrest earthquake sequence exhibited periodic or episodic characteristics. This data only provides information on seismic events within a specific time frame and does not offer sufficient background or analysis to assess the periodic or episodic nature of the activity."
ridgecrest_only_vecrag,E14,vector_top10,How does the spatial clustering degree of the early stage of the sequence in the 2019 Ridgecrest earthquake sequence compare to the recent stage?,"Based on the retrieved data, it is not possible to directly compare the spatial clustering of the early stages of the 2019 Ridgecrest earthquake sequence with recent situations. The retrieved data only includes information on seismic events from July 6 to September 2019 and does not provide detailed data or analysis on recent seismic activity or spatial clustering. Therefore, this question cannot be answered."
ridgecrest_only_vecrag,E15,vector_top10,What differences are there in the seismic activity characteristics of different years in the sequence of the 2019 Ridgecrest earthquake sequence?,"Based on the retrieved data, it is not possible to provide a comparison of the 2019 Ridgecrest earthquake sequence with the seismic activity characteristics of other years. The retrieved content only includes earthquake data from July 2019, and it is not possible to determine the differences in seismic activity characteristics across different years."
ridgecrest_only_vecrag,E16,vector_top10,"What changes occur in the activity pattern of the sequence in the 2019 Ridgecrest earthquake sequence before and after key points (e.g., after a significant earthquake)?","According to the retrieved data, the activity pattern of the Ridgecrest earthquake sequence in 2019 indeed showed some changes at key points (such as after larger earthquakes). For example, between July 6 and July 9, 2019, a series of earthquakes of varying magnitudes occurred, including some larger events (such as M3.0 and M3.6). After these larger earthquakes, the subsequent seismic activity appeared to change in frequency and magnitude.

Specifically, after the M3.0 earthquake on July 6, several smaller earthquakes occurred (such as M2.0 to M2.9), while after the M3.6 earthquake on July 9, the activity also included some M2.x earthquakes. This suggests that after larger earthquakes, there may be a period of aftershock activity, and the magnitudes are typically smaller.

However, the retrieved data only reflects the activity pattern of this subset and cannot comprehensively represent all activities of the entire Ridgecrest earthquake sequence. Therefore, changes in the overall activity pattern still require analysis in conjunction with more comprehensive data."
ridgecrest_only_vecrag,E17,vector_top10,Does the seismic activity in the 2019 Ridgecrest earthquake sequence show a trend of expansion or contraction in a certain direction?,"Based on the retrieved data, it is not possible to determine whether the seismic activity of the 2019 Ridgecrest earthquake sequence exhibited a trend of expansion or contraction in any direction. This data only provides information on seismic events within a specific time period and does not offer a comprehensive analysis of the trends in seismic activity or a detailed description of spatial patterns."
ridgecrest_only_vecrag,E18,vector_top10,What changes occur in the statistical characteristics of event time intervals in different stages of the sequence in the 2019 Ridgecrest earthquake sequence?,"According to the retrieved data, it is not possible to provide information on the statistical characteristics of the time intervals between different stages of the 2019 Ridgecrest earthquake sequence. These data blocks do not contain relevant statistical analyses or detailed information on the time intervals."
ridgecrest_only_vecrag,E19,vector_top10,Is there a specific stage in the sequence of the 2019 Ridgecrest earthquake sequence that is significantly more active or quiet compared to the overall average level?,"According to the retrieved data, the activity of the Ridgecrest earthquake sequence in specific phases can be observed from these data blocks. Specifically, the seismic activity between July 6 and July 9, 2019, shows multiple epicenters and earthquakes of varying magnitudes. However, since these data blocks only represent a subset of a larger dataset, it is not possible to determine whether the activity during this phase was significantly abnormally active or quiet.

To draw conclusions about the overall average level, a more comprehensive dataset is needed for comparison. Therefore, based on the currently retrieved data, it is not possible to provide a clear answer to this question."
ridgecrest_only_vecrag,E20,vector_top10,"Overall, how can the evolution process of the sequence in the 2019 Ridgecrest earthquake sequence be divided into several main stages, and what are the characteristic features of each stage?","According to the retrieved data, the overall evolution process of the 2019 Ridgecrest earthquake sequence is not described in detail in these data blocks. Therefore, I am unable to provide information about the main stages of this earthquake sequence and its characteristic features."
maduo_only_vecrag,A1,vector_top10,What overall spatiotemporal distribution characteristics does the seismic activity in the 2021 Qinghai Maduo Mw 7.4 earthquake sequence show?,"According to the retrieved data, it is not possible to provide information on the spatiotemporal distribution characteristics of the Mw7.4 earthquake sequence in Mado, Qinghai in 2021. These data fragments do not contain relevant descriptions of spatiotemporal distribution characteristics."
maduo_only_vecrag,A2,vector_top10,"What is the time range, total number of events, and magnitude range recorded in the 2021 Qinghai Maduo Mw 7.4 earthquake sequence?","The retrieved data only covers a portion of the earthquake events, so it is not possible to determine the complete time range, total number of events, and magnitude range of the 2021 Mw 7.4 earthquake sequence in Mado, Qinghai. Please refer to the complete earthquake catalog for this information."
maduo_only_vecrag,A3,vector_top10,What are the overall characteristics of the magnitude distribution in the 2021 Qinghai Maduo Mw 7.4 earthquake sequence?,"The retrieved data does not contain specific information about the magnitude distribution of the 2021 Mw 7.4 earthquake sequence in Mado, Qinghai, and therefore, it is not possible to provide the overall characteristics of the magnitude distribution for that sequence."
maduo_only_vecrag,A4,vector_top10,"Is the seismic activity in the 2021 Qinghai Maduo Mw 7.4 earthquake sequence increasing, decreasing, or remaining stable over time?","Based on the retrieved data, it is not possible to determine whether the seismic activity intensity of the 2021 Mw 7.4 earthquake sequence in Mado, Qinghai, has increased, decreased, or remained stable over time. This data only includes specific information about some seismic events but does not provide trends or analyses regarding changes in activity intensity."
maduo_only_vecrag,A5,vector_top10,How many phases can the seismic activity in the 2021 Qinghai Maduo Mw 7.4 earthquake sequence be divided into? What are the characteristics of each phase?,"Based on the retrieved data, it is not possible to determine how many stages the seismic activity of the Mw7.4 earthquake sequence in Mado, Qinghai in 2021 can be divided into, nor the characteristics of each stage. The retrieved data did not provide relevant information."
maduo_only_vecrag,A6,vector_top10,What is the approximate overall duration and spatial extent of the sequence in the 2021 Qinghai Maduo Mw 7.4 earthquake sequence?,"According to the retrieved data, it is not possible to provide information on the overall duration and spatial extent of the 2021 Mw 7.4 earthquake sequence in Mado, Qinghai. The retrieved data does not include relevant details."
maduo_only_vecrag,A7,vector_top10,What is the trend of the frequency of seismic activity in the 2021 Qinghai Maduo Mw 7.4 earthquake sequence over time?,"According to the retrieved data, it is not possible to provide the specific trend of seismic activity frequency over time for the Mw7.4 earthquake sequence in Mado, Qinghai in 2021. This data only contains records of some seismic events, but lacks sufficient information to analyze the activity trend of the specific earthquake sequence."
maduo_only_vecrag,A8,vector_top10,What are the characteristics of the depth distribution of earthquakes in the 2021 Qinghai Maduo Mw 7.4 earthquake sequence?,"The retrieved data does not contain specific information about the depth distribution characteristics of the 2021 Mw 7.4 earthquake sequence in Mado, Qinghai. Therefore, I cannot answer this question."
maduo_only_vecrag,A9,vector_top10,Is the seismic activity in the 2021 Qinghai Maduo Mw 7.4 earthquake sequence spatially concentrated or dispersed?,"Based on the retrieved data, it is not possible to determine whether the seismic activity of the 2021 Maduo Mw7.4 earthquake sequence in Qinghai is concentrated or dispersed. The retrieved fragments did not provide relevant spatial distribution information."
maduo_only_vecrag,A10,vector_top10,What is the approximate time period of the most active seismic activity in the 2021 Qinghai Maduo Mw 7.4 earthquake sequence?,"According to the retrieved data, it is not possible to determine the most active time period of the 2021 Mw 7.4 earthquake sequence in Mado, Qinghai. The retrieved data does not provide specific information or descriptions of the active time period for this earthquake sequence."
maduo_only_vecrag,A11,vector_top10,What is the overall magnitude-frequency relationship of the sequence in the 2021 Qinghai Maduo Mw 7.4 earthquake sequence?,"According to the retrieved data, it is not possible to provide specific information on the magnitude-frequency relationship of the Mw7.4 earthquake sequence in Mado, Qinghai in 2021. These data blocks do not contain relevant statistical analyses or frequency distribution information."
maduo_only_vecrag,A12,vector_top10,"What is the spatial morphology of seismic activity in the 2021 Qinghai Maduo Mw 7.4 earthquake sequence (e.g., linear, planar, point-like)?","The retrieved data does not contain specific spatial characteristics (such as linear, planar, or point-like) of the 2021 Maduo Mw7.4 earthquake sequence in Qinghai. Therefore, I am unable to answer this question."
maduo_only_vecrag,A13,vector_top10,What are the times of the earliest and latest events recorded in the 2021 Qinghai Maduo Mw 7.4 earthquake sequence?,"The retrieved data does not include specific event records for the Mw7.4 earthquake sequence in Mado, Qinghai in 2021, so it is not possible to provide the time information for the earliest and latest events in that sequence."
maduo_only_vecrag,A14,vector_top10,"Overall, what type of seismic sequence can the 2021 Qinghai Maduo Mw 7.4 earthquake sequence be classified as (mainshock-aftershock, swarm, etc.)?","The retrieved data does not contain specific information about the Mw7.4 earthquake sequence in Mado, Qinghai in 2021, so it is not possible to determine the type of this earthquake sequence (such as mainshock-aftershock or swarm, etc.)."
maduo_only_vecrag,A15,vector_top10,What is the approximate spatial extent covered by the seismic activity in the 2021 Qinghai Maduo Mw 7.4 earthquake sequence?,"The retrieved data does not include specific information about the Mw7.4 earthquake sequence in Mado, Qinghai in 2021, so it is not possible to provide the spatial extent or coverage area of that seismic activity."
maduo_only_vecrag,A16,vector_top10,How many earthquakes of magnitude M≥3 are recorded in the 2021 Qinghai Maduo Mw 7.4 earthquake sequence?,"According to the retrieved data, it is not possible to determine how many moderate or larger (M≥3) earthquakes were recorded in the catalog of the 2021 Maduo Mw7.4 earthquake sequence in Qinghai. The retrieved fragments do not provide complete information or a total for this sequence."
maduo_only_vecrag,A17,vector_top10,What are the differences in the distribution of seismic activity at different depth levels in the 2021 Qinghai Maduo Mw 7.4 earthquake sequence?,"The retrieved data does not contain specific information on the depth distribution differences of the 2021 Mw 7.4 earthquake sequence in Mado, Qinghai. Therefore, I am unable to answer this question."
maduo_only_vecrag,A18,vector_top10,Does the 2021 Qinghai Maduo Mw 7.4 earthquake sequence show a clear moment of activity initiation based on the data?,"According to the retrieved data, no specific information is provided regarding the 2021 Mw 7.4 earthquake sequence in Maduo, Qinghai, therefore it is not possible to determine whether there was a significant activity initiation moment for this sequence."
maduo_only_vecrag,A19,vector_top10,What is the level of activity at the end of the sequence (most recent record) in the 2021 Qinghai Maduo Mw 7.4 earthquake sequence?,"According to the retrieved data, the last record in the earthquake sequence on June 25, 2021, was at 00:24:57.88 on June 26, 2021, with the epicenter located at 34.745182°N, 97.808691°E, and a magnitude of M1.1. This indicates that the activity level was relatively low towards the end of the sequence, with the last recorded magnitude being 1.1. Overall, the retrieved data reflects a gradual decrease in earthquake activity during this period."
maduo_only_vecrag,A20,vector_top10,"Overall, what geological activity characteristics are reflected in the the 2021 Qinghai Maduo Mw 7.4 earthquake sequence earthquake catalog?","Based on the retrieved data blocks, it is not possible to provide an overall geological activity characteristic of the Mw7.4 earthquake sequence in Mado, Qinghai in 2021. These data blocks only contain specific information about some seismic events, without a description of the overall geological activity characteristics."
maduo_only_vecrag,B1,vector_top10,On which day/month did the highest number of earthquake events occur in the 2021 Qinghai Maduo Mw 7.4 earthquake sequence? How many events were there?,"According to the retrieved data, it is not possible to determine which day or month had the highest number of earthquake events in the 2021 Qinghai Maduo Mw7.4 earthquake sequence catalog, as this data only covers a portion of the events and cannot provide a complete count of the events."
maduo_only_vecrag,B2,vector_top10,"When and where did the largest magnitude event in the 2021 Qinghai Maduo Mw 7.4 earthquake sequence occur, and what was its magnitude?","The retrieved data does not include specific information about the Mw7.4 earthquake sequence in Mado, Qinghai in 2021, so it is not possible to provide the time, location, and magnitude of that event."
maduo_only_vecrag,B3,vector_top10,"Please list the top 5 events in the 2021 Qinghai Maduo Mw 7.4 earthquake sequence arranged by magnitude from largest to smallest, along with their occurrence times.","There is no specific information about the Mw7.4 earthquake sequence in Mado, Qinghai in 2021 in the retrieved data, so it is not possible to provide the first five events in that sequence and their occurrence times."
maduo_only_vecrag,B4,vector_top10,What are the deepest and shallowest events recorded in the 2021 Qinghai Maduo Mw 7.4 earthquake sequence?,"The retrieved data does not include specific information about the 2021 Maduo Mw7.4 earthquake sequence in Qinghai, so it is not possible to provide the events with the deepest or shallowest focal depths in that sequence."
maduo_only_vecrag,B5,vector_top10,What is the approximate median magnitude of the events in the 2021 Qinghai Maduo Mw 7.4 earthquake sequence?,"The retrieved data does not provide a complete catalog of the Mw7.4 earthquake sequence in Mado, Qinghai in 2021, so it is not possible to determine the median magnitude."
maduo_only_vecrag,B6,vector_top10,On which day/time period was the seismic activity in the 2021 Qinghai Maduo Mw 7.4 earthquake sequence the quietest (fewest events)?,"Based on the retrieved data, it is not possible to determine which day or time period had the least seismic activity (fewest events) during the Mw7.4 earthquake sequence in Mado, Qinghai in 2021. The retrieved data only includes a portion of the seismic events and cannot provide a complete activity statistics."
maduo_only_vecrag,B7,vector_top10,"How many events of M≥3 are there in the 2021 Qinghai Maduo Mw 7.4 earthquake sequence, and when did they mainly occur?","Based on the retrieved data, it is not possible to determine how many M≥3 events occurred in the 2021 Qinghai Maduo Mw7.4 earthquake sequence catalog, nor the main time period in which they occurred. The retrieved data only contains information on some events and cannot provide statistical information for the entire catalog."
maduo_only_vecrag,B8,vector_top10,What are the five shallowest events in the 2021 Qinghai Maduo Mw 7.4 earthquake sequence when sorted by depth?,"There is no specific information about the Mw7.4 earthquake sequence in Mado, Qinghai in 2021 in the retrieved data, so it is not possible to provide the five shallowest events in that sequence."
maduo_only_vecrag,B9,vector_top10,"On average, how many earthquakes occur per day in the 2021 Qinghai Maduo Mw 7.4 earthquake sequence?","The retrieved data does not include specific information about the Mw7.4 earthquake sequence in Mado, Qinghai in 2021, so it is not possible to determine how many earthquakes occurred on average per day in that sequence."
maduo_only_vecrag,B10,vector_top10,How many events in the 2021 Qinghai Maduo Mw 7.4 earthquake sequence have magnitudes between M2.0 and M3.0?,"The retrieved data does not provide specific information on the number of events or the magnitude range for the 2021 Maduo Mw7.4 earthquake sequence in Qinghai. Therefore, I cannot answer how many events occurred with magnitudes between M2.0 and M3.0."
maduo_only_vecrag,B11,vector_top10,What is the approximate average depth of the recorded earthquakes in the 2021 Qinghai Maduo Mw 7.4 earthquake sequence?,"There is no specific information about the Mw7.4 earthquake sequence in Mado, Qinghai in the retrieved data from 2021, so it is not possible to provide the average depth of the earthquakes recorded in that sequence."
maduo_only_vecrag,B12,vector_top10,Which month contributed the highest maximum magnitude in the 2021 Qinghai Maduo Mw 7.4 earthquake sequence?,"There is no specific information about the Mw7.4 earthquake sequence in Mado, Qinghai in the retrieved data from 2021, so I cannot answer this question."
maduo_only_vecrag,B13,vector_top10,What are the five events closest to the epicenter (or a reference point) in the 2021 Qinghai Maduo Mw 7.4 earthquake sequence?,"There is no specific information about the Mw7.4 earthquake sequence in Mado, Qinghai in 2021 in the retrieved data, so it is not possible to provide the 5 events closest to the epicenter."
maduo_only_vecrag,B14,vector_top10,What is the approximate standard deviation or range of magnitudes recorded in the 2021 Qinghai Maduo Mw 7.4 earthquake sequence?,"The retrieved data does not include information on the standard deviation or range of magnitudes for the Mw7.4 earthquake sequence in Mado, Qinghai, in 2021. Therefore, I am unable to provide that information."
maduo_only_vecrag,B15,vector_top10,In which time period are the top ten magnitude events in the 2021 Qinghai Maduo Mw 7.4 earthquake sequence concentrated?,"The retrieved data does not contain specific information about the Mw7.4 earthquake sequence in Mado, Qinghai in 2021, so it is not possible to determine the time period of the top ten magnitude events."
maduo_only_vecrag,B16,vector_top10,"How is the distribution of event counts across different depth intervals (e.g., 0-10 km, 10-20 km, etc.) in the 2021 Qinghai Maduo Mw 7.4 earthquake sequence?","The retrieved data does not contain information on the event count distribution for different depth intervals (such as 0-10 km, 10-20 km, etc.) of the 2021 Mw 7.4 earthquake sequence in Mado, Qinghai."
maduo_only_vecrag,B17,vector_top10,What is the time interval between the maximum and minimum magnitude events in the 2021 Qinghai Maduo Mw 7.4 earthquake sequence?,"The retrieved data does not contain specific information about the Mw7.4 earthquake sequence in Mado, Qinghai in 2021, so it is not possible to determine the time interval between the maximum and minimum magnitude events."
maduo_only_vecrag,B18,vector_top10,Which week had the most frequent seismic activity in the 2021 Qinghai Maduo Mw 7.4 earthquake sequence?,"According to the retrieved data, it is not possible to determine the specific earthquake activity frequency of the Mw7.4 earthquake sequence in Mado, Qinghai in 2021 on a weekly basis. The retrieved data only includes a portion of the earthquake events and cannot provide complete weekly statistical information."
maduo_only_vecrag,B19,vector_top10,Is there a statistically significant correlation between the magnitude and depth of earthquake events in the 2021 Qinghai Maduo Mw 7.4 earthquake sequence?,"The retrieved data does not contain specific information about the Mw7.4 earthquake sequence in Mado, Qinghai in 2021, so it is not possible to determine whether there is a statistically significant correlation between magnitude and depth."
maduo_only_vecrag,B20,vector_top10,"How many events are recorded in total in the 2021 Qinghai Maduo Mw 7.4 earthquake sequence, and what proportion do small earthquakes (M<1.0) account for?","The retrieved data only contains a small portion of the catalog, so it is not possible to determine the total number of events in the entire catalog or the proportion of small earthquakes with M<1.0."
maduo_only_vecrag,C1,vector_top10,What earthquake events occurred on the most active day in the 2021 Qinghai Maduo Mw 7.4 earthquake sequence? What connections exist between them?,"Based on the retrieved data, it is not possible to determine which earthquake events occurred on the day with the most intense activity of the Mw7.4 earthquake sequence in Maduo, Qinghai, in 2021, nor can it provide information on the relationships between these events. The retrieved data does not contain relevant detailed information."
maduo_only_vecrag,C2,vector_top10,Where and when are the events with magnitudes between M3.0 and M4.0 mainly distributed in the 2021 Qinghai Maduo Mw 7.4 earthquake sequence?,"According to the retrieved data, it is not possible to provide the specific distribution area and time period of events with magnitudes between M3.0 and M4.0 in the 2021 Qinghai Maduo Mw7.4 earthquake sequence. There is no relevant information in this data."
maduo_only_vecrag,C3,vector_top10,"What is the time order and characteristics of foreshocks, mainshocks, and aftershocks in the sequence of the 2021 Qinghai Maduo Mw 7.4 earthquake sequence?","The retrieved data does not include specific information about the 2021 Mw 7.4 earthquake sequence in Mado, Qinghai, including the chronological order and characteristics of the foreshocks, main shock, and aftershocks. Therefore, I am unable to provide detailed information about this event."
maduo_only_vecrag,C4,vector_top10,When did the closest events to the epicenter occur in the 2021 Qinghai Maduo Mw 7.4 earthquake sequence (spatial correlation)?,"The retrieved data does not contain information about the Mw7.4 earthquake sequence and its related events in Mado, Qinghai in 2021, so it is not possible to provide the specific times of the most recent events near the epicenter."
maduo_only_vecrag,C5,vector_top10,What specific events were recorded on the second most active day in the 2021 Qinghai Maduo Mw 7.4 earthquake sequence?,"There is no specific information regarding the Mw7.4 earthquake sequence in Mado, Qinghai in 2021 in the retrieved data, so detailed records of this event cannot be provided."
maduo_only_vecrag,C6,vector_top10,What connections exist between the events that occurred immediately after the largest magnitude event in the 2021 Qinghai Maduo Mw 7.4 earthquake sequence?,"The retrieved data does not include specific information about the Mw7.4 earthquake sequence in Mado, Qinghai, in 2021, so it is not possible to provide related information about other events that immediately followed this event."
maduo_only_vecrag,C7,vector_top10,What specific events occurred within a 5 km radius of the epicenter in the 2021 Qinghai Maduo Mw 7.4 earthquake sequence?,"The retrieved data does not include specific event information within a 5-kilometer radius of the epicenter of the Mw7.4 earthquake sequence in Mado, Qinghai, in 2021."
maduo_only_vecrag,C8,vector_top10,What events are there in the 2021 Qinghai Maduo Mw 7.4 earthquake sequence with depths ranging from 10 to 15 kilometers?,"The retrieved data does not contain information about events within the depth range of 10-15 kilometers for the Mw7.4 earthquake sequence in Mado, Qinghai, in 2021."
maduo_only_vecrag,C9,vector_top10,How did the event sequence unfold during a particular active week in the 2021 Qinghai Maduo Mw 7.4 earthquake sequence?,"There is no specific information about the Mw7.4 earthquake sequence in Mado, Qinghai in 2021 in the retrieved data, so it is not possible to provide a detailed account of that event sequence."
maduo_only_vecrag,C10,vector_top10,"Which events are considered directly related to the largest magnitude event in the 2021 Qinghai Maduo Mw 7.4 earthquake sequence (e.g., aftershocks)?","The retrieved data does not contain specific information about the Mw7.4 earthquake sequence and its aftershocks in Mado, Qinghai, in 2021. Therefore, I am unable to provide aftershock information directly related to that event."
maduo_only_vecrag,C11,vector_top10,Are there any obvious 'event clusters' in the sequence of the 2021 Qinghai Maduo Mw 7.4 earthquake sequence? Please provide examples of specific events.,"Based on the retrieved data, it is not possible to determine whether there is a significant ""event cluster"" in the Mw7.4 earthquake sequence in Mado, Qinghai, in 2021. The retrieved data does not provide detailed information about this earthquake sequence or specific examples of event aggregation."
maduo_only_vecrag,C12,vector_top10,What is the historical seismic activity near a specific coordinate point in the 2021 Qinghai Maduo Mw 7.4 earthquake sequence?,"The retrieved data does not contain information about the historical seismic activity related to the Mw7.4 earthquake sequence in Mado, Qinghai, in 2021, or near specific coordinates. Therefore, I am unable to provide relevant historical data."
maduo_only_vecrag,C13,vector_top10,What subsequent events were recorded within 24 hours after the largest magnitude event in the 2021 Qinghai Maduo Mw 7.4 earthquake sequence?,"According to the retrieved data, the largest magnitude event of the 2021 Maduo Mw7.4 earthquake sequence in Qinghai occurred on June 24, 2021. The subsequent events recorded within the next 24 hours are as follows:

1. 2021-06-24 22:00:03.24, Epicenter: 34.744, 97.820, Magnitude: M2.4
2. 2021-06-24 22:04:17.12, Epicenter: 34.760, 97.669, Magnitude: M0.5
3. 2021-06-24 22:07:11.88, Epicenter: 34.745, 97.769, Magnitude: M0.6
4. 2021-06-24 22:23:32.70, Epicenter: 34.472, 99.027, Magnitude: M1.8
5. 2021-06-24 22:36:06.40, Epicenter: 34.516, 99.295, Magnitude: M0.6
6. 2021-06-24 23:15:34.88, Epicenter: 34.730, 97.668, Magnitude: M1.4
7. 2021-06-25 01:32:16.24, Epicenter: 34.555, 98.771, Magnitude: M0.5
8. 2021-06-25 02:30:38.24, Epicenter: 34.738, 97.638, Magnitude: M0.7
9. 2021-06-25 02:33:23.28, Epicenter: 34.756, 97.586, Magnitude: M0.6
10. 2021-06-25 02:57:25.70, Epicenter: 34.646, 98.242, Magnitude: M0.5
11. 2021-06-25 02:58:08.31, Epicenter: 34.646, 98.242, Magnitude: M0.6
12. 2021-06-25 03:18:20.87, Epicenter: 34.601, 98.505, Magnitude: M0.5
13. 2021-06-25 03:31:16.70, Epicenter: 34.597, 98.504, Magnitude: M0.5
14. 2021-06-25 04:08:06.93, Epicenter: 34.738, 97.637, Magnitude: M0.5

These events were all recorded within 24 hours after the largest magnitude event occurred."
maduo_only_vecrag,C14,vector_top10,Which events in the 2021 Qinghai Maduo Mw 7.4 earthquake sequence have magnitudes and locations that are closest and may form the same 'event pair'?,"Based on the retrieved data, it is not possible to determine which events in the 2021 Qinghai Maduo Mw7.4 earthquake sequence catalog have magnitudes and locations that are closest and may constitute the same ""event pair."" The retrieved data does not provide sufficient information to identify these events."
maduo_only_vecrag,C15,vector_top10,Please list the five largest magnitude events in the 2021 Qinghai Maduo Mw 7.4 earthquake sequence along with their specific location coordinates.,"According to the retrieved data, it is not possible to find specific information about the Mw7.4 earthquake sequence in Mado, Qinghai in 2021, including the five largest events by magnitude and their specific location coordinates. Please provide more information or consult other sources."
maduo_only_vecrag,C16,vector_top10,Did the spatial distribution of events in the 2021 Qinghai Maduo Mw 7.4 earthquake sequence change during a particular active month?,"Based on the retrieved data, it is not possible to determine whether the spatial distribution of events during a certain active month of the 2021 Mw 7.4 earthquake sequence in Mado, Qinghai, changed. The retrieved data only contains information on some earthquake events and cannot provide a complete picture of the spatial distribution or trends of changes."
maduo_only_vecrag,C17,vector_top10,What are the ten earliest recorded events in the sequence of the 2021 Qinghai Maduo Mw 7.4 earthquake sequence?,"Sorry, the retrieved data does not include specific event records for the Mw7.4 earthquake sequence in Mado, Qinghai in 2021, so it is not possible to provide the first 10 recorded events in that sequence."
maduo_only_vecrag,C18,vector_top10,"What event clusters are present near a specific depth (e.g., 5 kilometers) in the 2021 Qinghai Maduo Mw 7.4 earthquake sequence?","The retrieved data does not contain information about the 2021 Mw 7.4 earthquake sequence in Mado, Qinghai, or event clusters near specific depths (such as 5 kilometers)."
maduo_only_vecrag,C19,vector_top10,Are there any 'hotspot' locations that are repeatedly triggered in the 2021 Qinghai Maduo Mw 7.4 earthquake sequence? Please provide examples.,"Based on the retrieved data, it is not possible to determine whether there are repeatedly triggered ""hotspot"" locations in the Mw7.4 earthquake sequence in Mado, Qinghai, in 2021. The retrieved information does not provide details about the repeated activity or ""hotspot"" locations within the earthquake sequence."
maduo_only_vecrag,C20,vector_top10,Please describe the correlation between any two temporally adjacent events in the sequence of the 2021 Qinghai Maduo Mw 7.4 earthquake sequence.,"The retrieved data does not contain specific information about the 2021 Mw 7.4 earthquake sequence in Maduo, Qinghai, nor does it mention the correlation between events. Therefore, I am unable to answer questions regarding the correlation between any two temporally adjacent events in that sequence."
maduo_only_vecrag,D1,vector_top10,"Is the increase in seismic activity in the 2021 Qinghai Maduo Mw 7.4 earthquake sequence related to shallow fluid activity, reservoir storage, or deep structural stress accumulation? Please provide a physical mechanism explanation.","The retrieved data does not include specific information about the physical mechanisms of the 2021 Mw 7.4 earthquake sequence in Mado, Qinghai, including whether it is related to shallow fluid activity, reservoir impoundment, or deep structural stress accumulation. Therefore, I cannot provide relevant explanations of the physical mechanisms."
maduo_only_vecrag,D2,vector_top10,"Is the seismic activity in the 2021 Qinghai Maduo Mw 7.4 earthquake sequence associated with human industrial activities (e.g., hydraulic fracturing, wastewater injection, reservoir storage)? Please explain the basis.","The retrieved data does not contain specific information regarding the relationship between the 2021 Maduo Mw7.4 earthquake sequence in Qinghai and human industrial activities (such as hydraulic fracturing, wastewater injection, and reservoir storage). Therefore, I am unable to answer this question."
maduo_only_vecrag,D3,vector_top10,What is the tectonic background/fault type of the 2021 Qinghai Maduo Mw 7.4 earthquake sequence? Which fault system is related to the occurrence of this sequence?,"The retrieved data does not include information about the tectonic background, fault type, or related fault systems of the 2021 Mw 7.4 earthquake sequence in Maduo, Qinghai. Therefore, I am unable to provide specific information regarding the tectonic background or fault systems of this sequence."
maduo_only_vecrag,D4,vector_top10,Does the seismic activity in the 2021 Qinghai Maduo Mw 7.4 earthquake sequence exhibit typical mainshock-aftershock decay (Omori decay) characteristics?,"The retrieved data does not contain specific information about the Mw7.4 earthquake sequence in Mado, Qinghai in 2021, so it is not possible to determine whether the seismic activity exhibits typical mainshock-aftershock decay (Omori decay) characteristics."
maduo_only_vecrag,D5,vector_top10,Is the occurrence of the sequence in the 2021 Qinghai Maduo Mw 7.4 earthquake sequence related to changes in the regional tectonic stress field?,"The retrieved data does not contain information regarding whether the Mw7.4 earthquake sequence in Mado, Qinghai in 2021 is related to changes in the regional tectonic stress field. Therefore, I cannot answer this question."
maduo_only_vecrag,D6,vector_top10,Is there evidence of deep fluid upwelling or abnormal crustal conductivity in the 2021 Qinghai Maduo Mw 7.4 earthquake sequence?,"The retrieved data does not contain information regarding whether there is evidence of deep fluid upwelling or crustal conductivity anomalies associated with the Mw7.4 earthquake sequence in Mado, Qinghai in 2021."
maduo_only_vecrag,D7,vector_top10,What is the general rupture/trigger mechanism of the sequence in the 2021 Qinghai Maduo Mw 7.4 earthquake sequence?,"The retrieved data does not include information about the rupture or triggering mechanisms of the 2021 Mw 7.4 earthquake sequence in Mado, Qinghai. Therefore, I cannot provide relevant details."
maduo_only_vecrag,D8,vector_top10,Have there been significant earthquakes in history related to the current sequence in the 2021 Qinghai Maduo Mw 7.4 earthquake sequence? How are they related?,"The retrieved data does not contain specific information about the Mw7.4 earthquake sequence in Mado, Qinghai in 2021, nor does it mention any major earthquakes related to that sequence. Therefore, I cannot answer questions regarding the relationship between the two."
maduo_only_vecrag,D9,vector_top10,Does the spatial distribution direction of the sequence in the 2021 Qinghai Maduo Mw 7.4 earthquake sequence align with known fault orientations?,"The retrieved data does not include specific information about the Mw7.4 earthquake sequence in Mado, Qinghai in 2021, nor does it mention consistency with the known fault orientation. Therefore, I am unable to answer this question."
maduo_only_vecrag,D10,vector_top10,Are there any 'seismic gaps' or anomalously quiet zones in the 2021 Qinghai Maduo Mw 7.4 earthquake sequence?,"The retrieved data does not contain information regarding whether there are ""seismic gaps"" or anomalously quiet areas in the 2021 Mw 7.4 earthquake sequence in Mado, Qinghai."
maduo_only_vecrag,D11,vector_top10,What is the locking state of the deep structure in the sequence of the 2021 Qinghai Maduo Mw 7.4 earthquake sequence?,The retrieved data does not contain information about the deep structural locking state of the 2021 Qinghai Maduo Mw7.4 earthquake sequence.
maduo_only_vecrag,D12,vector_top10,Is the cause of seismic activity in the 2021 Qinghai Maduo Mw 7.4 earthquake sequence primarily a natural tectonic process or human factors?,"The retrieved data does not contain information regarding whether the cause of the Mw7.4 earthquake sequence in Mado, Qinghai in 2021 is related to natural tectonic processes or human factors. Therefore, I cannot answer this question."
maduo_only_vecrag,D13,vector_top10,Does the sequence in the 2021 Qinghai Maduo Mw 7.4 earthquake sequence show evidence of foreshock activity or stress migration?,"The retrieved data does not contain specific evidence regarding foreshock activity or stress transfer related to the Mw7.4 earthquake sequence in Mado, Qinghai, in 2021. Therefore, I cannot answer this question."
maduo_only_vecrag,D14,vector_top10,"Based on this data, what is the approximate seismic hazard level of the 2021 Qinghai Maduo Mw 7.4 earthquake sequence?","The retrieved data does not include specific information about the 2021 Mw 7.4 earthquake sequence in Mado, Qinghai, and therefore it is not possible to assess the seismic hazard of this earthquake sequence."
maduo_only_vecrag,D15,vector_top10,Is the triggering mechanism of the sequence in the 2021 Qinghai Maduo Mw 7.4 earthquake sequence an instantaneous elastic response or delayed pore pressure diffusion?,"The retrieved data does not contain information about the triggering mechanism of the 2021 Maduo Mw7.4 earthquake sequence in Qinghai, so it is not possible to answer this question."
maduo_only_vecrag,D16,vector_top10,"What is the geometric structure of the fault in the 2021 Qinghai Maduo Mw 7.4 earthquake sequence (e.g., dip angle, strike)?","The retrieved data does not include information about the fault geometry (such as dip angle and strike) of the 2021 Mw 7.4 earthquake sequence in Mado, Qinghai."
maduo_only_vecrag,D17,vector_top10,What rupture characteristics are reflected in the length/width of the aftershock zone in the 2021 Qinghai Maduo Mw 7.4 earthquake sequence?,"The retrieved data does not contain information about the length, width, or rupture characteristics of the aftershock zone of the Mw7.4 earthquake sequence in Mado, Qinghai, in 2021. Therefore, I cannot answer this question."
maduo_only_vecrag,D18,vector_top10,Are there any 'horsetail-shaped' bifurcations or complex rupture features in the 2021 Qinghai Maduo Mw 7.4 earthquake sequence?,"The retrieved data does not contain specific information about the 2021 Mw 7.4 earthquake sequence in Mado, Qinghai, and therefore it is not possible to confirm whether this earthquake sequence exhibits ""tail-like"" branching or complex rupture characteristics."
maduo_only_vecrag,D19,vector_top10,What insights does the depth distribution of the sequence in the 2021 Qinghai Maduo Mw 7.4 earthquake sequence provide for understanding its tectonic background?,"The retrieved data does not include specific information about the source depth distribution or tectonic background of the 2021 Mw7.4 earthquake sequence in Mado, Qinghai. Therefore, I am unable to answer this question."
maduo_only_vecrag,D20,vector_top10,"Overall, what is the scientific consensus on the driving mechanisms of seismic activity in the 2021 Qinghai Maduo Mw 7.4 earthquake sequence?","The retrieved data does not contain specific information about the driving mechanisms or scientific consensus regarding the 2021 Mw 7.4 earthquake sequence in Mado, Qinghai. Therefore, I am unable to provide a relevant answer."
maduo_only_vecrag,E1,vector_top10,How does the activity intensity and magnitude distribution in the early stage of the sequence in the 2021 Qinghai Maduo Mw 7.4 earthquake sequence compare to the later stage?,"According to the retrieved data, it is not possible to provide specific information on the changes in activity intensity and magnitude distribution during the early and late stages of the 2021 Mw 7.4 earthquake sequence in Mado, Qinghai. The retrieved content does not include relevant detailed analyses or comparative data."
maduo_only_vecrag,E2,vector_top10,Does the seismic activity in the 2021 Qinghai Maduo Mw 7.4 earthquake sequence show a spatial 'migration' trend?,"According to the retrieved data, it is not possible to determine whether the seismic activity of the Mw7.4 earthquake sequence in Mado, Qinghai in 2021 exhibited a spatial ""migration"" trend. The retrieved fragments did not provide information regarding the spatial activity patterns or migration trends of this earthquake sequence."
maduo_only_vecrag,E3,vector_top10,Are there any obvious 'quiet periods' or time windows of sudden activity drop in the sequence of the 2021 Qinghai Maduo Mw 7.4 earthquake sequence?,"Based on the retrieved data, it is not possible to determine whether there is a significant ""quiet period"" or a time window of activity drop in the Mw7.4 earthquake sequence in Mado, Qinghai, in 2021. The retrieved data only contains information on a portion of the seismic events and cannot provide a complete analysis of activity trends or time windows."
maduo_only_vecrag,E4,vector_top10,How do the activity characteristics of the first month of the sequence in the 2021 Qinghai Maduo Mw 7.4 earthquake sequence compare with those of the most recent month?,"According to the retrieved data, it is not possible to provide a comparison of the activity characteristics of the Mw7.4 earthquake sequence in Mado, Qinghai in 2021 for the month prior and the most recent month. The retrieved data does not include relevant seismic activity characteristics or trend analysis."
maduo_only_vecrag,E5,vector_top10,Does the magnitude distribution of the sequence in the 2021 Qinghai Maduo Mw 7.4 earthquake sequence change over time?,"Based on the retrieved data, it is not possible to determine whether the magnitude distribution of the Mw7.4 earthquake sequence in Mado, Qinghai in 2021 changed over time. This data only contains information on a subset of seismic events and does not provide a complete time series analysis or trends in magnitude variation."
maduo_only_vecrag,E6,vector_top10,Does the spatial extent (coverage area) of the sequence in the 2021 Qinghai Maduo Mw 7.4 earthquake sequence expand or contract over time?,"According to the retrieved data, it is not possible to determine whether the spatial extent of the Mw7.4 earthquake sequence in Mado, Qinghai in 2021 has expanded or contracted over time. This data only provides information on seismic events within a specific time period, without detailed descriptions of changes in spatial extent."
maduo_only_vecrag,E7,vector_top10,How does the depth distribution of the sequence in the 2021 Qinghai Maduo Mw 7.4 earthquake sequence change between the early and late stages?,"The retrieved data does not contain information about the depth distribution changes of the 2021 Maduo Mw7.4 earthquake sequence in Qinghai. Therefore, I cannot answer this question."
maduo_only_vecrag,E8,vector_top10,Are there multiple peaks of activity in the sequence of the 2021 Qinghai Maduo Mw 7.4 earthquake sequence? When do they occur?,"The retrieved data does not contain specific information about the Mw7.4 earthquake sequence in Mado, Qinghai in 2021, so it is not possible to confirm whether there are multiple activity peaks in that sequence and their specific times."
maduo_only_vecrag,E9,vector_top10,Is the current level of seismic activity in the 2021 Qinghai Maduo Mw 7.4 earthquake sequence increasing or decreasing compared to the beginning of the sequence?,"The retrieved data does not include specific information about the Mw7.4 earthquake sequence in Mado, Qinghai in 2021, so it is not possible to determine whether the current level of seismic activity is increasing or decreasing."
maduo_only_vecrag,E10,vector_top10,"How do the types of earthquakes in different stages of the sequence in the 2021 Qinghai Maduo Mw 7.4 earthquake sequence (e.g., whether they are closer to aftershocks or independent events) change?","The retrieved data does not contain specific information about the Mw7.4 earthquake sequence in Mado, Qinghai in 2021, so it is not possible to answer regarding the changes in earthquake types during different stages of this earthquake sequence (such as whether they are closer to aftershocks or independent events)."
maduo_only_vecrag,E11,vector_top10,Can the activity pattern of the sequence in the 2021 Qinghai Maduo Mw 7.4 earthquake sequence be divided into 'eruption periods' and 'decay periods'?,"Based on the retrieved data, it is not possible to determine whether the activity pattern of the 2021 Mw 7.4 earthquake sequence in Mado, Qinghai, can be classified into ""active phase"" and ""decay phase."" The retrieved content does not provide specific information regarding the activity pattern of this earthquake sequence."
maduo_only_vecrag,E12,vector_top10,How does the location of the maximum magnitude event differ between the first half and the second half of the sequence in the 2021 Qinghai Maduo Mw 7.4 earthquake sequence?,"There is no specific information about the Mw7.4 earthquake sequence in Mado, Qinghai in the retrieved data from 2021, so I cannot answer this question."
maduo_only_vecrag,E13,vector_top10,Does the activity of the sequence in the 2021 Qinghai Maduo Mw 7.4 earthquake sequence exhibit periodic or phased characteristics?,"The retrieved data does not contain information on whether the Mw7.4 earthquake sequence in Maduo, Qinghai in 2021 exhibited periodic or phased characteristics. Therefore, I cannot answer this question."
maduo_only_vecrag,E14,vector_top10,How does the spatial clustering degree of the early stage of the sequence in the 2021 Qinghai Maduo Mw 7.4 earthquake sequence compare to the recent stage?,"Sorry, the retrieved data does not include specific information about the 2021 Mw 7.4 earthquake sequence in Mado, Qinghai, nor does it provide comparative data on the spatial clustering of the early stages of this earthquake sequence with recent data."
maduo_only_vecrag,E15,vector_top10,What differences are there in the seismic activity characteristics of different years in the sequence of the 2021 Qinghai Maduo Mw 7.4 earthquake sequence?,"The retrieved data does not contain specific information about the Mw7.4 earthquake sequence in Mado, Qinghai in 2021, nor does it provide a comparison of seismic activity characteristics across different years. Therefore, I am unable to answer this question."
maduo_only_vecrag,E16,vector_top10,"What changes occur in the activity pattern of the sequence in the 2021 Qinghai Maduo Mw 7.4 earthquake sequence before and after key points (e.g., after a significant earthquake)?","There is no specific information about the Mw7.4 earthquake sequence in Mado, Qinghai in 2021 in the retrieved data, so it is not possible to answer how the activity pattern changed before and after key points in that earthquake sequence."
maduo_only_vecrag,E17,vector_top10,Does the seismic activity in the 2021 Qinghai Maduo Mw 7.4 earthquake sequence show a trend of expansion or contraction in a certain direction?,"The retrieved data does not contain information on whether the seismic activity of the Mw7.4 earthquake sequence in Maduo, Qinghai in 2021 shows a trend of expansion or contraction in any direction."
maduo_only_vecrag,E18,vector_top10,What changes occur in the statistical characteristics of event time intervals in different stages of the sequence in the 2021 Qinghai Maduo Mw 7.4 earthquake sequence?,"Sorry, the retrieved data does not contain information on the statistical characteristics of the time intervals of the events in the 2021 Maduo Mw7.4 earthquake sequence in Qinghai and its different stages."
maduo_only_vecrag,E19,vector_top10,Is there a specific stage in the sequence of the 2021 Qinghai Maduo Mw 7.4 earthquake sequence that is significantly more active or quiet compared to the overall average level?,"The retrieved data does not contain specific information about the Mw7.4 earthquake sequence in Mado, Qinghai in 2021, so it is not possible to determine whether the sequence was significantly abnormally active or quiet at any particular stage."
maduo_only_vecrag,E20,vector_top10,"Overall, how can the evolution process of the sequence in the 2021 Qinghai Maduo Mw 7.4 earthquake sequence be divided into several main stages, and what are the characteristic features of each stage?","According to the retrieved data, it is not possible to provide detailed information on the overall evolution process and the main stages of the 2021 Mw 7.4 earthquake sequence in Mado, Qinghai. The retrieved data does not include specific analyses or stage divisions regarding this earthquake sequence."
